

Microchip Technology PIC18 LITE Macro Assembler V1.32 build 58300 
                                                                                               Thu Aug 21 16:05:22 2014

Microchip Technology Omniscient Code Generator (Lite mode) build 58300
     1                           	processor	18F26K22
     2                           	fnconf	rparam,??,?,0
     3                           	opt	pw 120
     4                           	opt	lm
     5                           	psect	idataBANK1,global,class=CODE,delta=1
     6                           	psect	smallconst,global,reloc=2,class=SMALLCONST,delta=1
     7                           	psect	cinit,global,reloc=2,class=CODE,delta=1
     8                           	psect	bssCOMRAM,global,class=COMRAM,space=1,delta=1
     9                           	psect	bssBANK0,global,class=BANK0,space=1,delta=1
    10                           	psect	bssBANK1,global,class=BANK1,space=1,delta=1
    11                           	psect	dataBANK1,global,class=BANK1,space=1,delta=1
    12                           	psect	bssBANK2,global,class=BANK2,space=1,delta=1
    13                           	psect	cstackBANK0,global,class=BANK0,space=1,delta=1
    14                           	psect	cstackCOMRAM,global,class=COMRAM,space=1,delta=1
    15                           	psect	text0,global,reloc=2,class=CODE,delta=1
    16                           	psect	text1,global,reloc=2,class=CODE,delta=1
    17                           	psect	text2,global,reloc=2,class=CODE,delta=1
    18                           	psect	text3,global,reloc=2,class=CODE,delta=1
    19                           	psect	text4,global,reloc=2,class=CODE,delta=1
    20                           	psect	text5,global,reloc=2,class=CODE,delta=1
    21                           	psect	text6,global,reloc=2,class=CODE,delta=1
    22                           	psect	text7,global,reloc=2,class=CODE,delta=1
    23                           	psect	text8,global,reloc=2,class=CODE,delta=1
    24                           	psect	text9,global,reloc=2,class=CODE,delta=1
    25                           	psect	text10,global,reloc=2,class=CODE,delta=1
    26                           	psect	text11,global,reloc=2,class=CODE,delta=1
    27                           	psect	text12,global,reloc=2,class=CODE,delta=1
    28                           	psect	text13,global,reloc=2,class=CODE,delta=1
    29                           	psect	text14,global,reloc=2,class=CODE,delta=1
    30                           	psect	text15,global,reloc=2,class=CODE,delta=1
    31                           	psect	text16,global,reloc=2,class=CODE,delta=1
    32                           	psect	text17,global,reloc=2,class=CODE,delta=1
    33                           	psect	text18,global,reloc=2,class=CODE,delta=1
    34                           	psect	text19,global,reloc=2,class=CODE,delta=1
    35                           	psect	text20,global,reloc=2,class=CODE,delta=1
    36                           	psect	text21,global,reloc=2,class=CODE,delta=1
    37                           	psect	text22,global,reloc=2,class=CODE,delta=1
    38                           	psect	text23,global,reloc=2,class=CODE,delta=1
    39                           	psect	text24,global,reloc=2,class=CODE,delta=1
    40                           	psect	text25,global,reloc=2,class=CODE,delta=1
    41                           	psect	intcode,global,reloc=2,class=CODE,delta=1
    42                           	psect	intsave_regs,global,class=BIGRAM,space=1,delta=1
    43                           	psect	rparam,global,class=COMRAM,space=1,delta=1
    44  0000                     
    45                           	psect	idataBANK1
    46  002476                     __pidataBANK1:
    47                           	opt stack 0
    48                           
    49                           ;initializer for _buffer
    50  002476  6E                 	db	110
    51  002477  6F                 	db	111
    52  002478  6E                 	db	110
    53  002479  65                 	db	101
    54  00247A  00                 	db	0
    55  00247B  00                 	db	0
    56  00247C  00                 	db	0
    57  00247D  00                 	db	0
    58  00247E  00                 	db	0
    59  00247F  00                 	db	0
    60  002480  00                 	db	0
    61  002481  00                 	db	0
    62  002482  00                 	db	0
    63  002483  00                 	db	0
    64  002484  00                 	db	0
    65  002485  00                 	db	0
    66  002486  00                 	db	0
    67  002487  00                 	db	0
    68  002488  00                 	db	0
    69  002489  00                 	db	0
    70  00248A  00                 	db	0
    71  00248B  00                 	db	0
    72  00248C  00                 	db	0
    73  00248D  00                 	db	0
    74  00248E  00                 	db	0
    75  00248F  00                 	db	0
    76  002490  00                 	db	0
    77  002491  00                 	db	0
    78  002492  00                 	db	0
    79  002493  00                 	db	0
    80  002494  00                 	db	0
    81  002495  00                 	db	0
    82                           
    83                           	psect	smallconst
    84  001000                     __psmallconst:
    85                           	opt stack 0
    86  001000  00                 	db	0
    87  001001                     get_yday@days:
    88                           	opt stack 0
    89  001001  0000               	dw	0
    90  001003  0000               	dw	0
    91  001005  001F               	dw	31
    92  001007  003B               	dw	59
    93  001009  005A               	dw	90
    94  00100B  0078               	dw	120
    95  00100D  0097               	dw	151
    96  00100F  00B5               	dw	181
    97  001011  00D4               	dw	212
    98  001013  00F3               	dw	243
    99  001015  0111               	dw	273
   100  001017  0130               	dw	304
   101  001019  014E               	dw	334
   102  00101B  0000               	dw	0
   103  00101D  0000               	dw	0
   104  00101F  001F               	dw	31
   105  001021  003C               	dw	60
   106  001023  005B               	dw	91
   107  001025  0079               	dw	121
   108  001027  0098               	dw	152
   109  001029  00B6               	dw	182
   110  00102B  00D5               	dw	213
   111  00102D  00F4               	dw	244
   112  00102F  0112               	dw	274
   113  001031  0131               	dw	305
   114  001033  014F               	dw	335
   115  001035                     __end_ofget_yday@days:
   116                           	opt stack 0
   117  0000                     _ADCON0	set	4034
   118  0000                     _ADCON1	set	4033
   119  0000                     _ANSELA	set	3896
   120  0000                     _ANSELB	set	3897
   121  0000                     _ANSELC	set	3898
   122  0000                     _CCP1CONbits	set	4029
   123  0000                     _CCPR1Lbits	set	4030
   124  0000                     _CCPTMRS0bits	set	3913
   125  0000                     _ECCP1ASbits	set	4022
   126  0000                     _INTCONbits	set	4082
   127  0000                     _LATA	set	3977
   128  0000                     _LATBbits	set	3978
   129  0000                     _LATC	set	3979
   130  0000                     _LATCbits	set	3979
   131  0000                     _OSCCONbits	set	4051
   132  0000                     _PIE1bits	set	3997
   133  0000                     _PIR1bits	set	3998
   134  0000                     _PR2	set	4027
   135  0000                     _PSTR1CONbits	set	4025
   136  0000                     _PWM1CONbits	set	4023
   137  0000                     _RCREG1	set	4014
   138  0000                     _RCSTA1bits	set	4011
   139  0000                     _SPBRG1	set	4015
   140  0000                     _SPBRGH1	set	4016
   141  0000                     _T2CONbits	set	4026
   142  0000                     _TRISAbits	set	3986
   143  0000                     _TRISBbits	set	3987
   144  0000                     _TRISCbits	set	3988
   145  0000                     _TXREG1	set	4013
   146  0000                     _TXSTA1bits	set	4012
   147  001035                     __stringdata:
   148                           	opt stack 0
   149  001035                     STR_4:
   150  001035  47                 	db	71	;'G'
   151  001036  50                 	db	80	;'P'
   152  001037  52                 	db	82	;'R'
   153  001038  4D                 	db	77	;'M'
   154  001039  43                 	db	67	;'C'
   155  00103A  00                 	db	0
   156  00103B                     STR_1:
   157  00103B  52                 	db	82	;'R'
   158  00103C  45                 	db	69	;'E'
   159  00103D  53                 	db	83	;'S'
   160  00103E  45                 	db	69	;'E'
   161  00103F  54                 	db	84	;'T'
   162  001040  00                 	db	0
   163  001041                     STR_3:
   164  001041  0D                 	db	13
   165  001042  00                 	db	0
   166  001043                     STR_2:
   167  001043  20                 	db	32
   168  001044  00                 	db	0
   169  001045                     __end_of__stringdata:
   170                           	opt stack 0
   171                           
   172                           ; #config settings
   173  001045  00                 	db	0	; dummy byte at the end
   174  0000                     
   175                           	psect	cinit
   176  00226C                     __pcinit:
   177                           	opt stack 0
   178  00226C                     start_initialization:
   179                           	opt stack 0
   180  00226C                     __initialization:
   181                           	opt stack 0
   182                           
   183                           ; Clear objects allocated to BANK2 (120 bytes)
   184  00226C  EE02  F000         	lfsr	0,__pbssBANK2
   185  002270  0E78               	movlw	120
   186  002272                     clear_0:
   187  002272  6AEE               	clrf	postinc0,c
   188  002274  06E8               	decf	wreg,f,c
   189  002276  E1FD               	bnz	clear_0
   190                           
   191                           ; Clear objects allocated to BANK1 (120 bytes)
   192  002278  EE01  F000         	lfsr	0,__pbssBANK1
   193  00227C  0E78               	movlw	120
   194  00227E                     clear_1:
   195  00227E  6AEE               	clrf	postinc0,c
   196  002280  06E8               	decf	wreg,f,c
   197  002282  E1FD               	bnz	clear_1
   198                           
   199                           ; Clear objects allocated to BANK0 (134 bytes)
   200  002284  EE00  F060         	lfsr	0,__pbssBANK0
   201  002288  0E86               	movlw	134
   202  00228A                     clear_2:
   203  00228A  6AEE               	clrf	postinc0,c
   204  00228C  06E8               	decf	wreg,f,c
   205  00228E  E1FD               	bnz	clear_2
   206                           
   207                           ; Clear objects allocated to COMRAM (38 bytes)
   208  002290  EE00  F02B         	lfsr	0,__pbssCOMRAM
   209  002294  0E26               	movlw	38
   210  002296                     clear_3:
   211  002296  6AEE               	clrf	postinc0,c
   212  002298  06E8               	decf	wreg,f,c
   213  00229A  E1FD               	bnz	clear_3
   214                           
   215                           ; Initialize objects allocated to BANK1 (32 bytes)
   216                           ; load TBLPTR registers with __pidataBANK1
   217  00229C  0E76               	movlw	low __pidataBANK1
   218  00229E  6EF6               	movwf	tblptrl,c
   219  0022A0  0E24               	movlw	high __pidataBANK1
   220  0022A2  6EF7               	movwf	tblptrh,c
   221  0022A4  0E00               	movlw	low (__pidataBANK1 shr (0+16))
   222  0022A6  6EF8               	movwf	tblptru,c
   223  0022A8  EE01  F078         	lfsr	0,__pdataBANK1
   224  0022AC  EE10 F020          	lfsr	1,32
   225  0022B0                     copy_data0:
   226  0022B0  0009               	tblrd		*+
   227  0022B2  CFF5 FFEE          	movff	tablat,postinc0
   228  0022B6  50E5               	movf	postdec1,w,c
   229  0022B8  50E1               	movf	fsr1l,w,c
   230  0022BA  E1FA               	bnz	copy_data0
   231  0022BC                     end_of_initialization:
   232                           	opt stack 0
   233  0022BC                     __end_of__initialization:
   234                           	opt stack 0
   235  0022BC  0100               	movlb	0
   236  0022BE  EFE0  F00B         	goto	_main	;jump to C main() function
   237                           tblptru	equ	0xFF8
   238                           tblptrh	equ	0xFF7
   239                           tblptrl	equ	0xFF6
   240                           tablat	equ	0xFF5
   241                           postinc0	equ	0xFEE
   242                           wreg	equ	0xFE8
   243                           postdec1	equ	0xFE5
   244                           fsr1l	equ	0xFE1
   245                           
   246                           	psect	bssCOMRAM
   247  00002B                     __pbssCOMRAM:
   248                           	opt stack 0
   249  00002B                     _doy:
   250                           	opt stack 0
   251  00002B                     	ds	4
   252  00002F                     _dayint:
   253                           	opt stack 0
   254  00002F                     	ds	2
   255  000031                     _gpgga:
   256                           	opt stack 0
   257  000031                     	ds	2
   258  000033                     _gprmc:
   259                           	opt stack 0
   260  000033                     	ds	2
   261  000035                     _hourint:
   262                           	opt stack 0
   263  000035                     	ds	2
   264  000037                     _index:
   265                           	opt stack 0
   266  000037                     	ds	2
   267  000039                     _isrcall:
   268                           	opt stack 0
   269  000039                     	ds	2
   270  00003B                     _leapint:
   271                           	opt stack 0
   272  00003B                     	ds	2
   273  00003D                     _minuteint:
   274                           	opt stack 0
   275  00003D                     	ds	2
   276  00003F                     _mode:
   277                           	opt stack 0
   278  00003F                     	ds	2
   279  000041                     _monthint:
   280                           	opt stack 0
   281  000041                     	ds	2
   282  000043                     _new_rx:
   283                           	opt stack 0
   284  000043                     	ds	2
   285  000045                     _ping:
   286                           	opt stack 0
   287  000045                     	ds	2
   288  000047                     _reading:
   289                           	opt stack 0
   290  000047                     	ds	2
   291  000049                     _ready:
   292                           	opt stack 0
   293  000049                     	ds	2
   294  00004B                     _yearint:
   295                           	opt stack 0
   296  00004B                     	ds	2
   297  00004D                     _c:
   298                           	opt stack 0
   299  00004D                     	ds	1
   300  00004E                     _latstr:
   301                           	opt stack 0
   302  00004E                     	ds	1
   303  00004F                     _lonstr:
   304                           	opt stack 0
   305  00004F                     	ds	1
   306  000050                     _setstr:
   307                           	opt stack 0
   308  000050                     	ds	1
   309                           tblptru	equ	0xFF8
   310                           tblptrh	equ	0xFF7
   311                           tblptrl	equ	0xFF6
   312                           tablat	equ	0xFF5
   313                           postinc0	equ	0xFEE
   314                           wreg	equ	0xFE8
   315                           postdec1	equ	0xFE5
   316                           fsr1l	equ	0xFE1
   317                           
   318                           	psect	bssBANK0
   319  000060                     __pbssBANK0:
   320                           	opt stack 0
   321  000060                     _str1:
   322                           	opt stack 0
   323  000060                     	ds	20
   324  000074                     _str2:
   325                           	opt stack 0
   326  000074                     	ds	20
   327  000088                     _doy_1:
   328                           	opt stack 0
   329  000088                     	ds	2
   330  00008A                     _doy_10:
   331                           	opt stack 0
   332  00008A                     	ds	2
   333  00008C                     _doy_100:
   334                           	opt stack 0
   335  00008C                     	ds	2
   336  00008E                     _doy_2:
   337                           	opt stack 0
   338  00008E                     	ds	2
   339  000090                     _doy_20:
   340                           	opt stack 0
   341  000090                     	ds	2
   342  000092                     _doy_200:
   343                           	opt stack 0
   344  000092                     	ds	2
   345  000094                     _doy_4:
   346                           	opt stack 0
   347  000094                     	ds	2
   348  000096                     _doy_40:
   349                           	opt stack 0
   350  000096                     	ds	2
   351  000098                     _doy_8:
   352                           	opt stack 0
   353  000098                     	ds	2
   354  00009A                     _doy_80:
   355                           	opt stack 0
   356  00009A                     	ds	2
   357  00009C                     _hour_1:
   358                           	opt stack 0
   359  00009C                     	ds	2
   360  00009E                     _hour_10:
   361                           	opt stack 0
   362  00009E                     	ds	2
   363  0000A0                     _hour_2:
   364                           	opt stack 0
   365  0000A0                     	ds	2
   366  0000A2                     _hour_20:
   367                           	opt stack 0
   368  0000A2                     	ds	2
   369  0000A4                     _hour_4:
   370                           	opt stack 0
   371  0000A4                     	ds	2
   372  0000A6                     _hour_8:
   373                           	opt stack 0
   374  0000A6                     	ds	2
   375  0000A8                     _leap_year:
   376                           	opt stack 0
   377  0000A8                     	ds	2
   378  0000AA                     _min_1:
   379                           	opt stack 0
   380  0000AA                     	ds	2
   381  0000AC                     _min_10:
   382                           	opt stack 0
   383  0000AC                     	ds	2
   384  0000AE                     _min_2:
   385                           	opt stack 0
   386  0000AE                     	ds	2
   387  0000B0                     _min_20:
   388                           	opt stack 0
   389  0000B0                     	ds	2
   390  0000B2                     _min_4:
   391                           	opt stack 0
   392  0000B2                     	ds	2
   393  0000B4                     _min_40:
   394                           	opt stack 0
   395  0000B4                     	ds	2
   396  0000B6                     _min_8:
   397                           	opt stack 0
   398  0000B6                     	ds	2
   399  0000B8                     _secondint:
   400                           	opt stack 0
   401  0000B8                     	ds	2
   402  0000BA                     _year4int:
   403                           	opt stack 0
   404  0000BA                     	ds	2
   405  0000BC                     _year_1:
   406                           	opt stack 0
   407  0000BC                     	ds	2
   408  0000BE                     _year_10:
   409                           	opt stack 0
   410  0000BE                     	ds	2
   411  0000C0                     _year_2:
   412                           	opt stack 0
   413  0000C0                     	ds	2
   414  0000C2                     _year_20:
   415                           	opt stack 0
   416  0000C2                     	ds	2
   417  0000C4                     _year_4:
   418                           	opt stack 0
   419  0000C4                     	ds	2
   420  0000C6                     _year_40:
   421                           	opt stack 0
   422  0000C6                     	ds	2
   423  0000C8                     _year_8:
   424                           	opt stack 0
   425  0000C8                     	ds	2
   426  0000CA                     _year_80:
   427                           	opt stack 0
   428  0000CA                     	ds	2
   429  0000CC                     _doych:
   430                           	opt stack 0
   431  0000CC                     	ds	8
   432  0000D4                     _daych:
   433                           	opt stack 0
   434  0000D4                     	ds	3
   435  0000D7                     _hourch:
   436                           	opt stack 0
   437  0000D7                     	ds	3
   438  0000DA                     _minch:
   439                           	opt stack 0
   440  0000DA                     	ds	3
   441  0000DD                     _monthch:
   442                           	opt stack 0
   443  0000DD                     	ds	3
   444  0000E0                     _secch:
   445                           	opt stack 0
   446  0000E0                     	ds	3
   447  0000E3                     _yearch:
   448                           	opt stack 0
   449  0000E3                     	ds	3
   450                           tblptru	equ	0xFF8
   451                           tblptrh	equ	0xFF7
   452                           tblptrl	equ	0xFF6
   453                           tablat	equ	0xFF5
   454                           postinc0	equ	0xFEE
   455                           wreg	equ	0xFE8
   456                           postdec1	equ	0xFE5
   457                           fsr1l	equ	0xFE1
   458                           
   459                           	psect	bssBANK1
   460  000100                     __pbssBANK1:
   461                           	opt stack 0
   462  000100                     _wstr:
   463                           	opt stack 0
   464  000100                     	ds	120
   465                           tblptru	equ	0xFF8
   466                           tblptrh	equ	0xFF7
   467                           tblptrl	equ	0xFF6
   468                           tablat	equ	0xFF5
   469                           postinc0	equ	0xFEE
   470                           wreg	equ	0xFE8
   471                           postdec1	equ	0xFE5
   472                           fsr1l	equ	0xFE1
   473                           
   474                           	psect	dataBANK1
   475  000178                     __pdataBANK1:
   476                           	opt stack 0
   477  000178                     _buffer:
   478                           	opt stack 0
   479  000178                     	ds	32
   480                           tblptru	equ	0xFF8
   481                           tblptrh	equ	0xFF7
   482                           tblptrl	equ	0xFF6
   483                           tablat	equ	0xFF5
   484                           postinc0	equ	0xFEE
   485                           wreg	equ	0xFE8
   486                           postdec1	equ	0xFE5
   487                           fsr1l	equ	0xFE1
   488                           
   489                           	psect	bssBANK2
   490  000200                     __pbssBANK2:
   491                           	opt stack 0
   492  000200                     _ctxt:
   493                           	opt stack 0
   494  000200                     	ds	120
   495                           tblptru	equ	0xFF8
   496                           tblptrh	equ	0xFF7
   497                           tblptrl	equ	0xFF6
   498                           tablat	equ	0xFF5
   499                           postinc0	equ	0xFEE
   500                           wreg	equ	0xFE8
   501                           postdec1	equ	0xFE5
   502                           fsr1l	equ	0xFE1
   503                           
   504                           	psect	cstackBANK0
   505  0000E6                     __pcstackBANK0:
   506                           	opt stack 0
   507  0000E6                     ultoa@v:
   508                           	opt stack 0
   509                           
   510                           ; 4 bytes @ 0x0
   511  0000E6                     	ds	4
   512  0000EA                     ultoa@c:
   513                           	opt stack 0
   514                           
   515                           ; 1 bytes @ 0x4
   516  0000EA                     	ds	1
   517  0000EB                     ltoa@buf:
   518                           	opt stack 0
   519                           
   520                           ; 2 bytes @ 0x5
   521  0000EB                     	ds	2
   522  0000ED                     ltoa@val:
   523                           	opt stack 0
   524                           
   525                           ; 4 bytes @ 0x7
   526  0000ED                     	ds	4
   527  0000F1                     ltoa@base:
   528                           	opt stack 0
   529                           
   530                           ; 2 bytes @ 0xB
   531  0000F1                     	ds	2
   532  0000F3                     ??_main:
   533                           
   534                           ; 0 bytes @ 0xD
   535  0000F3                     	ds	1
   536                           tblptru	equ	0xFF8
   537                           tblptrh	equ	0xFF7
   538                           tblptrl	equ	0xFF6
   539                           tablat	equ	0xFF5
   540                           postinc0	equ	0xFEE
   541                           wreg	equ	0xFE8
   542                           postdec1	equ	0xFE5
   543                           fsr1l	equ	0xFE1
   544                           
   545                           	psect	cstackCOMRAM
   546  000001                     __pcstackCOMRAM:
   547                           	opt stack 0
   548  000001                     ??_ISR:
   549  000001                     
   550                           ; 2 bytes @ 0x0
   551  000001                     	ds	14
   552  00000F                     ISR@temp:
   553                           	opt stack 0
   554                           
   555                           ; 1 bytes @ 0xE
   556  00000F                     	ds	1
   557  000010                     ??_isdigit:
   558  000010                     ??_marker:
   559  000010                     ??_one:
   560  000010                     ??_zero:
   561  000010                     ?_strlen:
   562                           	opt stack 0
   563  000010                     ?_strchr:
   564                           	opt stack 0
   565  000010                     ?___wmul:
   566                           	opt stack 0
   567  000010                     ?___awmod:
   568                           	opt stack 0
   569  000010                     ?___lldiv:
   570                           	opt stack 0
   571  000010                     ?___llmod:
   572                           	opt stack 0
   573  000010                     uart_xmit@mydata_byte:
   574                           	opt stack 0
   575  000010                     ___wmul@multiplier:
   576                           	opt stack 0
   577  000010                     ___awmod@dividend:
   578                           	opt stack 0
   579  000010                     strlen@s:
   580                           	opt stack 0
   581  000010                     strncpy@to:
   582                           	opt stack 0
   583  000010                     strchr@ptr:
   584                           	opt stack 0
   585  000010                     ___lldiv@dividend:
   586                           	opt stack 0
   587  000010                     ___llmod@dividend:
   588                           	opt stack 0
   589                           
   590                           ; 4 bytes @ 0xF
   591  000010                     	ds	1
   592  000011                     _isdigit$1401:
   593                           	opt stack 0
   594                           
   595                           ; 1 bytes @ 0x10
   596  000011                     	ds	1
   597  000012                     ??_strlen:
   598  000012                     isdigit@c:
   599                           	opt stack 0
   600  000012                     uart_write@txt:
   601                           	opt stack 0
   602  000012                     ___wmul@multiplicand:
   603                           	opt stack 0
   604  000012                     ___awmod@divisor:
   605                           	opt stack 0
   606  000012                     strncpy@from:
   607                           	opt stack 0
   608  000012                     strchr@chr:
   609                           	opt stack 0
   610                           
   611                           ; 2 bytes @ 0x11
   612  000012                     	ds	2
   613  000014                     ??_uart_write:
   614  000014                     ___awmod@counter:
   615                           	opt stack 0
   616  000014                     ___wmul@product:
   617                           	opt stack 0
   618  000014                     strlen@cp:
   619                           	opt stack 0
   620  000014                     strncpy@size:
   621                           	opt stack 0
   622  000014                     ___lldiv@divisor:
   623                           	opt stack 0
   624  000014                     ___llmod@divisor:
   625                           	opt stack 0
   626                           
   627                           ; 4 bytes @ 0x13
   628  000014                     	ds	1
   629  000015                     ??_serial_init:
   630  000015                     ___awmod@sign:
   631                           	opt stack 0
   632                           
   633                           ; 1 bytes @ 0x14
   634  000015                     	ds	1
   635  000016                     ?_atoi:
   636                           	opt stack 0
   637  000016                     ?_strncmp:
   638                           	opt stack 0
   639  000016                     ?_yisleap:
   640                           	opt stack 0
   641  000016                     yisleap@year:
   642                           	opt stack 0
   643  000016                     atoi@s:
   644                           	opt stack 0
   645  000016                     strncpy@cp:
   646                           	opt stack 0
   647  000016                     strncmp@s1:
   648                           	opt stack 0
   649                           
   650                           ; 2 bytes @ 0x15
   651  000016                     	ds	2
   652  000018                     ??_atoi:
   653  000018                     ??_yisleap:
   654  000018                     ___llmod@counter:
   655                           	opt stack 0
   656  000018                     strncmp@s2:
   657                           	opt stack 0
   658  000018                     ___lldiv@quotient:
   659                           	opt stack 0
   660                           
   661                           ; 4 bytes @ 0x17
   662  000018                     	ds	2
   663  00001A                     _yisleap$1062:
   664                           	opt stack 0
   665  00001A                     atoi@sign:
   666                           	opt stack 0
   667  00001A                     strncmp@len:
   668                           	opt stack 0
   669                           
   670                           ; 2 bytes @ 0x19
   671  00001A                     	ds	1
   672  00001B                     ?_get_yday:
   673                           	opt stack 0
   674  00001B                     get_yday@mon:
   675                           	opt stack 0
   676  00001B                     atoi@a:
   677                           	opt stack 0
   678                           
   679                           ; 2 bytes @ 0x1A
   680  00001B                     	ds	1
   681  00001C                     ??_strncmp:
   682  00001C                     ___lldiv@counter:
   683                           	opt stack 0
   684                           
   685                           ; 1 bytes @ 0x1B
   686  00001C                     	ds	1
   687  00001D                     get_yday@day:
   688                           	opt stack 0
   689  00001D                     ultoa@buf:
   690                           	opt stack 0
   691                           
   692                           ; 2 bytes @ 0x1C
   693  00001D                     	ds	2
   694  00001F                     ?_strstr:
   695                           	opt stack 0
   696  00001F                     get_yday@year:
   697                           	opt stack 0
   698  00001F                     strstr@s1:
   699                           	opt stack 0
   700  00001F                     ultoa@val:
   701                           	opt stack 0
   702                           
   703                           ; 4 bytes @ 0x1E
   704  00001F                     	ds	2
   705  000021                     ??_get_yday:
   706  000021                     strstr@s2:
   707                           	opt stack 0
   708                           
   709                           ; 2 bytes @ 0x20
   710  000021                     	ds	2
   711  000023                     ultoa@base:
   712                           	opt stack 0
   713                           
   714                           ; 2 bytes @ 0x22
   715  000023                     	ds	2
   716  000025                     ??_ultoa:
   717                           
   718                           ; 0 bytes @ 0x24
   719  000025                     	ds	2
   720  000027                     get_yday@leap:
   721                           	opt stack 0
   722                           
   723                           ; 2 bytes @ 0x26
   724  000027                     	ds	2
   725  000029                     ltoa@cp:
   726                           	opt stack 0
   727                           
   728                           ; 2 bytes @ 0x28
   729  000029                     	ds	2
   730  00002B                     tblptru	equ	0xFF8
   731                           tblptrh	equ	0xFF7
   732                           tblptrl	equ	0xFF6
   733                           tablat	equ	0xFF5
   734                           postinc0	equ	0xFEE
   735                           wreg	equ	0xFE8
   736                           postdec1	equ	0xFE5
   737                           fsr1l	equ	0xFE1
   738                           
   739                           ; 0 bytes @ 0x2A
   740 ;;
   741 ;;Main: autosize = 0, tempsize = 1, incstack = 0, save=0
   742 ;;
   743 ;; *************** function _main *****************
   744 ;; Defined at:
   745 ;;		line 718 in file "main.c"
   746 ;; Parameters:    Size  Location     Type
   747 ;;		None
   748 ;; Auto vars:     Size  Location     Type
   749 ;;		None
   750 ;; Return value:  Size  Location     Type
   751 ;;                  2  333[COMRAM] int 
   752 ;; Registers used:
   753 ;;		wreg, fsr1l, fsr1h, fsr2l, fsr2h, status,2, status,0, tblptrl, tblptrh, tblptru, prodl, prodh, cstack
   754 ;; Tracked objects:
   755 ;;		On entry : 0/0
   756 ;;		On exit  : 0/0
   757 ;;		Unchanged: 0/0
   758 ;; Data sizes:     COMRAM   BANK0   BANK1   BANK2   BANK3   BANK4   BANK5   BANK6   BANK7   BANK8   BANK9  BANK10  BANK1
      +1  BANK12  BANK13  BANK14  BANK15
   759 ;;      Params:         0       0       0       0       0       0       0       0       0       0       0       0       
      +0       0       0       0       0
   760 ;;      Locals:         0       0       0       0       0       0       0       0       0       0       0       0       
      +0       0       0       0       0
   761 ;;      Temps:          0       1       0       0       0       0       0       0       0       0       0       0       
      +0       0       0       0       0
   762 ;;      Totals:         0       1       0       0       0       0       0       0       0       0       0       0       
      +0       0       0       0       0
   763 ;;Total ram usage:        1 bytes
   764 ;; Hardware stack levels required when called:    5
   765 ;; This function calls:
   766 ;;		_gettime
   767 ;;		_init_io
   768 ;;		_pwm_init
   769 ;;		_sendtime
   770 ;;		_serial_init
   771 ;;		_strncpy
   772 ;;		_strstr
   773 ;; This function is called by:
   774 ;;		Startup code after reset
   775 ;; This function uses a non-reentrant model
   776 ;;
   777                           
   778                           	psect	text0
   779  0017C0                     __ptext0:
   780                           	opt stack 0
   781  0017C0                     _main:
   782                           	opt stack 26
   783                           
   784                           ;main.c: 721: OSCCONbits.IRCF = 0x06;
   785                           
   786                           ;incstack = 0
   787  0017C0  50D3               	movf	4051,w,c	;volatile
   788  0017C2  0B8F               	andlw	-113
   789  0017C4  0960               	iorlw	96
   790  0017C6  6ED3               	movwf	4051,c	;volatile
   791                           
   792                           ;main.c: 722: OSCCONbits.SCS = 0x02;
   793  0017C8  50D3               	movf	4051,w,c	;volatile
   794  0017CA  0BFC               	andlw	-4
   795  0017CC  0902               	iorlw	2
   796  0017CE  6ED3               	movwf	4051,c	;volatile
   797                           
   798                           ;main.c: 723: _delay((unsigned long)((70)*(8000000/4000.0)));
   799  0017D0  0EB6               	movlw	182
   800  0017D2  0100               	movlb	0	; () banked
   801  0017D4  6FF3               	movwf	??_main& (0+255),b
   802  0017D6  0ED0               	movlw	208
   803  0017D8                     u1817:
   804  0017D8  2EE8               	decfsz	wreg,f,c
   805  0017DA  D7FE               	goto	u1817
   806  0017DC  2FF3               	decfsz	??_main& (0+255),f,b
   807  0017DE  D7FC               	goto	u1817
   808  0017E0  D000               	nop2	
   809                           
   810                           ;main.c: 724: _delay((unsigned long)((70)*(8000000/4000.0)));
   811  0017E2  0EB6               	movlw	182
   812  0017E4  0100               	movlb	0	; () banked
   813  0017E6  6FF3               	movwf	??_main& (0+255),b
   814  0017E8  0ED0               	movlw	208
   815  0017EA                     u1827:
   816  0017EA  2EE8               	decfsz	wreg,f,c
   817  0017EC  D7FE               	goto	u1827
   818  0017EE  2FF3               	decfsz	??_main& (0+255),f,b
   819  0017F0  D7FC               	goto	u1827
   820  0017F2  D000               	nop2	
   821                           
   822                           ;main.c: 725: _delay((unsigned long)((70)*(8000000/4000.0)));
   823  0017F4  0EB6               	movlw	182
   824  0017F6  0100               	movlb	0	; () banked
   825  0017F8  6FF3               	movwf	??_main& (0+255),b
   826  0017FA  0ED0               	movlw	208
   827  0017FC                     u1837:
   828  0017FC  2EE8               	decfsz	wreg,f,c
   829  0017FE  D7FE               	goto	u1837
   830  001800  2FF3               	decfsz	??_main& (0+255),f,b
   831  001802  D7FC               	goto	u1837
   832  001804  D000               	nop2	
   833                           
   834                           ;main.c: 727: ping = 0;
   835  001806  0E00               	movlw	0
   836  001808  6E46               	movwf	_ping+1,c	;volatile
   837  00180A  0E00               	movlw	0
   838  00180C  6E45               	movwf	_ping,c	;volatile
   839                           
   840                           ;main.c: 728: new_rx = 0;
   841  00180E  0E00               	movlw	0
   842  001810  6E44               	movwf	_new_rx+1,c	;volatile
   843  001812  0E00               	movlw	0
   844  001814  6E43               	movwf	_new_rx,c	;volatile
   845                           
   846                           ;main.c: 729: isrcall = 0;
   847  001816  0E00               	movlw	0
   848  001818  6E3A               	movwf	_isrcall+1,c	;volatile
   849  00181A  0E00               	movlw	0
   850  00181C  6E39               	movwf	_isrcall,c	;volatile
   851                           
   852                           ;main.c: 731: init_io();
   853  00181E  EC61  F011         	call	_init_io	;wreg free
   854                           
   855                           ;main.c: 732: serial_init();
   856  001822  EC0F  F012         	call	_serial_init	;wreg free
   857                           
   858                           ;main.c: 735: PIE1bits.RC1IE = 1;
   859  001826  8A9D               	bsf	3997,5,c	;volatile
   860                           
   861                           ;main.c: 736: INTCONbits.PEIE = 1;
   862  001828  8CF2               	bsf	intcon,6,c	;volatile
   863                           
   864                           ;main.c: 737: INTCONbits.GIE = 1;
   865  00182A  8EF2               	bsf	intcon,7,c	;volatile
   866                           
   867                           ;main.c: 739: pwm_init();
   868  00182C  EC8C  F011         	call	_pwm_init	;wreg free
   869                           
   870                           ;main.c: 741: ready = 0;
   871  001830  0E00               	movlw	0
   872  001832  6E4A               	movwf	_ready+1,c
   873  001834  0E00               	movlw	0
   874  001836  6E49               	movwf	_ready,c
   875  001838                     l2603:
   876                           
   877                           ;main.c: 745: LATCbits.LATC0 = 1;
   878  001838  808B               	bsf	3979,0,c	;volatile
   879                           
   880                           ;main.c: 746: _delay((unsigned long)((74)*(8000000/4000.0)));
   881  00183A  0EC1               	movlw	193
   882  00183C  0100               	movlb	0	; () banked
   883  00183E  6FF3               	movwf	??_main& (0+255),b
   884  001840  0E34               	movlw	52
   885  001842                     u1847:
   886  001842  2EE8               	decfsz	wreg,f,c
   887  001844  D7FE               	goto	u1847
   888  001846  2FF3               	decfsz	??_main& (0+255),f,b
   889  001848  D7FC               	goto	u1847
   890                           
   891                           ;main.c: 747: isrcall = 0;
   892  00184A  0E00               	movlw	0
   893  00184C  6E3A               	movwf	_isrcall+1,c	;volatile
   894  00184E  0E00               	movlw	0
   895  001850  6E39               	movwf	_isrcall,c	;volatile
   896                           
   897                           ;main.c: 748: ping = 0;
   898  001852  0E00               	movlw	0
   899  001854  6E46               	movwf	_ping+1,c	;volatile
   900  001856  0E00               	movlw	0
   901  001858  6E45               	movwf	_ping,c	;volatile
   902                           
   903                           ;main.c: 749: if (ready){
   904  00185A  504A               	movf	_ready+1,w,c
   905  00185C  1049               	iorwf	_ready,w,c
   906  00185E  A4D8               	btfss	status,2,c
   907                           
   908                           ;main.c: 750: LATCbits.LATC2 = 1;
   909  001860  848B               	bsf	3979,2,c	;volatile
   910                           
   911                           ;main.c: 751: }
   912                           ;main.c: 753: if (new_rx == 1)
   913  001862  0443               	decf	_new_rx,w,c	;volatile
   914  001864  1044               	iorwf	_new_rx+1,w,c	;volatile
   915  001866  A4D8               	btfss	status,2,c
   916  001868  D02C               	goto	l2627
   917                           
   918                           ;main.c: 754: {
   919                           ;main.c: 755: if (strstr(ctxt, "GPRMC"))
   920  00186A  0102               	movlb	2	; () banked
   921  00186C  0E02               	movlw	high _ctxt
   922  00186E  6E20               	movwf	strstr@s1+1,c
   923  001870  0102               	movlb	2	; () banked
   924  001872  0E00               	movlw	low _ctxt
   925  001874  6E1F               	movwf	strstr@s1,c
   926  001876  0E10               	movlw	high STR_4
   927  001878  6E22               	movwf	strstr@s2+1,c
   928  00187A  0E35               	movlw	low STR_4
   929  00187C  6E21               	movwf	strstr@s2,c
   930  00187E  ECA1  F00F         	call	_strstr	;wreg free
   931  001882  5020               	movf	?_strstr+1,w,c
   932  001884  101F               	iorwf	?_strstr,w,c
   933  001886  B4D8               	btfsc	status,2,c
   934  001888  D018               	goto	l2625
   935                           
   936                           ;main.c: 756: {
   937                           ;main.c: 757: gprmc = 1;
   938  00188A  0E00               	movlw	0
   939  00188C  6E34               	movwf	_gprmc+1,c
   940  00188E  0E01               	movlw	1
   941  001890  6E33               	movwf	_gprmc,c
   942                           
   943                           ;main.c: 758: strncpy((char*)wstr, (char*)ctxt, sizeof(ctxt));
   944  001892  0101               	movlb	1	; () banked
   945  001894  0E01               	movlw	high _wstr
   946  001896  6E11               	movwf	strncpy@to+1,c
   947  001898  0101               	movlb	1	; () banked
   948  00189A  0E00               	movlw	low _wstr
   949  00189C  6E10               	movwf	strncpy@to,c
   950  00189E  0102               	movlb	2	; () banked
   951  0018A0  0E02               	movlw	high _ctxt
   952  0018A2  6E13               	movwf	strncpy@from+1,c
   953  0018A4  0102               	movlb	2	; () banked
   954  0018A6  0E00               	movlw	low _ctxt
   955  0018A8  6E12               	movwf	strncpy@from,c
   956  0018AA  0E00               	movlw	0
   957  0018AC  6E15               	movwf	strncpy@size+1,c
   958  0018AE  0E78               	movlw	120
   959  0018B0  6E14               	movwf	strncpy@size,c
   960  0018B2  ECD8  F010         	call	_strncpy	;wreg free
   961                           
   962                           ;main.c: 759: gettime();
   963  0018B6  EC2C  F00B         	call	_gettime	;wreg free
   964  0018BA                     l2625:
   965                           
   966                           ;main.c: 760: }
   967                           ;main.c: 761: new_rx=0;
   968  0018BA  0E00               	movlw	0
   969  0018BC  6E44               	movwf	_new_rx+1,c	;volatile
   970  0018BE  0E00               	movlw	0
   971  0018C0  6E43               	movwf	_new_rx,c	;volatile
   972  0018C2                     l2627:
   973                           
   974                           ;main.c: 762: }
   975                           ;main.c: 765: if (gprmc){
   976  0018C2  5034               	movf	_gprmc+1,w,c
   977  0018C4  1033               	iorwf	_gprmc,w,c
   978  0018C6  A4D8               	btfss	status,2,c
   979                           
   980                           ;main.c: 766: sendtime();
   981  0018C8  EC23  F008         	call	_sendtime	;wreg free
   982                           
   983                           ;main.c: 767: }
   984                           ;main.c: 768: gpgga = 0;
   985  0018CC  0E00               	movlw	0
   986  0018CE  6E32               	movwf	_gpgga+1,c
   987  0018D0  0E00               	movlw	0
   988  0018D2  6E31               	movwf	_gpgga,c
   989                           
   990                           ;main.c: 769: gprmc = 0;
   991  0018D4  0E00               	movlw	0
   992  0018D6  6E34               	movwf	_gprmc+1,c
   993  0018D8  0E00               	movlw	0
   994  0018DA  6E33               	movwf	_gprmc,c
   995                           
   996                           ;main.c: 770: LATCbits.LATC0 = 0;
   997  0018DC  908B               	bcf	3979,0,c	;volatile
   998                           
   999                           ;main.c: 771: _delay((unsigned long)((74)*(8000000/4000.0)));
  1000  0018DE  0EC1               	movlw	193
  1001  0018E0  0100               	movlb	0	; () banked
  1002  0018E2  6FF3               	movwf	??_main& (0+255),b
  1003  0018E4  0E34               	movlw	52
  1004  0018E6                     u1857:
  1005  0018E6  2EE8               	decfsz	wreg,f,c
  1006  0018E8  D7FE               	goto	u1857
  1007  0018EA  2FF3               	decfsz	??_main& (0+255),f,b
  1008  0018EC  D7FC               	goto	u1857
  1009  0018EE  D7A4               	goto	l2603
  1010  0018F0                     __end_of_main:
  1011                           	opt stack 0
  1012                           tblptru	equ	0xFF8
  1013                           tblptrh	equ	0xFF7
  1014                           tblptrl	equ	0xFF6
  1015                           tablat	equ	0xFF5
  1016                           intcon	equ	0xFF2
  1017                           postinc0	equ	0xFEE
  1018                           wreg	equ	0xFE8
  1019                           postdec1	equ	0xFE5
  1020                           fsr1l	equ	0xFE1
  1021                           status	equ	0xFD8
  1022                           
  1023 ;; *************** function _strstr *****************
  1024 ;; Defined at:
  1025 ;;		line 4 in file "C:\Program Files\Microchip\xc8\v1.32\sources\common\strstr.c"
  1026 ;; Parameters:    Size  Location     Type
  1027 ;;  s1              2   30[COMRAM] PTR const unsigned char 
  1028 ;;		 -> NULL(0), ctxt(120), 
  1029 ;;  s2              2   32[COMRAM] PTR const unsigned char 
  1030 ;;		 -> STR_4(6), 
  1031 ;; Auto vars:     Size  Location     Type
  1032 ;;		None
  1033 ;; Return value:  Size  Location     Type
  1034 ;;                  2   30[COMRAM] PTR unsigned char 
  1035 ;; Registers used:
  1036 ;;		wreg, fsr2l, fsr2h, status,2, status,0, tblptrl, tblptrh, tblptru, cstack
  1037 ;; Tracked objects:
  1038 ;;		On entry : 0/0
  1039 ;;		On exit  : 0/0
  1040 ;;		Unchanged: 0/0
  1041 ;; Data sizes:     COMRAM   BANK0   BANK1   BANK2   BANK3   BANK4   BANK5   BANK6   BANK7   BANK8   BANK9  BANK10  BANK1
      +1  BANK12  BANK13  BANK14  BANK15
  1042 ;;      Params:         4       0       0       0       0       0       0       0       0       0       0       0       
      +0       0       0       0       0
  1043 ;;      Locals:         0       0       0       0       0       0       0       0       0       0       0       0       
      +0       0       0       0       0
  1044 ;;      Temps:          0       0       0       0       0       0       0       0       0       0       0       0       
      +0       0       0       0       0
  1045 ;;      Totals:         4       0       0       0       0       0       0       0       0       0       0       0       
      +0       0       0       0       0
  1046 ;;Total ram usage:        4 bytes
  1047 ;; Hardware stack levels used:    1
  1048 ;; Hardware stack levels required when called:    2
  1049 ;; This function calls:
  1050 ;;		_strchr
  1051 ;;		_strlen
  1052 ;;		_strncmp
  1053 ;; This function is called by:
  1054 ;;		_main
  1055 ;; This function uses a non-reentrant model
  1056 ;;
  1057                           
  1058                           	psect	text1
  1059  001F42                     __ptext1:
  1060                           	opt stack 0
  1061  001F42                     _strstr:
  1062                           	opt stack 28
  1063                           
  1064                           ;incstack = 0
  1065  001F42  D032               	goto	l2359
  1066  001F44                     l2351:
  1067  001F44  C020  F017         	movff	strstr@s1+1,strncmp@s1+1
  1068  001F48  C01F  F016         	movff	strstr@s1,strncmp@s1
  1069  001F4C  C022  F019         	movff	strstr@s2+1,strncmp@s2+1
  1070  001F50  C021  F018         	movff	strstr@s2,strncmp@s2
  1071  001F54  C022  F011         	movff	strstr@s2+1,strlen@s+1
  1072  001F58  C021  F010         	movff	strstr@s2,strlen@s
  1073  001F5C  ECB5  F011         	call	_strlen	;wreg free
  1074  001F60  C010  F01A         	movff	?_strlen,strncmp@len
  1075  001F64  C011  F01B         	movff	?_strlen+1,strncmp@len+1
  1076  001F68  ECE4  F00F         	call	_strncmp	;wreg free
  1077  001F6C  5017               	movf	?_strncmp+1,w,c
  1078  001F6E  1016               	iorwf	?_strncmp,w,c
  1079  001F70  A4D8               	btfss	status,2,c
  1080  001F72  D005               	goto	l2357
  1081  001F74  C020  F020         	movff	strstr@s1+1,?_strstr+1
  1082  001F78  C01F  F01F         	movff	strstr@s1,?_strstr
  1083  001F7C  0012               	return	
  1084  001F7E                     l2357:
  1085  001F7E  0E01               	movlw	1
  1086  001F80  241F               	addwf	strstr@s1,w,c
  1087  001F82  6E10               	movwf	strchr@ptr,c
  1088  001F84  0E00               	movlw	0
  1089  001F86  2020               	addwfc	strstr@s1+1,w,c
  1090  001F88  6E11               	movwf	strchr@ptr+1,c
  1091  001F8A  C021  FFF6         	movff	strstr@s2,tblptrl
  1092  001F8E  C022  FFF7         	movff	strstr@s2+1,tblptrh
  1093  001F92                     	if	1	;Program memory is < 0x10000, tblptru is always zero
  1094  001F92  6AF8               	clrf	tblptru,c
  1095  001F94                     	endif
  1096  001F94                     	if	0	;tblptru may be non-zero
  1097  001F94                     	endif
  1098  001F94  0008               	tblrd		*
  1099  001F96  50F5               	movf	tablat,w,c
  1100  001F98  6E12               	movwf	strchr@chr,c
  1101  001F9A  6A13               	clrf	strchr@chr+1,c
  1102  001F9C  ECF5  F011         	call	_strchr	;wreg free
  1103  001FA0  C010  F01F         	movff	?_strchr,strstr@s1
  1104  001FA4  C011  F020         	movff	?_strchr+1,strstr@s1+1
  1105  001FA8                     l2359:
  1106  001FA8  5020               	movf	strstr@s1+1,w,c
  1107  001FAA  101F               	iorwf	strstr@s1,w,c
  1108  001FAC  B4D8               	btfsc	status,2,c
  1109  001FAE  D007               	goto	l2363
  1110  001FB0  C01F  FFD9         	movff	strstr@s1,fsr2l
  1111  001FB4  C020  FFDA         	movff	strstr@s1+1,fsr2h
  1112  001FB8  50DF               	movf	indf2,w,c
  1113  001FBA  A4D8               	btfss	status,2,c
  1114  001FBC  D7C3               	goto	l2351
  1115  001FBE                     l2363:
  1116  001FBE  0E00               	movlw	0
  1117  001FC0  6E20               	movwf	?_strstr+1,c
  1118  001FC2  0E00               	movlw	0
  1119  001FC4  6E1F               	movwf	?_strstr,c
  1120  001FC6  0012               	return	
  1121  001FC8                     __end_of_strstr:
  1122                           	opt stack 0
  1123                           tblptru	equ	0xFF8
  1124                           tblptrh	equ	0xFF7
  1125                           tblptrl	equ	0xFF6
  1126                           tablat	equ	0xFF5
  1127                           intcon	equ	0xFF2
  1128                           postinc0	equ	0xFEE
  1129                           wreg	equ	0xFE8
  1130                           postdec1	equ	0xFE5
  1131                           fsr1l	equ	0xFE1
  1132                           indf2	equ	0xFDF
  1133                           fsr2h	equ	0xFDA
  1134                           fsr2l	equ	0xFD9
  1135                           status	equ	0xFD8
  1136                           
  1137 ;; *************** function _strncmp *****************
  1138 ;; Defined at:
  1139 ;;		line 4 in file "C:\Program Files\Microchip\xc8\v1.32\sources\common\strncmp.c"
  1140 ;; Parameters:    Size  Location     Type
  1141 ;;  s1              2   21[COMRAM] PTR const unsigned char 
  1142 ;;		 -> NULL(0), ctxt(120), 
  1143 ;;  s2              2   23[COMRAM] PTR const unsigned char 
  1144 ;;		 -> STR_4(6), 
  1145 ;;  len             2   25[COMRAM] unsigned int 
  1146 ;; Auto vars:     Size  Location     Type
  1147 ;;		None
  1148 ;; Return value:  Size  Location     Type
  1149 ;;                  2   21[COMRAM] int 
  1150 ;; Registers used:
  1151 ;;		wreg, fsr2l, fsr2h, status,2, status,0, tblptrl, tblptrh, tblptru
  1152 ;; Tracked objects:
  1153 ;;		On entry : 0/0
  1154 ;;		On exit  : 0/0
  1155 ;;		Unchanged: 0/0
  1156 ;; Data sizes:     COMRAM   BANK0   BANK1   BANK2   BANK3   BANK4   BANK5   BANK6   BANK7   BANK8   BANK9  BANK10  BANK1
      +1  BANK12  BANK13  BANK14  BANK15
  1157 ;;      Params:         6       0       0       0       0       0       0       0       0       0       0       0       
      +0       0       0       0       0
  1158 ;;      Locals:         0       0       0       0       0       0       0       0       0       0       0       0       
      +0       0       0       0       0
  1159 ;;      Temps:          3       0       0       0       0       0       0       0       0       0       0       0       
      +0       0       0       0       0
  1160 ;;      Totals:         9       0       0       0       0       0       0       0       0       0       0       0       
      +0       0       0       0       0
  1161 ;;Total ram usage:        9 bytes
  1162 ;; Hardware stack levels used:    1
  1163 ;; Hardware stack levels required when called:    1
  1164 ;; This function calls:
  1165 ;;		Nothing
  1166 ;; This function is called by:
  1167 ;;		_strstr
  1168 ;; This function uses a non-reentrant model
  1169 ;;
  1170                           
  1171                           	psect	text2
  1172  001FC8                     __ptext2:
  1173                           	opt stack 0
  1174  001FC8                     _strncmp:
  1175                           	opt stack 28
  1176                           
  1177                           ;incstack = 0
  1178  001FC8  D035               	goto	l1969
  1179  001FCA                     l1959:
  1180  001FCA  C016  FFD9         	movff	strncmp@s1,fsr2l
  1181  001FCE  C017  FFDA         	movff	strncmp@s1+1,fsr2h
  1182  001FD2  50DF               	movf	indf2,w,c
  1183  001FD4  B4D8               	btfsc	status,2,c
  1184  001FD6  D010               	goto	l1963
  1185  001FD8  C018  FFF6         	movff	strncmp@s2,tblptrl
  1186  001FDC  C019  FFF7         	movff	strncmp@s2+1,tblptrh
  1187  001FE0                     	if	1	;Program memory is < 0x10000, tblptru is always zero
  1188  001FE0  6AF8               	clrf	tblptru,c
  1189  001FE2                     	endif
  1190  001FE2                     	if	0	;tblptru may be non-zero
  1191  001FE2                     	endif
  1192  001FE2  0008               	tblrd		*
  1193  001FE4  CFF5 F01C          	movff	tablat,??_strncmp
  1194  001FE8  C016  FFD9         	movff	strncmp@s1,fsr2l
  1195  001FEC  C017  FFDA         	movff	strncmp@s1+1,fsr2h
  1196  001FF0  50DF               	movf	indf2,w,c
  1197  001FF2  181C               	xorwf	??_strncmp,w,c
  1198  001FF4  B4D8               	btfsc	status,2,c
  1199  001FF6  D01A               	goto	l1967
  1200  001FF8                     l1963:
  1201  001FF8  C018  FFF6         	movff	strncmp@s2,tblptrl
  1202  001FFC  C019  FFF7         	movff	strncmp@s2+1,tblptrh
  1203  002000                     	if	1	;Program memory is < 0x10000, tblptru is always zero
  1204  002000  6AF8               	clrf	tblptru,c
  1205  002002                     	endif
  1206  002002                     	if	0	;tblptru may be non-zero
  1207  002002                     	endif
  1208  002002  0008               	tblrd		*
  1209  002004  50F5               	movf	tablat,w,c
  1210  002006  6E1C               	movwf	??_strncmp& (0+255),c
  1211  002008  6A1D               	clrf	(??_strncmp+1)& (0+255),c
  1212  00200A  1E1C               	comf	??_strncmp,f,c
  1213  00200C  1E1D               	comf	??_strncmp+1,f,c
  1214  00200E  4A1C               	infsnz	??_strncmp,f,c
  1215  002010  2A1D               	incf	??_strncmp+1,f,c
  1216  002012  C016  FFD9         	movff	strncmp@s1,fsr2l
  1217  002016  C017  FFDA         	movff	strncmp@s1+1,fsr2h
  1218  00201A  50DF               	movf	indf2,w,c
  1219  00201C  6E1E               	movwf	(??_strncmp+2)& (0+255),c
  1220  00201E  501E               	movf	??_strncmp+2,w,c
  1221  002020  241C               	addwf	??_strncmp,w,c
  1222  002022  6E16               	movwf	?_strncmp,c
  1223  002024  0E00               	movlw	0
  1224  002026  201D               	addwfc	??_strncmp+1,w,c
  1225  002028  6E17               	movwf	?_strncmp+1,c
  1226  00202A  0012               	return	
  1227  00202C                     l1967:
  1228  00202C  4A16               	infsnz	strncmp@s1,f,c
  1229  00202E  2A17               	incf	strncmp@s1+1,f,c
  1230  002030  4A18               	infsnz	strncmp@s2,f,c
  1231  002032  2A19               	incf	strncmp@s2+1,f,c
  1232  002034                     l1969:
  1233  002034  061A               	decf	strncmp@len,f,c
  1234  002036  A0D8               	btfss	status,0,c
  1235  002038  061B               	decf	strncmp@len+1,f,c
  1236  00203A  281A               	incf	strncmp@len& (0+255),w,c
  1237  00203C  B4D8               	btfsc	status,2,c
  1238  00203E  281B               	incf	(strncmp@len+1)& (0+255),w,c
  1239  002040  A4D8               	btfss	status,2,c
  1240  002042  D7C3               	goto	l1959
  1241  002044  0E00               	movlw	0
  1242  002046  6E17               	movwf	?_strncmp+1,c
  1243  002048  0E00               	movlw	0
  1244  00204A  6E16               	movwf	?_strncmp,c
  1245  00204C  0012               	return	
  1246  00204E                     __end_of_strncmp:
  1247                           	opt stack 0
  1248                           tblptru	equ	0xFF8
  1249                           tblptrh	equ	0xFF7
  1250                           tblptrl	equ	0xFF6
  1251                           tablat	equ	0xFF5
  1252                           intcon	equ	0xFF2
  1253                           postinc0	equ	0xFEE
  1254                           wreg	equ	0xFE8
  1255                           postdec1	equ	0xFE5
  1256                           fsr1l	equ	0xFE1
  1257                           indf2	equ	0xFDF
  1258                           fsr2h	equ	0xFDA
  1259                           fsr2l	equ	0xFD9
  1260                           status	equ	0xFD8
  1261                           
  1262 ;; *************** function _strlen *****************
  1263 ;; Defined at:
  1264 ;;		line 4 in file "C:\Program Files\Microchip\xc8\v1.32\sources\common\strlen.c"
  1265 ;; Parameters:    Size  Location     Type
  1266 ;;  s               2   15[COMRAM] PTR const unsigned char 
  1267 ;;		 -> STR_4(6), 
  1268 ;; Auto vars:     Size  Location     Type
  1269 ;;  cp              2   19[COMRAM] PTR const unsigned char 
  1270 ;;		 -> STR_4(6), 
  1271 ;; Return value:  Size  Location     Type
  1272 ;;                  2   15[COMRAM] unsigned int 
  1273 ;; Registers used:
  1274 ;;		wreg, status,2, status,0, tblptrl, tblptrh, tblptru
  1275 ;; Tracked objects:
  1276 ;;		On entry : 0/0
  1277 ;;		On exit  : 0/0
  1278 ;;		Unchanged: 0/0
  1279 ;; Data sizes:     COMRAM   BANK0   BANK1   BANK2   BANK3   BANK4   BANK5   BANK6   BANK7   BANK8   BANK9  BANK10  BANK1
      +1  BANK12  BANK13  BANK14  BANK15
  1280 ;;      Params:         2       0       0       0       0       0       0       0       0       0       0       0       
      +0       0       0       0       0
  1281 ;;      Locals:         2       0       0       0       0       0       0       0       0       0       0       0       
      +0       0       0       0       0
  1282 ;;      Temps:          2       0       0       0       0       0       0       0       0       0       0       0       
      +0       0       0       0       0
  1283 ;;      Totals:         6       0       0       0       0       0       0       0       0       0       0       0       
      +0       0       0       0       0
  1284 ;;Total ram usage:        6 bytes
  1285 ;; Hardware stack levels used:    1
  1286 ;; Hardware stack levels required when called:    1
  1287 ;; This function calls:
  1288 ;;		Nothing
  1289 ;; This function is called by:
  1290 ;;		_strstr
  1291 ;;		_append
  1292 ;; This function uses a non-reentrant model
  1293 ;;
  1294                           
  1295                           	psect	text3
  1296  00236A                     __ptext3:
  1297                           	opt stack 0
  1298  00236A                     _strlen:
  1299                           	opt stack 28
  1300                           
  1301                           ;incstack = 0
  1302  00236A  C011  F015         	movff	strlen@s+1,strlen@cp+1
  1303  00236E  C010  F014         	movff	strlen@s,strlen@cp
  1304  002372  D002               	goto	l1891
  1305  002374                     l1889:
  1306  002374  4A14               	infsnz	strlen@cp,f,c
  1307  002376  2A15               	incf	strlen@cp+1,f,c
  1308  002378                     l1891:
  1309  002378  C014  FFF6         	movff	strlen@cp,tblptrl
  1310  00237C  C015  FFF7         	movff	strlen@cp+1,tblptrh
  1311  002380                     	if	1	;Program memory is < 0x10000, tblptru is always zero
  1312  002380  6AF8               	clrf	tblptru,c
  1313  002382                     	endif
  1314  002382                     	if	0	;tblptru may be non-zero
  1315  002382                     	endif
  1316  002382  0008               	tblrd		*
  1317  002384  50F5               	movf	tablat,w,c
  1318  002386  0900               	iorlw	0
  1319  002388  A4D8               	btfss	status,2,c
  1320  00238A  D7F4               	goto	l1889
  1321  00238C  C010  F012         	movff	strlen@s,??_strlen
  1322  002390  C011  F013         	movff	strlen@s+1,??_strlen+1
  1323  002394  1E12               	comf	??_strlen,f,c
  1324  002396  1E13               	comf	??_strlen+1,f,c
  1325  002398  4A12               	infsnz	??_strlen,f,c
  1326  00239A  2A13               	incf	??_strlen+1,f,c
  1327  00239C  5014               	movf	strlen@cp,w,c
  1328  00239E  2412               	addwf	??_strlen,w,c
  1329  0023A0  6E10               	movwf	?_strlen,c
  1330  0023A2  5015               	movf	strlen@cp+1,w,c
  1331  0023A4  2013               	addwfc	??_strlen+1,w,c
  1332  0023A6  6E11               	movwf	?_strlen+1,c
  1333  0023A8  0012               	return	
  1334  0023AA                     __end_of_strlen:
  1335                           	opt stack 0
  1336                           tblptru	equ	0xFF8
  1337                           tblptrh	equ	0xFF7
  1338                           tblptrl	equ	0xFF6
  1339                           tablat	equ	0xFF5
  1340                           intcon	equ	0xFF2
  1341                           postinc0	equ	0xFEE
  1342                           wreg	equ	0xFE8
  1343                           postdec1	equ	0xFE5
  1344                           fsr1l	equ	0xFE1
  1345                           indf2	equ	0xFDF
  1346                           fsr2h	equ	0xFDA
  1347                           fsr2l	equ	0xFD9
  1348                           status	equ	0xFD8
  1349                           
  1350 ;; *************** function _strchr *****************
  1351 ;; Defined at:
  1352 ;;		line 4 in file "C:\Program Files\Microchip\xc8\v1.32\sources\common\strchr.c"
  1353 ;; Parameters:    Size  Location     Type
  1354 ;;  ptr             2   15[COMRAM] PTR const unsigned char 
  1355 ;;		 -> NULL(0), ctxt(120), 
  1356 ;;  chr             2   17[COMRAM] int 
  1357 ;; Auto vars:     Size  Location     Type
  1358 ;;		None
  1359 ;; Return value:  Size  Location     Type
  1360 ;;                  2   15[COMRAM] PTR unsigned char 
  1361 ;; Registers used:
  1362 ;;		wreg, fsr2l, fsr2h, status,2, status,0
  1363 ;; Tracked objects:
  1364 ;;		On entry : 0/0
  1365 ;;		On exit  : 0/0
  1366 ;;		Unchanged: 0/0
  1367 ;; Data sizes:     COMRAM   BANK0   BANK1   BANK2   BANK3   BANK4   BANK5   BANK6   BANK7   BANK8   BANK9  BANK10  BANK1
      +1  BANK12  BANK13  BANK14  BANK15
  1368 ;;      Params:         4       0       0       0       0       0       0       0       0       0       0       0       
      +0       0       0       0       0
  1369 ;;      Locals:         0       0       0       0       0       0       0       0       0       0       0       0       
      +0       0       0       0       0
  1370 ;;      Temps:          0       0       0       0       0       0       0       0       0       0       0       0       
      +0       0       0       0       0
  1371 ;;      Totals:         4       0       0       0       0       0       0       0       0       0       0       0       
      +0       0       0       0       0
  1372 ;;Total ram usage:        4 bytes
  1373 ;; Hardware stack levels used:    1
  1374 ;; Hardware stack levels required when called:    1
  1375 ;; This function calls:
  1376 ;;		Nothing
  1377 ;; This function is called by:
  1378 ;;		_strstr
  1379 ;; This function uses a non-reentrant model
  1380 ;;
  1381                           
  1382                           	psect	text4
  1383  0023EA                     __ptext4:
  1384                           	opt stack 0
  1385  0023EA                     _strchr:
  1386                           	opt stack 28
  1387  0023EA                     l951:
  1388  0023EA  5012               	movf	strchr@chr,w,c
  1389  0023EC  C010  FFD9         	movff	strchr@ptr,fsr2l
  1390  0023F0  C011  FFDA         	movff	strchr@ptr+1,fsr2h
  1391  0023F4  62DF               	cpfseq	indf2,c
  1392  0023F6  D005               	goto	l1981
  1393  0023F8  C011  F011         	movff	strchr@ptr+1,?_strchr+1
  1394  0023FC  C010  F010         	movff	strchr@ptr,?_strchr
  1395  002400  0012               	return	
  1396  002402                     l1981:
  1397  002402  C010  FFD9         	movff	strchr@ptr,fsr2l
  1398  002406  C011  FFDA         	movff	strchr@ptr+1,fsr2h
  1399  00240A  4A10               	infsnz	strchr@ptr,f,c
  1400  00240C  2A11               	incf	strchr@ptr+1,f,c
  1401  00240E  50DF               	movf	indf2,w,c
  1402  002410  A4D8               	btfss	status,2,c
  1403  002412  D7EB               	goto	l951
  1404  002414  0E00               	movlw	0
  1405  002416  6E11               	movwf	?_strchr+1,c
  1406  002418  0E00               	movlw	0
  1407  00241A  6E10               	movwf	?_strchr,c
  1408  00241C  0012               	return	
  1409  00241E                     __end_of_strchr:
  1410                           	opt stack 0
  1411                           tblptru	equ	0xFF8
  1412                           tblptrh	equ	0xFF7
  1413                           tblptrl	equ	0xFF6
  1414                           tablat	equ	0xFF5
  1415                           intcon	equ	0xFF2
  1416                           postinc0	equ	0xFEE
  1417                           wreg	equ	0xFE8
  1418                           postdec1	equ	0xFE5
  1419                           fsr1l	equ	0xFE1
  1420                           indf2	equ	0xFDF
  1421                           fsr2h	equ	0xFDA
  1422                           fsr2l	equ	0xFD9
  1423                           status	equ	0xFD8
  1424                           
  1425 ;; *************** function _strncpy *****************
  1426 ;; Defined at:
  1427 ;;		line 8 in file "C:\Program Files\Microchip\xc8\v1.32\sources\common\strncpy.c"
  1428 ;; Parameters:    Size  Location     Type
  1429 ;;  to              2   15[COMRAM] PTR unsigned char 
  1430 ;;		 -> wstr(120), 
  1431 ;;  from            2   17[COMRAM] PTR const unsigned char 
  1432 ;;		 -> ctxt(120), 
  1433 ;;  size            2   19[COMRAM] unsigned int 
  1434 ;; Auto vars:     Size  Location     Type
  1435 ;;  cp              2   21[COMRAM] PTR unsigned char 
  1436 ;;		 -> wstr(120), 
  1437 ;; Return value:  Size  Location     Type
  1438 ;;                  2   15[COMRAM] PTR unsigned char 
  1439 ;; Registers used:
  1440 ;;		wreg, fsr1l, fsr1h, fsr2l, fsr2h, status,2, status,0
  1441 ;; Tracked objects:
  1442 ;;		On entry : 0/0
  1443 ;;		On exit  : 0/0
  1444 ;;		Unchanged: 0/0
  1445 ;; Data sizes:     COMRAM   BANK0   BANK1   BANK2   BANK3   BANK4   BANK5   BANK6   BANK7   BANK8   BANK9  BANK10  BANK1
      +1  BANK12  BANK13  BANK14  BANK15
  1446 ;;      Params:         6       0       0       0       0       0       0       0       0       0       0       0       
      +0       0       0       0       0
  1447 ;;      Locals:         2       0       0       0       0       0       0       0       0       0       0       0       
      +0       0       0       0       0
  1448 ;;      Temps:          0       0       0       0       0       0       0       0       0       0       0       0       
      +0       0       0       0       0
  1449 ;;      Totals:         8       0       0       0       0       0       0       0       0       0       0       0       
      +0       0       0       0       0
  1450 ;;Total ram usage:        8 bytes
  1451 ;; Hardware stack levels used:    1
  1452 ;; Hardware stack levels required when called:    1
  1453 ;; This function calls:
  1454 ;;		Nothing
  1455 ;; This function is called by:
  1456 ;;		_main
  1457 ;; This function uses a non-reentrant model
  1458 ;;
  1459                           
  1460                           	psect	text5
  1461  0021B0                     __ptext5:
  1462                           	opt stack 0
  1463  0021B0                     _strncpy:
  1464                           	opt stack 29
  1465                           
  1466                           ;incstack = 0
  1467  0021B0  C011  F017         	movff	strncpy@to+1,strncpy@cp+1
  1468  0021B4  C010  F016         	movff	strncpy@to,strncpy@cp
  1469  0021B8  D014               	goto	l2375
  1470  0021BA                     l2369:
  1471  0021BA  0614               	decf	strncpy@size,f,c
  1472  0021BC  A0D8               	btfss	status,0,c
  1473  0021BE  0615               	decf	strncpy@size+1,f,c
  1474  0021C0  C012  FFD9         	movff	strncpy@from,fsr2l
  1475  0021C4  C013  FFDA         	movff	strncpy@from+1,fsr2h
  1476  0021C8  4A12               	infsnz	strncpy@from,f,c
  1477  0021CA  2A13               	incf	strncpy@from+1,f,c
  1478  0021CC  C016  FFE1         	movff	strncpy@cp,fsr1l
  1479  0021D0  C017  FFE2         	movff	strncpy@cp+1,fsr1h
  1480  0021D4  4A16               	infsnz	strncpy@cp,f,c
  1481  0021D6  2A17               	incf	strncpy@cp+1,f,c
  1482  0021D8  CFDF FFE7          	movff	indf2,indf1
  1483  0021DC  50E7               	movf	indf1,w,c
  1484  0021DE  B4D8               	btfsc	status,2,c
  1485  0021E0  D00D               	goto	l2381
  1486  0021E2                     l2375:
  1487  0021E2  5015               	movf	strncpy@size+1,w,c
  1488  0021E4  1014               	iorwf	strncpy@size,w,c
  1489  0021E6  B4D8               	btfsc	status,2,c
  1490  0021E8  D009               	goto	l2381
  1491  0021EA  D7E7               	goto	l2369
  1492  0021EC                     l2377:
  1493  0021EC  C016  FFD9         	movff	strncpy@cp,fsr2l
  1494  0021F0  C017  FFDA         	movff	strncpy@cp+1,fsr2h
  1495  0021F4  0E00               	movlw	0
  1496  0021F6  6EDF               	movwf	indf2,c
  1497  0021F8  4A16               	infsnz	strncpy@cp,f,c
  1498  0021FA  2A17               	incf	strncpy@cp+1,f,c
  1499  0021FC                     l2381:
  1500  0021FC  0614               	decf	strncpy@size,f,c
  1501  0021FE  A0D8               	btfss	status,0,c
  1502  002200  0615               	decf	strncpy@size+1,f,c
  1503  002202  2814               	incf	strncpy@size& (0+255),w,c
  1504  002204  B4D8               	btfsc	status,2,c
  1505  002206  2815               	incf	(strncpy@size+1)& (0+255),w,c
  1506  002208  B4D8               	btfsc	status,2,c
  1507                           
  1508                           ;	Return value of _strncpy is never used
  1509  00220A  0012               	return	
  1510  00220C  D7EF               	goto	l2377
  1511  00220E                     __end_of_strncpy:
  1512                           	opt stack 0
  1513                           tblptru	equ	0xFF8
  1514                           tblptrh	equ	0xFF7
  1515                           tblptrl	equ	0xFF6
  1516                           tablat	equ	0xFF5
  1517                           intcon	equ	0xFF2
  1518                           postinc0	equ	0xFEE
  1519                           wreg	equ	0xFE8
  1520                           indf1	equ	0xFE7
  1521                           postdec1	equ	0xFE5
  1522                           fsr1h	equ	0xFE2
  1523                           fsr1l	equ	0xFE1
  1524                           indf2	equ	0xFDF
  1525                           fsr2h	equ	0xFDA
  1526                           fsr2l	equ	0xFD9
  1527                           status	equ	0xFD8
  1528                           
  1529 ;; *************** function _serial_init *****************
  1530 ;; Defined at:
  1531 ;;		line 157 in file "main.c"
  1532 ;; Parameters:    Size  Location     Type
  1533 ;;		None
  1534 ;; Auto vars:     Size  Location     Type
  1535 ;;		None
  1536 ;; Return value:  Size  Location     Type
  1537 ;;		None               void
  1538 ;; Registers used:
  1539 ;;		wreg, fsr1l, fsr1h, status,2, status,0, tblptrl, tblptrh, tblptru, cstack
  1540 ;; Tracked objects:
  1541 ;;		On entry : 0/0
  1542 ;;		On exit  : 0/0
  1543 ;;		Unchanged: 0/0
  1544 ;; Data sizes:     COMRAM   BANK0   BANK1   BANK2   BANK3   BANK4   BANK5   BANK6   BANK7   BANK8   BANK9  BANK10  BANK1
      +1  BANK12  BANK13  BANK14  BANK15
  1545 ;;      Params:         0       0       0       0       0       0       0       0       0       0       0       0       
      +0       0       0       0       0
  1546 ;;      Locals:         0       0       0       0       0       0       0       0       0       0       0       0       
      +0       0       0       0       0
  1547 ;;      Temps:          1       0       0       0       0       0       0       0       0       0       0       0       
      +0       0       0       0       0
  1548 ;;      Totals:         1       0       0       0       0       0       0       0       0       0       0       0       
      +0       0       0       0       0
  1549 ;;Total ram usage:        1 bytes
  1550 ;; Hardware stack levels used:    1
  1551 ;; Hardware stack levels required when called:    3
  1552 ;; This function calls:
  1553 ;;		_uart_write
  1554 ;; This function is called by:
  1555 ;;		_main
  1556 ;; This function uses a non-reentrant model
  1557 ;;
  1558                           
  1559                           	psect	text6
  1560  00241E                     __ptext6:
  1561                           	opt stack 0
  1562  00241E                     _serial_init:
  1563                           	opt stack 27
  1564                           
  1565                           ;main.c: 162: TXSTA1bits.BRGH=1;
  1566                           
  1567                           ;incstack = 0
  1568  00241E  84AC               	bsf	4012,2,c	;volatile
  1569                           
  1570                           ;main.c: 163: TXSTA1bits.TX9=0;
  1571  002420  9CAC               	bcf	4012,6,c	;volatile
  1572                           
  1573                           ;main.c: 164: TXSTA1bits.TXEN = 1;
  1574  002422  8AAC               	bsf	4012,5,c	;volatile
  1575                           
  1576                           ;main.c: 167: RCSTA1bits.SPEN=1;
  1577  002424  8EAB               	bsf	4011,7,c	;volatile
  1578                           
  1579                           ;main.c: 168: RCSTA1bits.RX9=0;
  1580  002426  9CAB               	bcf	4011,6,c	;volatile
  1581                           
  1582                           ;main.c: 169: RCSTA1bits.CREN=1;
  1583  002428  88AB               	bsf	4011,4,c	;volatile
  1584                           
  1585                           ;main.c: 171: SPBRG1=51;
  1586  00242A  0E33               	movlw	51
  1587  00242C  6EAF               	movwf	4015,c	;volatile
  1588                           
  1589                           ;main.c: 172: SPBRGH1=0;
  1590  00242E  0E00               	movlw	0
  1591  002430  6EB0               	movwf	4016,c	;volatile
  1592                           
  1593                           ;main.c: 174: PIR1bits.RCIF=0;
  1594  002432  9A9E               	bcf	3998,5,c	;volatile
  1595                           
  1596                           ;main.c: 176: _delay((unsigned long)((50)*(8000000/4000.0)));
  1597  002434  0E82               	movlw	130
  1598  002436  6E15               	movwf	??_serial_init& (0+255),c
  1599  002438  0EDE               	movlw	222
  1600  00243A                     u1867:
  1601  00243A  2EE8               	decfsz	wreg,f,c
  1602  00243C  D7FE               	goto	u1867
  1603  00243E  2E15               	decfsz	??_serial_init& (0+255),f,c
  1604  002440  D7FC               	goto	u1867
  1605                           
  1606                           ;main.c: 177: uart_write("RESET");
  1607  002442  0E10               	movlw	high STR_1
  1608  002444  6E13               	movwf	uart_write@txt+1,c
  1609  002446  0E3B               	movlw	low STR_1
  1610  002448  6E12               	movwf	uart_write@txt,c
  1611  00244A  EC07  F011         	call	_uart_write	;wreg free
  1612  00244E  0012               	return	
  1613  002450                     __end_of_serial_init:
  1614                           	opt stack 0
  1615                           tblptru	equ	0xFF8
  1616                           tblptrh	equ	0xFF7
  1617                           tblptrl	equ	0xFF6
  1618                           tablat	equ	0xFF5
  1619                           intcon	equ	0xFF2
  1620                           postinc0	equ	0xFEE
  1621                           wreg	equ	0xFE8
  1622                           indf1	equ	0xFE7
  1623                           postdec1	equ	0xFE5
  1624                           fsr1h	equ	0xFE2
  1625                           fsr1l	equ	0xFE1
  1626                           indf2	equ	0xFDF
  1627                           fsr2h	equ	0xFDA
  1628                           fsr2l	equ	0xFD9
  1629                           status	equ	0xFD8
  1630                           
  1631 ;; *************** function _sendtime *****************
  1632 ;; Defined at:
  1633 ;;		line 349 in file "main.c"
  1634 ;; Parameters:    Size  Location     Type
  1635 ;;		None
  1636 ;; Auto vars:     Size  Location     Type
  1637 ;;		None
  1638 ;; Return value:  Size  Location     Type
  1639 ;;		None               void
  1640 ;; Registers used:
  1641 ;;		wreg, status,2, status,0, cstack
  1642 ;; Tracked objects:
  1643 ;;		On entry : 0/0
  1644 ;;		On exit  : 0/0
  1645 ;;		Unchanged: 0/0
  1646 ;; Data sizes:     COMRAM   BANK0   BANK1   BANK2   BANK3   BANK4   BANK5   BANK6   BANK7   BANK8   BANK9  BANK10  BANK1
      +1  BANK12  BANK13  BANK14  BANK15
  1647 ;;      Params:         0       0       0       0       0       0       0       0       0       0       0       0       
      +0       0       0       0       0
  1648 ;;      Locals:         0       0       0       0       0       0       0       0       0       0       0       0       
      +0       0       0       0       0
  1649 ;;      Temps:          0       0       0       0       0       0       0       0       0       0       0       0       
      +0       0       0       0       0
  1650 ;;      Totals:         0       0       0       0       0       0       0       0       0       0       0       0       
      +0       0       0       0       0
  1651 ;;Total ram usage:        0 bytes
  1652 ;; Hardware stack levels used:    1
  1653 ;; Hardware stack levels required when called:    2
  1654 ;; This function calls:
  1655 ;;		_marker
  1656 ;;		_one
  1657 ;;		_zero
  1658 ;; This function is called by:
  1659 ;;		_main
  1660 ;; This function uses a non-reentrant model
  1661 ;;
  1662                           
  1663                           	psect	text7
  1664  001046                     __ptext7:
  1665                           	opt stack 0
  1666  001046                     _sendtime:
  1667                           	opt stack 28
  1668                           
  1669                           ;main.c: 365: marker();
  1670                           
  1671                           ;incstack = 0
  1672  001046  EC78  F00C         	call	_marker	;wreg free
  1673                           
  1674                           ;main.c: 367: if (minuteint >= 40){
  1675  00104A  503E               	movf	_minuteint+1,w,c
  1676  00104C  0A80               	xorlw	128
  1677  00104E  0F80               	addlw	-128
  1678  001050  0E28               	movlw	40
  1679  001052  B4D8               	btfsc	status,2,c
  1680  001054  5C3D               	subwf	_minuteint,w,c
  1681  001056  A0D8               	btfss	status,0,c
  1682  001058  D009               	goto	l2075
  1683                           
  1684                           ;main.c: 368: minuteint = minuteint - 40;
  1685  00105A  0ED8               	movlw	216
  1686  00105C  243D               	addwf	_minuteint,w,c
  1687  00105E  6E3D               	movwf	_minuteint,c
  1688  001060  0EFF               	movlw	255
  1689  001062  203E               	addwfc	_minuteint+1,w,c
  1690  001064  6E3E               	movwf	_minuteint+1,c
  1691                           
  1692                           ;main.c: 369: one();
  1693  001066  EC97  F00D         	call	_one	;wreg free
  1694                           
  1695                           ;main.c: 370: }else {
  1696  00106A  D002               	goto	l2077
  1697  00106C                     l2075:
  1698                           
  1699                           ;main.c: 371: zero();
  1700  00106C  EC08  F00D         	call	_zero	;wreg free
  1701  001070                     l2077:
  1702                           
  1703                           ;main.c: 372: }
  1704                           ;main.c: 373: if (minuteint >= 20){
  1705  001070  503E               	movf	_minuteint+1,w,c
  1706  001072  0A80               	xorlw	128
  1707  001074  0F80               	addlw	-128
  1708  001076  0E14               	movlw	20
  1709  001078  B4D8               	btfsc	status,2,c
  1710  00107A  5C3D               	subwf	_minuteint,w,c
  1711  00107C  A0D8               	btfss	status,0,c
  1712  00107E  D009               	goto	l2083
  1713                           
  1714                           ;main.c: 374: minuteint = minuteint - 20;
  1715  001080  0EEC               	movlw	236
  1716  001082  243D               	addwf	_minuteint,w,c
  1717  001084  6E3D               	movwf	_minuteint,c
  1718  001086  0EFF               	movlw	255
  1719  001088  203E               	addwfc	_minuteint+1,w,c
  1720  00108A  6E3E               	movwf	_minuteint+1,c
  1721                           
  1722                           ;main.c: 375: one();
  1723  00108C  EC97  F00D         	call	_one	;wreg free
  1724                           
  1725                           ;main.c: 376: }else {
  1726  001090  D002               	goto	l2085
  1727  001092                     l2083:
  1728                           
  1729                           ;main.c: 377: zero();
  1730  001092  EC08  F00D         	call	_zero	;wreg free
  1731  001096                     l2085:
  1732                           
  1733                           ;main.c: 378: }
  1734                           ;main.c: 379: if (minuteint >= 10){
  1735  001096  503E               	movf	_minuteint+1,w,c
  1736  001098  0A80               	xorlw	128
  1737  00109A  0F80               	addlw	-128
  1738  00109C  0E0A               	movlw	10
  1739  00109E  B4D8               	btfsc	status,2,c
  1740  0010A0  5C3D               	subwf	_minuteint,w,c
  1741  0010A2  A0D8               	btfss	status,0,c
  1742  0010A4  D009               	goto	l2091
  1743                           
  1744                           ;main.c: 380: minuteint = minuteint - 10;
  1745  0010A6  0EF6               	movlw	246
  1746  0010A8  243D               	addwf	_minuteint,w,c
  1747  0010AA  6E3D               	movwf	_minuteint,c
  1748  0010AC  0EFF               	movlw	255
  1749  0010AE  203E               	addwfc	_minuteint+1,w,c
  1750  0010B0  6E3E               	movwf	_minuteint+1,c
  1751                           
  1752                           ;main.c: 381: one();
  1753  0010B2  EC97  F00D         	call	_one	;wreg free
  1754                           
  1755                           ;main.c: 382: }else {
  1756  0010B6  D002               	goto	l263
  1757  0010B8                     l2091:
  1758                           
  1759                           ;main.c: 383: zero();
  1760  0010B8  EC08  F00D         	call	_zero	;wreg free
  1761  0010BC                     l263:
  1762                           
  1763                           ;main.c: 384: }
  1764                           ;main.c: 385: zero();
  1765  0010BC  EC08  F00D         	call	_zero	;wreg free
  1766                           
  1767                           ;main.c: 386: if (minuteint >= 8){
  1768  0010C0  503E               	movf	_minuteint+1,w,c
  1769  0010C2  0A80               	xorlw	128
  1770  0010C4  0F80               	addlw	-128
  1771  0010C6  0E08               	movlw	8
  1772  0010C8  B4D8               	btfsc	status,2,c
  1773  0010CA  5C3D               	subwf	_minuteint,w,c
  1774  0010CC  A0D8               	btfss	status,0,c
  1775  0010CE  D009               	goto	l2099
  1776                           
  1777                           ;main.c: 387: minuteint = minuteint - 8;
  1778  0010D0  0EF8               	movlw	248
  1779  0010D2  243D               	addwf	_minuteint,w,c
  1780  0010D4  6E3D               	movwf	_minuteint,c
  1781  0010D6  0EFF               	movlw	255
  1782  0010D8  203E               	addwfc	_minuteint+1,w,c
  1783  0010DA  6E3E               	movwf	_minuteint+1,c
  1784                           
  1785                           ;main.c: 388: one();
  1786  0010DC  EC97  F00D         	call	_one	;wreg free
  1787                           
  1788                           ;main.c: 389: }else {
  1789  0010E0  D002               	goto	l2101
  1790  0010E2                     l2099:
  1791                           
  1792                           ;main.c: 390: zero();
  1793  0010E2  EC08  F00D         	call	_zero	;wreg free
  1794  0010E6                     l2101:
  1795                           
  1796                           ;main.c: 391: }
  1797                           ;main.c: 392: if (minuteint >= 4){
  1798  0010E6  503E               	movf	_minuteint+1,w,c
  1799  0010E8  0A80               	xorlw	128
  1800  0010EA  0F80               	addlw	-128
  1801  0010EC  0E04               	movlw	4
  1802  0010EE  B4D8               	btfsc	status,2,c
  1803  0010F0  5C3D               	subwf	_minuteint,w,c
  1804  0010F2  A0D8               	btfss	status,0,c
  1805  0010F4  D009               	goto	l2107
  1806                           
  1807                           ;main.c: 393: minuteint = minuteint - 4;
  1808  0010F6  0EFC               	movlw	252
  1809  0010F8  243D               	addwf	_minuteint,w,c
  1810  0010FA  6E3D               	movwf	_minuteint,c
  1811  0010FC  0EFF               	movlw	255
  1812  0010FE  203E               	addwfc	_minuteint+1,w,c
  1813  001100  6E3E               	movwf	_minuteint+1,c
  1814                           
  1815                           ;main.c: 394: one();
  1816  001102  EC97  F00D         	call	_one	;wreg free
  1817                           
  1818                           ;main.c: 395: }else {
  1819  001106  D002               	goto	l2109
  1820  001108                     l2107:
  1821                           
  1822                           ;main.c: 396: zero();
  1823  001108  EC08  F00D         	call	_zero	;wreg free
  1824  00110C                     l2109:
  1825                           
  1826                           ;main.c: 397: }
  1827                           ;main.c: 398: if (minuteint >= 2){
  1828  00110C  503E               	movf	_minuteint+1,w,c
  1829  00110E  0A80               	xorlw	128
  1830  001110  0F80               	addlw	-128
  1831  001112  0E02               	movlw	2
  1832  001114  B4D8               	btfsc	status,2,c
  1833  001116  5C3D               	subwf	_minuteint,w,c
  1834  001118  A0D8               	btfss	status,0,c
  1835  00111A  D009               	goto	l2115
  1836                           
  1837                           ;main.c: 399: minuteint = minuteint - 2;
  1838  00111C  0EFE               	movlw	254
  1839  00111E  243D               	addwf	_minuteint,w,c
  1840  001120  6E3D               	movwf	_minuteint,c
  1841  001122  0EFF               	movlw	255
  1842  001124  203E               	addwfc	_minuteint+1,w,c
  1843  001126  6E3E               	movwf	_minuteint+1,c
  1844                           
  1845                           ;main.c: 400: one();
  1846  001128  EC97  F00D         	call	_one	;wreg free
  1847                           
  1848                           ;main.c: 401: }else {
  1849  00112C  D002               	goto	l2117
  1850  00112E                     l2115:
  1851                           
  1852                           ;main.c: 402: zero();
  1853  00112E  EC08  F00D         	call	_zero	;wreg free
  1854  001132                     l2117:
  1855                           
  1856                           ;main.c: 403: }
  1857                           ;main.c: 404: if (minuteint >= 1){
  1858  001132  503E               	movf	_minuteint+1,w,c
  1859  001134  0A80               	xorlw	128
  1860  001136  0F80               	addlw	-128
  1861  001138  0E01               	movlw	1
  1862  00113A  B4D8               	btfsc	status,2,c
  1863  00113C  5C3D               	subwf	_minuteint,w,c
  1864  00113E  A0D8               	btfss	status,0,c
  1865  001140  D009               	goto	l2123
  1866                           
  1867                           ;main.c: 405: minuteint = minuteint - 1;
  1868  001142  0EFF               	movlw	255
  1869  001144  243D               	addwf	_minuteint,w,c
  1870  001146  6E3D               	movwf	_minuteint,c
  1871  001148  0EFF               	movlw	255
  1872  00114A  203E               	addwfc	_minuteint+1,w,c
  1873  00114C  6E3E               	movwf	_minuteint+1,c
  1874                           
  1875                           ;main.c: 406: one();
  1876  00114E  EC97  F00D         	call	_one	;wreg free
  1877                           
  1878                           ;main.c: 407: }else {
  1879  001152  D002               	goto	l271
  1880  001154                     l2123:
  1881                           
  1882                           ;main.c: 408: zero();
  1883  001154  EC08  F00D         	call	_zero	;wreg free
  1884  001158                     l271:
  1885                           
  1886                           ;main.c: 409: }
  1887                           ;main.c: 410: marker();
  1888  001158  EC78  F00C         	call	_marker	;wreg free
  1889                           
  1890                           ;main.c: 425: zero();
  1891  00115C  EC08  F00D         	call	_zero	;wreg free
  1892                           
  1893                           ;main.c: 426: zero();
  1894  001160  EC08  F00D         	call	_zero	;wreg free
  1895                           
  1896                           ;main.c: 427: if (hourint >= 20){
  1897  001164  5036               	movf	_hourint+1,w,c
  1898  001166  0A80               	xorlw	128
  1899  001168  0F80               	addlw	-128
  1900  00116A  0E14               	movlw	20
  1901  00116C  B4D8               	btfsc	status,2,c
  1902  00116E  5C35               	subwf	_hourint,w,c
  1903  001170  A0D8               	btfss	status,0,c
  1904  001172  D009               	goto	l2131
  1905                           
  1906                           ;main.c: 428: hourint = hourint - 20;
  1907  001174  0EEC               	movlw	236
  1908  001176  2435               	addwf	_hourint,w,c
  1909  001178  6E35               	movwf	_hourint,c
  1910  00117A  0EFF               	movlw	255
  1911  00117C  2036               	addwfc	_hourint+1,w,c
  1912  00117E  6E36               	movwf	_hourint+1,c
  1913                           
  1914                           ;main.c: 429: one();
  1915  001180  EC97  F00D         	call	_one	;wreg free
  1916                           
  1917                           ;main.c: 430: }else {
  1918  001184  D002               	goto	l2133
  1919  001186                     l2131:
  1920                           
  1921                           ;main.c: 431: zero();
  1922  001186  EC08  F00D         	call	_zero	;wreg free
  1923  00118A                     l2133:
  1924                           
  1925                           ;main.c: 432: }
  1926                           ;main.c: 433: if (hourint >= 10){
  1927  00118A  5036               	movf	_hourint+1,w,c
  1928  00118C  0A80               	xorlw	128
  1929  00118E  0F80               	addlw	-128
  1930  001190  0E0A               	movlw	10
  1931  001192  B4D8               	btfsc	status,2,c
  1932  001194  5C35               	subwf	_hourint,w,c
  1933  001196  A0D8               	btfss	status,0,c
  1934  001198  D009               	goto	l2139
  1935                           
  1936                           ;main.c: 434: hourint = hourint - 10;
  1937  00119A  0EF6               	movlw	246
  1938  00119C  2435               	addwf	_hourint,w,c
  1939  00119E  6E35               	movwf	_hourint,c
  1940  0011A0  0EFF               	movlw	255
  1941  0011A2  2036               	addwfc	_hourint+1,w,c
  1942  0011A4  6E36               	movwf	_hourint+1,c
  1943                           
  1944                           ;main.c: 435: one();
  1945  0011A6  EC97  F00D         	call	_one	;wreg free
  1946                           
  1947                           ;main.c: 436: }else {
  1948  0011AA  D002               	goto	l275
  1949  0011AC                     l2139:
  1950                           
  1951                           ;main.c: 437: zero();
  1952  0011AC  EC08  F00D         	call	_zero	;wreg free
  1953  0011B0                     l275:
  1954                           
  1955                           ;main.c: 438: }
  1956                           ;main.c: 439: zero();
  1957  0011B0  EC08  F00D         	call	_zero	;wreg free
  1958                           
  1959                           ;main.c: 440: if (hourint >= 8){
  1960  0011B4  5036               	movf	_hourint+1,w,c
  1961  0011B6  0A80               	xorlw	128
  1962  0011B8  0F80               	addlw	-128
  1963  0011BA  0E08               	movlw	8
  1964  0011BC  B4D8               	btfsc	status,2,c
  1965  0011BE  5C35               	subwf	_hourint,w,c
  1966  0011C0  A0D8               	btfss	status,0,c
  1967  0011C2  D009               	goto	l2147
  1968                           
  1969                           ;main.c: 441: hourint = hourint - 8;
  1970  0011C4  0EF8               	movlw	248
  1971  0011C6  2435               	addwf	_hourint,w,c
  1972  0011C8  6E35               	movwf	_hourint,c
  1973  0011CA  0EFF               	movlw	255
  1974  0011CC  2036               	addwfc	_hourint+1,w,c
  1975  0011CE  6E36               	movwf	_hourint+1,c
  1976                           
  1977                           ;main.c: 442: one();
  1978  0011D0  EC97  F00D         	call	_one	;wreg free
  1979                           
  1980                           ;main.c: 443: }else {
  1981  0011D4  D002               	goto	l2149
  1982  0011D6                     l2147:
  1983                           
  1984                           ;main.c: 444: zero();
  1985  0011D6  EC08  F00D         	call	_zero	;wreg free
  1986  0011DA                     l2149:
  1987                           
  1988                           ;main.c: 445: }
  1989                           ;main.c: 446: if (hourint >= 4){
  1990  0011DA  5036               	movf	_hourint+1,w,c
  1991  0011DC  0A80               	xorlw	128
  1992  0011DE  0F80               	addlw	-128
  1993  0011E0  0E04               	movlw	4
  1994  0011E2  B4D8               	btfsc	status,2,c
  1995  0011E4  5C35               	subwf	_hourint,w,c
  1996  0011E6  A0D8               	btfss	status,0,c
  1997  0011E8  D009               	goto	l2155
  1998                           
  1999                           ;main.c: 447: hourint = hourint - 4;
  2000  0011EA  0EFC               	movlw	252
  2001  0011EC  2435               	addwf	_hourint,w,c
  2002  0011EE  6E35               	movwf	_hourint,c
  2003  0011F0  0EFF               	movlw	255
  2004  0011F2  2036               	addwfc	_hourint+1,w,c
  2005  0011F4  6E36               	movwf	_hourint+1,c
  2006                           
  2007                           ;main.c: 448: one();
  2008  0011F6  EC97  F00D         	call	_one	;wreg free
  2009                           
  2010                           ;main.c: 449: }else {
  2011  0011FA  D002               	goto	l2157
  2012  0011FC                     l2155:
  2013                           
  2014                           ;main.c: 450: zero();
  2015  0011FC  EC08  F00D         	call	_zero	;wreg free
  2016  001200                     l2157:
  2017                           
  2018                           ;main.c: 451: }
  2019                           ;main.c: 452: if (hourint >= 2){
  2020  001200  5036               	movf	_hourint+1,w,c
  2021  001202  0A80               	xorlw	128
  2022  001204  0F80               	addlw	-128
  2023  001206  0E02               	movlw	2
  2024  001208  B4D8               	btfsc	status,2,c
  2025  00120A  5C35               	subwf	_hourint,w,c
  2026  00120C  A0D8               	btfss	status,0,c
  2027  00120E  D009               	goto	l2163
  2028                           
  2029                           ;main.c: 453: hourint = hourint - 2;
  2030  001210  0EFE               	movlw	254
  2031  001212  2435               	addwf	_hourint,w,c
  2032  001214  6E35               	movwf	_hourint,c
  2033  001216  0EFF               	movlw	255
  2034  001218  2036               	addwfc	_hourint+1,w,c
  2035  00121A  6E36               	movwf	_hourint+1,c
  2036                           
  2037                           ;main.c: 454: one();
  2038  00121C  EC97  F00D         	call	_one	;wreg free
  2039                           
  2040                           ;main.c: 455: }else {
  2041  001220  D002               	goto	l2165
  2042  001222                     l2163:
  2043                           
  2044                           ;main.c: 456: zero();
  2045  001222  EC08  F00D         	call	_zero	;wreg free
  2046  001226                     l2165:
  2047                           
  2048                           ;main.c: 457: }
  2049                           ;main.c: 458: if (hourint >= 1){
  2050  001226  5036               	movf	_hourint+1,w,c
  2051  001228  0A80               	xorlw	128
  2052  00122A  0F80               	addlw	-128
  2053  00122C  0E01               	movlw	1
  2054  00122E  B4D8               	btfsc	status,2,c
  2055  001230  5C35               	subwf	_hourint,w,c
  2056  001232  A0D8               	btfss	status,0,c
  2057  001234  D009               	goto	l2171
  2058                           
  2059                           ;main.c: 459: hourint = hourint - 1;
  2060  001236  0EFF               	movlw	255
  2061  001238  2435               	addwf	_hourint,w,c
  2062  00123A  6E35               	movwf	_hourint,c
  2063  00123C  0EFF               	movlw	255
  2064  00123E  2036               	addwfc	_hourint+1,w,c
  2065  001240  6E36               	movwf	_hourint+1,c
  2066                           
  2067                           ;main.c: 460: one();
  2068  001242  EC97  F00D         	call	_one	;wreg free
  2069                           
  2070                           ;main.c: 461: }else {
  2071  001246  D002               	goto	l283
  2072  001248                     l2171:
  2073                           
  2074                           ;main.c: 462: zero();
  2075  001248  EC08  F00D         	call	_zero	;wreg free
  2076  00124C                     l283:
  2077                           
  2078                           ;main.c: 463: }
  2079                           ;main.c: 464: marker();
  2080  00124C  EC78  F00C         	call	_marker	;wreg free
  2081                           
  2082                           ;main.c: 479: zero();
  2083  001250  EC08  F00D         	call	_zero	;wreg free
  2084                           
  2085                           ;main.c: 480: zero();
  2086  001254  EC08  F00D         	call	_zero	;wreg free
  2087                           
  2088                           ;main.c: 481: if (doy >= 200){
  2089  001258  502E               	movf	_doy+3,w,c
  2090  00125A  0A80               	xorlw	128
  2091  00125C  0F80               	addlw	128
  2092  00125E  E108               	bnz	u1335
  2093  001260  0E00               	movlw	0
  2094  001262  5C2D               	subwf	_doy+2,w,c
  2095  001264  E105               	bnz	u1335
  2096  001266  0E00               	movlw	0
  2097  001268  5C2C               	subwf	_doy+1,w,c
  2098  00126A  E102               	bnz	u1335
  2099  00126C  0EC8               	movlw	200
  2100  00126E  5C2B               	subwf	_doy,w,c
  2101  001270                     u1335:
  2102  001270  A0D8               	btfss	status,0,c
  2103  001272  D00F               	goto	l2179
  2104                           
  2105                           ;main.c: 482: doy = doy - 200;
  2106  001274  0E38               	movlw	56
  2107  001276  242B               	addwf	_doy,w,c
  2108  001278  6E2B               	movwf	_doy,c
  2109  00127A  0EFF               	movlw	255
  2110  00127C  202C               	addwfc	_doy+1,w,c
  2111  00127E  6E2C               	movwf	_doy+1,c
  2112  001280  0EFF               	movlw	255
  2113  001282  202D               	addwfc	_doy+2,w,c
  2114  001284  6E2D               	movwf	_doy+2,c
  2115  001286  0EFF               	movlw	255
  2116  001288  202E               	addwfc	_doy+3,w,c
  2117  00128A  6E2E               	movwf	_doy+3,c
  2118                           
  2119                           ;main.c: 483: one();
  2120  00128C  EC97  F00D         	call	_one	;wreg free
  2121                           
  2122                           ;main.c: 484: }else {
  2123  001290  D002               	goto	l2181
  2124  001292                     l2179:
  2125                           
  2126                           ;main.c: 485: zero();
  2127  001292  EC08  F00D         	call	_zero	;wreg free
  2128  001296                     l2181:
  2129                           
  2130                           ;main.c: 486: }
  2131                           ;main.c: 487: if (doy >= 100){
  2132  001296  502E               	movf	_doy+3,w,c
  2133  001298  0A80               	xorlw	128
  2134  00129A  0F80               	addlw	128
  2135  00129C  E108               	bnz	u1345
  2136  00129E  0E00               	movlw	0
  2137  0012A0  5C2D               	subwf	_doy+2,w,c
  2138  0012A2  E105               	bnz	u1345
  2139  0012A4  0E00               	movlw	0
  2140  0012A6  5C2C               	subwf	_doy+1,w,c
  2141  0012A8  E102               	bnz	u1345
  2142  0012AA  0E64               	movlw	100
  2143  0012AC  5C2B               	subwf	_doy,w,c
  2144  0012AE                     u1345:
  2145  0012AE  A0D8               	btfss	status,0,c
  2146  0012B0  D00F               	goto	l2187
  2147                           
  2148                           ;main.c: 488: doy = doy - 100;
  2149  0012B2  0E9C               	movlw	156
  2150  0012B4  242B               	addwf	_doy,w,c
  2151  0012B6  6E2B               	movwf	_doy,c
  2152  0012B8  0EFF               	movlw	255
  2153  0012BA  202C               	addwfc	_doy+1,w,c
  2154  0012BC  6E2C               	movwf	_doy+1,c
  2155  0012BE  0EFF               	movlw	255
  2156  0012C0  202D               	addwfc	_doy+2,w,c
  2157  0012C2  6E2D               	movwf	_doy+2,c
  2158  0012C4  0EFF               	movlw	255
  2159  0012C6  202E               	addwfc	_doy+3,w,c
  2160  0012C8  6E2E               	movwf	_doy+3,c
  2161                           
  2162                           ;main.c: 489: one();
  2163  0012CA  EC97  F00D         	call	_one	;wreg free
  2164                           
  2165                           ;main.c: 490: }else {
  2166  0012CE  D002               	goto	l287
  2167  0012D0                     l2187:
  2168                           
  2169                           ;main.c: 491: zero();
  2170  0012D0  EC08  F00D         	call	_zero	;wreg free
  2171  0012D4                     l287:
  2172                           
  2173                           ;main.c: 492: }
  2174                           ;main.c: 493: zero();
  2175  0012D4  EC08  F00D         	call	_zero	;wreg free
  2176                           
  2177                           ;main.c: 494: if (doy >= 80){
  2178  0012D8  502E               	movf	_doy+3,w,c
  2179  0012DA  0A80               	xorlw	128
  2180  0012DC  0F80               	addlw	128
  2181  0012DE  E108               	bnz	u1355
  2182  0012E0  0E00               	movlw	0
  2183  0012E2  5C2D               	subwf	_doy+2,w,c
  2184  0012E4  E105               	bnz	u1355
  2185  0012E6  0E00               	movlw	0
  2186  0012E8  5C2C               	subwf	_doy+1,w,c
  2187  0012EA  E102               	bnz	u1355
  2188  0012EC  0E50               	movlw	80
  2189  0012EE  5C2B               	subwf	_doy,w,c
  2190  0012F0                     u1355:
  2191  0012F0  A0D8               	btfss	status,0,c
  2192  0012F2  D00F               	goto	l2195
  2193                           
  2194                           ;main.c: 495: doy = doy - 80;
  2195  0012F4  0EB0               	movlw	176
  2196  0012F6  242B               	addwf	_doy,w,c
  2197  0012F8  6E2B               	movwf	_doy,c
  2198  0012FA  0EFF               	movlw	255
  2199  0012FC  202C               	addwfc	_doy+1,w,c
  2200  0012FE  6E2C               	movwf	_doy+1,c
  2201  001300  0EFF               	movlw	255
  2202  001302  202D               	addwfc	_doy+2,w,c
  2203  001304  6E2D               	movwf	_doy+2,c
  2204  001306  0EFF               	movlw	255
  2205  001308  202E               	addwfc	_doy+3,w,c
  2206  00130A  6E2E               	movwf	_doy+3,c
  2207                           
  2208                           ;main.c: 496: one();
  2209  00130C  EC97  F00D         	call	_one	;wreg free
  2210                           
  2211                           ;main.c: 497: }else {
  2212  001310  D002               	goto	l2197
  2213  001312                     l2195:
  2214                           
  2215                           ;main.c: 498: zero();
  2216  001312  EC08  F00D         	call	_zero	;wreg free
  2217  001316                     l2197:
  2218                           
  2219                           ;main.c: 499: }
  2220                           ;main.c: 500: if (doy >= 40){
  2221  001316  502E               	movf	_doy+3,w,c
  2222  001318  0A80               	xorlw	128
  2223  00131A  0F80               	addlw	128
  2224  00131C  E108               	bnz	u1365
  2225  00131E  0E00               	movlw	0
  2226  001320  5C2D               	subwf	_doy+2,w,c
  2227  001322  E105               	bnz	u1365
  2228  001324  0E00               	movlw	0
  2229  001326  5C2C               	subwf	_doy+1,w,c
  2230  001328  E102               	bnz	u1365
  2231  00132A  0E28               	movlw	40
  2232  00132C  5C2B               	subwf	_doy,w,c
  2233  00132E                     u1365:
  2234  00132E  A0D8               	btfss	status,0,c
  2235  001330  D00F               	goto	l2203
  2236                           
  2237                           ;main.c: 501: doy = doy - 40;
  2238  001332  0ED8               	movlw	216
  2239  001334  242B               	addwf	_doy,w,c
  2240  001336  6E2B               	movwf	_doy,c
  2241  001338  0EFF               	movlw	255
  2242  00133A  202C               	addwfc	_doy+1,w,c
  2243  00133C  6E2C               	movwf	_doy+1,c
  2244  00133E  0EFF               	movlw	255
  2245  001340  202D               	addwfc	_doy+2,w,c
  2246  001342  6E2D               	movwf	_doy+2,c
  2247  001344  0EFF               	movlw	255
  2248  001346  202E               	addwfc	_doy+3,w,c
  2249  001348  6E2E               	movwf	_doy+3,c
  2250                           
  2251                           ;main.c: 502: one();
  2252  00134A  EC97  F00D         	call	_one	;wreg free
  2253                           
  2254                           ;main.c: 503: }else {
  2255  00134E  D002               	goto	l2205
  2256  001350                     l2203:
  2257                           
  2258                           ;main.c: 504: zero();
  2259  001350  EC08  F00D         	call	_zero	;wreg free
  2260  001354                     l2205:
  2261                           
  2262                           ;main.c: 505: }
  2263                           ;main.c: 506: if (doy >= 20){
  2264  001354  502E               	movf	_doy+3,w,c
  2265  001356  0A80               	xorlw	128
  2266  001358  0F80               	addlw	128
  2267  00135A  E108               	bnz	u1375
  2268  00135C  0E00               	movlw	0
  2269  00135E  5C2D               	subwf	_doy+2,w,c
  2270  001360  E105               	bnz	u1375
  2271  001362  0E00               	movlw	0
  2272  001364  5C2C               	subwf	_doy+1,w,c
  2273  001366  E102               	bnz	u1375
  2274  001368  0E14               	movlw	20
  2275  00136A  5C2B               	subwf	_doy,w,c
  2276  00136C                     u1375:
  2277  00136C  A0D8               	btfss	status,0,c
  2278  00136E  D00F               	goto	l2211
  2279                           
  2280                           ;main.c: 507: doy = doy - 20;
  2281  001370  0EEC               	movlw	236
  2282  001372  242B               	addwf	_doy,w,c
  2283  001374  6E2B               	movwf	_doy,c
  2284  001376  0EFF               	movlw	255
  2285  001378  202C               	addwfc	_doy+1,w,c
  2286  00137A  6E2C               	movwf	_doy+1,c
  2287  00137C  0EFF               	movlw	255
  2288  00137E  202D               	addwfc	_doy+2,w,c
  2289  001380  6E2D               	movwf	_doy+2,c
  2290  001382  0EFF               	movlw	255
  2291  001384  202E               	addwfc	_doy+3,w,c
  2292  001386  6E2E               	movwf	_doy+3,c
  2293                           
  2294                           ;main.c: 508: one();
  2295  001388  EC97  F00D         	call	_one	;wreg free
  2296                           
  2297                           ;main.c: 509: }else {
  2298  00138C  D002               	goto	l2213
  2299  00138E                     l2211:
  2300                           
  2301                           ;main.c: 510: zero();
  2302  00138E  EC08  F00D         	call	_zero	;wreg free
  2303  001392                     l2213:
  2304                           
  2305                           ;main.c: 511: }
  2306                           ;main.c: 512: if (doy >= 10){
  2307  001392  502E               	movf	_doy+3,w,c
  2308  001394  0A80               	xorlw	128
  2309  001396  0F80               	addlw	128
  2310  001398  E108               	bnz	u1385
  2311  00139A  0E00               	movlw	0
  2312  00139C  5C2D               	subwf	_doy+2,w,c
  2313  00139E  E105               	bnz	u1385
  2314  0013A0  0E00               	movlw	0
  2315  0013A2  5C2C               	subwf	_doy+1,w,c
  2316  0013A4  E102               	bnz	u1385
  2317  0013A6  0E0A               	movlw	10
  2318  0013A8  5C2B               	subwf	_doy,w,c
  2319  0013AA                     u1385:
  2320  0013AA  A0D8               	btfss	status,0,c
  2321  0013AC  D00F               	goto	l2219
  2322                           
  2323                           ;main.c: 513: doy = doy - 10;
  2324  0013AE  0EF6               	movlw	246
  2325  0013B0  242B               	addwf	_doy,w,c
  2326  0013B2  6E2B               	movwf	_doy,c
  2327  0013B4  0EFF               	movlw	255
  2328  0013B6  202C               	addwfc	_doy+1,w,c
  2329  0013B8  6E2C               	movwf	_doy+1,c
  2330  0013BA  0EFF               	movlw	255
  2331  0013BC  202D               	addwfc	_doy+2,w,c
  2332  0013BE  6E2D               	movwf	_doy+2,c
  2333  0013C0  0EFF               	movlw	255
  2334  0013C2  202E               	addwfc	_doy+3,w,c
  2335  0013C4  6E2E               	movwf	_doy+3,c
  2336                           
  2337                           ;main.c: 514: one();
  2338  0013C6  EC97  F00D         	call	_one	;wreg free
  2339                           
  2340                           ;main.c: 515: }else {
  2341  0013CA  D002               	goto	l295
  2342  0013CC                     l2219:
  2343                           
  2344                           ;main.c: 516: zero();
  2345  0013CC  EC08  F00D         	call	_zero	;wreg free
  2346  0013D0                     l295:
  2347                           
  2348                           ;main.c: 517: }
  2349                           ;main.c: 518: marker();
  2350  0013D0  EC78  F00C         	call	_marker	;wreg free
  2351                           
  2352                           ;main.c: 534: if (doy >= 8){
  2353  0013D4  502E               	movf	_doy+3,w,c
  2354  0013D6  0A80               	xorlw	128
  2355  0013D8  0F80               	addlw	128
  2356  0013DA  E108               	bnz	u1395
  2357  0013DC  0E00               	movlw	0
  2358  0013DE  5C2D               	subwf	_doy+2,w,c
  2359  0013E0  E105               	bnz	u1395
  2360  0013E2  0E00               	movlw	0
  2361  0013E4  5C2C               	subwf	_doy+1,w,c
  2362  0013E6  E102               	bnz	u1395
  2363  0013E8  0E08               	movlw	8
  2364  0013EA  5C2B               	subwf	_doy,w,c
  2365  0013EC                     u1395:
  2366  0013EC  A0D8               	btfss	status,0,c
  2367  0013EE  D00F               	goto	l2227
  2368                           
  2369                           ;main.c: 535: doy = doy - 8;
  2370  0013F0  0EF8               	movlw	248
  2371  0013F2  242B               	addwf	_doy,w,c
  2372  0013F4  6E2B               	movwf	_doy,c
  2373  0013F6  0EFF               	movlw	255
  2374  0013F8  202C               	addwfc	_doy+1,w,c
  2375  0013FA  6E2C               	movwf	_doy+1,c
  2376  0013FC  0EFF               	movlw	255
  2377  0013FE  202D               	addwfc	_doy+2,w,c
  2378  001400  6E2D               	movwf	_doy+2,c
  2379  001402  0EFF               	movlw	255
  2380  001404  202E               	addwfc	_doy+3,w,c
  2381  001406  6E2E               	movwf	_doy+3,c
  2382                           
  2383                           ;main.c: 536: one();
  2384  001408  EC97  F00D         	call	_one	;wreg free
  2385                           
  2386                           ;main.c: 537: }else {
  2387  00140C  D002               	goto	l2229
  2388  00140E                     l2227:
  2389                           
  2390                           ;main.c: 538: zero();
  2391  00140E  EC08  F00D         	call	_zero	;wreg free
  2392  001412                     l2229:
  2393                           
  2394                           ;main.c: 539: }
  2395                           ;main.c: 540: if (doy >= 4){
  2396  001412  502E               	movf	_doy+3,w,c
  2397  001414  0A80               	xorlw	128
  2398  001416  0F80               	addlw	128
  2399  001418  E108               	bnz	u1405
  2400  00141A  0E00               	movlw	0
  2401  00141C  5C2D               	subwf	_doy+2,w,c
  2402  00141E  E105               	bnz	u1405
  2403  001420  0E00               	movlw	0
  2404  001422  5C2C               	subwf	_doy+1,w,c
  2405  001424  E102               	bnz	u1405
  2406  001426  0E04               	movlw	4
  2407  001428  5C2B               	subwf	_doy,w,c
  2408  00142A                     u1405:
  2409  00142A  A0D8               	btfss	status,0,c
  2410  00142C  D00F               	goto	l2235
  2411                           
  2412                           ;main.c: 541: doy = doy - 4;
  2413  00142E  0EFC               	movlw	252
  2414  001430  242B               	addwf	_doy,w,c
  2415  001432  6E2B               	movwf	_doy,c
  2416  001434  0EFF               	movlw	255
  2417  001436  202C               	addwfc	_doy+1,w,c
  2418  001438  6E2C               	movwf	_doy+1,c
  2419  00143A  0EFF               	movlw	255
  2420  00143C  202D               	addwfc	_doy+2,w,c
  2421  00143E  6E2D               	movwf	_doy+2,c
  2422  001440  0EFF               	movlw	255
  2423  001442  202E               	addwfc	_doy+3,w,c
  2424  001444  6E2E               	movwf	_doy+3,c
  2425                           
  2426                           ;main.c: 542: one();
  2427  001446  EC97  F00D         	call	_one	;wreg free
  2428                           
  2429                           ;main.c: 543: }else {
  2430  00144A  D002               	goto	l2237
  2431  00144C                     l2235:
  2432                           
  2433                           ;main.c: 544: zero();
  2434  00144C  EC08  F00D         	call	_zero	;wreg free
  2435  001450                     l2237:
  2436                           
  2437                           ;main.c: 545: }
  2438                           ;main.c: 546: if (doy >= 2){
  2439  001450  502E               	movf	_doy+3,w,c
  2440  001452  0A80               	xorlw	128
  2441  001454  0F80               	addlw	128
  2442  001456  E108               	bnz	u1415
  2443  001458  0E00               	movlw	0
  2444  00145A  5C2D               	subwf	_doy+2,w,c
  2445  00145C  E105               	bnz	u1415
  2446  00145E  0E00               	movlw	0
  2447  001460  5C2C               	subwf	_doy+1,w,c
  2448  001462  E102               	bnz	u1415
  2449  001464  0E02               	movlw	2
  2450  001466  5C2B               	subwf	_doy,w,c
  2451  001468                     u1415:
  2452  001468  A0D8               	btfss	status,0,c
  2453  00146A  D00F               	goto	l2243
  2454                           
  2455                           ;main.c: 547: doy = doy - 2;
  2456  00146C  0EFE               	movlw	254
  2457  00146E  242B               	addwf	_doy,w,c
  2458  001470  6E2B               	movwf	_doy,c
  2459  001472  0EFF               	movlw	255
  2460  001474  202C               	addwfc	_doy+1,w,c
  2461  001476  6E2C               	movwf	_doy+1,c
  2462  001478  0EFF               	movlw	255
  2463  00147A  202D               	addwfc	_doy+2,w,c
  2464  00147C  6E2D               	movwf	_doy+2,c
  2465  00147E  0EFF               	movlw	255
  2466  001480  202E               	addwfc	_doy+3,w,c
  2467  001482  6E2E               	movwf	_doy+3,c
  2468                           
  2469                           ;main.c: 548: one();
  2470  001484  EC97  F00D         	call	_one	;wreg free
  2471                           
  2472                           ;main.c: 549: }else {
  2473  001488  D002               	goto	l2245
  2474  00148A                     l2243:
  2475                           
  2476                           ;main.c: 550: zero();
  2477  00148A  EC08  F00D         	call	_zero	;wreg free
  2478  00148E                     l2245:
  2479                           
  2480                           ;main.c: 551: }
  2481                           ;main.c: 552: if (doy >= 1){
  2482  00148E  502E               	movf	_doy+3,w,c
  2483  001490  0A80               	xorlw	128
  2484  001492  0F80               	addlw	128
  2485  001494  E108               	bnz	u1425
  2486  001496  0E00               	movlw	0
  2487  001498  5C2D               	subwf	_doy+2,w,c
  2488  00149A  E105               	bnz	u1425
  2489  00149C  0E00               	movlw	0
  2490  00149E  5C2C               	subwf	_doy+1,w,c
  2491  0014A0  E102               	bnz	u1425
  2492  0014A2  0E01               	movlw	1
  2493  0014A4  5C2B               	subwf	_doy,w,c
  2494  0014A6                     u1425:
  2495  0014A6  A0D8               	btfss	status,0,c
  2496  0014A8  D00F               	goto	l2251
  2497                           
  2498                           ;main.c: 553: doy = doy - 1;
  2499  0014AA  0EFF               	movlw	255
  2500  0014AC  242B               	addwf	_doy,w,c
  2501  0014AE  6E2B               	movwf	_doy,c
  2502  0014B0  0EFF               	movlw	255
  2503  0014B2  202C               	addwfc	_doy+1,w,c
  2504  0014B4  6E2C               	movwf	_doy+1,c
  2505  0014B6  0EFF               	movlw	255
  2506  0014B8  202D               	addwfc	_doy+2,w,c
  2507  0014BA  6E2D               	movwf	_doy+2,c
  2508  0014BC  0EFF               	movlw	255
  2509  0014BE  202E               	addwfc	_doy+3,w,c
  2510  0014C0  6E2E               	movwf	_doy+3,c
  2511                           
  2512                           ;main.c: 554: one();
  2513  0014C2  EC97  F00D         	call	_one	;wreg free
  2514                           
  2515                           ;main.c: 555: }else {
  2516  0014C6  D002               	goto	l303
  2517  0014C8                     l2251:
  2518                           
  2519                           ;main.c: 556: zero();
  2520  0014C8  EC08  F00D         	call	_zero	;wreg free
  2521  0014CC                     l303:
  2522                           
  2523                           ;main.c: 557: }
  2524                           ;main.c: 558: zero();
  2525  0014CC  EC08  F00D         	call	_zero	;wreg free
  2526                           
  2527                           ;main.c: 559: zero();
  2528  0014D0  EC08  F00D         	call	_zero	;wreg free
  2529                           
  2530                           ;main.c: 560: zero();
  2531  0014D4  EC08  F00D         	call	_zero	;wreg free
  2532                           
  2533                           ;main.c: 561: zero();
  2534  0014D8  EC08  F00D         	call	_zero	;wreg free
  2535                           
  2536                           ;main.c: 562: zero();
  2537  0014DC  EC08  F00D         	call	_zero	;wreg free
  2538                           
  2539                           ;main.c: 563: marker();
  2540  0014E0  EC78  F00C         	call	_marker	;wreg free
  2541                           
  2542                           ;main.c: 579: zero();
  2543  0014E4  EC08  F00D         	call	_zero	;wreg free
  2544                           
  2545                           ;main.c: 580: zero();
  2546  0014E8  EC08  F00D         	call	_zero	;wreg free
  2547                           
  2548                           ;main.c: 581: zero();
  2549  0014EC  EC08  F00D         	call	_zero	;wreg free
  2550                           
  2551                           ;main.c: 582: zero();
  2552  0014F0  EC08  F00D         	call	_zero	;wreg free
  2553                           
  2554                           ;main.c: 583: zero();
  2555  0014F4  EC08  F00D         	call	_zero	;wreg free
  2556                           
  2557                           ;main.c: 585: if (yearint >= 80){
  2558  0014F8  504C               	movf	_yearint+1,w,c
  2559  0014FA  0A80               	xorlw	128
  2560  0014FC  0F80               	addlw	-128
  2561  0014FE  0E50               	movlw	80
  2562  001500  B4D8               	btfsc	status,2,c
  2563  001502  5C4B               	subwf	_yearint,w,c
  2564  001504  A0D8               	btfss	status,0,c
  2565  001506  D009               	goto	l2259
  2566                           
  2567                           ;main.c: 586: yearint = yearint - 80;
  2568  001508  0EB0               	movlw	176
  2569  00150A  244B               	addwf	_yearint,w,c
  2570  00150C  6E4B               	movwf	_yearint,c
  2571  00150E  0EFF               	movlw	255
  2572  001510  204C               	addwfc	_yearint+1,w,c
  2573  001512  6E4C               	movwf	_yearint+1,c
  2574                           
  2575                           ;main.c: 587: one();
  2576  001514  EC97  F00D         	call	_one	;wreg free
  2577                           
  2578                           ;main.c: 588: }else {
  2579  001518  D002               	goto	l2261
  2580  00151A                     l2259:
  2581                           
  2582                           ;main.c: 589: zero();
  2583  00151A  EC08  F00D         	call	_zero	;wreg free
  2584  00151E                     l2261:
  2585                           
  2586                           ;main.c: 590: }
  2587                           ;main.c: 591: if (yearint >= 40){
  2588  00151E  504C               	movf	_yearint+1,w,c
  2589  001520  0A80               	xorlw	128
  2590  001522  0F80               	addlw	-128
  2591  001524  0E28               	movlw	40
  2592  001526  B4D8               	btfsc	status,2,c
  2593  001528  5C4B               	subwf	_yearint,w,c
  2594  00152A  A0D8               	btfss	status,0,c
  2595  00152C  D009               	goto	l2267
  2596                           
  2597                           ;main.c: 592: yearint = yearint - 40;
  2598  00152E  0ED8               	movlw	216
  2599  001530  244B               	addwf	_yearint,w,c
  2600  001532  6E4B               	movwf	_yearint,c
  2601  001534  0EFF               	movlw	255
  2602  001536  204C               	addwfc	_yearint+1,w,c
  2603  001538  6E4C               	movwf	_yearint+1,c
  2604                           
  2605                           ;main.c: 593: one();
  2606  00153A  EC97  F00D         	call	_one	;wreg free
  2607                           
  2608                           ;main.c: 594: }else {
  2609  00153E  D002               	goto	l2269
  2610  001540                     l2267:
  2611                           
  2612                           ;main.c: 595: zero();
  2613  001540  EC08  F00D         	call	_zero	;wreg free
  2614  001544                     l2269:
  2615                           
  2616                           ;main.c: 596: }
  2617                           ;main.c: 597: if (yearint >= 20){
  2618  001544  504C               	movf	_yearint+1,w,c
  2619  001546  0A80               	xorlw	128
  2620  001548  0F80               	addlw	-128
  2621  00154A  0E14               	movlw	20
  2622  00154C  B4D8               	btfsc	status,2,c
  2623  00154E  5C4B               	subwf	_yearint,w,c
  2624  001550  A0D8               	btfss	status,0,c
  2625  001552  D009               	goto	l2275
  2626                           
  2627                           ;main.c: 598: yearint = yearint - 20;
  2628  001554  0EEC               	movlw	236
  2629  001556  244B               	addwf	_yearint,w,c
  2630  001558  6E4B               	movwf	_yearint,c
  2631  00155A  0EFF               	movlw	255
  2632  00155C  204C               	addwfc	_yearint+1,w,c
  2633  00155E  6E4C               	movwf	_yearint+1,c
  2634                           
  2635                           ;main.c: 599: one();
  2636  001560  EC97  F00D         	call	_one	;wreg free
  2637                           
  2638                           ;main.c: 600: }else {
  2639  001564  D002               	goto	l2277
  2640  001566                     l2275:
  2641                           
  2642                           ;main.c: 601: zero();
  2643  001566  EC08  F00D         	call	_zero	;wreg free
  2644  00156A                     l2277:
  2645                           
  2646                           ;main.c: 602: }
  2647                           ;main.c: 603: if (yearint >= 10){
  2648  00156A  504C               	movf	_yearint+1,w,c
  2649  00156C  0A80               	xorlw	128
  2650  00156E  0F80               	addlw	-128
  2651  001570  0E0A               	movlw	10
  2652  001572  B4D8               	btfsc	status,2,c
  2653  001574  5C4B               	subwf	_yearint,w,c
  2654  001576  A0D8               	btfss	status,0,c
  2655  001578  D009               	goto	l2283
  2656                           
  2657                           ;main.c: 604: yearint = yearint - 10;
  2658  00157A  0EF6               	movlw	246
  2659  00157C  244B               	addwf	_yearint,w,c
  2660  00157E  6E4B               	movwf	_yearint,c
  2661  001580  0EFF               	movlw	255
  2662  001582  204C               	addwfc	_yearint+1,w,c
  2663  001584  6E4C               	movwf	_yearint+1,c
  2664                           
  2665                           ;main.c: 605: one();
  2666  001586  EC97  F00D         	call	_one	;wreg free
  2667                           
  2668                           ;main.c: 606: }else {
  2669  00158A  D002               	goto	l311
  2670  00158C                     l2283:
  2671                           
  2672                           ;main.c: 607: zero();
  2673  00158C  EC08  F00D         	call	_zero	;wreg free
  2674  001590                     l311:
  2675                           
  2676                           ;main.c: 608: }
  2677                           ;main.c: 609: marker();
  2678  001590  EC78  F00C         	call	_marker	;wreg free
  2679                           
  2680                           ;main.c: 627: if (yearint >= 8){
  2681  001594  504C               	movf	_yearint+1,w,c
  2682  001596  0A80               	xorlw	128
  2683  001598  0F80               	addlw	-128
  2684  00159A  0E08               	movlw	8
  2685  00159C  B4D8               	btfsc	status,2,c
  2686  00159E  5C4B               	subwf	_yearint,w,c
  2687  0015A0  A0D8               	btfss	status,0,c
  2688  0015A2  D009               	goto	l2291
  2689                           
  2690                           ;main.c: 628: yearint = yearint - 8;
  2691  0015A4  0EF8               	movlw	248
  2692  0015A6  244B               	addwf	_yearint,w,c
  2693  0015A8  6E4B               	movwf	_yearint,c
  2694  0015AA  0EFF               	movlw	255
  2695  0015AC  204C               	addwfc	_yearint+1,w,c
  2696  0015AE  6E4C               	movwf	_yearint+1,c
  2697                           
  2698                           ;main.c: 629: one();
  2699  0015B0  EC97  F00D         	call	_one	;wreg free
  2700                           
  2701                           ;main.c: 630: }else {
  2702  0015B4  D002               	goto	l2293
  2703  0015B6                     l2291:
  2704                           
  2705                           ;main.c: 631: zero();
  2706  0015B6  EC08  F00D         	call	_zero	;wreg free
  2707  0015BA                     l2293:
  2708                           
  2709                           ;main.c: 632: }
  2710                           ;main.c: 633: if (yearint >= 4){
  2711  0015BA  504C               	movf	_yearint+1,w,c
  2712  0015BC  0A80               	xorlw	128
  2713  0015BE  0F80               	addlw	-128
  2714  0015C0  0E04               	movlw	4
  2715  0015C2  B4D8               	btfsc	status,2,c
  2716  0015C4  5C4B               	subwf	_yearint,w,c
  2717  0015C6  A0D8               	btfss	status,0,c
  2718  0015C8  D009               	goto	l2299
  2719                           
  2720                           ;main.c: 634: yearint = yearint - 4;
  2721  0015CA  0EFC               	movlw	252
  2722  0015CC  244B               	addwf	_yearint,w,c
  2723  0015CE  6E4B               	movwf	_yearint,c
  2724  0015D0  0EFF               	movlw	255
  2725  0015D2  204C               	addwfc	_yearint+1,w,c
  2726  0015D4  6E4C               	movwf	_yearint+1,c
  2727                           
  2728                           ;main.c: 635: one();
  2729  0015D6  EC97  F00D         	call	_one	;wreg free
  2730                           
  2731                           ;main.c: 636: }else {
  2732  0015DA  D002               	goto	l2301
  2733  0015DC                     l2299:
  2734                           
  2735                           ;main.c: 637: zero();
  2736  0015DC  EC08  F00D         	call	_zero	;wreg free
  2737  0015E0                     l2301:
  2738                           
  2739                           ;main.c: 638: }
  2740                           ;main.c: 639: if (yearint >= 2){
  2741  0015E0  504C               	movf	_yearint+1,w,c
  2742  0015E2  0A80               	xorlw	128
  2743  0015E4  0F80               	addlw	-128
  2744  0015E6  0E02               	movlw	2
  2745  0015E8  B4D8               	btfsc	status,2,c
  2746  0015EA  5C4B               	subwf	_yearint,w,c
  2747  0015EC  A0D8               	btfss	status,0,c
  2748  0015EE  D009               	goto	l2307
  2749                           
  2750                           ;main.c: 640: yearint = yearint - 2;
  2751  0015F0  0EFE               	movlw	254
  2752  0015F2  244B               	addwf	_yearint,w,c
  2753  0015F4  6E4B               	movwf	_yearint,c
  2754  0015F6  0EFF               	movlw	255
  2755  0015F8  204C               	addwfc	_yearint+1,w,c
  2756  0015FA  6E4C               	movwf	_yearint+1,c
  2757                           
  2758                           ;main.c: 641: one();
  2759  0015FC  EC97  F00D         	call	_one	;wreg free
  2760                           
  2761                           ;main.c: 642: }else {
  2762  001600  D002               	goto	l2309
  2763  001602                     l2307:
  2764                           
  2765                           ;main.c: 643: zero();
  2766  001602  EC08  F00D         	call	_zero	;wreg free
  2767  001606                     l2309:
  2768                           
  2769                           ;main.c: 644: }
  2770                           ;main.c: 645: if (yearint >= 1){
  2771  001606  504C               	movf	_yearint+1,w,c
  2772  001608  0A80               	xorlw	128
  2773  00160A  0F80               	addlw	-128
  2774  00160C  0E01               	movlw	1
  2775  00160E  B4D8               	btfsc	status,2,c
  2776  001610  5C4B               	subwf	_yearint,w,c
  2777  001612  A0D8               	btfss	status,0,c
  2778  001614  D009               	goto	l2315
  2779                           
  2780                           ;main.c: 646: yearint = yearint - 1;
  2781  001616  0EFF               	movlw	255
  2782  001618  244B               	addwf	_yearint,w,c
  2783  00161A  6E4B               	movwf	_yearint,c
  2784  00161C  0EFF               	movlw	255
  2785  00161E  204C               	addwfc	_yearint+1,w,c
  2786  001620  6E4C               	movwf	_yearint+1,c
  2787                           
  2788                           ;main.c: 647: one();
  2789  001622  EC97  F00D         	call	_one	;wreg free
  2790                           
  2791                           ;main.c: 648: }else {
  2792  001626  D002               	goto	l319
  2793  001628                     l2315:
  2794                           
  2795                           ;main.c: 649: zero();
  2796  001628  EC08  F00D         	call	_zero	;wreg free
  2797  00162C                     l319:
  2798                           
  2799                           ;main.c: 650: }
  2800                           ;main.c: 651: zero();
  2801  00162C  EC08  F00D         	call	_zero	;wreg free
  2802                           
  2803                           ;main.c: 654: if (leapint){
  2804  001630  503C               	movf	_leapint+1,w,c
  2805  001632  103B               	iorwf	_leapint,w,c
  2806  001634  B4D8               	btfsc	status,2,c
  2807  001636  D003               	goto	l2321
  2808                           
  2809                           ;main.c: 655: one();
  2810  001638  EC97  F00D         	call	_one	;wreg free
  2811                           
  2812                           ;main.c: 656: }else {
  2813  00163C  D002               	goto	l321
  2814  00163E                     l2321:
  2815                           
  2816                           ;main.c: 657: zero();
  2817  00163E  EC08  F00D         	call	_zero	;wreg free
  2818  001642                     l321:
  2819                           
  2820                           ;main.c: 658: }
  2821                           ;main.c: 659: zero();
  2822  001642  EC08  F00D         	call	_zero	;wreg free
  2823                           
  2824                           ;main.c: 660: zero();
  2825  001646  EC08  F00D         	call	_zero	;wreg free
  2826                           
  2827                           ;main.c: 661: zero();
  2828  00164A  EC08  F00D         	call	_zero	;wreg free
  2829                           
  2830                           ;main.c: 662: zero();
  2831  00164E  EC08  F00D         	call	_zero	;wreg free
  2832                           
  2833                           ;main.c: 663: marker();
  2834  001652  EC78  F00C         	call	_marker	;wreg free
  2835  001656  0012               	return	
  2836  001658                     __end_of_sendtime:
  2837                           	opt stack 0
  2838                           tblptru	equ	0xFF8
  2839                           tblptrh	equ	0xFF7
  2840                           tblptrl	equ	0xFF6
  2841                           tablat	equ	0xFF5
  2842                           intcon	equ	0xFF2
  2843                           postinc0	equ	0xFEE
  2844                           wreg	equ	0xFE8
  2845                           indf1	equ	0xFE7
  2846                           postdec1	equ	0xFE5
  2847                           fsr1h	equ	0xFE2
  2848                           fsr1l	equ	0xFE1
  2849                           indf2	equ	0xFDF
  2850                           fsr2h	equ	0xFDA
  2851                           fsr2l	equ	0xFD9
  2852                           status	equ	0xFD8
  2853                           
  2854 ;; *************** function _zero *****************
  2855 ;; Defined at:
  2856 ;;		line 321 in file "main.c"
  2857 ;; Parameters:    Size  Location     Type
  2858 ;;		None
  2859 ;; Auto vars:     Size  Location     Type
  2860 ;;		None
  2861 ;; Return value:  Size  Location     Type
  2862 ;;		None               void
  2863 ;; Registers used:
  2864 ;;		wreg
  2865 ;; Tracked objects:
  2866 ;;		On entry : 0/0
  2867 ;;		On exit  : 0/0
  2868 ;;		Unchanged: 0/0
  2869 ;; Data sizes:     COMRAM   BANK0   BANK1   BANK2   BANK3   BANK4   BANK5   BANK6   BANK7   BANK8   BANK9  BANK10  BANK1
      +1  BANK12  BANK13  BANK14  BANK15
  2870 ;;      Params:         0       0       0       0       0       0       0       0       0       0       0       0       
      +0       0       0       0       0
  2871 ;;      Locals:         0       0       0       0       0       0       0       0       0       0       0       0       
      +0       0       0       0       0
  2872 ;;      Temps:          1       0       0       0       0       0       0       0       0       0       0       0       
      +0       0       0       0       0
  2873 ;;      Totals:         1       0       0       0       0       0       0       0       0       0       0       0       
      +0       0       0       0       0
  2874 ;;Total ram usage:        1 bytes
  2875 ;; Hardware stack levels used:    1
  2876 ;; Hardware stack levels required when called:    1
  2877 ;; This function calls:
  2878 ;;		Nothing
  2879 ;; This function is called by:
  2880 ;;		_sendtime
  2881 ;; This function uses a non-reentrant model
  2882 ;;
  2883                           
  2884                           	psect	text8
  2885  001A10                     __ptext8:
  2886                           	opt stack 0
  2887  001A10                     _zero:
  2888                           	opt stack 28
  2889                           
  2890                           ;main.c: 323: LATBbits.LATB0 = 0;
  2891                           
  2892                           ;incstack = 0
  2893  001A10  908A               	bcf	3978,0,c	;volatile
  2894                           
  2895                           ;main.c: 324: _delay((unsigned long)((50)*(8000000/4000.0)));
  2896  001A12  0E82               	movlw	130
  2897  001A14  6E10               	movwf	??_zero& (0+255),c
  2898  001A16  0EDE               	movlw	222
  2899  001A18                     u1877:
  2900  001A18  2EE8               	decfsz	wreg,f,c
  2901  001A1A  D7FE               	goto	u1877
  2902  001A1C  2E10               	decfsz	??_zero& (0+255),f,c
  2903  001A1E  D7FC               	goto	u1877
  2904                           
  2905                           ;main.c: 325: _delay((unsigned long)((50)*(8000000/4000.0)));
  2906  001A20  0E82               	movlw	130
  2907  001A22  6E10               	movwf	??_zero& (0+255),c
  2908  001A24  0EDE               	movlw	222
  2909  001A26                     u1887:
  2910  001A26  2EE8               	decfsz	wreg,f,c
  2911  001A28  D7FE               	goto	u1887
  2912  001A2A  2E10               	decfsz	??_zero& (0+255),f,c
  2913  001A2C  D7FC               	goto	u1887
  2914                           
  2915                           ;main.c: 326: _delay((unsigned long)((50)*(8000000/4000.0)));
  2916  001A2E  0E82               	movlw	130
  2917  001A30  6E10               	movwf	??_zero& (0+255),c
  2918  001A32  0EDE               	movlw	222
  2919  001A34                     u1897:
  2920  001A34  2EE8               	decfsz	wreg,f,c
  2921  001A36  D7FE               	goto	u1897
  2922  001A38  2E10               	decfsz	??_zero& (0+255),f,c
  2923  001A3A  D7FC               	goto	u1897
  2924                           
  2925                           ;main.c: 327: _delay((unsigned long)((50)*(8000000/4000.0)));
  2926  001A3C  0E82               	movlw	130
  2927  001A3E  6E10               	movwf	??_zero& (0+255),c
  2928  001A40  0EDE               	movlw	222
  2929  001A42                     u1907:
  2930  001A42  2EE8               	decfsz	wreg,f,c
  2931  001A44  D7FE               	goto	u1907
  2932  001A46  2E10               	decfsz	??_zero& (0+255),f,c
  2933  001A48  D7FC               	goto	u1907
  2934                           
  2935                           ;main.c: 328: LATBbits.LATB0 = 1;
  2936  001A4A  808A               	bsf	3978,0,c	;volatile
  2937                           
  2938                           ;main.c: 329: _delay((unsigned long)((50)*(8000000/4000.0)));
  2939  001A4C  0E82               	movlw	130
  2940  001A4E  6E10               	movwf	??_zero& (0+255),c
  2941  001A50  0EDE               	movlw	222
  2942  001A52                     u1917:
  2943  001A52  2EE8               	decfsz	wreg,f,c
  2944  001A54  D7FE               	goto	u1917
  2945  001A56  2E10               	decfsz	??_zero& (0+255),f,c
  2946  001A58  D7FC               	goto	u1917
  2947                           
  2948                           ;main.c: 330: _delay((unsigned long)((50)*(8000000/4000.0)));
  2949  001A5A  0E82               	movlw	130
  2950  001A5C  6E10               	movwf	??_zero& (0+255),c
  2951  001A5E  0EDE               	movlw	222
  2952  001A60                     u1927:
  2953  001A60  2EE8               	decfsz	wreg,f,c
  2954  001A62  D7FE               	goto	u1927
  2955  001A64  2E10               	decfsz	??_zero& (0+255),f,c
  2956  001A66  D7FC               	goto	u1927
  2957                           
  2958                           ;main.c: 331: _delay((unsigned long)((50)*(8000000/4000.0)));
  2959  001A68  0E82               	movlw	130
  2960  001A6A  6E10               	movwf	??_zero& (0+255),c
  2961  001A6C  0EDE               	movlw	222
  2962  001A6E                     u1937:
  2963  001A6E  2EE8               	decfsz	wreg,f,c
  2964  001A70  D7FE               	goto	u1937
  2965  001A72  2E10               	decfsz	??_zero& (0+255),f,c
  2966  001A74  D7FC               	goto	u1937
  2967                           
  2968                           ;main.c: 332: _delay((unsigned long)((50)*(8000000/4000.0)));
  2969  001A76  0E82               	movlw	130
  2970  001A78  6E10               	movwf	??_zero& (0+255),c
  2971  001A7A  0EDE               	movlw	222
  2972  001A7C                     u1947:
  2973  001A7C  2EE8               	decfsz	wreg,f,c
  2974  001A7E  D7FE               	goto	u1947
  2975  001A80  2E10               	decfsz	??_zero& (0+255),f,c
  2976  001A82  D7FC               	goto	u1947
  2977                           
  2978                           ;main.c: 333: _delay((unsigned long)((50)*(8000000/4000.0)));
  2979  001A84  0E82               	movlw	130
  2980  001A86  6E10               	movwf	??_zero& (0+255),c
  2981  001A88  0EDE               	movlw	222
  2982  001A8A                     u1957:
  2983  001A8A  2EE8               	decfsz	wreg,f,c
  2984  001A8C  D7FE               	goto	u1957
  2985  001A8E  2E10               	decfsz	??_zero& (0+255),f,c
  2986  001A90  D7FC               	goto	u1957
  2987                           
  2988                           ;main.c: 334: _delay((unsigned long)((50)*(8000000/4000.0)));
  2989  001A92  0E82               	movlw	130
  2990  001A94  6E10               	movwf	??_zero& (0+255),c
  2991  001A96  0EDE               	movlw	222
  2992  001A98                     u1967:
  2993  001A98  2EE8               	decfsz	wreg,f,c
  2994  001A9A  D7FE               	goto	u1967
  2995  001A9C  2E10               	decfsz	??_zero& (0+255),f,c
  2996  001A9E  D7FC               	goto	u1967
  2997                           
  2998                           ;main.c: 335: _delay((unsigned long)((50)*(8000000/4000.0)));
  2999  001AA0  0E82               	movlw	130
  3000  001AA2  6E10               	movwf	??_zero& (0+255),c
  3001  001AA4  0EDE               	movlw	222
  3002  001AA6                     u1977:
  3003  001AA6  2EE8               	decfsz	wreg,f,c
  3004  001AA8  D7FE               	goto	u1977
  3005  001AAA  2E10               	decfsz	??_zero& (0+255),f,c
  3006  001AAC  D7FC               	goto	u1977
  3007                           
  3008                           ;main.c: 336: _delay((unsigned long)((50)*(8000000/4000.0)));
  3009  001AAE  0E82               	movlw	130
  3010  001AB0  6E10               	movwf	??_zero& (0+255),c
  3011  001AB2  0EDE               	movlw	222
  3012  001AB4                     u1987:
  3013  001AB4  2EE8               	decfsz	wreg,f,c
  3014  001AB6  D7FE               	goto	u1987
  3015  001AB8  2E10               	decfsz	??_zero& (0+255),f,c
  3016  001ABA  D7FC               	goto	u1987
  3017                           
  3018                           ;main.c: 337: _delay((unsigned long)((50)*(8000000/4000.0)));
  3019  001ABC  0E82               	movlw	130
  3020  001ABE  6E10               	movwf	??_zero& (0+255),c
  3021  001AC0  0EDE               	movlw	222
  3022  001AC2                     u1997:
  3023  001AC2  2EE8               	decfsz	wreg,f,c
  3024  001AC4  D7FE               	goto	u1997
  3025  001AC6  2E10               	decfsz	??_zero& (0+255),f,c
  3026  001AC8  D7FC               	goto	u1997
  3027                           
  3028                           ;main.c: 338: _delay((unsigned long)((50)*(8000000/4000.0)));
  3029  001ACA  0E82               	movlw	130
  3030  001ACC  6E10               	movwf	??_zero& (0+255),c
  3031  001ACE  0EDE               	movlw	222
  3032  001AD0                     u2007:
  3033  001AD0  2EE8               	decfsz	wreg,f,c
  3034  001AD2  D7FE               	goto	u2007
  3035  001AD4  2E10               	decfsz	??_zero& (0+255),f,c
  3036  001AD6  D7FC               	goto	u2007
  3037                           
  3038                           ;main.c: 339: _delay((unsigned long)((50)*(8000000/4000.0)));
  3039  001AD8  0E82               	movlw	130
  3040  001ADA  6E10               	movwf	??_zero& (0+255),c
  3041  001ADC  0EDE               	movlw	222
  3042  001ADE                     u2017:
  3043  001ADE  2EE8               	decfsz	wreg,f,c
  3044  001AE0  D7FE               	goto	u2017
  3045  001AE2  2E10               	decfsz	??_zero& (0+255),f,c
  3046  001AE4  D7FC               	goto	u2017
  3047                           
  3048                           ;main.c: 340: _delay((unsigned long)((50)*(8000000/4000.0)));
  3049  001AE6  0E82               	movlw	130
  3050  001AE8  6E10               	movwf	??_zero& (0+255),c
  3051  001AEA  0EDE               	movlw	222
  3052  001AEC                     u2027:
  3053  001AEC  2EE8               	decfsz	wreg,f,c
  3054  001AEE  D7FE               	goto	u2027
  3055  001AF0  2E10               	decfsz	??_zero& (0+255),f,c
  3056  001AF2  D7FC               	goto	u2027
  3057                           
  3058                           ;main.c: 341: _delay((unsigned long)((50)*(8000000/4000.0)));
  3059  001AF4  0E82               	movlw	130
  3060  001AF6  6E10               	movwf	??_zero& (0+255),c
  3061  001AF8  0EDE               	movlw	222
  3062  001AFA                     u2037:
  3063  001AFA  2EE8               	decfsz	wreg,f,c
  3064  001AFC  D7FE               	goto	u2037
  3065  001AFE  2E10               	decfsz	??_zero& (0+255),f,c
  3066  001B00  D7FC               	goto	u2037
  3067                           
  3068                           ;main.c: 342: _delay((unsigned long)((50)*(8000000/4000.0)));
  3069  001B02  0E82               	movlw	130
  3070  001B04  6E10               	movwf	??_zero& (0+255),c
  3071  001B06  0EDE               	movlw	222
  3072  001B08                     u2047:
  3073  001B08  2EE8               	decfsz	wreg,f,c
  3074  001B0A  D7FE               	goto	u2047
  3075  001B0C  2E10               	decfsz	??_zero& (0+255),f,c
  3076  001B0E  D7FC               	goto	u2047
  3077                           
  3078                           ;main.c: 343: _delay((unsigned long)((50)*(8000000/4000.0)));
  3079  001B10  0E82               	movlw	130
  3080  001B12  6E10               	movwf	??_zero& (0+255),c
  3081  001B14  0EDE               	movlw	222
  3082  001B16                     u2057:
  3083  001B16  2EE8               	decfsz	wreg,f,c
  3084  001B18  D7FE               	goto	u2057
  3085  001B1A  2E10               	decfsz	??_zero& (0+255),f,c
  3086  001B1C  D7FC               	goto	u2057
  3087                           
  3088                           ;main.c: 344: _delay((unsigned long)((50)*(8000000/4000.0)));
  3089  001B1E  0E82               	movlw	130
  3090  001B20  6E10               	movwf	??_zero& (0+255),c
  3091  001B22  0EDE               	movlw	222
  3092  001B24                     u2067:
  3093  001B24  2EE8               	decfsz	wreg,f,c
  3094  001B26  D7FE               	goto	u2067
  3095  001B28  2E10               	decfsz	??_zero& (0+255),f,c
  3096  001B2A  D7FC               	goto	u2067
  3097  001B2C  0012               	return	
  3098  001B2E                     __end_of_zero:
  3099                           	opt stack 0
  3100                           tblptru	equ	0xFF8
  3101                           tblptrh	equ	0xFF7
  3102                           tblptrl	equ	0xFF6
  3103                           tablat	equ	0xFF5
  3104                           intcon	equ	0xFF2
  3105                           postinc0	equ	0xFEE
  3106                           wreg	equ	0xFE8
  3107                           indf1	equ	0xFE7
  3108                           postdec1	equ	0xFE5
  3109                           fsr1h	equ	0xFE2
  3110                           fsr1l	equ	0xFE1
  3111                           indf2	equ	0xFDF
  3112                           fsr2h	equ	0xFDA
  3113                           fsr2l	equ	0xFD9
  3114                           status	equ	0xFD8
  3115                           
  3116 ;; *************** function _one *****************
  3117 ;; Defined at:
  3118 ;;		line 295 in file "main.c"
  3119 ;; Parameters:    Size  Location     Type
  3120 ;;		None
  3121 ;; Auto vars:     Size  Location     Type
  3122 ;;		None
  3123 ;; Return value:  Size  Location     Type
  3124 ;;		None               void
  3125 ;; Registers used:
  3126 ;;		wreg
  3127 ;; Tracked objects:
  3128 ;;		On entry : 0/0
  3129 ;;		On exit  : 0/0
  3130 ;;		Unchanged: 0/0
  3131 ;; Data sizes:     COMRAM   BANK0   BANK1   BANK2   BANK3   BANK4   BANK5   BANK6   BANK7   BANK8   BANK9  BANK10  BANK1
      +1  BANK12  BANK13  BANK14  BANK15
  3132 ;;      Params:         0       0       0       0       0       0       0       0       0       0       0       0       
      +0       0       0       0       0
  3133 ;;      Locals:         0       0       0       0       0       0       0       0       0       0       0       0       
      +0       0       0       0       0
  3134 ;;      Temps:          1       0       0       0       0       0       0       0       0       0       0       0       
      +0       0       0       0       0
  3135 ;;      Totals:         1       0       0       0       0       0       0       0       0       0       0       0       
      +0       0       0       0       0
  3136 ;;Total ram usage:        1 bytes
  3137 ;; Hardware stack levels used:    1
  3138 ;; Hardware stack levels required when called:    1
  3139 ;; This function calls:
  3140 ;;		Nothing
  3141 ;; This function is called by:
  3142 ;;		_sendtime
  3143 ;; This function uses a non-reentrant model
  3144 ;;
  3145                           
  3146                           	psect	text9
  3147  001B2E                     __ptext9:
  3148                           	opt stack 0
  3149  001B2E                     _one:
  3150                           	opt stack 28
  3151                           
  3152                           ;main.c: 297: LATBbits.LATB0 = 0;
  3153                           
  3154                           ;incstack = 0
  3155  001B2E  908A               	bcf	3978,0,c	;volatile
  3156                           
  3157                           ;main.c: 298: _delay((unsigned long)((50)*(8000000/4000.0)));
  3158  001B30  0E82               	movlw	130
  3159  001B32  6E10               	movwf	??_one& (0+255),c
  3160  001B34  0EDE               	movlw	222
  3161  001B36                     u2077:
  3162  001B36  2EE8               	decfsz	wreg,f,c
  3163  001B38  D7FE               	goto	u2077
  3164  001B3A  2E10               	decfsz	??_one& (0+255),f,c
  3165  001B3C  D7FC               	goto	u2077
  3166                           
  3167                           ;main.c: 299: _delay((unsigned long)((50)*(8000000/4000.0)));
  3168  001B3E  0E82               	movlw	130
  3169  001B40  6E10               	movwf	??_one& (0+255),c
  3170  001B42  0EDE               	movlw	222
  3171  001B44                     u2087:
  3172  001B44  2EE8               	decfsz	wreg,f,c
  3173  001B46  D7FE               	goto	u2087
  3174  001B48  2E10               	decfsz	??_one& (0+255),f,c
  3175  001B4A  D7FC               	goto	u2087
  3176                           
  3177                           ;main.c: 300: _delay((unsigned long)((50)*(8000000/4000.0)));
  3178  001B4C  0E82               	movlw	130
  3179  001B4E  6E10               	movwf	??_one& (0+255),c
  3180  001B50  0EDE               	movlw	222
  3181  001B52                     u2097:
  3182  001B52  2EE8               	decfsz	wreg,f,c
  3183  001B54  D7FE               	goto	u2097
  3184  001B56  2E10               	decfsz	??_one& (0+255),f,c
  3185  001B58  D7FC               	goto	u2097
  3186                           
  3187                           ;main.c: 301: _delay((unsigned long)((50)*(8000000/4000.0)));
  3188  001B5A  0E82               	movlw	130
  3189  001B5C  6E10               	movwf	??_one& (0+255),c
  3190  001B5E  0EDE               	movlw	222
  3191  001B60                     u2107:
  3192  001B60  2EE8               	decfsz	wreg,f,c
  3193  001B62  D7FE               	goto	u2107
  3194  001B64  2E10               	decfsz	??_one& (0+255),f,c
  3195  001B66  D7FC               	goto	u2107
  3196                           
  3197                           ;main.c: 302: _delay((unsigned long)((50)*(8000000/4000.0)));
  3198  001B68  0E82               	movlw	130
  3199  001B6A  6E10               	movwf	??_one& (0+255),c
  3200  001B6C  0EDE               	movlw	222
  3201  001B6E                     u2117:
  3202  001B6E  2EE8               	decfsz	wreg,f,c
  3203  001B70  D7FE               	goto	u2117
  3204  001B72  2E10               	decfsz	??_one& (0+255),f,c
  3205  001B74  D7FC               	goto	u2117
  3206                           
  3207                           ;main.c: 303: _delay((unsigned long)((50)*(8000000/4000.0)));
  3208  001B76  0E82               	movlw	130
  3209  001B78  6E10               	movwf	??_one& (0+255),c
  3210  001B7A  0EDE               	movlw	222
  3211  001B7C                     u2127:
  3212  001B7C  2EE8               	decfsz	wreg,f,c
  3213  001B7E  D7FE               	goto	u2127
  3214  001B80  2E10               	decfsz	??_one& (0+255),f,c
  3215  001B82  D7FC               	goto	u2127
  3216                           
  3217                           ;main.c: 304: _delay((unsigned long)((50)*(8000000/4000.0)));
  3218  001B84  0E82               	movlw	130
  3219  001B86  6E10               	movwf	??_one& (0+255),c
  3220  001B88  0EDE               	movlw	222
  3221  001B8A                     u2137:
  3222  001B8A  2EE8               	decfsz	wreg,f,c
  3223  001B8C  D7FE               	goto	u2137
  3224  001B8E  2E10               	decfsz	??_one& (0+255),f,c
  3225  001B90  D7FC               	goto	u2137
  3226                           
  3227                           ;main.c: 305: _delay((unsigned long)((50)*(8000000/4000.0)));
  3228  001B92  0E82               	movlw	130
  3229  001B94  6E10               	movwf	??_one& (0+255),c
  3230  001B96  0EDE               	movlw	222
  3231  001B98                     u2147:
  3232  001B98  2EE8               	decfsz	wreg,f,c
  3233  001B9A  D7FE               	goto	u2147
  3234  001B9C  2E10               	decfsz	??_one& (0+255),f,c
  3235  001B9E  D7FC               	goto	u2147
  3236                           
  3237                           ;main.c: 306: _delay((unsigned long)((50)*(8000000/4000.0)));
  3238  001BA0  0E82               	movlw	130
  3239  001BA2  6E10               	movwf	??_one& (0+255),c
  3240  001BA4  0EDE               	movlw	222
  3241  001BA6                     u2157:
  3242  001BA6  2EE8               	decfsz	wreg,f,c
  3243  001BA8  D7FE               	goto	u2157
  3244  001BAA  2E10               	decfsz	??_one& (0+255),f,c
  3245  001BAC  D7FC               	goto	u2157
  3246                           
  3247                           ;main.c: 307: _delay((unsigned long)((50)*(8000000/4000.0)));
  3248  001BAE  0E82               	movlw	130
  3249  001BB0  6E10               	movwf	??_one& (0+255),c
  3250  001BB2  0EDE               	movlw	222
  3251  001BB4                     u2167:
  3252  001BB4  2EE8               	decfsz	wreg,f,c
  3253  001BB6  D7FE               	goto	u2167
  3254  001BB8  2E10               	decfsz	??_one& (0+255),f,c
  3255  001BBA  D7FC               	goto	u2167
  3256                           
  3257                           ;main.c: 308: LATBbits.LATB0 = 1;
  3258  001BBC  808A               	bsf	3978,0,c	;volatile
  3259                           
  3260                           ;main.c: 309: _delay((unsigned long)((50)*(8000000/4000.0)));
  3261  001BBE  0E82               	movlw	130
  3262  001BC0  6E10               	movwf	??_one& (0+255),c
  3263  001BC2  0EDE               	movlw	222
  3264  001BC4                     u2177:
  3265  001BC4  2EE8               	decfsz	wreg,f,c
  3266  001BC6  D7FE               	goto	u2177
  3267  001BC8  2E10               	decfsz	??_one& (0+255),f,c
  3268  001BCA  D7FC               	goto	u2177
  3269                           
  3270                           ;main.c: 310: _delay((unsigned long)((50)*(8000000/4000.0)));
  3271  001BCC  0E82               	movlw	130
  3272  001BCE  6E10               	movwf	??_one& (0+255),c
  3273  001BD0  0EDE               	movlw	222
  3274  001BD2                     u2187:
  3275  001BD2  2EE8               	decfsz	wreg,f,c
  3276  001BD4  D7FE               	goto	u2187
  3277  001BD6  2E10               	decfsz	??_one& (0+255),f,c
  3278  001BD8  D7FC               	goto	u2187
  3279                           
  3280                           ;main.c: 311: _delay((unsigned long)((50)*(8000000/4000.0)));
  3281  001BDA  0E82               	movlw	130
  3282  001BDC  6E10               	movwf	??_one& (0+255),c
  3283  001BDE  0EDE               	movlw	222
  3284  001BE0                     u2197:
  3285  001BE0  2EE8               	decfsz	wreg,f,c
  3286  001BE2  D7FE               	goto	u2197
  3287  001BE4  2E10               	decfsz	??_one& (0+255),f,c
  3288  001BE6  D7FC               	goto	u2197
  3289                           
  3290                           ;main.c: 312: _delay((unsigned long)((50)*(8000000/4000.0)));
  3291  001BE8  0E82               	movlw	130
  3292  001BEA  6E10               	movwf	??_one& (0+255),c
  3293  001BEC  0EDE               	movlw	222
  3294  001BEE                     u2207:
  3295  001BEE  2EE8               	decfsz	wreg,f,c
  3296  001BF0  D7FE               	goto	u2207
  3297  001BF2  2E10               	decfsz	??_one& (0+255),f,c
  3298  001BF4  D7FC               	goto	u2207
  3299                           
  3300                           ;main.c: 313: _delay((unsigned long)((50)*(8000000/4000.0)));
  3301  001BF6  0E82               	movlw	130
  3302  001BF8  6E10               	movwf	??_one& (0+255),c
  3303  001BFA  0EDE               	movlw	222
  3304  001BFC                     u2217:
  3305  001BFC  2EE8               	decfsz	wreg,f,c
  3306  001BFE  D7FE               	goto	u2217
  3307  001C00  2E10               	decfsz	??_one& (0+255),f,c
  3308  001C02  D7FC               	goto	u2217
  3309                           
  3310                           ;main.c: 314: _delay((unsigned long)((50)*(8000000/4000.0)));
  3311  001C04  0E82               	movlw	130
  3312  001C06  6E10               	movwf	??_one& (0+255),c
  3313  001C08  0EDE               	movlw	222
  3314  001C0A                     u2227:
  3315  001C0A  2EE8               	decfsz	wreg,f,c
  3316  001C0C  D7FE               	goto	u2227
  3317  001C0E  2E10               	decfsz	??_one& (0+255),f,c
  3318  001C10  D7FC               	goto	u2227
  3319                           
  3320                           ;main.c: 315: _delay((unsigned long)((50)*(8000000/4000.0)));
  3321  001C12  0E82               	movlw	130
  3322  001C14  6E10               	movwf	??_one& (0+255),c
  3323  001C16  0EDE               	movlw	222
  3324  001C18                     u2237:
  3325  001C18  2EE8               	decfsz	wreg,f,c
  3326  001C1A  D7FE               	goto	u2237
  3327  001C1C  2E10               	decfsz	??_one& (0+255),f,c
  3328  001C1E  D7FC               	goto	u2237
  3329                           
  3330                           ;main.c: 316: _delay((unsigned long)((50)*(8000000/4000.0)));
  3331  001C20  0E82               	movlw	130
  3332  001C22  6E10               	movwf	??_one& (0+255),c
  3333  001C24  0EDE               	movlw	222
  3334  001C26                     u2247:
  3335  001C26  2EE8               	decfsz	wreg,f,c
  3336  001C28  D7FE               	goto	u2247
  3337  001C2A  2E10               	decfsz	??_one& (0+255),f,c
  3338  001C2C  D7FC               	goto	u2247
  3339                           
  3340                           ;main.c: 317: _delay((unsigned long)((50)*(8000000/4000.0)));
  3341  001C2E  0E82               	movlw	130
  3342  001C30  6E10               	movwf	??_one& (0+255),c
  3343  001C32  0EDE               	movlw	222
  3344  001C34                     u2257:
  3345  001C34  2EE8               	decfsz	wreg,f,c
  3346  001C36  D7FE               	goto	u2257
  3347  001C38  2E10               	decfsz	??_one& (0+255),f,c
  3348  001C3A  D7FC               	goto	u2257
  3349                           
  3350                           ;main.c: 318: _delay((unsigned long)((50)*(8000000/4000.0)));
  3351  001C3C  0E82               	movlw	130
  3352  001C3E  6E10               	movwf	??_one& (0+255),c
  3353  001C40  0EDE               	movlw	222
  3354  001C42                     u2267:
  3355  001C42  2EE8               	decfsz	wreg,f,c
  3356  001C44  D7FE               	goto	u2267
  3357  001C46  2E10               	decfsz	??_one& (0+255),f,c
  3358  001C48  D7FC               	goto	u2267
  3359  001C4A  0012               	return	
  3360  001C4C                     __end_of_one:
  3361                           	opt stack 0
  3362                           tblptru	equ	0xFF8
  3363                           tblptrh	equ	0xFF7
  3364                           tblptrl	equ	0xFF6
  3365                           tablat	equ	0xFF5
  3366                           intcon	equ	0xFF2
  3367                           postinc0	equ	0xFEE
  3368                           wreg	equ	0xFE8
  3369                           indf1	equ	0xFE7
  3370                           postdec1	equ	0xFE5
  3371                           fsr1h	equ	0xFE2
  3372                           fsr1l	equ	0xFE1
  3373                           indf2	equ	0xFDF
  3374                           fsr2h	equ	0xFDA
  3375                           fsr2l	equ	0xFD9
  3376                           status	equ	0xFD8
  3377                           
  3378 ;; *************** function _marker *****************
  3379 ;; Defined at:
  3380 ;;		line 267 in file "main.c"
  3381 ;; Parameters:    Size  Location     Type
  3382 ;;		None
  3383 ;; Auto vars:     Size  Location     Type
  3384 ;;		None
  3385 ;; Return value:  Size  Location     Type
  3386 ;;		None               void
  3387 ;; Registers used:
  3388 ;;		wreg
  3389 ;; Tracked objects:
  3390 ;;		On entry : 0/0
  3391 ;;		On exit  : 0/0
  3392 ;;		Unchanged: 0/0
  3393 ;; Data sizes:     COMRAM   BANK0   BANK1   BANK2   BANK3   BANK4   BANK5   BANK6   BANK7   BANK8   BANK9  BANK10  BANK1
      +1  BANK12  BANK13  BANK14  BANK15
  3394 ;;      Params:         0       0       0       0       0       0       0       0       0       0       0       0       
      +0       0       0       0       0
  3395 ;;      Locals:         0       0       0       0       0       0       0       0       0       0       0       0       
      +0       0       0       0       0
  3396 ;;      Temps:          1       0       0       0       0       0       0       0       0       0       0       0       
      +0       0       0       0       0
  3397 ;;      Totals:         1       0       0       0       0       0       0       0       0       0       0       0       
      +0       0       0       0       0
  3398 ;;Total ram usage:        1 bytes
  3399 ;; Hardware stack levels used:    1
  3400 ;; Hardware stack levels required when called:    1
  3401 ;; This function calls:
  3402 ;;		Nothing
  3403 ;; This function is called by:
  3404 ;;		_sendtime
  3405 ;; This function uses a non-reentrant model
  3406 ;;
  3407                           
  3408                           	psect	text10
  3409  0018F0                     __ptext10:
  3410                           	opt stack 0
  3411  0018F0                     _marker:
  3412                           	opt stack 28
  3413                           
  3414                           ;main.c: 269: LATBbits.LATB0 = 0;
  3415                           
  3416                           ;incstack = 0
  3417  0018F0  908A               	bcf	3978,0,c	;volatile
  3418                           
  3419                           ;main.c: 270: _delay((unsigned long)((50)*(8000000/4000.0)));
  3420  0018F2  0E82               	movlw	130
  3421  0018F4  6E10               	movwf	??_marker& (0+255),c
  3422  0018F6  0EDE               	movlw	222
  3423  0018F8                     u2277:
  3424  0018F8  2EE8               	decfsz	wreg,f,c
  3425  0018FA  D7FE               	goto	u2277
  3426  0018FC  2E10               	decfsz	??_marker& (0+255),f,c
  3427  0018FE  D7FC               	goto	u2277
  3428                           
  3429                           ;main.c: 271: _delay((unsigned long)((50)*(8000000/4000.0)));
  3430  001900  0E82               	movlw	130
  3431  001902  6E10               	movwf	??_marker& (0+255),c
  3432  001904  0EDE               	movlw	222
  3433  001906                     u2287:
  3434  001906  2EE8               	decfsz	wreg,f,c
  3435  001908  D7FE               	goto	u2287
  3436  00190A  2E10               	decfsz	??_marker& (0+255),f,c
  3437  00190C  D7FC               	goto	u2287
  3438                           
  3439                           ;main.c: 272: _delay((unsigned long)((50)*(8000000/4000.0)));
  3440  00190E  0E82               	movlw	130
  3441  001910  6E10               	movwf	??_marker& (0+255),c
  3442  001912  0EDE               	movlw	222
  3443  001914                     u2297:
  3444  001914  2EE8               	decfsz	wreg,f,c
  3445  001916  D7FE               	goto	u2297
  3446  001918  2E10               	decfsz	??_marker& (0+255),f,c
  3447  00191A  D7FC               	goto	u2297
  3448                           
  3449                           ;main.c: 273: _delay((unsigned long)((50)*(8000000/4000.0)));
  3450  00191C  0E82               	movlw	130
  3451  00191E  6E10               	movwf	??_marker& (0+255),c
  3452  001920  0EDE               	movlw	222
  3453  001922                     u2307:
  3454  001922  2EE8               	decfsz	wreg,f,c
  3455  001924  D7FE               	goto	u2307
  3456  001926  2E10               	decfsz	??_marker& (0+255),f,c
  3457  001928  D7FC               	goto	u2307
  3458                           
  3459                           ;main.c: 274: _delay((unsigned long)((50)*(8000000/4000.0)));
  3460  00192A  0E82               	movlw	130
  3461  00192C  6E10               	movwf	??_marker& (0+255),c
  3462  00192E  0EDE               	movlw	222
  3463  001930                     u2317:
  3464  001930  2EE8               	decfsz	wreg,f,c
  3465  001932  D7FE               	goto	u2317
  3466  001934  2E10               	decfsz	??_marker& (0+255),f,c
  3467  001936  D7FC               	goto	u2317
  3468                           
  3469                           ;main.c: 275: _delay((unsigned long)((50)*(8000000/4000.0)));
  3470  001938  0E82               	movlw	130
  3471  00193A  6E10               	movwf	??_marker& (0+255),c
  3472  00193C  0EDE               	movlw	222
  3473  00193E                     u2327:
  3474  00193E  2EE8               	decfsz	wreg,f,c
  3475  001940  D7FE               	goto	u2327
  3476  001942  2E10               	decfsz	??_marker& (0+255),f,c
  3477  001944  D7FC               	goto	u2327
  3478                           
  3479                           ;main.c: 276: _delay((unsigned long)((50)*(8000000/4000.0)));
  3480  001946  0E82               	movlw	130
  3481  001948  6E10               	movwf	??_marker& (0+255),c
  3482  00194A  0EDE               	movlw	222
  3483  00194C                     u2337:
  3484  00194C  2EE8               	decfsz	wreg,f,c
  3485  00194E  D7FE               	goto	u2337
  3486  001950  2E10               	decfsz	??_marker& (0+255),f,c
  3487  001952  D7FC               	goto	u2337
  3488                           
  3489                           ;main.c: 277: _delay((unsigned long)((50)*(8000000/4000.0)));
  3490  001954  0E82               	movlw	130
  3491  001956  6E10               	movwf	??_marker& (0+255),c
  3492  001958  0EDE               	movlw	222
  3493  00195A                     u2347:
  3494  00195A  2EE8               	decfsz	wreg,f,c
  3495  00195C  D7FE               	goto	u2347
  3496  00195E  2E10               	decfsz	??_marker& (0+255),f,c
  3497  001960  D7FC               	goto	u2347
  3498                           
  3499                           ;main.c: 278: _delay((unsigned long)((50)*(8000000/4000.0)));
  3500  001962  0E82               	movlw	130
  3501  001964  6E10               	movwf	??_marker& (0+255),c
  3502  001966  0EDE               	movlw	222
  3503  001968                     u2357:
  3504  001968  2EE8               	decfsz	wreg,f,c
  3505  00196A  D7FE               	goto	u2357
  3506  00196C  2E10               	decfsz	??_marker& (0+255),f,c
  3507  00196E  D7FC               	goto	u2357
  3508                           
  3509                           ;main.c: 279: _delay((unsigned long)((50)*(8000000/4000.0)));
  3510  001970  0E82               	movlw	130
  3511  001972  6E10               	movwf	??_marker& (0+255),c
  3512  001974  0EDE               	movlw	222
  3513  001976                     u2367:
  3514  001976  2EE8               	decfsz	wreg,f,c
  3515  001978  D7FE               	goto	u2367
  3516  00197A  2E10               	decfsz	??_marker& (0+255),f,c
  3517  00197C  D7FC               	goto	u2367
  3518                           
  3519                           ;main.c: 280: _delay((unsigned long)((50)*(8000000/4000.0)));
  3520  00197E  0E82               	movlw	130
  3521  001980  6E10               	movwf	??_marker& (0+255),c
  3522  001982  0EDE               	movlw	222
  3523  001984                     u2377:
  3524  001984  2EE8               	decfsz	wreg,f,c
  3525  001986  D7FE               	goto	u2377
  3526  001988  2E10               	decfsz	??_marker& (0+255),f,c
  3527  00198A  D7FC               	goto	u2377
  3528                           
  3529                           ;main.c: 281: _delay((unsigned long)((50)*(8000000/4000.0)));
  3530  00198C  0E82               	movlw	130
  3531  00198E  6E10               	movwf	??_marker& (0+255),c
  3532  001990  0EDE               	movlw	222
  3533  001992                     u2387:
  3534  001992  2EE8               	decfsz	wreg,f,c
  3535  001994  D7FE               	goto	u2387
  3536  001996  2E10               	decfsz	??_marker& (0+255),f,c
  3537  001998  D7FC               	goto	u2387
  3538                           
  3539                           ;main.c: 282: _delay((unsigned long)((50)*(8000000/4000.0)));
  3540  00199A  0E82               	movlw	130
  3541  00199C  6E10               	movwf	??_marker& (0+255),c
  3542  00199E  0EDE               	movlw	222
  3543  0019A0                     u2397:
  3544  0019A0  2EE8               	decfsz	wreg,f,c
  3545  0019A2  D7FE               	goto	u2397
  3546  0019A4  2E10               	decfsz	??_marker& (0+255),f,c
  3547  0019A6  D7FC               	goto	u2397
  3548                           
  3549                           ;main.c: 283: _delay((unsigned long)((50)*(8000000/4000.0)));
  3550  0019A8  0E82               	movlw	130
  3551  0019AA  6E10               	movwf	??_marker& (0+255),c
  3552  0019AC  0EDE               	movlw	222
  3553  0019AE                     u2407:
  3554  0019AE  2EE8               	decfsz	wreg,f,c
  3555  0019B0  D7FE               	goto	u2407
  3556  0019B2  2E10               	decfsz	??_marker& (0+255),f,c
  3557  0019B4  D7FC               	goto	u2407
  3558                           
  3559                           ;main.c: 284: _delay((unsigned long)((50)*(8000000/4000.0)));
  3560  0019B6  0E82               	movlw	130
  3561  0019B8  6E10               	movwf	??_marker& (0+255),c
  3562  0019BA  0EDE               	movlw	222
  3563  0019BC                     u2417:
  3564  0019BC  2EE8               	decfsz	wreg,f,c
  3565  0019BE  D7FE               	goto	u2417
  3566  0019C0  2E10               	decfsz	??_marker& (0+255),f,c
  3567  0019C2  D7FC               	goto	u2417
  3568                           
  3569                           ;main.c: 285: _delay((unsigned long)((50)*(8000000/4000.0)));
  3570  0019C4  0E82               	movlw	130
  3571  0019C6  6E10               	movwf	??_marker& (0+255),c
  3572  0019C8  0EDE               	movlw	222
  3573  0019CA                     u2427:
  3574  0019CA  2EE8               	decfsz	wreg,f,c
  3575  0019CC  D7FE               	goto	u2427
  3576  0019CE  2E10               	decfsz	??_marker& (0+255),f,c
  3577  0019D0  D7FC               	goto	u2427
  3578                           
  3579                           ;main.c: 287: LATBbits.LATB0 = 1;
  3580  0019D2  808A               	bsf	3978,0,c	;volatile
  3581                           
  3582                           ;main.c: 288: _delay((unsigned long)((50)*(8000000/4000.0)));
  3583  0019D4  0E82               	movlw	130
  3584  0019D6  6E10               	movwf	??_marker& (0+255),c
  3585  0019D8  0EDE               	movlw	222
  3586  0019DA                     u2437:
  3587  0019DA  2EE8               	decfsz	wreg,f,c
  3588  0019DC  D7FE               	goto	u2437
  3589  0019DE  2E10               	decfsz	??_marker& (0+255),f,c
  3590  0019E0  D7FC               	goto	u2437
  3591                           
  3592                           ;main.c: 289: _delay((unsigned long)((50)*(8000000/4000.0)));
  3593  0019E2  0E82               	movlw	130
  3594  0019E4  6E10               	movwf	??_marker& (0+255),c
  3595  0019E6  0EDE               	movlw	222
  3596  0019E8                     u2447:
  3597  0019E8  2EE8               	decfsz	wreg,f,c
  3598  0019EA  D7FE               	goto	u2447
  3599  0019EC  2E10               	decfsz	??_marker& (0+255),f,c
  3600  0019EE  D7FC               	goto	u2447
  3601                           
  3602                           ;main.c: 290: _delay((unsigned long)((50)*(8000000/4000.0)));
  3603  0019F0  0E82               	movlw	130
  3604  0019F2  6E10               	movwf	??_marker& (0+255),c
  3605  0019F4  0EDE               	movlw	222
  3606  0019F6                     u2457:
  3607  0019F6  2EE8               	decfsz	wreg,f,c
  3608  0019F8  D7FE               	goto	u2457
  3609  0019FA  2E10               	decfsz	??_marker& (0+255),f,c
  3610  0019FC  D7FC               	goto	u2457
  3611                           
  3612                           ;main.c: 291: _delay((unsigned long)((50)*(8000000/4000.0)));
  3613  0019FE  0E82               	movlw	130
  3614  001A00  6E10               	movwf	??_marker& (0+255),c
  3615  001A02  0EDE               	movlw	222
  3616  001A04                     u2467:
  3617  001A04  2EE8               	decfsz	wreg,f,c
  3618  001A06  D7FE               	goto	u2467
  3619  001A08  2E10               	decfsz	??_marker& (0+255),f,c
  3620  001A0A  D7FC               	goto	u2467
  3621                           
  3622                           ;main.c: 292: LATBbits.LATB0 = 0;
  3623  001A0C  908A               	bcf	3978,0,c	;volatile
  3624  001A0E  0012               	return	
  3625  001A10                     __end_of_marker:
  3626                           	opt stack 0
  3627                           tblptru	equ	0xFF8
  3628                           tblptrh	equ	0xFF7
  3629                           tblptrl	equ	0xFF6
  3630                           tablat	equ	0xFF5
  3631                           intcon	equ	0xFF2
  3632                           postinc0	equ	0xFEE
  3633                           wreg	equ	0xFE8
  3634                           indf1	equ	0xFE7
  3635                           postdec1	equ	0xFE5
  3636                           fsr1h	equ	0xFE2
  3637                           fsr1l	equ	0xFE1
  3638                           indf2	equ	0xFDF
  3639                           fsr2h	equ	0xFDA
  3640                           fsr2l	equ	0xFD9
  3641                           status	equ	0xFD8
  3642                           
  3643 ;; *************** function _pwm_init *****************
  3644 ;; Defined at:
  3645 ;;		line 182 in file "main.c"
  3646 ;; Parameters:    Size  Location     Type
  3647 ;;		None
  3648 ;; Auto vars:     Size  Location     Type
  3649 ;;		None
  3650 ;; Return value:  Size  Location     Type
  3651 ;;		None               void
  3652 ;; Registers used:
  3653 ;;		wreg, status,2
  3654 ;; Tracked objects:
  3655 ;;		On entry : 0/0
  3656 ;;		On exit  : 0/0
  3657 ;;		Unchanged: 0/0
  3658 ;; Data sizes:     COMRAM   BANK0   BANK1   BANK2   BANK3   BANK4   BANK5   BANK6   BANK7   BANK8   BANK9  BANK10  BANK1
      +1  BANK12  BANK13  BANK14  BANK15
  3659 ;;      Params:         0       0       0       0       0       0       0       0       0       0       0       0       
      +0       0       0       0       0
  3660 ;;      Locals:         0       0       0       0       0       0       0       0       0       0       0       0       
      +0       0       0       0       0
  3661 ;;      Temps:          0       0       0       0       0       0       0       0       0       0       0       0       
      +0       0       0       0       0
  3662 ;;      Totals:         0       0       0       0       0       0       0       0       0       0       0       0       
      +0       0       0       0       0
  3663 ;;Total ram usage:        0 bytes
  3664 ;; Hardware stack levels used:    1
  3665 ;; Hardware stack levels required when called:    1
  3666 ;; This function calls:
  3667 ;;		Nothing
  3668 ;; This function is called by:
  3669 ;;		_main
  3670 ;; This function uses a non-reentrant model
  3671 ;;
  3672                           
  3673                           	psect	text11
  3674  002318                     __ptext11:
  3675                           	opt stack 0
  3676  002318                     _pwm_init:
  3677                           	opt stack 29
  3678                           
  3679                           ;main.c: 199: CCPR1Lbits.CCPR1L = 0x01;
  3680                           
  3681                           ;incstack = 0
  3682  002318  80BE               	bsf	4030,0,c	;volatile
  3683  00231A  92BE               	bcf	4030,1,c	;volatile
  3684  00231C  94BE               	bcf	4030,2,c	;volatile
  3685  00231E  96BE               	bcf	4030,3,c	;volatile
  3686  002320  98BE               	bcf	4030,4,c	;volatile
  3687  002322  9ABE               	bcf	4030,5,c	;volatile
  3688  002324  9CBE               	bcf	4030,6,c	;volatile
  3689  002326  9EBE               	bcf	4030,7,c	;volatile
  3690                           
  3691                           ;main.c: 202: PR2 = 0x01;
  3692  002328  0E01               	movlw	1
  3693  00232A  6EBB               	movwf	4027,c	;volatile
  3694                           
  3695                           ;main.c: 205: CCPTMRS0bits.C1TSEL = 0x00;
  3696  00232C  0EFC               	movlw	-4
  3697  00232E  010F               	movlb	15	; () banked
  3698  002330  1749               	andwf	73,f,b	;volatile
  3699                           
  3700                           ;main.c: 208: CCP1CONbits.P1M = 0x00;
  3701  002332  0E3F               	movlw	-193
  3702  002334  16BD               	andwf	4029,f,c	;volatile
  3703                           
  3704                           ;main.c: 209: CCP1CONbits.DC1B = 0x00;
  3705  002336  0ECF               	movlw	-49
  3706  002338  16BD               	andwf	4029,f,c	;volatile
  3707                           
  3708                           ; BSR set to: 15
  3709                           ;main.c: 210: PWM1CONbits.P1RSEN = 0;
  3710  00233A  9EB7               	bcf	4023,7,c	;volatile
  3711                           
  3712                           ; BSR set to: 15
  3713                           ;main.c: 211: PWM1CONbits.P1DC = 0x00;
  3714  00233C  90B7               	bcf	4023,0,c	;volatile
  3715  00233E  92B7               	bcf	4023,1,c	;volatile
  3716  002340  94B7               	bcf	4023,2,c	;volatile
  3717  002342  96B7               	bcf	4023,3,c	;volatile
  3718  002344  98B7               	bcf	4023,4,c	;volatile
  3719  002346  9AB7               	bcf	4023,5,c	;volatile
  3720  002348  9CB7               	bcf	4023,6,c	;volatile
  3721                           
  3722                           ; BSR set to: 15
  3723                           ;main.c: 212: ECCP1ASbits.CCP1AS = 0x00;
  3724  00234A  98B6               	bcf	4022,4,c	;volatile
  3725  00234C  9AB6               	bcf	4022,5,c	;volatile
  3726  00234E  9CB6               	bcf	4022,6,c	;volatile
  3727                           
  3728                           ; BSR set to: 15
  3729                           ;main.c: 213: ECCP1ASbits.CCP1ASE = 0;
  3730  002350  9EB6               	bcf	4022,7,c	;volatile
  3731                           
  3732                           ;main.c: 214: CCP1CONbits.CCP1M = 0x0C;
  3733  002352  50BD               	movf	4029,w,c	;volatile
  3734  002354  0BF0               	andlw	-16
  3735  002356  090C               	iorlw	12
  3736  002358  6EBD               	movwf	4029,c	;volatile
  3737                           
  3738                           ; BSR set to: 15
  3739                           ;main.c: 217: PSTR1CONbits.STR1A = 1;
  3740  00235A  80B9               	bsf	4025,0,c	;volatile
  3741                           
  3742                           ; BSR set to: 15
  3743                           ;main.c: 218: PSTR1CONbits.STR1B = 1;
  3744  00235C  82B9               	bsf	4025,1,c	;volatile
  3745                           
  3746                           ;main.c: 222: T2CONbits.T2CKPS = 2;
  3747  00235E  50BA               	movf	4026,w,c	;volatile
  3748  002360  0BFC               	andlw	-4
  3749  002362  0902               	iorlw	2
  3750  002364  6EBA               	movwf	4026,c	;volatile
  3751                           
  3752                           ; BSR set to: 15
  3753                           ;main.c: 225: T2CONbits.TMR2ON = 1;
  3754  002366  84BA               	bsf	4026,2,c	;volatile
  3755                           
  3756                           ; BSR set to: 15
  3757  002368  0012               	return	
  3758  00236A                     __end_of_pwm_init:
  3759                           	opt stack 0
  3760                           tblptru	equ	0xFF8
  3761                           tblptrh	equ	0xFF7
  3762                           tblptrl	equ	0xFF6
  3763                           tablat	equ	0xFF5
  3764                           intcon	equ	0xFF2
  3765                           postinc0	equ	0xFEE
  3766                           wreg	equ	0xFE8
  3767                           indf1	equ	0xFE7
  3768                           postdec1	equ	0xFE5
  3769                           fsr1h	equ	0xFE2
  3770                           fsr1l	equ	0xFE1
  3771                           indf2	equ	0xFDF
  3772                           fsr2h	equ	0xFDA
  3773                           fsr2l	equ	0xFD9
  3774                           status	equ	0xFD8
  3775                           
  3776 ;; *************** function _init_io *****************
  3777 ;; Defined at:
  3778 ;;		line 101 in file "main.c"
  3779 ;; Parameters:    Size  Location     Type
  3780 ;;		None
  3781 ;; Auto vars:     Size  Location     Type
  3782 ;;		None
  3783 ;; Return value:  Size  Location     Type
  3784 ;;		None               void
  3785 ;; Registers used:
  3786 ;;		wreg, status,2
  3787 ;; Tracked objects:
  3788 ;;		On entry : 0/0
  3789 ;;		On exit  : 0/0
  3790 ;;		Unchanged: 0/0
  3791 ;; Data sizes:     COMRAM   BANK0   BANK1   BANK2   BANK3   BANK4   BANK5   BANK6   BANK7   BANK8   BANK9  BANK10  BANK1
      +1  BANK12  BANK13  BANK14  BANK15
  3792 ;;      Params:         0       0       0       0       0       0       0       0       0       0       0       0       
      +0       0       0       0       0
  3793 ;;      Locals:         0       0       0       0       0       0       0       0       0       0       0       0       
      +0       0       0       0       0
  3794 ;;      Temps:          0       0       0       0       0       0       0       0       0       0       0       0       
      +0       0       0       0       0
  3795 ;;      Totals:         0       0       0       0       0       0       0       0       0       0       0       0       
      +0       0       0       0       0
  3796 ;;Total ram usage:        0 bytes
  3797 ;; Hardware stack levels used:    1
  3798 ;; Hardware stack levels required when called:    1
  3799 ;; This function calls:
  3800 ;;		Nothing
  3801 ;; This function is called by:
  3802 ;;		_main
  3803 ;; This function uses a non-reentrant model
  3804 ;;
  3805                           
  3806                           	psect	text12
  3807  0022C2                     __ptext12:
  3808                           	opt stack 0
  3809  0022C2                     _init_io:
  3810                           	opt stack 29
  3811                           
  3812                           ;main.c: 103: INTCONbits.GIE = 0;
  3813                           
  3814                           ; BSR set to: 15
  3815                           ;incstack = 0
  3816  0022C2  9EF2               	bcf	intcon,7,c	;volatile
  3817                           
  3818                           ;main.c: 105: LATA = 0x00;
  3819  0022C4  0E00               	movlw	0
  3820  0022C6  6E89               	movwf	3977,c	;volatile
  3821                           
  3822                           ;main.c: 107: TRISAbits.TRISA0 = 0;
  3823  0022C8  9092               	bcf	3986,0,c	;volatile
  3824                           
  3825                           ;main.c: 108: TRISAbits.TRISA1 = 0;
  3826  0022CA  9292               	bcf	3986,1,c	;volatile
  3827                           
  3828                           ;main.c: 109: TRISAbits.TRISA2 = 0;
  3829  0022CC  9492               	bcf	3986,2,c	;volatile
  3830                           
  3831                           ;main.c: 110: TRISAbits.TRISA3 = 1;
  3832  0022CE  8692               	bsf	3986,3,c	;volatile
  3833                           
  3834                           ;main.c: 111: TRISAbits.TRISA4 = 1;
  3835  0022D0  8892               	bsf	3986,4,c	;volatile
  3836                           
  3837                           ;main.c: 112: TRISAbits.TRISA5 = 1;
  3838  0022D2  8A92               	bsf	3986,5,c	;volatile
  3839                           
  3840                           ;main.c: 113: TRISAbits.TRISA6 = 1;
  3841  0022D4  8C92               	bsf	3986,6,c	;volatile
  3842                           
  3843                           ;main.c: 114: TRISAbits.TRISA7 = 1;
  3844  0022D6  8E92               	bsf	3986,7,c	;volatile
  3845                           
  3846                           ;main.c: 117: TRISBbits.TRISB0 = 0;
  3847  0022D8  9093               	bcf	3987,0,c	;volatile
  3848                           
  3849                           ;main.c: 118: TRISBbits.TRISB1 = 0;
  3850  0022DA  9293               	bcf	3987,1,c	;volatile
  3851                           
  3852                           ;main.c: 119: TRISBbits.TRISB2 = 0;
  3853  0022DC  9493               	bcf	3987,2,c	;volatile
  3854                           
  3855                           ;main.c: 120: TRISBbits.TRISB3 = 0;
  3856  0022DE  9693               	bcf	3987,3,c	;volatile
  3857                           
  3858                           ;main.c: 121: TRISBbits.TRISB4 = 0;
  3859  0022E0  9893               	bcf	3987,4,c	;volatile
  3860                           
  3861                           ;main.c: 122: TRISBbits.TRISB5 = 0;
  3862  0022E2  9A93               	bcf	3987,5,c	;volatile
  3863                           
  3864                           ;main.c: 123: TRISBbits.TRISB6 = 0;
  3865  0022E4  9C93               	bcf	3987,6,c	;volatile
  3866                           
  3867                           ;main.c: 124: TRISBbits.TRISB7 = 1;
  3868  0022E6  8E93               	bsf	3987,7,c	;volatile
  3869                           
  3870                           ;main.c: 126: LATC = 0x00;
  3871  0022E8  0E00               	movlw	0
  3872  0022EA  6E8B               	movwf	3979,c	;volatile
  3873                           
  3874                           ;main.c: 128: TRISCbits.TRISC0 = 0;
  3875  0022EC  9094               	bcf	3988,0,c	;volatile
  3876                           
  3877                           ;main.c: 129: TRISCbits.TRISC1 = 0;
  3878  0022EE  9294               	bcf	3988,1,c	;volatile
  3879                           
  3880                           ;main.c: 130: TRISCbits.TRISC2 = 0;
  3881  0022F0  9494               	bcf	3988,2,c	;volatile
  3882                           
  3883                           ;main.c: 131: TRISCbits.TRISC3 = 1;
  3884  0022F2  8694               	bsf	3988,3,c	;volatile
  3885                           
  3886                           ;main.c: 132: TRISCbits.TRISC4 = 1;
  3887  0022F4  8894               	bsf	3988,4,c	;volatile
  3888                           
  3889                           ;main.c: 133: TRISCbits.TRISC5 = 1;
  3890  0022F6  8A94               	bsf	3988,5,c	;volatile
  3891                           
  3892                           ;main.c: 134: TRISCbits.TRISC6 = 1;
  3893  0022F8  8C94               	bsf	3988,6,c	;volatile
  3894                           
  3895                           ;main.c: 135: TRISCbits.TRISC7 = 1;
  3896  0022FA  8E94               	bsf	3988,7,c	;volatile
  3897                           
  3898                           ;main.c: 137: ADCON0 = 0b00000000;
  3899  0022FC  0E00               	movlw	0
  3900  0022FE  6EC2               	movwf	4034,c	;volatile
  3901                           
  3902                           ;main.c: 138: ADCON1 = 0b00000000;
  3903  002300  0E00               	movlw	0
  3904  002302  6EC1               	movwf	4033,c	;volatile
  3905                           
  3906                           ;main.c: 140: ANSELA = 0x00;
  3907  002304  0E00               	movlw	0
  3908  002306  010F               	movlb	15	; () banked
  3909  002308  6F38               	movwf	56,b	;volatile
  3910                           
  3911                           ;main.c: 141: ANSELB = 0x00;
  3912  00230A  0E00               	movlw	0
  3913  00230C  010F               	movlb	15	; () banked
  3914  00230E  6F39               	movwf	57,b	;volatile
  3915                           
  3916                           ;main.c: 142: ANSELC = 0x00;
  3917  002310  0E00               	movlw	0
  3918  002312  010F               	movlb	15	; () banked
  3919  002314  6F3A               	movwf	58,b	;volatile
  3920                           
  3921                           ; BSR set to: 15
  3922  002316  0012               	return	
  3923  002318                     __end_of_init_io:
  3924                           	opt stack 0
  3925                           tblptru	equ	0xFF8
  3926                           tblptrh	equ	0xFF7
  3927                           tblptrl	equ	0xFF6
  3928                           tablat	equ	0xFF5
  3929                           intcon	equ	0xFF2
  3930                           postinc0	equ	0xFEE
  3931                           wreg	equ	0xFE8
  3932                           indf1	equ	0xFE7
  3933                           postdec1	equ	0xFE5
  3934                           fsr1h	equ	0xFE2
  3935                           fsr1l	equ	0xFE1
  3936                           indf2	equ	0xFDF
  3937                           fsr2h	equ	0xFDA
  3938                           fsr2l	equ	0xFD9
  3939                           status	equ	0xFD8
  3940                           
  3941 ;; *************** function _gettime *****************
  3942 ;; Defined at:
  3943 ;;		line 666 in file "main.c"
  3944 ;; Parameters:    Size  Location     Type
  3945 ;;		None
  3946 ;; Auto vars:     Size  Location     Type
  3947 ;;		None
  3948 ;; Return value:  Size  Location     Type
  3949 ;;		None               void
  3950 ;; Registers used:
  3951 ;;		wreg, fsr1l, fsr1h, fsr2l, fsr2h, status,2, status,0, tblptrl, tblptrh, tblptru, prodl, prodh, cstack
  3952 ;; Tracked objects:
  3953 ;;		On entry : 0/0
  3954 ;;		On exit  : 0/0
  3955 ;;		Unchanged: 0/0
  3956 ;; Data sizes:     COMRAM   BANK0   BANK1   BANK2   BANK3   BANK4   BANK5   BANK6   BANK7   BANK8   BANK9  BANK10  BANK1
      +1  BANK12  BANK13  BANK14  BANK15
  3957 ;;      Params:         0       0       0       0       0       0       0       0       0       0       0       0       
      +0       0       0       0       0
  3958 ;;      Locals:         0       0       0       0       0       0       0       0       0       0       0       0       
      +0       0       0       0       0
  3959 ;;      Temps:          0       0       0       0       0       0       0       0       0       0       0       0       
      +0       0       0       0       0
  3960 ;;      Totals:         0       0       0       0       0       0       0       0       0       0       0       0       
      +0       0       0       0       0
  3961 ;;Total ram usage:        0 bytes
  3962 ;; Hardware stack levels used:    1
  3963 ;; Hardware stack levels required when called:    4
  3964 ;; This function calls:
  3965 ;;		_atoi
  3966 ;;		_get_yday
  3967 ;;		_ltoa
  3968 ;;		_uart_write
  3969 ;; This function is called by:
  3970 ;;		_main
  3971 ;; This function uses a non-reentrant model
  3972 ;;
  3973                           
  3974                           	psect	text13
  3975  001658                     __ptext13:
  3976                           	opt stack 0
  3977  001658                     _gettime:
  3978                           	opt stack 26
  3979                           
  3980                           ;main.c: 668: hourch[0] = wstr[6];
  3981                           
  3982                           ; BSR set to: 15
  3983                           ;incstack = 0
  3984  001658  C106  F0D7         	movff	_wstr+6,_hourch
  3985                           
  3986                           ;main.c: 669: hourch[1] = wstr[7];
  3987  00165C  C107  F0D8         	movff	_wstr+7,_hourch+1
  3988                           
  3989                           ;main.c: 671: minch[0] = wstr[8];
  3990  001660  C108  F0DA         	movff	_wstr+8,_minch
  3991                           
  3992                           ;main.c: 672: minch[1] = wstr[9];
  3993  001664  C109  F0DB         	movff	_wstr+9,_minch+1
  3994                           
  3995                           ;main.c: 674: secch[0] = wstr[10];
  3996  001668  C10A  F0E0         	movff	_wstr+10,_secch
  3997                           
  3998                           ;main.c: 675: secch[1] = wstr[11];
  3999  00166C  C10B  F0E1         	movff	_wstr+11,_secch+1
  4000                           
  4001                           ;main.c: 677: daych[0] = wstr[56];
  4002  001670  C138  F0D4         	movff	_wstr+56,_daych
  4003                           
  4004                           ;main.c: 678: daych[1] = wstr[57];
  4005  001674  C139  F0D5         	movff	_wstr+57,_daych+1
  4006                           
  4007                           ;main.c: 680: monthch[0] = wstr[58];
  4008  001678  C13A  F0DD         	movff	_wstr+58,_monthch
  4009                           
  4010                           ;main.c: 681: monthch[1] = wstr[59];
  4011  00167C  C13B  F0DE         	movff	_wstr+59,_monthch+1
  4012                           
  4013                           ;main.c: 683: yearch[0] = wstr[60];
  4014  001680  C13C  F0E3         	movff	_wstr+60,_yearch
  4015                           
  4016                           ;main.c: 684: yearch[1] = wstr[61];
  4017  001684  C13D  F0E4         	movff	_wstr+61,_yearch+1
  4018                           
  4019                           ;main.c: 686: uart_write(wstr);
  4020  001688  0101               	movlb	1	; () banked
  4021  00168A  0E01               	movlw	high _wstr
  4022  00168C  6E13               	movwf	uart_write@txt+1,c
  4023  00168E  0101               	movlb	1	; () banked
  4024  001690  0E00               	movlw	low _wstr
  4025  001692  6E12               	movwf	uart_write@txt,c
  4026  001694  EC07  F011         	call	_uart_write	;wreg free
  4027                           
  4028                           ;main.c: 688: uart_write(" ");
  4029  001698  0E10               	movlw	high STR_2
  4030  00169A  6E13               	movwf	uart_write@txt+1,c
  4031  00169C  0E43               	movlw	low STR_2
  4032  00169E  6E12               	movwf	uart_write@txt,c
  4033  0016A0  EC07  F011         	call	_uart_write	;wreg free
  4034                           
  4035                           ;main.c: 690: hourint = atoi(hourch);
  4036  0016A4  0100               	movlb	0	; () banked
  4037  0016A6  0E00               	movlw	high _hourch
  4038  0016A8  6E17               	movwf	atoi@s+1,c
  4039  0016AA  0100               	movlb	0	; () banked
  4040  0016AC  0ED7               	movlw	low _hourch
  4041  0016AE  6E16               	movwf	atoi@s,c
  4042  0016B0  ECAF  F00E         	call	_atoi	;wreg free
  4043  0016B4  C016  F035         	movff	?_atoi,_hourint
  4044  0016B8  C017  F036         	movff	?_atoi+1,_hourint+1
  4045                           
  4046                           ;main.c: 691: minuteint = atoi(minch);
  4047  0016BC  0100               	movlb	0	; () banked
  4048  0016BE  0E00               	movlw	high _minch
  4049  0016C0  6E17               	movwf	atoi@s+1,c
  4050  0016C2  0100               	movlb	0	; () banked
  4051  0016C4  0EDA               	movlw	low _minch
  4052  0016C6  6E16               	movwf	atoi@s,c
  4053  0016C8  ECAF  F00E         	call	_atoi	;wreg free
  4054  0016CC  C016  F03D         	movff	?_atoi,_minuteint
  4055  0016D0  C017  F03E         	movff	?_atoi+1,_minuteint+1
  4056                           
  4057                           ;main.c: 692: secondint= atoi(secch);
  4058  0016D4  0100               	movlb	0	; () banked
  4059  0016D6  0E00               	movlw	high _secch
  4060  0016D8  6E17               	movwf	atoi@s+1,c
  4061  0016DA  0100               	movlb	0	; () banked
  4062  0016DC  0EE0               	movlw	low _secch
  4063  0016DE  6E16               	movwf	atoi@s,c
  4064  0016E0  ECAF  F00E         	call	_atoi	;wreg free
  4065  0016E4  C016  F0B8         	movff	?_atoi,_secondint
  4066  0016E8  C017  F0B9         	movff	?_atoi+1,_secondint+1
  4067                           
  4068                           ;main.c: 694: dayint = atoi(daych);
  4069  0016EC  0100               	movlb	0	; () banked
  4070  0016EE  0E00               	movlw	high _daych
  4071  0016F0  6E17               	movwf	atoi@s+1,c
  4072  0016F2  0100               	movlb	0	; () banked
  4073  0016F4  0ED4               	movlw	low _daych
  4074  0016F6  6E16               	movwf	atoi@s,c
  4075  0016F8  ECAF  F00E         	call	_atoi	;wreg free
  4076  0016FC  C016  F02F         	movff	?_atoi,_dayint
  4077  001700  C017  F030         	movff	?_atoi+1,_dayint+1
  4078                           
  4079                           ;main.c: 695: monthint = atoi(monthch);
  4080  001704  0100               	movlb	0	; () banked
  4081  001706  0E00               	movlw	high _monthch
  4082  001708  6E17               	movwf	atoi@s+1,c
  4083  00170A  0100               	movlb	0	; () banked
  4084  00170C  0EDD               	movlw	low _monthch
  4085  00170E  6E16               	movwf	atoi@s,c
  4086  001710  ECAF  F00E         	call	_atoi	;wreg free
  4087  001714  C016  F041         	movff	?_atoi,_monthint
  4088  001718  C017  F042         	movff	?_atoi+1,_monthint+1
  4089                           
  4090                           ;main.c: 696: yearint = atoi(yearch);
  4091  00171C  0100               	movlb	0	; () banked
  4092  00171E  0E00               	movlw	high _yearch
  4093  001720  6E17               	movwf	atoi@s+1,c
  4094  001722  0100               	movlb	0	; () banked
  4095  001724  0EE3               	movlw	low _yearch
  4096  001726  6E16               	movwf	atoi@s,c
  4097  001728  ECAF  F00E         	call	_atoi	;wreg free
  4098  00172C  C016  F04B         	movff	?_atoi,_yearint
  4099  001730  C017  F04C         	movff	?_atoi+1,_yearint+1
  4100                           
  4101                           ;main.c: 698: year4int = yearint + 2000;
  4102  001734  0ED0               	movlw	208
  4103  001736  244B               	addwf	_yearint,w,c
  4104  001738  0100               	movlb	0	; () banked
  4105  00173A  6FBA               	movwf	_year4int& (0+255),b
  4106  00173C  0E07               	movlw	7
  4107  00173E  204C               	addwfc	_yearint+1,w,c
  4108  001740  0100               	movlb	0	; () banked
  4109  001742  6FBB               	movwf	(_year4int+1)& (0+255),b
  4110                           
  4111                           ; BSR set to: 0
  4112                           ;main.c: 700: doy = get_yday(monthint, dayint, yearint);
  4113  001744  C041  F01B         	movff	_monthint,get_yday@mon
  4114  001748  C042  F01C         	movff	_monthint+1,get_yday@mon+1
  4115  00174C  C02F  F01D         	movff	_dayint,get_yday@day
  4116  001750  C030  F01E         	movff	_dayint+1,get_yday@day+1
  4117  001754  C04B  F01F         	movff	_yearint,get_yday@year
  4118  001758  C04C  F020         	movff	_yearint+1,get_yday@year+1
  4119  00175C  EC68  F010         	call	_get_yday	;wreg free
  4120  001760  C01B  F02B         	movff	?_get_yday,_doy
  4121  001764  C01C  F02C         	movff	?_get_yday+1,_doy+1
  4122  001768  0E00               	movlw	0
  4123  00176A  BE2C               	btfsc	_doy+1,7,c
  4124  00176C  0EFF               	movlw	-1
  4125  00176E  6E2D               	movwf	_doy+2,c
  4126  001770  6E2E               	movwf	_doy+3,c
  4127                           
  4128                           ;main.c: 702: ltoa(doych,doy,10);
  4129  001772  0100               	movlb	0	; () banked
  4130  001774  0E00               	movlw	high _doych
  4131  001776  0100               	movlb	0	; () banked
  4132  001778  6FEC               	movwf	(ltoa@buf+1)& (0+255),b
  4133  00177A  0100               	movlb	0	; () banked
  4134  00177C  0ECC               	movlw	low _doych
  4135  00177E  0100               	movlb	0	; () banked
  4136  001780  6FEB               	movwf	ltoa@buf& (0+255),b
  4137  001782  C02B  F0ED         	movff	_doy,ltoa@val
  4138  001786  C02C  F0EE         	movff	_doy+1,ltoa@val+1
  4139  00178A  C02D  F0EF         	movff	_doy+2,ltoa@val+2
  4140  00178E  C02E  F0F0         	movff	_doy+3,ltoa@val+3
  4141  001792  0E00               	movlw	0
  4142  001794  0100               	movlb	0	; () banked
  4143  001796  6FF2               	movwf	(ltoa@base+1)& (0+255),b
  4144  001798  0E0A               	movlw	10
  4145  00179A  0100               	movlb	0	; () banked
  4146  00179C  6FF1               	movwf	ltoa@base& (0+255),b
  4147  00179E  EC5C  F00F         	call	_ltoa	;wreg free
  4148                           
  4149                           ;main.c: 704: uart_write(doych);
  4150  0017A2  0100               	movlb	0	; () banked
  4151  0017A4  0E00               	movlw	high _doych
  4152  0017A6  6E13               	movwf	uart_write@txt+1,c
  4153  0017A8  0100               	movlb	0	; () banked
  4154  0017AA  0ECC               	movlw	low _doych
  4155  0017AC  6E12               	movwf	uart_write@txt,c
  4156  0017AE  EC07  F011         	call	_uart_write	;wreg free
  4157                           
  4158                           ;main.c: 706: uart_write("\r");
  4159  0017B2  0E10               	movlw	high STR_3
  4160  0017B4  6E13               	movwf	uart_write@txt+1,c
  4161  0017B6  0E41               	movlw	low STR_3
  4162  0017B8  6E12               	movwf	uart_write@txt,c
  4163  0017BA  EC07  F011         	call	_uart_write	;wreg free
  4164  0017BE  0012               	return	
  4165  0017C0                     __end_of_gettime:
  4166                           	opt stack 0
  4167                           tblptru	equ	0xFF8
  4168                           tblptrh	equ	0xFF7
  4169                           tblptrl	equ	0xFF6
  4170                           tablat	equ	0xFF5
  4171                           intcon	equ	0xFF2
  4172                           postinc0	equ	0xFEE
  4173                           wreg	equ	0xFE8
  4174                           indf1	equ	0xFE7
  4175                           postdec1	equ	0xFE5
  4176                           fsr1h	equ	0xFE2
  4177                           fsr1l	equ	0xFE1
  4178                           indf2	equ	0xFDF
  4179                           fsr2h	equ	0xFDA
  4180                           fsr2l	equ	0xFD9
  4181                           status	equ	0xFD8
  4182                           
  4183 ;; *************** function _uart_write *****************
  4184 ;; Defined at:
  4185 ;;		line 150 in file "main.c"
  4186 ;; Parameters:    Size  Location     Type
  4187 ;;  txt             2   17[COMRAM] PTR const unsigned char 
  4188 ;;		 -> STR_3(2), doych(8), STR_2(2), wstr(120), 
  4189 ;;		 -> STR_1(6), 
  4190 ;; Auto vars:     Size  Location     Type
  4191 ;;		None
  4192 ;; Return value:  Size  Location     Type
  4193 ;;		None               void
  4194 ;; Registers used:
  4195 ;;		wreg, fsr1l, fsr1h, status,2, status,0, tblptrl, tblptrh, tblptru, cstack
  4196 ;; Tracked objects:
  4197 ;;		On entry : 0/0
  4198 ;;		On exit  : 0/0
  4199 ;;		Unchanged: 0/0
  4200 ;; Data sizes:     COMRAM   BANK0   BANK1   BANK2   BANK3   BANK4   BANK5   BANK6   BANK7   BANK8   BANK9  BANK10  BANK1
      +1  BANK12  BANK13  BANK14  BANK15
  4201 ;;      Params:         2       0       0       0       0       0       0       0       0       0       0       0       
      +0       0       0       0       0
  4202 ;;      Locals:         0       0       0       0       0       0       0       0       0       0       0       0       
      +0       0       0       0       0
  4203 ;;      Temps:          1       0       0       0       0       0       0       0       0       0       0       0       
      +0       0       0       0       0
  4204 ;;      Totals:         3       0       0       0       0       0       0       0       0       0       0       0       
      +0       0       0       0       0
  4205 ;;Total ram usage:        3 bytes
  4206 ;; Hardware stack levels used:    1
  4207 ;; Hardware stack levels required when called:    2
  4208 ;; This function calls:
  4209 ;;		_uart_xmit
  4210 ;; This function is called by:
  4211 ;;		_serial_init
  4212 ;;		_gettime
  4213 ;; This function uses a non-reentrant model
  4214 ;;
  4215                           
  4216                           	psect	text14
  4217  00220E                     __ptext14:
  4218                           	opt stack 0
  4219  00220E                     _uart_write:
  4220                           	opt stack 27
  4221                           
  4222                           ;main.c: 152: while(*txt != 0) uart_xmit(*txt++);
  4223                           
  4224                           ;incstack = 0
  4225  00220E  D019               	goto	l1877
  4226  002210                     l1873:
  4227  002210  C012  FFF6         	movff	uart_write@txt,tblptrl
  4228  002214  C013  FFF7         	movff	uart_write@txt+1,tblptrh
  4229  002218  0E00               	movlw	low (__smallconst shr (0+16))
  4230  00221A  6EF8               	movwf	tblptru,c
  4231  00221C  0E0F               	movlw	(high __ramtop+-1)
  4232  00221E  64F7               	cpfsgt	tblptrh,c
  4233  002220  D003               	bra	u1047
  4234  002222  0008               	tblrd		*
  4235  002224  50F5               	movf	tablat,w,c
  4236  002226  D005               	bra	u1040
  4237  002228                     u1047:
  4238  002228  CFF6 FFE1          	movff	tblptrl,fsr1l
  4239  00222C  CFF7 FFE2          	movff	tblptrh,fsr1h
  4240  002230  50E7               	movf	indf1,w,c
  4241  002232                     u1040:
  4242  002232  6E14               	movwf	??_uart_write& (0+255),c
  4243  002234  5014               	movf	??_uart_write,w,c
  4244  002236  6E10               	movwf	uart_xmit@mydata_byte,c
  4245  002238  6A11               	clrf	uart_xmit@mydata_byte+1,c
  4246  00223A  EC5B  F012         	call	_uart_xmit	;wreg free
  4247  00223E  4A12               	infsnz	uart_write@txt,f,c
  4248  002240  2A13               	incf	uart_write@txt+1,f,c
  4249  002242                     l1877:
  4250  002242  C012  FFF6         	movff	uart_write@txt,tblptrl
  4251  002246  C013  FFF7         	movff	uart_write@txt+1,tblptrh
  4252  00224A  0E00               	movlw	low (__smallconst shr (0+16))
  4253  00224C  6EF8               	movwf	tblptru,c
  4254  00224E  0E0F               	movlw	(high __ramtop+-1)
  4255  002250  64F7               	cpfsgt	tblptrh,c
  4256  002252  D003               	bra	u1057
  4257  002254  0008               	tblrd		*
  4258  002256  50F5               	movf	tablat,w,c
  4259  002258  D005               	bra	u1050
  4260  00225A                     u1057:
  4261  00225A  CFF6 FFE1          	movff	tblptrl,fsr1l
  4262  00225E  CFF7 FFE2          	movff	tblptrh,fsr1h
  4263  002262  50E7               	movf	indf1,w,c
  4264  002264                     u1050:
  4265  002264  0900               	iorlw	0
  4266  002266  B4D8               	btfsc	status,2,c
  4267  002268  0012               	return	
  4268  00226A  D7D2               	goto	l1873
  4269  00226C                     __end_of_uart_write:
  4270                           	opt stack 0
  4271                           tblptru	equ	0xFF8
  4272                           tblptrh	equ	0xFF7
  4273                           tblptrl	equ	0xFF6
  4274                           tablat	equ	0xFF5
  4275                           intcon	equ	0xFF2
  4276                           postinc0	equ	0xFEE
  4277                           wreg	equ	0xFE8
  4278                           indf1	equ	0xFE7
  4279                           postdec1	equ	0xFE5
  4280                           fsr1h	equ	0xFE2
  4281                           fsr1l	equ	0xFE1
  4282                           indf2	equ	0xFDF
  4283                           fsr2h	equ	0xFDA
  4284                           fsr2l	equ	0xFD9
  4285                           status	equ	0xFD8
  4286                           
  4287 ;; *************** function _uart_xmit *****************
  4288 ;; Defined at:
  4289 ;;		line 145 in file "main.c"
  4290 ;; Parameters:    Size  Location     Type
  4291 ;;  mydata_byte     2   15[COMRAM] unsigned int 
  4292 ;; Auto vars:     Size  Location     Type
  4293 ;;		None
  4294 ;; Return value:  Size  Location     Type
  4295 ;;		None               void
  4296 ;; Registers used:
  4297 ;;		None
  4298 ;; Tracked objects:
  4299 ;;		On entry : 0/0
  4300 ;;		On exit  : 0/0
  4301 ;;		Unchanged: 0/0
  4302 ;; Data sizes:     COMRAM   BANK0   BANK1   BANK2   BANK3   BANK4   BANK5   BANK6   BANK7   BANK8   BANK9  BANK10  BANK1
      +1  BANK12  BANK13  BANK14  BANK15
  4303 ;;      Params:         2       0       0       0       0       0       0       0       0       0       0       0       
      +0       0       0       0       0
  4304 ;;      Locals:         0       0       0       0       0       0       0       0       0       0       0       0       
      +0       0       0       0       0
  4305 ;;      Temps:          0       0       0       0       0       0       0       0       0       0       0       0       
      +0       0       0       0       0
  4306 ;;      Totals:         2       0       0       0       0       0       0       0       0       0       0       0       
      +0       0       0       0       0
  4307 ;;Total ram usage:        2 bytes
  4308 ;; Hardware stack levels used:    1
  4309 ;; Hardware stack levels required when called:    1
  4310 ;; This function calls:
  4311 ;;		Nothing
  4312 ;; This function is called by:
  4313 ;;		_uart_write
  4314 ;; This function uses a non-reentrant model
  4315 ;;
  4316                           
  4317                           	psect	text15
  4318  0024B6                     __ptext15:
  4319                           	opt stack 0
  4320  0024B6                     _uart_xmit:
  4321                           	opt stack 27
  4322  0024B6                     l218:
  4323  0024B6  A2AC               	btfss	4012,1,c	;volatile
  4324  0024B8  D7FE               	goto	l218
  4325                           
  4326                           ;main.c: 147: TXREG1 = mydata_byte;
  4327  0024BA  C010  FFAD         	movff	uart_xmit@mydata_byte,4013	;volatile
  4328  0024BE  0012               	return	
  4329  0024C0                     __end_of_uart_xmit:
  4330                           	opt stack 0
  4331                           tblptru	equ	0xFF8
  4332                           tblptrh	equ	0xFF7
  4333                           tblptrl	equ	0xFF6
  4334                           tablat	equ	0xFF5
  4335                           intcon	equ	0xFF2
  4336                           postinc0	equ	0xFEE
  4337                           wreg	equ	0xFE8
  4338                           indf1	equ	0xFE7
  4339                           postdec1	equ	0xFE5
  4340                           fsr1h	equ	0xFE2
  4341                           fsr1l	equ	0xFE1
  4342                           indf2	equ	0xFDF
  4343                           fsr2h	equ	0xFDA
  4344                           fsr2l	equ	0xFD9
  4345                           status	equ	0xFD8
  4346                           
  4347 ;; *************** function _ltoa *****************
  4348 ;; Defined at:
  4349 ;;		line 7 in file "C:\Program Files\Microchip\xc8\v1.32\sources\common\ltoa.c"
  4350 ;; Parameters:    Size  Location     Type
  4351 ;;  buf             2    5[BANK0 ] PTR unsigned char 
  4352 ;;		 -> doych(8), 
  4353 ;;  val             4    7[BANK0 ] long 
  4354 ;;  base            2   11[BANK0 ] int 
  4355 ;; Auto vars:     Size  Location     Type
  4356 ;;  cp              2   40[COMRAM] PTR unsigned char 
  4357 ;;		 -> doych(8), 
  4358 ;; Return value:  Size  Location     Type
  4359 ;;                  2    5[BANK0 ] PTR unsigned char 
  4360 ;; Registers used:
  4361 ;;		wreg, fsr2l, fsr2h, status,2, status,0, cstack
  4362 ;; Tracked objects:
  4363 ;;		On entry : 0/0
  4364 ;;		On exit  : 0/0
  4365 ;;		Unchanged: 0/0
  4366 ;; Data sizes:     COMRAM   BANK0   BANK1   BANK2   BANK3   BANK4   BANK5   BANK6   BANK7   BANK8   BANK9  BANK10  BANK1
      +1  BANK12  BANK13  BANK14  BANK15
  4367 ;;      Params:         0       8       0       0       0       0       0       0       0       0       0       0       
      +0       0       0       0       0
  4368 ;;      Locals:         2       0       0       0       0       0       0       0       0       0       0       0       
      +0       0       0       0       0
  4369 ;;      Temps:          0       0       0       0       0       0       0       0       0       0       0       0       
      +0       0       0       0       0
  4370 ;;      Totals:         2       8       0       0       0       0       0       0       0       0       0       0       
      +0       0       0       0       0
  4371 ;;Total ram usage:       10 bytes
  4372 ;; Hardware stack levels used:    1
  4373 ;; Hardware stack levels required when called:    3
  4374 ;; This function calls:
  4375 ;;		_ultoa
  4376 ;; This function is called by:
  4377 ;;		_gettime
  4378 ;; This function uses a non-reentrant model
  4379 ;;
  4380                           
  4381                           	psect	text16
  4382  001EB8                     __ptext16:
  4383                           	opt stack 0
  4384  001EB8                     _ltoa:
  4385                           	opt stack 26
  4386                           
  4387                           ;incstack = 0
  4388  001EB8  0100               	movlb	0	; () banked
  4389  001EBA  C0EC  F02A         	movff	ltoa@buf+1,ltoa@cp+1
  4390  001EBE  0100               	movlb	0	; () banked
  4391  001EC0  C0EB  F029         	movff	ltoa@buf,ltoa@cp
  4392  001EC4  0100               	movlb	0	; () banked
  4393  001EC6  51F0               	movf	(ltoa@val+3)& (0+255),w,b
  4394  001EC8  0A80               	xorlw	128
  4395  001ECA  0F80               	addlw	128
  4396  001ECC  E10B               	bnz	u1765
  4397  001ECE  0E00               	movlw	0
  4398  001ED0  0100               	movlb	0	; () banked
  4399  001ED2  5DEF               	subwf	(ltoa@val+2)& (0+255),w,b
  4400  001ED4  E107               	bnz	u1765
  4401  001ED6  0E00               	movlw	0
  4402  001ED8  0100               	movlb	0	; () banked
  4403  001EDA  5DEE               	subwf	(ltoa@val+1)& (0+255),w,b
  4404  001EDC  E103               	bnz	u1765
  4405  001EDE  0E00               	movlw	0
  4406  001EE0  0100               	movlb	0	; () banked
  4407  001EE2  5DED               	subwf	ltoa@val& (0+255),w,b
  4408  001EE4                     u1765:
  4409  001EE4  B0D8               	btfsc	status,0,c
  4410  001EE6  D018               	goto	l2545
  4411                           
  4412                           ; BSR set to: 0
  4413  001EE8  C0EB  FFD9         	movff	ltoa@buf,fsr2l
  4414  001EEC  C0EC  FFDA         	movff	ltoa@buf+1,fsr2h
  4415  001EF0  0E2D               	movlw	45
  4416  001EF2  6EDF               	movwf	indf2,c
  4417                           
  4418                           ; BSR set to: 0
  4419  001EF4  0100               	movlb	0	; () banked
  4420  001EF6  4BEB               	infsnz	ltoa@buf& (0+255),f,b
  4421  001EF8  2BEC               	incf	(ltoa@buf+1)& (0+255),f,b
  4422                           
  4423                           ; BSR set to: 0
  4424  001EFA  0100               	movlb	0	; () banked
  4425  001EFC  1FF0               	comf	(ltoa@val+3)& (0+255),f,b
  4426  001EFE  0100               	movlb	0	; () banked
  4427  001F00  1FEF               	comf	(ltoa@val+2)& (0+255),f,b
  4428  001F02  0100               	movlb	0	; () banked
  4429  001F04  1FEE               	comf	(ltoa@val+1)& (0+255),f,b
  4430  001F06  0100               	movlb	0	; () banked
  4431  001F08  6DED               	negf	ltoa@val& (0+255),b
  4432  001F0A  0E00               	movlw	0
  4433  001F0C  0100               	movlb	0	; () banked
  4434  001F0E  23EE               	addwfc	(ltoa@val+1)& (0+255),f,b
  4435  001F10  0100               	movlb	0	; () banked
  4436  001F12  23EF               	addwfc	(ltoa@val+2)& (0+255),f,b
  4437  001F14  0100               	movlb	0	; () banked
  4438  001F16  23F0               	addwfc	(ltoa@val+3)& (0+255),f,b
  4439  001F18                     l2545:
  4440                           
  4441                           ; BSR set to: 0
  4442  001F18  0100               	movlb	0	; () banked
  4443  001F1A  C0EC  F01E         	movff	ltoa@buf+1,ultoa@buf+1
  4444  001F1E  0100               	movlb	0	; () banked
  4445  001F20  C0EB  F01D         	movff	ltoa@buf,ultoa@buf
  4446  001F24  C0ED  F01F         	movff	ltoa@val,ultoa@val
  4447  001F28  C0EE  F020         	movff	ltoa@val+1,ultoa@val+1
  4448  001F2C  C0EF  F021         	movff	ltoa@val+2,ultoa@val+2
  4449  001F30  C0F0  F022         	movff	ltoa@val+3,ultoa@val+3
  4450  001F34  C0F1  F023         	movff	ltoa@base,ultoa@base
  4451  001F38  C0F2  F024         	movff	ltoa@base+1,ultoa@base+1
  4452  001F3C  EC26  F00E         	call	_ultoa	;wreg free
  4453  001F40  0012               	return	
  4454  001F42                     __end_of_ltoa:
  4455                           	opt stack 0
  4456                           tblptru	equ	0xFF8
  4457                           tblptrh	equ	0xFF7
  4458                           tblptrl	equ	0xFF6
  4459                           tablat	equ	0xFF5
  4460                           intcon	equ	0xFF2
  4461                           postinc0	equ	0xFEE
  4462                           wreg	equ	0xFE8
  4463                           indf1	equ	0xFE7
  4464                           postdec1	equ	0xFE5
  4465                           fsr1h	equ	0xFE2
  4466                           fsr1l	equ	0xFE1
  4467                           indf2	equ	0xFDF
  4468                           fsr2h	equ	0xFDA
  4469                           fsr2l	equ	0xFD9
  4470                           status	equ	0xFD8
  4471                           
  4472 ;; *************** function _ultoa *****************
  4473 ;; Defined at:
  4474 ;;		line 32 in file "C:\Program Files\Microchip\xc8\v1.32\sources\common\ltoa.c"
  4475 ;; Parameters:    Size  Location     Type
  4476 ;;  buf             2   28[COMRAM] PTR unsigned char 
  4477 ;;		 -> doych(8), 
  4478 ;;  val             4   30[COMRAM] unsigned long 
  4479 ;;  base            2   34[COMRAM] int 
  4480 ;; Auto vars:     Size  Location     Type
  4481 ;;  v               4    0[BANK0 ] unsigned long 
  4482 ;;  c               1    4[BANK0 ] unsigned char 
  4483 ;; Return value:  Size  Location     Type
  4484 ;;                  2   28[COMRAM] PTR unsigned char 
  4485 ;; Registers used:
  4486 ;;		wreg, fsr2l, fsr2h, status,2, status,0, cstack
  4487 ;; Tracked objects:
  4488 ;;		On entry : 0/0
  4489 ;;		On exit  : 0/0
  4490 ;;		Unchanged: 0/0
  4491 ;; Data sizes:     COMRAM   BANK0   BANK1   BANK2   BANK3   BANK4   BANK5   BANK6   BANK7   BANK8   BANK9  BANK10  BANK1
      +1  BANK12  BANK13  BANK14  BANK15
  4492 ;;      Params:         8       0       0       0       0       0       0       0       0       0       0       0       
      +0       0       0       0       0
  4493 ;;      Locals:         0       5       0       0       0       0       0       0       0       0       0       0       
      +0       0       0       0       0
  4494 ;;      Temps:          4       0       0       0       0       0       0       0       0       0       0       0       
      +0       0       0       0       0
  4495 ;;      Totals:        12       5       0       0       0       0       0       0       0       0       0       0       
      +0       0       0       0       0
  4496 ;;Total ram usage:       17 bytes
  4497 ;; Hardware stack levels used:    1
  4498 ;; Hardware stack levels required when called:    2
  4499 ;; This function calls:
  4500 ;;		___lldiv
  4501 ;;		___llmod
  4502 ;; This function is called by:
  4503 ;;		_ltoa
  4504 ;; This function uses a non-reentrant model
  4505 ;;
  4506                           
  4507                           	psect	text17
  4508  001C4C                     __ptext17:
  4509                           	opt stack 0
  4510  001C4C                     _ultoa:
  4511                           	opt stack 26
  4512                           
  4513                           ;incstack = 0
  4514  001C4C  C01F  F0E6         	movff	ultoa@val,ultoa@v
  4515  001C50  C020  F0E7         	movff	ultoa@val+1,ultoa@v+1
  4516  001C54  C021  F0E8         	movff	ultoa@val+2,ultoa@v+2
  4517  001C58  C022  F0E9         	movff	ultoa@val+3,ultoa@v+3
  4518  001C5C                     l2513:
  4519  001C5C  C0E6  F010         	movff	ultoa@v,___lldiv@dividend
  4520  001C60  C0E7  F011         	movff	ultoa@v+1,___lldiv@dividend+1
  4521  001C64  C0E8  F012         	movff	ultoa@v+2,___lldiv@dividend+2
  4522  001C68  C0E9  F013         	movff	ultoa@v+3,___lldiv@dividend+3
  4523  001C6C  C023  F014         	movff	ultoa@base,___lldiv@divisor
  4524  001C70  C024  F015         	movff	ultoa@base+1,___lldiv@divisor+1
  4525  001C74  0E00               	movlw	0
  4526  001C76  BE15               	btfsc	___lldiv@divisor+1,7,c
  4527  001C78  0EFF               	movlw	-1
  4528  001C7A  6E16               	movwf	___lldiv@divisor+2,c
  4529  001C7C  6E17               	movwf	___lldiv@divisor+3,c
  4530  001C7E  EC27  F010         	call	___lldiv	;wreg free
  4531  001C82  C010  F0E6         	movff	?___lldiv,ultoa@v
  4532  001C86  C011  F0E7         	movff	?___lldiv+1,ultoa@v+1
  4533  001C8A  C012  F0E8         	movff	?___lldiv+2,ultoa@v+2
  4534  001C8E  C013  F0E9         	movff	?___lldiv+3,ultoa@v+3
  4535  001C92  4A1D               	infsnz	ultoa@buf,f,c
  4536  001C94  2A1E               	incf	ultoa@buf+1,f,c
  4537  001C96  0100               	movlb	0	; () banked
  4538  001C98  51E9               	movf	(ultoa@v+3)& (0+255),w,b
  4539  001C9A  11E6               	iorwf	ultoa@v& (0+255),w,b
  4540  001C9C  11E7               	iorwf	(ultoa@v+1)& (0+255),w,b
  4541  001C9E  11E8               	iorwf	(ultoa@v+2)& (0+255),w,b
  4542  001CA0  A4D8               	btfss	status,2,c
  4543  001CA2  D7DC               	goto	l2513
  4544                           
  4545                           ; BSR set to: 0
  4546                           
  4547                           ; BSR set to: 0
  4548  001CA4  C01D  FFD9         	movff	ultoa@buf,fsr2l
  4549  001CA8  C01E  FFDA         	movff	ultoa@buf+1,fsr2h
  4550  001CAC  0E00               	movlw	0
  4551  001CAE  6EDF               	movwf	indf2,c
  4552                           
  4553                           ; BSR set to: 0
  4554  001CB0  061D               	decf	ultoa@buf,f,c
  4555  001CB2  A0D8               	btfss	status,0,c
  4556  001CB4  061E               	decf	ultoa@buf+1,f,c
  4557  001CB6                     l2523:
  4558                           
  4559                           ; BSR set to: 0
  4560  001CB6  C01F  F010         	movff	ultoa@val,___llmod@dividend
  4561  001CBA  C020  F011         	movff	ultoa@val+1,___llmod@dividend+1
  4562  001CBE  C021  F012         	movff	ultoa@val+2,___llmod@dividend+2
  4563  001CC2  C022  F013         	movff	ultoa@val+3,___llmod@dividend+3
  4564  001CC6  C023  F014         	movff	ultoa@base,___llmod@divisor
  4565  001CCA  C024  F015         	movff	ultoa@base+1,___llmod@divisor+1
  4566  001CCE  0E00               	movlw	0
  4567  001CD0  BE15               	btfsc	___llmod@divisor+1,7,c
  4568  001CD2  0EFF               	movlw	-1
  4569  001CD4  6E16               	movwf	___llmod@divisor+2,c
  4570  001CD6  6E17               	movwf	___llmod@divisor+3,c
  4571  001CD8  ECA5  F010         	call	___llmod	;wreg free
  4572  001CDC  C010  F025         	movff	?___llmod,??_ultoa
  4573  001CE0  C011  F026         	movff	?___llmod+1,??_ultoa+1
  4574  001CE4  C012  F027         	movff	?___llmod+2,??_ultoa+2
  4575  001CE8  C013  F028         	movff	?___llmod+3,??_ultoa+3
  4576  001CEC  5025               	movf	??_ultoa,w,c
  4577  001CEE  0100               	movlb	0	; () banked
  4578  001CF0  6FEA               	movwf	ultoa@c& (0+255),b
  4579                           
  4580                           ; BSR set to: 0
  4581  001CF2  C01F  F010         	movff	ultoa@val,___lldiv@dividend
  4582  001CF6  C020  F011         	movff	ultoa@val+1,___lldiv@dividend+1
  4583  001CFA  C021  F012         	movff	ultoa@val+2,___lldiv@dividend+2
  4584  001CFE  C022  F013         	movff	ultoa@val+3,___lldiv@dividend+3
  4585  001D02  C023  F014         	movff	ultoa@base,___lldiv@divisor
  4586  001D06  C024  F015         	movff	ultoa@base+1,___lldiv@divisor+1
  4587  001D0A  0E00               	movlw	0
  4588  001D0C  BE15               	btfsc	___lldiv@divisor+1,7,c
  4589  001D0E  0EFF               	movlw	-1
  4590  001D10  6E16               	movwf	___lldiv@divisor+2,c
  4591  001D12  6E17               	movwf	___lldiv@divisor+3,c
  4592  001D14  EC27  F010         	call	___lldiv	;wreg free
  4593  001D18  C010  F01F         	movff	?___lldiv,ultoa@val
  4594  001D1C  C011  F020         	movff	?___lldiv+1,ultoa@val+1
  4595  001D20  C012  F021         	movff	?___lldiv+2,ultoa@val+2
  4596  001D24  C013  F022         	movff	?___lldiv+3,ultoa@val+3
  4597  001D28  0E09               	movlw	9
  4598  001D2A  0100               	movlb	0	; () banked
  4599  001D2C  65EA               	cpfsgt	ultoa@c& (0+255),b
  4600  001D2E  D003               	goto	l875
  4601                           
  4602                           ; BSR set to: 0
  4603  001D30  0E07               	movlw	7
  4604  001D32  0100               	movlb	0	; () banked
  4605  001D34  27EA               	addwf	ultoa@c& (0+255),f,b
  4606  001D36                     l875:
  4607                           
  4608                           ; BSR set to: 0
  4609  001D36  0E30               	movlw	48
  4610  001D38  0100               	movlb	0	; () banked
  4611  001D3A  27EA               	addwf	ultoa@c& (0+255),f,b
  4612                           
  4613                           ; BSR set to: 0
  4614  001D3C  C01D  FFD9         	movff	ultoa@buf,fsr2l
  4615  001D40  C01E  FFDA         	movff	ultoa@buf+1,fsr2h
  4616  001D44  0100               	movlb	0	; () banked
  4617  001D46  C0EA  FFDF         	movff	ultoa@c,indf2
  4618                           
  4619                           ; BSR set to: 0
  4620  001D4A  061D               	decf	ultoa@buf,f,c
  4621  001D4C  A0D8               	btfss	status,0,c
  4622  001D4E  061E               	decf	ultoa@buf+1,f,c
  4623                           
  4624                           ; BSR set to: 0
  4625  001D50  5022               	movf	ultoa@val+3,w,c
  4626  001D52  101F               	iorwf	ultoa@val,w,c
  4627  001D54  1020               	iorwf	ultoa@val+1,w,c
  4628  001D56  1021               	iorwf	ultoa@val+2,w,c
  4629  001D58  B4D8               	btfsc	status,2,c
  4630                           
  4631                           ; BSR set to: 0
  4632                           
  4633                           ; BSR set to: 0
  4634                           ;	Return value of _ultoa is never used
  4635  001D5A  0012               	return	
  4636  001D5C  D7AC               	goto	l2523
  4637  001D5E                     __end_of_ultoa:
  4638                           	opt stack 0
  4639                           tblptru	equ	0xFF8
  4640                           tblptrh	equ	0xFF7
  4641                           tblptrl	equ	0xFF6
  4642                           tablat	equ	0xFF5
  4643                           intcon	equ	0xFF2
  4644                           postinc0	equ	0xFEE
  4645                           wreg	equ	0xFE8
  4646                           indf1	equ	0xFE7
  4647                           postdec1	equ	0xFE5
  4648                           fsr1h	equ	0xFE2
  4649                           fsr1l	equ	0xFE1
  4650                           indf2	equ	0xFDF
  4651                           fsr2h	equ	0xFDA
  4652                           fsr2l	equ	0xFD9
  4653                           status	equ	0xFD8
  4654                           
  4655 ;; *************** function ___llmod *****************
  4656 ;; Defined at:
  4657 ;;		line 8 in file "C:\Program Files\Microchip\xc8\v1.32\sources\common\llmod.c"
  4658 ;; Parameters:    Size  Location     Type
  4659 ;;  dividend        4   15[COMRAM] unsigned long 
  4660 ;;  divisor         4   19[COMRAM] unsigned long 
  4661 ;; Auto vars:     Size  Location     Type
  4662 ;;  counter         1   23[COMRAM] unsigned char 
  4663 ;; Return value:  Size  Location     Type
  4664 ;;                  4   15[COMRAM] unsigned long 
  4665 ;; Registers used:
  4666 ;;		wreg, status,2, status,0
  4667 ;; Tracked objects:
  4668 ;;		On entry : 0/0
  4669 ;;		On exit  : 0/0
  4670 ;;		Unchanged: 0/0
  4671 ;; Data sizes:     COMRAM   BANK0   BANK1   BANK2   BANK3   BANK4   BANK5   BANK6   BANK7   BANK8   BANK9  BANK10  BANK1
      +1  BANK12  BANK13  BANK14  BANK15
  4672 ;;      Params:         8       0       0       0       0       0       0       0       0       0       0       0       
      +0       0       0       0       0
  4673 ;;      Locals:         1       0       0       0       0       0       0       0       0       0       0       0       
      +0       0       0       0       0
  4674 ;;      Temps:          0       0       0       0       0       0       0       0       0       0       0       0       
      +0       0       0       0       0
  4675 ;;      Totals:         9       0       0       0       0       0       0       0       0       0       0       0       
      +0       0       0       0       0
  4676 ;;Total ram usage:        9 bytes
  4677 ;; Hardware stack levels used:    1
  4678 ;; Hardware stack levels required when called:    1
  4679 ;; This function calls:
  4680 ;;		Nothing
  4681 ;; This function is called by:
  4682 ;;		_ultoa
  4683 ;; This function uses a non-reentrant model
  4684 ;;
  4685                           
  4686                           	psect	text18
  4687  00214A                     __ptext18:
  4688                           	opt stack 0
  4689  00214A                     ___llmod:
  4690                           	opt stack 26
  4691                           
  4692                           ; BSR set to: 0
  4693                           ;incstack = 0
  4694  00214A  5017               	movf	___llmod@divisor+3,w,c
  4695  00214C  1014               	iorwf	___llmod@divisor,w,c
  4696  00214E  1015               	iorwf	___llmod@divisor+1,w,c
  4697  002150  1016               	iorwf	___llmod@divisor+2,w,c
  4698  002152  B4D8               	btfsc	status,2,c
  4699  002154  D024               	goto	l823
  4700  002156  0E01               	movlw	1
  4701  002158  6E18               	movwf	___llmod@counter,c
  4702  00215A  D006               	goto	l2501
  4703  00215C                     l2499:
  4704  00215C  90D8               	bcf	status,0,c
  4705  00215E  3614               	rlcf	___llmod@divisor,f,c
  4706  002160  3615               	rlcf	___llmod@divisor+1,f,c
  4707  002162  3616               	rlcf	___llmod@divisor+2,f,c
  4708  002164  3617               	rlcf	___llmod@divisor+3,f,c
  4709  002166  2A18               	incf	___llmod@counter,f,c
  4710  002168                     l2501:
  4711  002168  AE17               	btfss	___llmod@divisor+3,7,c
  4712  00216A  D7F8               	goto	l2499
  4713  00216C                     l2503:
  4714  00216C  5014               	movf	___llmod@divisor,w,c
  4715  00216E  5C10               	subwf	___llmod@dividend,w,c
  4716  002170  5015               	movf	___llmod@divisor+1,w,c
  4717  002172  5811               	subwfb	___llmod@dividend+1,w,c
  4718  002174  5016               	movf	___llmod@divisor+2,w,c
  4719  002176  5812               	subwfb	___llmod@dividend+2,w,c
  4720  002178  5017               	movf	___llmod@divisor+3,w,c
  4721  00217A  5813               	subwfb	___llmod@dividend+3,w,c
  4722  00217C  A0D8               	btfss	status,0,c
  4723  00217E  D008               	goto	l2507
  4724  002180  5014               	movf	___llmod@divisor,w,c
  4725  002182  5E10               	subwf	___llmod@dividend,f,c
  4726  002184  5015               	movf	___llmod@divisor+1,w,c
  4727  002186  5A11               	subwfb	___llmod@dividend+1,f,c
  4728  002188  5016               	movf	___llmod@divisor+2,w,c
  4729  00218A  5A12               	subwfb	___llmod@dividend+2,f,c
  4730  00218C  5017               	movf	___llmod@divisor+3,w,c
  4731  00218E  5A13               	subwfb	___llmod@dividend+3,f,c
  4732  002190                     l2507:
  4733  002190  90D8               	bcf	status,0,c
  4734  002192  3217               	rrcf	___llmod@divisor+3,f,c
  4735  002194  3216               	rrcf	___llmod@divisor+2,f,c
  4736  002196  3215               	rrcf	___llmod@divisor+1,f,c
  4737  002198  3214               	rrcf	___llmod@divisor,f,c
  4738  00219A  2E18               	decfsz	___llmod@counter,f,c
  4739  00219C  D7E7               	goto	l2503
  4740  00219E                     l823:
  4741  00219E  C010  F010         	movff	___llmod@dividend,?___llmod
  4742  0021A2  C011  F011         	movff	___llmod@dividend+1,?___llmod+1
  4743  0021A6  C012  F012         	movff	___llmod@dividend+2,?___llmod+2
  4744  0021AA  C013  F013         	movff	___llmod@dividend+3,?___llmod+3
  4745  0021AE  0012               	return	
  4746  0021B0                     __end_of___llmod:
  4747                           	opt stack 0
  4748                           tblptru	equ	0xFF8
  4749                           tblptrh	equ	0xFF7
  4750                           tblptrl	equ	0xFF6
  4751                           tablat	equ	0xFF5
  4752                           intcon	equ	0xFF2
  4753                           postinc0	equ	0xFEE
  4754                           wreg	equ	0xFE8
  4755                           indf1	equ	0xFE7
  4756                           postdec1	equ	0xFE5
  4757                           fsr1h	equ	0xFE2
  4758                           fsr1l	equ	0xFE1
  4759                           indf2	equ	0xFDF
  4760                           fsr2h	equ	0xFDA
  4761                           fsr2l	equ	0xFD9
  4762                           status	equ	0xFD8
  4763                           
  4764 ;; *************** function ___lldiv *****************
  4765 ;; Defined at:
  4766 ;;		line 8 in file "C:\Program Files\Microchip\xc8\v1.32\sources\common\lldiv.c"
  4767 ;; Parameters:    Size  Location     Type
  4768 ;;  dividend        4   15[COMRAM] unsigned long 
  4769 ;;  divisor         4   19[COMRAM] unsigned long 
  4770 ;; Auto vars:     Size  Location     Type
  4771 ;;  quotient        4   23[COMRAM] unsigned long 
  4772 ;;  counter         1   27[COMRAM] unsigned char 
  4773 ;; Return value:  Size  Location     Type
  4774 ;;                  4   15[COMRAM] unsigned long 
  4775 ;; Registers used:
  4776 ;;		wreg, status,2, status,0
  4777 ;; Tracked objects:
  4778 ;;		On entry : 0/0
  4779 ;;		On exit  : 0/0
  4780 ;;		Unchanged: 0/0
  4781 ;; Data sizes:     COMRAM   BANK0   BANK1   BANK2   BANK3   BANK4   BANK5   BANK6   BANK7   BANK8   BANK9  BANK10  BANK1
      +1  BANK12  BANK13  BANK14  BANK15
  4782 ;;      Params:         8       0       0       0       0       0       0       0       0       0       0       0       
      +0       0       0       0       0
  4783 ;;      Locals:         5       0       0       0       0       0       0       0       0       0       0       0       
      +0       0       0       0       0
  4784 ;;      Temps:          0       0       0       0       0       0       0       0       0       0       0       0       
      +0       0       0       0       0
  4785 ;;      Totals:        13       0       0       0       0       0       0       0       0       0       0       0       
      +0       0       0       0       0
  4786 ;;Total ram usage:       13 bytes
  4787 ;; Hardware stack levels used:    1
  4788 ;; Hardware stack levels required when called:    1
  4789 ;; This function calls:
  4790 ;;		Nothing
  4791 ;; This function is called by:
  4792 ;;		_ultoa
  4793 ;; This function uses a non-reentrant model
  4794 ;;
  4795                           
  4796                           	psect	text19
  4797  00204E                     __ptext19:
  4798                           	opt stack 0
  4799  00204E                     ___lldiv:
  4800                           	opt stack 26
  4801                           
  4802                           ;incstack = 0
  4803  00204E  0E00               	movlw	0
  4804  002050  6E18               	movwf	___lldiv@quotient,c
  4805  002052  0E00               	movlw	0
  4806  002054  6E19               	movwf	___lldiv@quotient+1,c
  4807  002056  0E00               	movlw	0
  4808  002058  6E1A               	movwf	___lldiv@quotient+2,c
  4809  00205A  0E00               	movlw	0
  4810  00205C  6E1B               	movwf	___lldiv@quotient+3,c
  4811  00205E  5017               	movf	___lldiv@divisor+3,w,c
  4812  002060  1014               	iorwf	___lldiv@divisor,w,c
  4813  002062  1015               	iorwf	___lldiv@divisor+1,w,c
  4814  002064  1016               	iorwf	___lldiv@divisor+2,w,c
  4815  002066  B4D8               	btfsc	status,2,c
  4816  002068  D02A               	goto	l813
  4817  00206A  0E01               	movlw	1
  4818  00206C  6E1C               	movwf	___lldiv@counter,c
  4819  00206E  D006               	goto	l2481
  4820  002070                     l2479:
  4821  002070  90D8               	bcf	status,0,c
  4822  002072  3614               	rlcf	___lldiv@divisor,f,c
  4823  002074  3615               	rlcf	___lldiv@divisor+1,f,c
  4824  002076  3616               	rlcf	___lldiv@divisor+2,f,c
  4825  002078  3617               	rlcf	___lldiv@divisor+3,f,c
  4826  00207A  2A1C               	incf	___lldiv@counter,f,c
  4827  00207C                     l2481:
  4828  00207C  AE17               	btfss	___lldiv@divisor+3,7,c
  4829  00207E  D7F8               	goto	l2479
  4830  002080                     l2483:
  4831  002080  90D8               	bcf	status,0,c
  4832  002082  3618               	rlcf	___lldiv@quotient,f,c
  4833  002084  3619               	rlcf	___lldiv@quotient+1,f,c
  4834  002086  361A               	rlcf	___lldiv@quotient+2,f,c
  4835  002088  361B               	rlcf	___lldiv@quotient+3,f,c
  4836  00208A  5014               	movf	___lldiv@divisor,w,c
  4837  00208C  5C10               	subwf	___lldiv@dividend,w,c
  4838  00208E  5015               	movf	___lldiv@divisor+1,w,c
  4839  002090  5811               	subwfb	___lldiv@dividend+1,w,c
  4840  002092  5016               	movf	___lldiv@divisor+2,w,c
  4841  002094  5812               	subwfb	___lldiv@dividend+2,w,c
  4842  002096  5017               	movf	___lldiv@divisor+3,w,c
  4843  002098  5813               	subwfb	___lldiv@dividend+3,w,c
  4844  00209A  A0D8               	btfss	status,0,c
  4845  00209C  D009               	goto	l2491
  4846  00209E  5014               	movf	___lldiv@divisor,w,c
  4847  0020A0  5E10               	subwf	___lldiv@dividend,f,c
  4848  0020A2  5015               	movf	___lldiv@divisor+1,w,c
  4849  0020A4  5A11               	subwfb	___lldiv@dividend+1,f,c
  4850  0020A6  5016               	movf	___lldiv@divisor+2,w,c
  4851  0020A8  5A12               	subwfb	___lldiv@dividend+2,f,c
  4852  0020AA  5017               	movf	___lldiv@divisor+3,w,c
  4853  0020AC  5A13               	subwfb	___lldiv@dividend+3,f,c
  4854  0020AE  8018               	bsf	___lldiv@quotient,0,c
  4855  0020B0                     l2491:
  4856  0020B0  90D8               	bcf	status,0,c
  4857  0020B2  3217               	rrcf	___lldiv@divisor+3,f,c
  4858  0020B4  3216               	rrcf	___lldiv@divisor+2,f,c
  4859  0020B6  3215               	rrcf	___lldiv@divisor+1,f,c
  4860  0020B8  3214               	rrcf	___lldiv@divisor,f,c
  4861  0020BA  2E1C               	decfsz	___lldiv@counter,f,c
  4862  0020BC  D7E1               	goto	l2483
  4863  0020BE                     l813:
  4864  0020BE  C018  F010         	movff	___lldiv@quotient,?___lldiv
  4865  0020C2  C019  F011         	movff	___lldiv@quotient+1,?___lldiv+1
  4866  0020C6  C01A  F012         	movff	___lldiv@quotient+2,?___lldiv+2
  4867  0020CA  C01B  F013         	movff	___lldiv@quotient+3,?___lldiv+3
  4868  0020CE  0012               	return	
  4869  0020D0                     __end_of___lldiv:
  4870                           	opt stack 0
  4871                           tblptru	equ	0xFF8
  4872                           tblptrh	equ	0xFF7
  4873                           tblptrl	equ	0xFF6
  4874                           tablat	equ	0xFF5
  4875                           intcon	equ	0xFF2
  4876                           postinc0	equ	0xFEE
  4877                           wreg	equ	0xFE8
  4878                           indf1	equ	0xFE7
  4879                           postdec1	equ	0xFE5
  4880                           fsr1h	equ	0xFE2
  4881                           fsr1l	equ	0xFE1
  4882                           indf2	equ	0xFDF
  4883                           fsr2h	equ	0xFDA
  4884                           fsr2l	equ	0xFD9
  4885                           status	equ	0xFD8
  4886                           
  4887 ;; *************** function _get_yday *****************
  4888 ;; Defined at:
  4889 ;;		line 247 in file "main.c"
  4890 ;; Parameters:    Size  Location     Type
  4891 ;;  mon             2   26[COMRAM] int 
  4892 ;;  day             2   28[COMRAM] int 
  4893 ;;  year            2   30[COMRAM] int 
  4894 ;; Auto vars:     Size  Location     Type
  4895 ;;  leap            2   38[COMRAM] int 
  4896 ;; Return value:  Size  Location     Type
  4897 ;;                  2   26[COMRAM] int 
  4898 ;; Registers used:
  4899 ;;		wreg, status,2, status,0, tblptrl, tblptrh, tblptru, prodl, prodh, cstack
  4900 ;; Tracked objects:
  4901 ;;		On entry : 0/0
  4902 ;;		On exit  : 0/0
  4903 ;;		Unchanged: 0/0
  4904 ;; Data sizes:     COMRAM   BANK0   BANK1   BANK2   BANK3   BANK4   BANK5   BANK6   BANK7   BANK8   BANK9  BANK10  BANK1
      +1  BANK12  BANK13  BANK14  BANK15
  4905 ;;      Params:         6       0       0       0       0       0       0       0       0       0       0       0       
      +0       0       0       0       0
  4906 ;;      Locals:         2       0       0       0       0       0       0       0       0       0       0       0       
      +0       0       0       0       0
  4907 ;;      Temps:          6       0       0       0       0       0       0       0       0       0       0       0       
      +0       0       0       0       0
  4908 ;;      Totals:        14       0       0       0       0       0       0       0       0       0       0       0       
      +0       0       0       0       0
  4909 ;;Total ram usage:       14 bytes
  4910 ;; Hardware stack levels used:    1
  4911 ;; Hardware stack levels required when called:    3
  4912 ;; This function calls:
  4913 ;;		___wmul
  4914 ;;		_yisleap
  4915 ;; This function is called by:
  4916 ;;		_gettime
  4917 ;; This function uses a non-reentrant model
  4918 ;;
  4919                           
  4920                           	psect	text20
  4921  0020D0                     __ptext20:
  4922                           	opt stack 0
  4923  0020D0                     _get_yday:
  4924                           	opt stack 26
  4925                           
  4926                           ;main.c: 250: static const int days[2][13] = {
  4927                           ;main.c: 251: {0, 0, 31, 59, 90, 120, 151, 181, 212, 243, 273, 304, 334},
  4928                           ;main.c: 252: {0, 0, 31, 60, 91, 121, 152, 182, 213, 244, 274, 305, 335}
  4929                           ;main.c: 253: };
  4930                           ;main.c: 254: int leap = yisleap(year);
  4931                           
  4932                           ;incstack = 0
  4933  0020D0  C01F  F016         	movff	get_yday@year,yisleap@year
  4934  0020D4  C020  F017         	movff	get_yday@year+1,yisleap@year+1
  4935  0020D8  ECD5  F011         	call	_yisleap	;wreg free
  4936  0020DC  C016  F027         	movff	?_yisleap,get_yday@leap
  4937  0020E0  C017  F028         	movff	?_yisleap+1,get_yday@leap+1
  4938                           
  4939                           ;main.c: 255: leapint = leap;
  4940  0020E4  C027  F03B         	movff	get_yday@leap,_leapint
  4941  0020E8  C028  F03C         	movff	get_yday@leap+1,_leapint+1
  4942                           
  4943                           ;main.c: 257: return days[leap][mon] + day;
  4944  0020EC  C01B  F021         	movff	get_yday@mon,??_get_yday
  4945  0020F0  C01C  F022         	movff	get_yday@mon+1,??_get_yday+1
  4946  0020F4  90D8               	bcf	status,0,c
  4947  0020F6  3621               	rlcf	??_get_yday,f,c
  4948  0020F8  3622               	rlcf	??_get_yday+1,f,c
  4949  0020FA  C027  F010         	movff	get_yday@leap,___wmul@multiplier
  4950  0020FE  C028  F011         	movff	get_yday@leap+1,___wmul@multiplier+1
  4951  002102  0E00               	movlw	0
  4952  002104  6E13               	movwf	___wmul@multiplicand+1,c
  4953  002106  0E1A               	movlw	26
  4954  002108  6E12               	movwf	___wmul@multiplicand,c
  4955  00210A  EC28  F012         	call	___wmul	;wreg free
  4956  00210E  0E01               	movlw	low get_yday@days
  4957  002110  6E23               	movwf	(??_get_yday+2)& (0+255),c
  4958  002112  0E10               	movlw	high get_yday@days
  4959  002114  6E24               	movwf	(??_get_yday+3)& (0+255),c
  4960  002116  5010               	movf	?___wmul,w,c
  4961  002118  2623               	addwf	??_get_yday+2,f,c
  4962  00211A  5011               	movf	?___wmul+1,w,c
  4963  00211C  2224               	addwfc	??_get_yday+3,f,c
  4964  00211E  5021               	movf	??_get_yday,w,c
  4965  002120  2623               	addwf	??_get_yday+2,f,c
  4966  002122  5022               	movf	??_get_yday+1,w,c
  4967  002124  2224               	addwfc	??_get_yday+3,f,c
  4968  002126  C023  FFF6         	movff	??_get_yday+2,tblptrl
  4969  00212A  C024  FFF7         	movff	??_get_yday+3,tblptrh
  4970  00212E                     	if	1	;Program memory is < 0x10000, tblptru is always zero
  4971  00212E  6AF8               	clrf	tblptru,c
  4972  002130                     	endif
  4973  002130                     	if	0	;tblptru may be non-zero
  4974  002130                     	endif
  4975  002130  0009               	tblrd		*+
  4976  002132  CFF5 F025          	movff	tablat,??_get_yday+4
  4977  002136  0009               	tblrd		*+
  4978  002138  CFF5 F026          	movff	tablat,??_get_yday+5
  4979  00213C  501D               	movf	get_yday@day,w,c
  4980  00213E  2425               	addwf	??_get_yday+4,w,c
  4981  002140  6E1B               	movwf	?_get_yday,c
  4982  002142  501E               	movf	get_yday@day+1,w,c
  4983  002144  2026               	addwfc	??_get_yday+5,w,c
  4984  002146  6E1C               	movwf	?_get_yday+1,c
  4985  002148  0012               	return	
  4986  00214A                     __end_of_get_yday:
  4987                           	opt stack 0
  4988                           tblptru	equ	0xFF8
  4989                           tblptrh	equ	0xFF7
  4990                           tblptrl	equ	0xFF6
  4991                           tablat	equ	0xFF5
  4992                           intcon	equ	0xFF2
  4993                           postinc0	equ	0xFEE
  4994                           wreg	equ	0xFE8
  4995                           indf1	equ	0xFE7
  4996                           postdec1	equ	0xFE5
  4997                           fsr1h	equ	0xFE2
  4998                           fsr1l	equ	0xFE1
  4999                           indf2	equ	0xFDF
  5000                           fsr2h	equ	0xFDA
  5001                           fsr2l	equ	0xFD9
  5002                           status	equ	0xFD8
  5003                           
  5004 ;; *************** function _yisleap *****************
  5005 ;; Defined at:
  5006 ;;		line 242 in file "main.c"
  5007 ;; Parameters:    Size  Location     Type
  5008 ;;  year            2   21[COMRAM] int 
  5009 ;; Auto vars:     Size  Location     Type
  5010 ;;		None
  5011 ;; Return value:  Size  Location     Type
  5012 ;;                  2   21[COMRAM] int 
  5013 ;; Registers used:
  5014 ;;		wreg, status,2, status,0, prodl, cstack
  5015 ;; Tracked objects:
  5016 ;;		On entry : 0/0
  5017 ;;		On exit  : 0/0
  5018 ;;		Unchanged: 0/0
  5019 ;; Data sizes:     COMRAM   BANK0   BANK1   BANK2   BANK3   BANK4   BANK5   BANK6   BANK7   BANK8   BANK9  BANK10  BANK1
      +1  BANK12  BANK13  BANK14  BANK15
  5020 ;;      Params:         2       0       0       0       0       0       0       0       0       0       0       0       
      +0       0       0       0       0
  5021 ;;      Locals:         1       0       0       0       0       0       0       0       0       0       0       0       
      +0       0       0       0       0
  5022 ;;      Temps:          2       0       0       0       0       0       0       0       0       0       0       0       
      +0       0       0       0       0
  5023 ;;      Totals:         5       0       0       0       0       0       0       0       0       0       0       0       
      +0       0       0       0       0
  5024 ;;Total ram usage:        5 bytes
  5025 ;; Hardware stack levels used:    1
  5026 ;; Hardware stack levels required when called:    2
  5027 ;; This function calls:
  5028 ;;		___awmod
  5029 ;; This function is called by:
  5030 ;;		_get_yday
  5031 ;; This function uses a non-reentrant model
  5032 ;;
  5033                           
  5034                           	psect	text21
  5035  0023AA                     __ptext21:
  5036                           	opt stack 0
  5037  0023AA                     _yisleap:
  5038                           	opt stack 26
  5039                           
  5040                           ;main.c: 244: return (year % 4 == 0 && year % 100 != 0);
  5041                           
  5042                           ;incstack = 0
  5043  0023AA  0E00               	movlw	0
  5044  0023AC  6E1A               	movwf	_yisleap$1062,c
  5045  0023AE  0E03               	movlw	3
  5046  0023B0  1416               	andwf	yisleap@year,w,c
  5047  0023B2  6E18               	movwf	??_yisleap& (0+255),c
  5048  0023B4  0E00               	movlw	0
  5049  0023B6  1417               	andwf	yisleap@year+1,w,c
  5050  0023B8  6E19               	movwf	(??_yisleap+1)& (0+255),c
  5051  0023BA  5019               	movf	??_yisleap+1,w,c
  5052  0023BC  1018               	iorwf	??_yisleap,w,c
  5053  0023BE  A4D8               	btfss	status,2,c
  5054  0023C0  D010               	goto	l1823
  5055  0023C2  C016  F010         	movff	yisleap@year,___awmod@dividend
  5056  0023C6  C017  F011         	movff	yisleap@year+1,___awmod@dividend+1
  5057  0023CA  0E00               	movlw	0
  5058  0023CC  6E13               	movwf	___awmod@divisor+1,c
  5059  0023CE  0E64               	movlw	100
  5060  0023D0  6E12               	movwf	___awmod@divisor,c
  5061  0023D2  EC14  F00F         	call	___awmod	;wreg free
  5062  0023D6  5011               	movf	?___awmod+1,w,c
  5063  0023D8  1010               	iorwf	?___awmod,w,c
  5064  0023DA  B4D8               	btfsc	status,2,c
  5065  0023DC  D002               	goto	l1823
  5066  0023DE  0E01               	movlw	1
  5067  0023E0  6E1A               	movwf	_yisleap$1062,c
  5068  0023E2                     l1823:
  5069  0023E2  C01A  F016         	movff	_yisleap$1062,?_yisleap
  5070  0023E6  6A17               	clrf	?_yisleap+1,c
  5071  0023E8  0012               	return	
  5072  0023EA                     __end_of_yisleap:
  5073                           	opt stack 0
  5074                           tblptru	equ	0xFF8
  5075                           tblptrh	equ	0xFF7
  5076                           tblptrl	equ	0xFF6
  5077                           tablat	equ	0xFF5
  5078                           intcon	equ	0xFF2
  5079                           postinc0	equ	0xFEE
  5080                           wreg	equ	0xFE8
  5081                           indf1	equ	0xFE7
  5082                           postdec1	equ	0xFE5
  5083                           fsr1h	equ	0xFE2
  5084                           fsr1l	equ	0xFE1
  5085                           indf2	equ	0xFDF
  5086                           fsr2h	equ	0xFDA
  5087                           fsr2l	equ	0xFD9
  5088                           status	equ	0xFD8
  5089                           
  5090 ;; *************** function ___awmod *****************
  5091 ;; Defined at:
  5092 ;;		line 8 in file "C:\Program Files\Microchip\xc8\v1.32\sources\common\awmod.c"
  5093 ;; Parameters:    Size  Location     Type
  5094 ;;  dividend        2   15[COMRAM] int 
  5095 ;;  divisor         2   17[COMRAM] int 
  5096 ;; Auto vars:     Size  Location     Type
  5097 ;;  sign            1   20[COMRAM] unsigned char 
  5098 ;;  counter         1   19[COMRAM] unsigned char 
  5099 ;; Return value:  Size  Location     Type
  5100 ;;                  2   15[COMRAM] int 
  5101 ;; Registers used:
  5102 ;;		wreg, status,2, status,0, prodl
  5103 ;; Tracked objects:
  5104 ;;		On entry : 0/0
  5105 ;;		On exit  : 0/0
  5106 ;;		Unchanged: 0/0
  5107 ;; Data sizes:     COMRAM   BANK0   BANK1   BANK2   BANK3   BANK4   BANK5   BANK6   BANK7   BANK8   BANK9  BANK10  BANK1
      +1  BANK12  BANK13  BANK14  BANK15
  5108 ;;      Params:         4       0       0       0       0       0       0       0       0       0       0       0       
      +0       0       0       0       0
  5109 ;;      Locals:         2       0       0       0       0       0       0       0       0       0       0       0       
      +0       0       0       0       0
  5110 ;;      Temps:          0       0       0       0       0       0       0       0       0       0       0       0       
      +0       0       0       0       0
  5111 ;;      Totals:         6       0       0       0       0       0       0       0       0       0       0       0       
      +0       0       0       0       0
  5112 ;;Total ram usage:        6 bytes
  5113 ;; Hardware stack levels used:    1
  5114 ;; Hardware stack levels required when called:    1
  5115 ;; This function calls:
  5116 ;;		Nothing
  5117 ;; This function is called by:
  5118 ;;		_yisleap
  5119 ;; This function uses a non-reentrant model
  5120 ;;
  5121                           
  5122                           	psect	text22
  5123  001E28                     __ptext22:
  5124                           	opt stack 0
  5125  001E28                     ___awmod:
  5126                           	opt stack 26
  5127                           
  5128                           ;incstack = 0
  5129  001E28  0E00               	movlw	0
  5130  001E2A  6E15               	movwf	___awmod@sign,c
  5131  001E2C  5011               	movf	___awmod@dividend+1,w,c
  5132  001E2E  0A80               	xorlw	128
  5133  001E30  6EF3               	movwf	prodl,c
  5134  001E32  0E80               	movlw	128
  5135  001E34  5CF3               	subwf	prodl,w,c
  5136  001E36  0E00               	movlw	0
  5137  001E38  B4D8               	btfsc	status,2,c
  5138  001E3A  5C10               	subwf	___awmod@dividend,w,c
  5139  001E3C  B0D8               	btfsc	status,0,c
  5140  001E3E  D006               	goto	l1747
  5141  001E40  6C10               	negf	___awmod@dividend,c
  5142  001E42  1E11               	comf	___awmod@dividend+1,f,c
  5143  001E44  B0D8               	btfsc	status,0,c
  5144  001E46  2A11               	incf	___awmod@dividend+1,f,c
  5145  001E48  0E01               	movlw	1
  5146  001E4A  6E15               	movwf	___awmod@sign,c
  5147  001E4C                     l1747:
  5148  001E4C  5013               	movf	___awmod@divisor+1,w,c
  5149  001E4E  0A80               	xorlw	128
  5150  001E50  6EF3               	movwf	prodl,c
  5151  001E52  0E80               	movlw	128
  5152  001E54  5CF3               	subwf	prodl,w,c
  5153  001E56  0E00               	movlw	0
  5154  001E58  B4D8               	btfsc	status,2,c
  5155  001E5A  5C12               	subwf	___awmod@divisor,w,c
  5156  001E5C  B0D8               	btfsc	status,0,c
  5157  001E5E  D004               	goto	l1751
  5158  001E60  6C12               	negf	___awmod@divisor,c
  5159  001E62  1E13               	comf	___awmod@divisor+1,f,c
  5160  001E64  B0D8               	btfsc	status,0,c
  5161  001E66  2A13               	incf	___awmod@divisor+1,f,c
  5162  001E68                     l1751:
  5163  001E68  5013               	movf	___awmod@divisor+1,w,c
  5164  001E6A  1012               	iorwf	___awmod@divisor,w,c
  5165  001E6C  B4D8               	btfsc	status,2,c
  5166  001E6E  D018               	goto	l1767
  5167  001E70  0E01               	movlw	1
  5168  001E72  6E14               	movwf	___awmod@counter,c
  5169  001E74  D004               	goto	l1757
  5170  001E76                     l1755:
  5171  001E76  90D8               	bcf	status,0,c
  5172  001E78  3612               	rlcf	___awmod@divisor,f,c
  5173  001E7A  3613               	rlcf	___awmod@divisor+1,f,c
  5174  001E7C  2A14               	incf	___awmod@counter,f,c
  5175  001E7E                     l1757:
  5176  001E7E  AE13               	btfss	___awmod@divisor+1,7,c
  5177  001E80  D7FA               	goto	l1755
  5178  001E82                     l1759:
  5179  001E82  5012               	movf	___awmod@divisor,w,c
  5180  001E84  5C10               	subwf	___awmod@dividend,w,c
  5181  001E86  5013               	movf	___awmod@divisor+1,w,c
  5182  001E88  5811               	subwfb	___awmod@dividend+1,w,c
  5183  001E8A  A0D8               	btfss	status,0,c
  5184  001E8C  D004               	goto	l1763
  5185  001E8E  5012               	movf	___awmod@divisor,w,c
  5186  001E90  5E10               	subwf	___awmod@dividend,f,c
  5187  001E92  5013               	movf	___awmod@divisor+1,w,c
  5188  001E94  5A11               	subwfb	___awmod@dividend+1,f,c
  5189  001E96                     l1763:
  5190  001E96  90D8               	bcf	status,0,c
  5191  001E98  3213               	rrcf	___awmod@divisor+1,f,c
  5192  001E9A  3212               	rrcf	___awmod@divisor,f,c
  5193  001E9C  2E14               	decfsz	___awmod@counter,f,c
  5194  001E9E  D7F1               	goto	l1759
  5195  001EA0                     l1767:
  5196  001EA0  5015               	movf	___awmod@sign,w,c
  5197  001EA2  B4D8               	btfsc	status,2,c
  5198  001EA4  D004               	goto	l1771
  5199  001EA6  6C10               	negf	___awmod@dividend,c
  5200  001EA8  1E11               	comf	___awmod@dividend+1,f,c
  5201  001EAA  B0D8               	btfsc	status,0,c
  5202  001EAC  2A11               	incf	___awmod@dividend+1,f,c
  5203  001EAE                     l1771:
  5204  001EAE  C010  F010         	movff	___awmod@dividend,?___awmod
  5205  001EB2  C011  F011         	movff	___awmod@dividend+1,?___awmod+1
  5206  001EB6  0012               	return	
  5207  001EB8                     __end_of___awmod:
  5208                           	opt stack 0
  5209                           tblptru	equ	0xFF8
  5210                           tblptrh	equ	0xFF7
  5211                           tblptrl	equ	0xFF6
  5212                           tablat	equ	0xFF5
  5213                           prodl	equ	0xFF3
  5214                           intcon	equ	0xFF2
  5215                           postinc0	equ	0xFEE
  5216                           wreg	equ	0xFE8
  5217                           indf1	equ	0xFE7
  5218                           postdec1	equ	0xFE5
  5219                           fsr1h	equ	0xFE2
  5220                           fsr1l	equ	0xFE1
  5221                           indf2	equ	0xFDF
  5222                           fsr2h	equ	0xFDA
  5223                           fsr2l	equ	0xFD9
  5224                           status	equ	0xFD8
  5225                           
  5226 ;; *************** function _atoi *****************
  5227 ;; Defined at:
  5228 ;;		line 5 in file "C:\Program Files\Microchip\xc8\v1.32\sources\common\atoi.c"
  5229 ;; Parameters:    Size  Location     Type
  5230 ;;  s               2   21[COMRAM] PTR const unsigned char 
  5231 ;;		 -> yearch(3), monthch(3), daych(3), secch(3), 
  5232 ;;		 -> minch(3), hourch(3), 
  5233 ;; Auto vars:     Size  Location     Type
  5234 ;;  a               2   26[COMRAM] int 
  5235 ;;  sign            1   25[COMRAM] unsigned char 
  5236 ;; Return value:  Size  Location     Type
  5237 ;;                  2   21[COMRAM] int 
  5238 ;; Registers used:
  5239 ;;		wreg, fsr2l, fsr2h, status,2, status,0, prodl, prodh, cstack
  5240 ;; Tracked objects:
  5241 ;;		On entry : 0/0
  5242 ;;		On exit  : 0/0
  5243 ;;		Unchanged: 0/0
  5244 ;; Data sizes:     COMRAM   BANK0   BANK1   BANK2   BANK3   BANK4   BANK5   BANK6   BANK7   BANK8   BANK9  BANK10  BANK1
      +1  BANK12  BANK13  BANK14  BANK15
  5245 ;;      Params:         2       0       0       0       0       0       0       0       0       0       0       0       
      +0       0       0       0       0
  5246 ;;      Locals:         3       0       0       0       0       0       0       0       0       0       0       0       
      +0       0       0       0       0
  5247 ;;      Temps:          2       0       0       0       0       0       0       0       0       0       0       0       
      +0       0       0       0       0
  5248 ;;      Totals:         7       0       0       0       0       0       0       0       0       0       0       0       
      +0       0       0       0       0
  5249 ;;Total ram usage:        7 bytes
  5250 ;; Hardware stack levels used:    1
  5251 ;; Hardware stack levels required when called:    2
  5252 ;; This function calls:
  5253 ;;		___wmul
  5254 ;;		_isdigit
  5255 ;; This function is called by:
  5256 ;;		_gettime
  5257 ;; This function uses a non-reentrant model
  5258 ;;
  5259                           
  5260                           	psect	text23
  5261  001D5E                     __ptext23:
  5262                           	opt stack 0
  5263  001D5E                     _atoi:
  5264                           	opt stack 27
  5265                           
  5266                           ;incstack = 0
  5267  001D5E  D002               	goto	l1921
  5268  001D60                     l1919:
  5269  001D60  4A16               	infsnz	atoi@s,f,c
  5270  001D62  2A17               	incf	atoi@s+1,f,c
  5271  001D64                     l1921:
  5272  001D64  C016  FFD9         	movff	atoi@s,fsr2l
  5273  001D68  C017  FFDA         	movff	atoi@s+1,fsr2h
  5274  001D6C  50DF               	movf	indf2,w,c
  5275  001D6E  0A20               	xorlw	32
  5276  001D70  B4D8               	btfsc	status,2,c
  5277  001D72  D7F6               	goto	l1919
  5278  001D74  C016  FFD9         	movff	atoi@s,fsr2l
  5279  001D78  C017  FFDA         	movff	atoi@s+1,fsr2h
  5280  001D7C  50DF               	movf	indf2,w,c
  5281  001D7E  0A09               	xorlw	9
  5282  001D80  B4D8               	btfsc	status,2,c
  5283  001D82  D7EE               	goto	l1919
  5284  001D84  0E00               	movlw	0
  5285  001D86  6E1C               	movwf	atoi@a+1,c
  5286  001D88  0E00               	movlw	0
  5287  001D8A  6E1B               	movwf	atoi@a,c
  5288  001D8C  0E00               	movlw	0
  5289  001D8E  6E1A               	movwf	atoi@sign,c
  5290  001D90  0E2D               	movlw	45
  5291  001D92  C016  FFD9         	movff	atoi@s,fsr2l
  5292  001D96  C017  FFDA         	movff	atoi@s+1,fsr2h
  5293  001D9A  62DF               	cpfseq	indf2,c
  5294  001D9C  D002               	goto	l1931
  5295  001D9E  2A1A               	incf	atoi@sign,f,c
  5296  001DA0  D023               	goto	L1
  5297  001DA2                     l1931:
  5298  001DA2  0E2B               	movlw	43
  5299  001DA4  C016  FFD9         	movff	atoi@s,fsr2l
  5300  001DA8  C017  FFDA         	movff	atoi@s+1,fsr2h
  5301  001DAC  62DF               	cpfseq	indf2,c
  5302  001DAE  D01E               	goto	l1939
  5303  001DB0  D01B               	goto	L1
  5304  001DB2                     l1935:
  5305  001DB2  C01B  F010         	movff	atoi@a,___wmul@multiplier
  5306  001DB6  C01C  F011         	movff	atoi@a+1,___wmul@multiplier+1
  5307  001DBA  0E00               	movlw	0
  5308  001DBC  6E13               	movwf	___wmul@multiplicand+1,c
  5309  001DBE  0E0A               	movlw	10
  5310  001DC0  6E12               	movwf	___wmul@multiplicand,c
  5311  001DC2  EC28  F012         	call	___wmul	;wreg free
  5312  001DC6  C016  FFD9         	movff	atoi@s,fsr2l
  5313  001DCA  C017  FFDA         	movff	atoi@s+1,fsr2h
  5314  001DCE  50DF               	movf	indf2,w,c
  5315  001DD0  6E18               	movwf	??_atoi& (0+255),c
  5316  001DD2  6A19               	clrf	(??_atoi+1)& (0+255),c
  5317  001DD4  5010               	movf	?___wmul,w,c
  5318  001DD6  2618               	addwf	??_atoi,f,c
  5319  001DD8  5011               	movf	?___wmul+1,w,c
  5320  001DDA  2219               	addwfc	??_atoi+1,f,c
  5321  001DDC  0ED0               	movlw	208
  5322  001DDE  2418               	addwf	??_atoi,w,c
  5323  001DE0  6E1B               	movwf	atoi@a,c
  5324  001DE2  0EFF               	movlw	255
  5325  001DE4  2019               	addwfc	??_atoi+1,w,c
  5326  001DE6  6E1C               	movwf	atoi@a+1,c
  5327  001DE8                     L1:
  5328  001DE8  4A16               	infsnz	atoi@s,f,c
  5329  001DEA  2A17               	incf	atoi@s+1,f,c
  5330  001DEC                     l1939:
  5331  001DEC  C016  FFD9         	movff	atoi@s,fsr2l
  5332  001DF0  C017  FFDA         	movff	atoi@s+1,fsr2h
  5333  001DF4  50DF               	movf	indf2,w,c
  5334  001DF6  EC4B  F012         	call	_isdigit
  5335  001DFA  B0D8               	btfsc	status,0,c
  5336  001DFC  D7DA               	goto	l1935
  5337  001DFE  501A               	movf	atoi@sign,w,c
  5338  001E00  B4D8               	btfsc	status,2,c
  5339  001E02  D00D               	goto	l526
  5340  001E04  C01B  F018         	movff	atoi@a,??_atoi
  5341  001E08  C01C  F019         	movff	atoi@a+1,??_atoi+1
  5342  001E0C  1E18               	comf	??_atoi,f,c
  5343  001E0E  1E19               	comf	??_atoi+1,f,c
  5344  001E10  4A18               	infsnz	??_atoi,f,c
  5345  001E12  2A19               	incf	??_atoi+1,f,c
  5346  001E14  C018  F016         	movff	??_atoi,?_atoi
  5347  001E18  C019  F017         	movff	??_atoi+1,?_atoi+1
  5348  001E1C  0012               	return	
  5349  001E1E                     l526:
  5350  001E1E  C01B  F016         	movff	atoi@a,?_atoi
  5351  001E22  C01C  F017         	movff	atoi@a+1,?_atoi+1
  5352  001E26  0012               	return	
  5353  001E28                     __end_of_atoi:
  5354                           	opt stack 0
  5355                           tblptru	equ	0xFF8
  5356                           tblptrh	equ	0xFF7
  5357                           tblptrl	equ	0xFF6
  5358                           tablat	equ	0xFF5
  5359                           prodl	equ	0xFF3
  5360                           intcon	equ	0xFF2
  5361                           postinc0	equ	0xFEE
  5362                           wreg	equ	0xFE8
  5363                           indf1	equ	0xFE7
  5364                           postdec1	equ	0xFE5
  5365                           fsr1h	equ	0xFE2
  5366                           fsr1l	equ	0xFE1
  5367                           indf2	equ	0xFDF
  5368                           fsr2h	equ	0xFDA
  5369                           fsr2l	equ	0xFD9
  5370                           status	equ	0xFD8
  5371                           
  5372 ;; *************** function _isdigit *****************
  5373 ;; Defined at:
  5374 ;;		line 8 in file "C:\Program Files\Microchip\xc8\v1.32\sources\common\isdigit.c"
  5375 ;; Parameters:    Size  Location     Type
  5376 ;;  c               1    wreg     unsigned char 
  5377 ;; Auto vars:     Size  Location     Type
  5378 ;;  c               1   17[COMRAM] unsigned char 
  5379 ;; Return value:  Size  Location     Type
  5380 ;;		None               void
  5381 ;; Registers used:
  5382 ;;		wreg, status,2, status,0
  5383 ;; Tracked objects:
  5384 ;;		On entry : 0/0
  5385 ;;		On exit  : 0/0
  5386 ;;		Unchanged: 0/0
  5387 ;; Data sizes:     COMRAM   BANK0   BANK1   BANK2   BANK3   BANK4   BANK5   BANK6   BANK7   BANK8   BANK9  BANK10  BANK1
      +1  BANK12  BANK13  BANK14  BANK15
  5388 ;;      Params:         0       0       0       0       0       0       0       0       0       0       0       0       
      +0       0       0       0       0
  5389 ;;      Locals:         2       0       0       0       0       0       0       0       0       0       0       0       
      +0       0       0       0       0
  5390 ;;      Temps:          1       0       0       0       0       0       0       0       0       0       0       0       
      +0       0       0       0       0
  5391 ;;      Totals:         3       0       0       0       0       0       0       0       0       0       0       0       
      +0       0       0       0       0
  5392 ;;Total ram usage:        3 bytes
  5393 ;; Hardware stack levels used:    1
  5394 ;; Hardware stack levels required when called:    1
  5395 ;; This function calls:
  5396 ;;		Nothing
  5397 ;; This function is called by:
  5398 ;;		_atoi
  5399 ;; This function uses a non-reentrant model
  5400 ;;
  5401                           
  5402                           	psect	text24
  5403  002496                     __ptext24:
  5404                           	opt stack 0
  5405  002496                     _isdigit:
  5406                           	opt stack 27
  5407                           
  5408                           ;incstack = 0
  5409                           ;isdigit@c stored from wreg
  5410  002496  6E12               	movwf	isdigit@c,c
  5411  002498  0E00               	movlw	0
  5412  00249A  6E11               	movwf	_isdigit$1401,c
  5413  00249C  0E3A               	movlw	58
  5414  00249E  5C12               	subwf	isdigit@c,w,c
  5415  0024A0  B0D8               	btfsc	status,0,c
  5416  0024A2  D005               	goto	l1841
  5417  0024A4  0E2F               	movlw	47
  5418  0024A6  6412               	cpfsgt	isdigit@c,c
  5419  0024A8  D002               	goto	l1841
  5420  0024AA  0E01               	movlw	1
  5421  0024AC  6E11               	movwf	_isdigit$1401,c
  5422  0024AE                     l1841:
  5423  0024AE  C011  F010         	movff	_isdigit$1401,??_isdigit
  5424  0024B2  3010               	rrcf	??_isdigit,w,c
  5425  0024B4  0012               	return	
  5426  0024B6                     __end_of_isdigit:
  5427                           	opt stack 0
  5428                           tblptru	equ	0xFF8
  5429                           tblptrh	equ	0xFF7
  5430                           tblptrl	equ	0xFF6
  5431                           tablat	equ	0xFF5
  5432                           prodl	equ	0xFF3
  5433                           intcon	equ	0xFF2
  5434                           postinc0	equ	0xFEE
  5435                           wreg	equ	0xFE8
  5436                           indf1	equ	0xFE7
  5437                           postdec1	equ	0xFE5
  5438                           fsr1h	equ	0xFE2
  5439                           fsr1l	equ	0xFE1
  5440                           indf2	equ	0xFDF
  5441                           fsr2h	equ	0xFDA
  5442                           fsr2l	equ	0xFD9
  5443                           status	equ	0xFD8
  5444                           
  5445 ;; *************** function ___wmul *****************
  5446 ;; Defined at:
  5447 ;;		line 15 in file "C:\Program Files\Microchip\xc8\v1.32\sources\common\Umul16.c"
  5448 ;; Parameters:    Size  Location     Type
  5449 ;;  multiplier      2   15[COMRAM] unsigned int 
  5450 ;;  multiplicand    2   17[COMRAM] unsigned int 
  5451 ;; Auto vars:     Size  Location     Type
  5452 ;;  product         2   19[COMRAM] unsigned int 
  5453 ;; Return value:  Size  Location     Type
  5454 ;;                  2   15[COMRAM] unsigned int 
  5455 ;; Registers used:
  5456 ;;		wreg, status,2, status,0, prodl, prodh
  5457 ;; Tracked objects:
  5458 ;;		On entry : 0/0
  5459 ;;		On exit  : 0/0
  5460 ;;		Unchanged: 0/0
  5461 ;; Data sizes:     COMRAM   BANK0   BANK1   BANK2   BANK3   BANK4   BANK5   BANK6   BANK7   BANK8   BANK9  BANK10  BANK1
      +1  BANK12  BANK13  BANK14  BANK15
  5462 ;;      Params:         4       0       0       0       0       0       0       0       0       0       0       0       
      +0       0       0       0       0
  5463 ;;      Locals:         2       0       0       0       0       0       0       0       0       0       0       0       
      +0       0       0       0       0
  5464 ;;      Temps:          0       0       0       0       0       0       0       0       0       0       0       0       
      +0       0       0       0       0
  5465 ;;      Totals:         6       0       0       0       0       0       0       0       0       0       0       0       
      +0       0       0       0       0
  5466 ;;Total ram usage:        6 bytes
  5467 ;; Hardware stack levels used:    1
  5468 ;; Hardware stack levels required when called:    1
  5469 ;; This function calls:
  5470 ;;		Nothing
  5471 ;; This function is called by:
  5472 ;;		_get_yday
  5473 ;;		_atoi
  5474 ;; This function uses a non-reentrant model
  5475 ;;
  5476                           
  5477                           	psect	text25
  5478  002450                     __ptext25:
  5479                           	opt stack 0
  5480  002450                     ___wmul:
  5481                           	opt stack 27
  5482                           
  5483                           ;incstack = 0
  5484  002450  5010               	movf	___wmul@multiplier,w,c
  5485  002452  0212               	mulwf	___wmul@multiplicand,c
  5486  002454  CFF3 F014          	movff	prodl,___wmul@product
  5487  002458  CFF4 F015          	movff	prodh,___wmul@product+1
  5488  00245C  5010               	movf	___wmul@multiplier,w,c
  5489  00245E  0213               	mulwf	___wmul@multiplicand+1,c
  5490  002460  50F3               	movf	prodl,w,c
  5491  002462  2615               	addwf	___wmul@product+1,f,c
  5492  002464  5011               	movf	___wmul@multiplier+1,w,c
  5493  002466  0212               	mulwf	___wmul@multiplicand,c
  5494  002468  50F3               	movf	prodl,w,c
  5495  00246A  2615               	addwf	___wmul@product+1,f,c
  5496  00246C  C014  F010         	movff	___wmul@product,?___wmul
  5497  002470  C015  F011         	movff	___wmul@product+1,?___wmul+1
  5498  002474  0012               	return	
  5499  002476                     __end_of___wmul:
  5500                           	opt stack 0
  5501                           tblptru	equ	0xFF8
  5502                           tblptrh	equ	0xFF7
  5503                           tblptrl	equ	0xFF6
  5504                           tablat	equ	0xFF5
  5505                           prodh	equ	0xFF4
  5506                           prodl	equ	0xFF3
  5507                           intcon	equ	0xFF2
  5508                           postinc0	equ	0xFEE
  5509                           wreg	equ	0xFE8
  5510                           indf1	equ	0xFE7
  5511                           postdec1	equ	0xFE5
  5512                           fsr1h	equ	0xFE2
  5513                           fsr1l	equ	0xFE1
  5514                           indf2	equ	0xFDF
  5515                           fsr2h	equ	0xFDA
  5516                           fsr2l	equ	0xFD9
  5517                           status	equ	0xFD8
  5518                           
  5519 ;; *************** function _ISR *****************
  5520 ;; Defined at:
  5521 ;;		line 68 in file "main.c"
  5522 ;; Parameters:    Size  Location     Type
  5523 ;;		None
  5524 ;; Auto vars:     Size  Location     Type
  5525 ;;  temp            1   14[COMRAM] unsigned char 
  5526 ;; Return value:  Size  Location     Type
  5527 ;;		None               void
  5528 ;; Registers used:
  5529 ;;		wreg, fsr2l, fsr2h, status,2, status,0
  5530 ;; Tracked objects:
  5531 ;;		On entry : 0/0
  5532 ;;		On exit  : 0/0
  5533 ;;		Unchanged: 0/0
  5534 ;; Data sizes:     COMRAM   BANK0   BANK1   BANK2   BANK3   BANK4   BANK5   BANK6   BANK7   BANK8   BANK9  BANK10  BANK1
      +1  BANK12  BANK13  BANK14  BANK15
  5535 ;;      Params:         0       0       0       0       0       0       0       0       0       0       0       0       
      +0       0       0       0       0
  5536 ;;      Locals:         1       0       0       0       0       0       0       0       0       0       0       0       
      +0       0       0       0       0
  5537 ;;      Temps:         14       0       0       0       0       0       0       0       0       0       0       0       
      +0       0       0       0       0
  5538 ;;      Totals:        15       0       0       0       0       0       0       0       0       0       0       0       
      +0       0       0       0       0
  5539 ;;Total ram usage:       15 bytes
  5540 ;; Hardware stack levels used:    1
  5541 ;; This function calls:
  5542 ;;		Nothing
  5543 ;; This function is called by:
  5544 ;;		Interrupt level 2
  5545 ;; This function uses a non-reentrant model
  5546 ;;
  5547                           
  5548                           	psect	intcode
  5549  000008                     __pintcode:
  5550                           	opt stack 0
  5551  000008                     _ISR:
  5552                           	opt stack 26
  5553                           
  5554                           ;incstack = 0
  5555  000008  CFFA F001          	movff	pclath,??_ISR
  5556  00000C  CFFB F002          	movff	pclatu,??_ISR+1
  5557  000010  CFE9 F003          	movff	fsr0l,??_ISR+2
  5558  000014  CFEA F004          	movff	fsr0h,??_ISR+3
  5559  000018  CFE1 F005          	movff	fsr1l,??_ISR+4
  5560  00001C  CFE2 F006          	movff	fsr1h,??_ISR+5
  5561  000020  CFD9 F007          	movff	fsr2l,??_ISR+6
  5562  000024  CFDA F008          	movff	fsr2h,??_ISR+7
  5563  000028  CFF3 F009          	movff	prodl,??_ISR+8
  5564  00002C  CFF4 F00A          	movff	prodh,??_ISR+9
  5565  000030  CFF6 F00B          	movff	tblptrl,??_ISR+10
  5566  000034  CFF7 F00C          	movff	tblptrh,??_ISR+11
  5567  000038  CFF8 F00D          	movff	tblptru,??_ISR+12
  5568  00003C  CFF5 F00E          	movff	tablat,??_ISR+13
  5569                           
  5570                           ;main.c: 70: if (PIR1bits.RCIF){
  5571  000040  AA9E               	btfss	3998,5,c	;volatile
  5572  000042  D03D               	goto	i2l212
  5573                           
  5574                           ;main.c: 72: isrcall = 0x01;
  5575  000044  0E00               	movlw	0
  5576  000046  6E3A               	movwf	_isrcall+1,c	;volatile
  5577  000048  0E01               	movlw	1
  5578  00004A  6E39               	movwf	_isrcall,c	;volatile
  5579                           
  5580                           ;main.c: 73: char temp;
  5581                           ;main.c: 74: temp = RCREG1;
  5582  00004C  CFAE F00F          	movff	4014,ISR@temp	;volatile
  5583                           
  5584                           ;main.c: 75: if(temp=='$' && new_rx==0)
  5585  000050  500F               	movf	ISR@temp,w,c
  5586  000052  0A24               	xorlw	36
  5587  000054  A4D8               	btfss	status,2,c
  5588  000056  D00D               	goto	i2l2395
  5589  000058  5044               	movf	_new_rx+1,w,c	;volatile
  5590  00005A  1043               	iorwf	_new_rx,w,c	;volatile
  5591  00005C  A4D8               	btfss	status,2,c
  5592  00005E  D009               	goto	i2l2395
  5593                           
  5594                           ;main.c: 76: {
  5595                           ;main.c: 77: index = 0;
  5596  000060  0E00               	movlw	0
  5597  000062  6E38               	movwf	_index+1,c	;volatile
  5598  000064  0E00               	movlw	0
  5599  000066  6E37               	movwf	_index,c	;volatile
  5600                           
  5601                           ;main.c: 78: reading = 1;
  5602  000068  0E00               	movlw	0
  5603  00006A  6E48               	movwf	_reading+1,c	;volatile
  5604  00006C  0E01               	movlw	1
  5605  00006E  6E47               	movwf	_reading,c	;volatile
  5606                           
  5607                           ;main.c: 79: }
  5608  000070  D026               	goto	i2l212
  5609  000072                     i2l2395:
  5610                           
  5611                           ;main.c: 80: else if(reading == 1)
  5612  000072  0447               	decf	_reading,w,c	;volatile
  5613  000074  1048               	iorwf	_reading+1,w,c	;volatile
  5614  000076  A4D8               	btfss	status,2,c
  5615  000078  D022               	goto	i2l212
  5616                           
  5617                           ;main.c: 81: {
  5618                           ;main.c: 82: ctxt[index] = temp;
  5619  00007A  0102               	movlb	2	; () banked
  5620  00007C  0E00               	movlw	low _ctxt
  5621  00007E  2437               	addwf	_index,w,c	;volatile
  5622  000080  6ED9               	movwf	fsr2l,c
  5623  000082  0102               	movlb	2	; () banked
  5624  000084  0E02               	movlw	high _ctxt
  5625  000086  2038               	addwfc	_index+1,w,c	;volatile
  5626  000088  6EDA               	movwf	fsr2h,c
  5627  00008A  C00F  FFDF         	movff	ISR@temp,indf2
  5628                           
  5629                           ; BSR set to: 2
  5630                           ;main.c: 83: index++;
  5631  00008E  4A37               	infsnz	_index,f,c	;volatile
  5632  000090  2A38               	incf	_index+1,f,c	;volatile
  5633                           
  5634                           ; BSR set to: 2
  5635                           ;main.c: 84: ping = 1;
  5636  000092  0E00               	movlw	0
  5637  000094  6E46               	movwf	_ping+1,c	;volatile
  5638  000096  0E01               	movlw	1
  5639  000098  6E45               	movwf	_ping,c	;volatile
  5640                           
  5641                           ; BSR set to: 2
  5642                           ;main.c: 85: if(index > 63)
  5643  00009A  0E40               	movlw	64
  5644  00009C  5C37               	subwf	_index,w,c	;volatile
  5645  00009E  0E00               	movlw	0
  5646  0000A0  5838               	subwfb	_index+1,w,c	;volatile
  5647  0000A2  A0D8               	btfss	status,0,c
  5648  0000A4  D00C               	goto	i2l212
  5649                           
  5650                           ; BSR set to: 2
  5651                           ;main.c: 86: {
  5652                           ;main.c: 87: index = 0;
  5653  0000A6  0E00               	movlw	0
  5654  0000A8  6E38               	movwf	_index+1,c	;volatile
  5655  0000AA  0E00               	movlw	0
  5656  0000AC  6E37               	movwf	_index,c	;volatile
  5657                           
  5658                           ;main.c: 88: reading = 0;
  5659  0000AE  0E00               	movlw	0
  5660  0000B0  6E48               	movwf	_reading+1,c	;volatile
  5661  0000B2  0E00               	movlw	0
  5662  0000B4  6E47               	movwf	_reading,c	;volatile
  5663                           
  5664                           ;main.c: 89: new_rx = 1;
  5665  0000B6  0E00               	movlw	0
  5666  0000B8  6E44               	movwf	_new_rx+1,c	;volatile
  5667  0000BA  0E01               	movlw	1
  5668  0000BC  6E43               	movwf	_new_rx,c	;volatile
  5669  0000BE                     i2l212:
  5670  0000BE  C00E  FFF5         	movff	??_ISR+13,tablat
  5671  0000C2  C00D  FFF8         	movff	??_ISR+12,tblptru
  5672  0000C6  C00C  FFF7         	movff	??_ISR+11,tblptrh
  5673  0000CA  C00B  FFF6         	movff	??_ISR+10,tblptrl
  5674  0000CE  C00A  FFF4         	movff	??_ISR+9,prodh
  5675  0000D2  C009  FFF3         	movff	??_ISR+8,prodl
  5676  0000D6  C008  FFDA         	movff	??_ISR+7,fsr2h
  5677  0000DA  C007  FFD9         	movff	??_ISR+6,fsr2l
  5678  0000DE  C006  FFE2         	movff	??_ISR+5,fsr1h
  5679  0000E2  C005  FFE1         	movff	??_ISR+4,fsr1l
  5680  0000E6  C004  FFEA         	movff	??_ISR+3,fsr0h
  5681  0000EA  C003  FFE9         	movff	??_ISR+2,fsr0l
  5682  0000EE  C002  FFFB         	movff	??_ISR+1,pclatu
  5683  0000F2  C001  FFFA         	movff	??_ISR,pclath
  5684  0000F6  0011               	retfie		f
  5685  0000F8                     __end_of_ISR:
  5686                           	opt stack 0
  5687                           pclatu	equ	0xFFB
  5688                           pclath	equ	0xFFA
  5689                           tblptru	equ	0xFF8
  5690                           tblptrh	equ	0xFF7
  5691                           tblptrl	equ	0xFF6
  5692                           tablat	equ	0xFF5
  5693                           prodh	equ	0xFF4
  5694                           prodl	equ	0xFF3
  5695                           intcon	equ	0xFF2
  5696                           postinc0	equ	0xFEE
  5697                           fsr0h	equ	0xFEA
  5698                           fsr0l	equ	0xFE9
  5699                           wreg	equ	0xFE8
  5700                           indf1	equ	0xFE7
  5701                           postdec1	equ	0xFE5
  5702                           fsr1h	equ	0xFE2
  5703                           fsr1l	equ	0xFE1
  5704                           indf2	equ	0xFDF
  5705                           fsr2h	equ	0xFDA
  5706                           fsr2l	equ	0xFD9
  5707                           status	equ	0xFD8
  5708                           pclatu	equ	0xFFB
  5709                           pclath	equ	0xFFA
  5710                           tblptru	equ	0xFF8
  5711                           tblptrh	equ	0xFF7
  5712                           tblptrl	equ	0xFF6
  5713                           tablat	equ	0xFF5
  5714                           prodh	equ	0xFF4
  5715                           prodl	equ	0xFF3
  5716                           intcon	equ	0xFF2
  5717                           postinc0	equ	0xFEE
  5718                           fsr0h	equ	0xFEA
  5719                           fsr0l	equ	0xFE9
  5720                           wreg	equ	0xFE8
  5721                           indf1	equ	0xFE7
  5722                           postdec1	equ	0xFE5
  5723                           fsr1h	equ	0xFE2
  5724                           fsr1l	equ	0xFE1
  5725                           indf2	equ	0xFDF
  5726                           fsr2h	equ	0xFDA
  5727                           fsr2l	equ	0xFD9
  5728                           status	equ	0xFD8
  5729                           
  5730                           	psect	rparam
  5731  0000                     pclatu	equ	0xFFB
  5732                           pclath	equ	0xFFA
  5733                           tblptru	equ	0xFF8
  5734                           tblptrh	equ	0xFF7
  5735                           tblptrl	equ	0xFF6
  5736                           tablat	equ	0xFF5
  5737                           prodh	equ	0xFF4
  5738                           prodl	equ	0xFF3
  5739                           intcon	equ	0xFF2
  5740                           postinc0	equ	0xFEE
  5741                           fsr0h	equ	0xFEA
  5742                           fsr0l	equ	0xFE9
  5743                           wreg	equ	0xFE8
  5744                           indf1	equ	0xFE7
  5745                           postdec1	equ	0xFE5
  5746                           fsr1h	equ	0xFE2
  5747                           fsr1l	equ	0xFE1
  5748                           indf2	equ	0xFDF
  5749                           fsr2h	equ	0xFDA
  5750                           fsr2l	equ	0xFD9
  5751                           status	equ	0xFD8


Data Sizes:
    Strings     16
    Constant    52
    Data        32
    BSS         412
    Persistent  0
    Stack       0

Auto Spaces:
    Space          Size  Autos    Used
    COMRAM           95     42      80
    BANK0           160     14     148
    BANK1           256      0     152
    BANK2           256      0     120
    BANK3           256      0       0
    BANK4           256      0       0
    BANK5           256      0       0
    BANK6           256      0       0
    BANK7           256      0       0
    BANK8           256      0       0
    BANK9           256      0       0
    BANK10          256      0       0
    BANK11          256      0       0
    BANK12          256      0       0
    BANK13          256      0       0
    BANK14          256      0       0
    BANK15           56      0       0

Pointer List with Targets:

    strncmp@s2	PTR const unsigned char  size(2) Largest target is 6
		 -> STR_4(CODE[6]), 

    strncmp@s1	PTR const unsigned char  size(2) Largest target is 120
		 -> NULL(NULL[0]), ctxt(BANK2[120]), 

    strchr@ptr	PTR const unsigned char  size(2) Largest target is 120
		 -> NULL(NULL[0]), ctxt(BANK2[120]), 

    sp__strchr	PTR unsigned char  size(2) Largest target is 120
		 -> NULL(NULL[0]), ctxt(BANK2[120]), 

    strstr@s2	PTR const unsigned char  size(2) Largest target is 6
		 -> STR_4(CODE[6]), 

    strstr@s1	PTR const unsigned char  size(2) Largest target is 120
		 -> NULL(NULL[0]), ctxt(BANK2[120]), 

    strncpy@from	PTR const unsigned char  size(2) Largest target is 120
		 -> ctxt(BANK2[120]), 

    strncpy@to	PTR unsigned char  size(2) Largest target is 120
		 -> wstr(BANK1[120]), 

    strncpy@cp	PTR unsigned char  size(2) Largest target is 120
		 -> wstr(BANK1[120]), 

    strlen@s	PTR const unsigned char  size(2) Largest target is 6
		 -> STR_4(CODE[6]), 

    strlen@cp	PTR const unsigned char  size(2) Largest target is 6
		 -> STR_4(CODE[6]), 

    ultoa@buf	PTR unsigned char  size(2) Largest target is 8
		 -> doych(BANK0[8]), 

    sp__ultoa	PTR unsigned char  size(2) Largest target is 8
		 -> doych(BANK0[8]), 

    ltoa@buf	PTR unsigned char  size(2) Largest target is 8
		 -> doych(BANK0[8]), 

    ltoa@cp	PTR unsigned char  size(2) Largest target is 8
		 -> doych(BANK0[8]), 

    atoi@s	PTR const unsigned char  size(2) Largest target is 3
		 -> yearch(BANK0[3]), monthch(BANK0[3]), daych(BANK0[3]), secch(BANK0[3]), 
		 -> minch(BANK0[3]), hourch(BANK0[3]), 

    sp__strncpy	PTR unsigned char  size(2) Largest target is 120
		 -> wstr(BANK1[120]), 

    sp__strstr	PTR unsigned char  size(2) Largest target is 120
		 -> NULL(NULL[0]), ctxt(BANK2[120]), 

    sp__ltoa	PTR unsigned char  size(2) Largest target is 8
		 -> doych(BANK0[8]), 

    uart_write@txt	PTR const unsigned char  size(2) Largest target is 120
		 -> STR_3(CODE[2]), doych(BANK0[8]), STR_2(CODE[2]), wstr(BANK1[120]), 
		 -> STR_1(CODE[6]), 


Critical Paths under _main in COMRAM

    _strstr->_strncmp
    _strncmp->_strlen
    _serial_init->_uart_write
    _sendtime->_marker
    _sendtime->_one
    _sendtime->_zero
    _gettime->_ltoa
    _uart_write->_uart_xmit
    _ltoa->_ultoa
    _ultoa->___lldiv
    _get_yday->_yisleap
    _yisleap->___awmod
    _atoi->___wmul

Critical Paths under _ISR in COMRAM

    None.

Critical Paths under _main in BANK0

    _gettime->_ltoa
    _ltoa->_ultoa

Critical Paths under _ISR in BANK0

    None.

Critical Paths under _main in BANK1

    None.

Critical Paths under _ISR in BANK1

    None.

Critical Paths under _main in BANK2

    None.

Critical Paths under _ISR in BANK2

    None.

Critical Paths under _main in BANK3

    None.

Critical Paths under _ISR in BANK3

    None.

Critical Paths under _main in BANK4

    None.

Critical Paths under _ISR in BANK4

    None.

Critical Paths under _main in BANK5

    None.

Critical Paths under _ISR in BANK5

    None.

Critical Paths under _main in BANK6

    None.

Critical Paths under _ISR in BANK6

    None.

Critical Paths under _main in BANK7

    None.

Critical Paths under _ISR in BANK7

    None.

Critical Paths under _main in BANK8

    None.

Critical Paths under _ISR in BANK8

    None.

Critical Paths under _main in BANK9

    None.

Critical Paths under _ISR in BANK9

    None.

Critical Paths under _main in BANK10

    None.

Critical Paths under _ISR in BANK10

    None.

Critical Paths under _main in BANK11

    None.

Critical Paths under _ISR in BANK11

    None.

Critical Paths under _main in BANK12

    None.

Critical Paths under _ISR in BANK12

    None.

Critical Paths under _main in BANK13

    None.

Critical Paths under _ISR in BANK13

    None.

Critical Paths under _main in BANK14

    None.

Critical Paths under _ISR in BANK14

    None.

Critical Paths under _main in BANK15

    None.

Critical Paths under _ISR in BANK15

    None.

Call Graph Tables:

 ---------------------------------------------------------------------------------
 (Depth) Function   	        Calls       Base Space   Used Autos Params    Refs
 ---------------------------------------------------------------------------------
 (0) _main                                                 1     1      0    6108
                                             13 BANK0      1     1      0
                            _gettime
                            _init_io
                           _pwm_init
                           _sendtime
                        _serial_init
                            _strncpy
                             _strstr
 ---------------------------------------------------------------------------------
 (1) _strstr                                               4     0      4     966
                                             30 COMRAM     4     0      4
                             _strchr
                             _strlen
                            _strncmp
 ---------------------------------------------------------------------------------
 (2) _strncmp                                              9     3      6     293
                                             21 COMRAM     9     3      6
                             _strlen (ARG)
 ---------------------------------------------------------------------------------
 (2) _strlen                                               6     4      2     196
                                             15 COMRAM     6     4      2
 ---------------------------------------------------------------------------------
 (2) _strchr                                               4     0      4     194
                                             15 COMRAM     4     0      4
 ---------------------------------------------------------------------------------
 (1) _strncpy                                              8     2      6     300
                                             15 COMRAM     8     2      6
 ---------------------------------------------------------------------------------
 (1) _serial_init                                          1     1      0     385
                                             20 COMRAM     1     1      0
                         _uart_write
 ---------------------------------------------------------------------------------
 (1) _sendtime                                             0     0      0       0
                             _marker
                                _one
                               _zero
 ---------------------------------------------------------------------------------
 (2) _zero                                                 1     1      0       0
                                             15 COMRAM     1     1      0
 ---------------------------------------------------------------------------------
 (2) _one                                                  1     1      0       0
                                             15 COMRAM     1     1      0
 ---------------------------------------------------------------------------------
 (2) _marker                                               1     1      0       0
                                             15 COMRAM     1     1      0
 ---------------------------------------------------------------------------------
 (1) _pwm_init                                             0     0      0       0
 ---------------------------------------------------------------------------------
 (1) _init_io                                              0     0      0       0
 ---------------------------------------------------------------------------------
 (1) _gettime                                              0     0      0    4457
                               _atoi
                           _get_yday
                               _ltoa
                         _uart_write
 ---------------------------------------------------------------------------------
 (2) _uart_write                                           3     1      2     385
                                             17 COMRAM     3     1      2
                          _uart_xmit
 ---------------------------------------------------------------------------------
 (3) _uart_xmit                                            2     0      2      75
                                             15 COMRAM     2     0      2
 ---------------------------------------------------------------------------------
 (2) _ltoa                                                10     2      8    1923
                                             40 COMRAM     2     2      0
                                              5 BANK0      8     0      8
                              _ultoa
 ---------------------------------------------------------------------------------
 (3) _ultoa                                               17     9      8    1495
                                             28 COMRAM    12     4      8
                                              0 BANK0      5     5      0
                            ___lldiv
                            ___llmod
 ---------------------------------------------------------------------------------
 (4) ___llmod                                              9     1      8     362
                                             15 COMRAM     9     1      8
 ---------------------------------------------------------------------------------
 (4) ___lldiv                                             13     5      8     501
                                             15 COMRAM    13     5      8
 ---------------------------------------------------------------------------------
 (2) _get_yday                                            14     8      6    1164
                                             26 COMRAM    14     8      6
                             ___wmul
                            _yisleap
 ---------------------------------------------------------------------------------
 (3) _yisleap                                              5     3      2     523
                                             21 COMRAM     5     3      2
                            ___awmod
 ---------------------------------------------------------------------------------
 (4) ___awmod                                              6     2      4     402
                                             15 COMRAM     6     2      4
 ---------------------------------------------------------------------------------
 (2) _atoi                                                 7     5      2     985
                                             21 COMRAM     7     5      2
                             ___wmul
                            _isdigit
 ---------------------------------------------------------------------------------
 (3) _isdigit                                              3     3      0      68
                                             15 COMRAM     3     3      0
 ---------------------------------------------------------------------------------
 (3) ___wmul                                               6     2      4     371
                                             15 COMRAM     6     2      4
 ---------------------------------------------------------------------------------
 Estimated maximum stack depth 4
 ---------------------------------------------------------------------------------
 (Depth) Function   	        Calls       Base Space   Used Autos Params    Refs
 ---------------------------------------------------------------------------------
 (5) _ISR                                                 15    15      0      45
                                              0 COMRAM    15    15      0
 ---------------------------------------------------------------------------------
 Estimated maximum stack depth 5
 ---------------------------------------------------------------------------------

 Call Graph Graphs:

 _main (ROOT)
   _gettime
     _atoi
       ___wmul
       _isdigit
     _get_yday
       ___wmul
       _yisleap
         ___awmod
     _ltoa
       _ultoa
         ___lldiv
         ___llmod
     _uart_write
       _uart_xmit
   _init_io
   _pwm_init
   _sendtime
     _marker
     _one
     _zero
   _serial_init
     _uart_write
       _uart_xmit
   _strncpy
   _strstr
     _strchr
     _strlen
     _strncmp
       _strlen (ARG)

 _ISR (ROOT)

 Address spaces:
Name               Size   Autos  Total    Cost      Usage
BIGRAM             F37      0       0      37        0.0%
EEDATA             400      0       0       0        0.0%
BITBANK14          100      0       0      33        0.0%
BANK14             100      0       0      34        0.0%
BITBANK13          100      0       0      31        0.0%
BANK13             100      0       0      32        0.0%
BITBANK12          100      0       0      29        0.0%
BANK12             100      0       0      30        0.0%
BITBANK11          100      0       0      27        0.0%
BANK11             100      0       0      28        0.0%
BITBANK10          100      0       0      25        0.0%
BANK10             100      0       0      26        0.0%
BITBANK9           100      0       0      23        0.0%
BANK9              100      0       0      24        0.0%
BITBANK8           100      0       0      21        0.0%
BANK8              100      0       0      22        0.0%
BITBANK7           100      0       0      19        0.0%
BANK7              100      0       0      20        0.0%
BITBANK6           100      0       0      17        0.0%
BANK6              100      0       0      18        0.0%
BITBANK5           100      0       0      15        0.0%
BANK5              100      0       0      16        0.0%
BITBANK4           100      0       0      13        0.0%
BANK4              100      0       0      14        0.0%
BITBANK3           100      0       0      10        0.0%
BANK3              100      0       0      11        0.0%
BITBANK2           100      0       0       8        0.0%
BANK2              100      0      78       9       46.9%
BITBANK1           100      0       0       6        0.0%
BANK1              100      0      98       7       59.4%
BITBANK0            A0      0       0       4        0.0%
BANK0               A0      E      94       5       92.5%
BITCOMRAM           5F      0       0       0        0.0%
COMRAM              5F     2A      50       1       84.2%
BITBANK15           38      0       0      35        0.0%
BANK15              38      0       0      36        0.0%
BITSFR_1             0      0       0      40        0.0%
SFR_1                0      0       0      40        0.0%
BITSFR               0      0       0      40        0.0%
SFR                  0      0       0      40        0.0%
STACK                0      0       0       2        0.0%
NULL                 0      0       0       0        0.0%
ABS                  0      0     1F4      12        0.0%
DATA                 0      0     1F4       3        0.0%
CODE                 0      0       0       0        0.0%


Microchip Technology PIC18 Macro Assembler V1.32 build 58300 
Symbol Table                                                                                   Thu Aug 21 16:05:22 2014

                      _c 004D            uart_write@txt 0012      ___wmul@multiplicand 0012  
           __CFG_CP0$OFF 000000             __CFG_CP1$OFF 000000                      l311 1590  
                    l303 14CC                      l321 1642                      l218 24B6  
                    l319 162C                      l271 1158                      l263 10BC  
                    l283 124C                      l275 11B0                      l526 1E1E  
                    l295 13D0                      l287 12D4                      l813 20BE  
                    l823 219E                      l951 23EA                      l875 1D36  
                    _PR2 000FBB                      _ISR 0008                      _doy 002B  
                    _one 1B2E             ___awmod@sign 0015                      wreg 000FE8  
             _TXSTA1bits 000FAC             __CFG_LVP$OFF 000000                     ?_ISR 0001  
                   l2101 10E6                     l2211 138E                     l2203 1350  
                   l2131 1186                     l2123 1154                     l2115 112E  
                   l2107 1108                     l2301 15E0                     l2213 1392  
                   l2205 1354                     l2133 118A                     l2117 1132  
                   l2109 110C                     l2321 163E                     l2315 1628  
                   l2307 1602                     l2251 14C8                     l2243 148A  
                   l2235 144C                     l2227 140E                     l2219 13CC  
                   l2171 1248                     l2163 1222                     l2155 11FC  
                   l2147 11D6                     l2139 11AC                     l2091 10B8  
                   l2083 1092                     l2075 106C                     l2501 2168  
                   l2309 1606                     l2261 151E                     l2245 148E  
                   l2237 1450                     l2229 1412                     l2181 1296  
                   l2165 1226                     l2157 1200                     l2149 11DA  
                   l2085 1096                     l2077 1070                     l2503 216C  
                   l2351 1F44                     l2513 1C5C                     l2507 2190  
                   l2523 1CB6                     l2291 15B6                     l2283 158C  
                   l2275 1566                     l2267 1540                     l2259 151A  
                   l2195 1312                     l2187 12D0                     l2179 1292  
                   l2099 10E2                     l2363 1FBE                     l2603 1838  
                   l2293 15BA                     l2277 156A                     l2269 1544  
                   l2197 1316                     l2381 21FC                     l2357 1F7E  
                   l1751 1E68                     l1823 23E2                     l2375 21E2  
                   l2359 1FA8                     l1841 24AE                     l1921 1D64  
                   l2481 207C                     l2545 1F18                     l2377 21EC  
                   l2369 21BA                     l2625 18BA                     l1931 1DA2  
                   l1771 1EAE                     l1763 1E96                     l1755 1E76  
                   l1747 1E4C                     l2491 20B0                     l2483 2080  
                   l2299 15DC                     l2627 18C2                     l1757 1E7E  
                   l1935 1DB2                     l1919 1D60                     l1759 1E82  
                   l1767 1EA0                     l2479 2070                     l1873 2210  
                   l1939 1DEC                     l2499 215C                     l1891 2378  
                   l1963 1FF8                     l1877 2242                     l1981 2402  
                   l1967 202C                     l1959 1FCA                     l1889 2374  
                   l1969 2034                     ?_one 0001                     STR_1 103B  
                   STR_2 1043                     STR_3 1041                     STR_4 1035  
                   u1040 2232                     u1050 2264                     u1047 2228  
                   u2007 1AD0                     u1057 225A                     u2017 1ADE  
                   u2107 1B60                     u2027 1AEC                     u2117 1B6E  
                   u2037 1AFA                     u1405 142A                     _LATA 000F89  
                   u2207 1BEE                     u2127 1B7C                     u2047 1B08  
                   u1415 1468                     u1335 1270                     _LATC 000F8B  
                   u2217 1BFC                     u2137 1B8A                     u2057 1B16  
                   u1425 14A6                     u1345 12AE                     u2307 1922  
                   u2227 1C0A                     u2147 1B98                     u2067 1B24  
                   u1355 12F0                     u2317 1930                     u2237 1C18  
                   u2157 1BA6                     u2077 1B36                     u1365 132E  
                   u2407 19AE                     u2327 193E                     u2247 1C26  
                   u2167 1BB4                     u2087 1B44                     u1375 136C  
                   u2417 19BC                     u2337 194C                     u2257 1C34  
                   u2177 1BC4                     u2097 1B52                     u1385 13AA  
                   u2427 19CA                     u2347 195A                     u2267 1C42  
                   u2187 1BD2                     u1395 13EC                     u2437 19DA  
                   u2357 1968                     u2277 18F8                     u2197 1BE0  
                   u2447 19E8                     u2367 1976                     u2287 1906  
                   u2457 19F6                     u2377 1984                     u2297 1914  
                   u1817 17D8                     u2467 1A04                     u2387 1992  
                   u1907 1A42                     u1827 17EA                     u1765 1EE4  
                   u2397 19A0                     u1917 1A52                     u1837 17FC  
                   u1927 1A60                     u1847 1842                     u1937 1A6E  
                   u1857 18E6                     u1947 1A7C                     u1867 243A  
                   u1957 1A8A                     u1877 1A18                     u1967 1A98  
                   u1887 1A26                     u1977 1AA6                     u1897 1A34  
                   u1987 1AB4                     u1997 1AC2              get_yday@day 001D  
            get_yday@mon 001B                     _atoi 1D5E                     _main 17C0  
                   _ctxt 0200                     _mode 003F                     _ping 0045  
                   _ltoa 1EB8                     _str1 0060                     _str2 0074  
                   fsr0h 000FEA                     fsr1h 000FE2                     fsr0l 000FE9  
                   fsr2h 000FDA                     indf1 000FE7                     fsr1l 000FE1  
                   indf2 000FDF                     fsr2l 000FD9                     _zero 1A10  
                   _wstr 0100                     pclat 000FFA            __CFG_BOREN$ON 000000  
                   prodh 000FF4                     prodl 000FF3                     start 00F8  
          __CFG_IESO$OFF 000000                    ??_ISR 0001                    ??_one 0010  
                  ?_atoi 0016                    ?_main 0001                    ?_ltoa 00EB  
        __end_of___awmod 1EB8          __end_of___lldiv 20D0                    ?_zero 0001  
        __end_of___llmod 21B0                    i2l212 00BE             get_yday@days 1001  
           get_yday@leap 0027             get_yday@year 001F           __CFG_FCMEN$OFF 000000  
        __end_of_gettime 17C0                    _daych 00D4                    _doy_1 0088  
                  _doy_2 008E                    _doy_4 0094                    _doy_8 0098  
                  _gpgga 0031                    _min_1 00AA                    _min_2 00AE  
                  _min_4 00B2                    _min_8 00B6                    _doych 00CC  
                  _index 0037                    _gprmc 0033          __end_of_init_io 2318  
                  _minch 00DA                    _ready 0049                    _secch 00E0  
        __end_of_isdigit 24B6                    atoi@a 001B                    atoi@s 0016  
                  _ultoa 1C4C                    tablat 000FF5                    status 000FD8  
        __end_of_strncmp 204E          __end_of_strncpy 220E          __end_of_yisleap 23EA  
        __initialization 226C             _yisleap$1062 001A             __end_of_atoi 1E28  
           __end_of_main 18F0             __end_of_ltoa 1F42             __end_of_zero 1B2E  
                 ??_atoi 0018                   ??_main 00F3                   ??_ltoa 0029  
                 ??_zero 0010            __activetblptr 000003                   _ADCON0 000FC2  
                 _ADCON1 000FC1         ___llmod@dividend 0010                   _ANSELA 000F38  
                 _ANSELB 000F39                   _ANSELC 000F3A                   ?_ultoa 001D  
         __CFG_WDTEN$OFF 000000                   i2l2395 0072                   _RCREG1 000FAE  
                 _SPBRG1 000FAF                   _TXREG1 000FAD             _CCPTMRS0bits 000F49  
           ?_serial_init 0001         __end_of_get_yday 214A                   ___wmul 2450  
         __CFG_STVREN$ON 000000                ??___awmod 0014                ??___lldiv 0018  
              ??___llmod 0018                   _doy_10 008A                   _doy_20 0090  
                 _doy_40 0096                   _dayint 002F                   _doy_80 009A  
                 _buffer 0178                   _min_10 00AC                   _min_20 00B0  
                 _min_40 00B4                   _marker 18F0                   _hour_1 009C  
                 _hour_2 00A0                   _hour_4 00A4                   _hour_8 00A6  
                 _latstr 004E                   clear_0 2272                   _hourch 00D7  
                 clear_1 227E                   clear_2 228A                   clear_3 2296  
                 _new_rx 0043          ___awmod@divisor 0012                   _lonstr 004F  
                 _year_1 00BC                   _year_2 00C0                   _year_4 00C4  
                 _year_8 00C8          ___awmod@counter 0014                   _yearch 00E3  
                 _setstr 0050                   _strchr 23EA                   _strlen 236A  
                 _strstr 1F42                ??_gettime 002B         __end_of_sendtime 1658  
              ??_init_io 0010                ??_isdigit 0010                   ltoa@cp 0029  
           __mediumconst 0000                   tblptrh 000FF7                   tblptrl 000FF6  
                 tblptru 000FF8         __end_of_pwm_init 236A                   ultoa@c 00EA  
                 ultoa@v 00E6                ??_strncmp 001C                ??_strncpy 0016  
              ??_yisleap 0018          __CFG_HFOFST$OFF 000000               __accesstop 0060  
__end_of__initialization 22BC           __pcstackCOMRAM 0001             __pidataBANK1 2476  
          __end_of_ultoa 1D5E                  ??_ultoa 0025               __pbssBANK0 0060  
             __pbssBANK1 0100               __pbssBANK2 0200                  ISR@temp 000F  
                ?___wmul 0010                  ?_marker 0001                  ?_strchr 0010  
                ?_strlen 0010                  ?_strstr 001F       __size_of_uart_xmit 000A  
                _SPBRGH1 000FB0                ?_get_yday 001B          __CFG_PWRTEN$OFF 000000  
                __Hparam 0000                  __Lparam 0000                ?_sendtime 0001  
                ___awmod 1E28                  ___lldiv 204E          __size_of___wmul 0026  
                ___llmod 214A                ?_pwm_init 0001     __size_of_serial_init 0032  
           __psmallconst 1000                  __pcinit 226C          __size_of_marker 0120  
                __ramtop 1000                  _doy_100 008C                  _doy_200 0092  
                __ptext0 17C0                  __ptext1 1F42                  __ptext2 1FC8  
                __ptext3 236A                  __ptext4 23EA                  __ptext5 21B0  
                __ptext6 241E                  __ptext7 1046                  __ptext8 1A10  
                __ptext9 1B2E          __size_of_strchr 0034                  _gettime 1658  
                _leapint 003B          __size_of_strlen 0040             __size_of_ISR 00F0  
        __size_of_strstr 0086                _T2CONbits 000FBA                  _hour_10 009E  
                _hour_20 00A2                  _init_io 22C2                  _isdigit 2496  
           __size_of_one 011E                  _reading 0047         ___awmod@dividend 0010  
                _isrcall 0039                  _hourint 0035                  _monthch 00DD  
                _year_10 00BE                  _year_20 00C2                  _year_40 00C6  
                _year_80 00CA                  _yearint 004B                  _strncmp 1FC8  
             ??_get_yday 0021                  _strncpy 21B0                  _yisleap 23AA  
   end_of_initialization 22BC                  ltoa@buf 00EB                  ltoa@val 00ED  
        ___lldiv@divisor 0014        __end_of_uart_xmit 24C0          ___lldiv@counter 001C  
             ??_sendtime 0011                  postdec1 000FE5                  postinc0 000FEE  
             ??_pwm_init 0010                  strlen@s 0010               _uart_write 220E  
              _TRISAbits 000F92                _TRISBbits 000F93                _TRISCbits 000F94  
   uart_xmit@mydata_byte 0010              _CCP1CONbits 000FBD              _ECCP1ASbits 000FB6  
         __end_of___wmul 2476           __end_of_marker 1A10           __end_of_strchr 241E  
         __end_of_strlen 23AA           __end_of_strstr 1FC8      start_initialization 226C  
            __end_of_ISR 00F8              __end_of_one 1C4C          ___llmod@divisor 0014  
        ___llmod@counter 0018                 ??___wmul 0014              __pdataBANK1 0178  
               ??_marker 0010              ?_uart_write 0012                 ??_strchr 0014  
               ??_strlen 0012                 ??_strstr 0023              __pbssCOMRAM 002B  
          __pcstackBANK0 00E6      __end_of__stringdata 1045             _isdigit$1401 0011  
      __size_of_get_yday 007A                __pintcode 0008                 ?___awmod 0010  
               ?___lldiv 0010                 ?___llmod 0010        __size_of_sendtime 0612  
      __size_of_pwm_init 0052                 ?_gettime 0001              __smallconst 1000  
              _leap_year 00A8                 ?_init_io 0001                 ?_isdigit 0001  
               ?_strncmp 0016                 ?_strncpy 0010                 ?_yisleap 0016  
         __size_of_ultoa 0112           ___wmul@product 0014                 _LATBbits 000F8A  
               _LATCbits 000F8B      __size_of_uart_write 005E                _minuteint 003D  
              _secondint 00B8              strncpy@from 0012                 _PIE1bits 000F9D  
            strncpy@size 0014              yisleap@year 0016                 _PIR1bits 000F9E  
          ??_serial_init 0015                _uart_xmit 24B6              __stringdata 1035  
      ___wmul@multiplier 0010                copy_data0 22B0               _CCPR1Lbits 000FBE  
               __Hrparam 0000                 __Lrparam 0000               ?_uart_xmit 0010  
       __size_of___awmod 0090         __size_of___lldiv 0082         __size_of___llmod 0066  
    __end_of_serial_init 2450         __size_of_gettime 0168         __size_of_init_io 0056  
       __size_of_isdigit 0020                 __ptext10 18F0                 __ptext11 2318  
               __ptext20 20D0                 __ptext12 22C2                 __ptext21 23AA  
               __ptext13 1658                 __ptext22 1E28                 __ptext14 220E  
               __ptext23 1D5E                 __ptext15 24B6                 __ptext24 2496  
               __ptext16 1EB8                 __ptext25 2450                 __ptext17 1C4C  
               __ptext18 214A                 __ptext19 204E                 _get_yday 20D0  
       __size_of_strncmp 0086         __size_of_strncpy 005E         __size_of_yisleap 0040  
          __size_of_atoi 00CA            __size_of_main 0130            __size_of_ltoa 008A  
          __size_of_zero 011E               strncmp@len 001A     __end_ofget_yday@days 1035  
               _sendtime 1046                 _monthint 0041                 _year4int 00BA  
           _PSTR1CONbits 000FB9                 atoi@sign 001A                 _pwm_init 2318  
           ??_uart_write 0014               _INTCONbits 000FF2              _PWM1CONbits 000FB7  
               isdigit@c 0012                ultoa@base 0023                 intlevel2 0000  
               ltoa@base 00F1                strchr@chr 0012                strchr@ptr 0010  
       ___lldiv@dividend 0010               _RCSTA1bits 000FAB       __end_of_uart_write 226C  
              strncmp@s1 0016                strncmp@s2 0018               _OSCCONbits 000FD3  
              strncpy@cp 0016                strncpy@to 0010              _serial_init 241E  
            ??_uart_xmit 0012                 ultoa@buf 001D                 ultoa@val 001F  
       ___lldiv@quotient 0018                 strlen@cp 0014                 strstr@s1 001F  
               strstr@s2 0021        __CFG_FOSC$INTIO67 000000  
