MP2COD 4.05, COFF to COD File Converter
Copyright (c) 2006 Microchip Technology Inc.
Listing File Generated: Thu Oct 19 10:51:45 2006


Address  Value    Disassembly              Source                                                                           File
-------  -------  -----------------------  -------------------------------------------------------------------------------  -----
                                           ;************************************************************************        C:\d\Projects\LCDS\oc19\18\p18lcd.asm
                                           ;*	Microchip Technology Inc. 2002					*                                          C:\d\Projects\LCDS\oc19\18\p18lcd.asm
                                           ;*	Assembler version: 2.0000					*                                               C:\d\Projects\LCDS\oc19\18\p18lcd.asm
                                           ;*	Filename: 							*                                                            C:\d\Projects\LCDS\oc19\18\p18lcd.asm
                                           ;*		p18lcd.asm (main routine)   				*                                            C:\d\Projects\LCDS\oc19\18\p18lcd.asm
                                           ;*	Dependents:							*                                                           C:\d\Projects\LCDS\oc19\18\p18lcd.asm
                                           ;*		p18demo.asm						*                                                           C:\d\Projects\LCDS\oc19\18\p18lcd.asm
                                           ;*		p18math.asm						*                                                           C:\d\Projects\LCDS\oc19\18\p18lcd.asm
                                           ;*		16f877.lkr						*                                                            C:\d\Projects\LCDS\oc19\18\p18lcd.asm
                                           ;*	March 14,2002							*                                                         C:\d\Projects\LCDS\oc19\18\p18lcd.asm
                                           ;* 	PICDEM 2 PLUS DEMO code. The following functions are included 	*             C:\d\Projects\LCDS\oc19\18\p18lcd.asm
                                           ;*	with this code:							*                                                       C:\d\Projects\LCDS\oc19\18\p18lcd.asm
                                           ;*		1. Voltmeter						*                                                          C:\d\Projects\LCDS\oc19\18\p18lcd.asm
                                           ;*			The center tap of R16 is connected to RA0, the	*                            C:\d\Projects\LCDS\oc19\18\p18lcd.asm
                                           ;*			A/D converter converts this analog voltage and	*                            C:\d\Projects\LCDS\oc19\18\p18lcd.asm
                                           ;*			the result is displayed on the LCD in a range	*                             C:\d\Projects\LCDS\oc19\18\p18lcd.asm
                                           ;*			from 0.00V - 5.00V.				*                                                    C:\d\Projects\LCDS\oc19\18\p18lcd.asm
                                           ;*		2. Buzzer						*                                                             C:\d\Projects\LCDS\oc19\18\p18lcd.asm
                                           ;*			The Piezo buzzer is connected to RC2 and is	*                               C:\d\Projects\LCDS\oc19\18\p18lcd.asm
                                           ;*			driven by the CCP1 module. The period and duty	*                            C:\d\Projects\LCDS\oc19\18\p18lcd.asm
                                           ;*			cycle are adjustable on the fly through the LCD	*                           C:\d\Projects\LCDS\oc19\18\p18lcd.asm
                                           ;*			and push-buttons.				*                                                      C:\d\Projects\LCDS\oc19\18\p18lcd.asm
                                           ;*		3. Temperature						*                                                        C:\d\Projects\LCDS\oc19\18\p18lcd.asm
                                           ;*			A TC74 Serial Digital Thermal Sensor is used to	*                           C:\d\Projects\LCDS\oc19\18\p18lcd.asm
                                           ;*			measure ambient temperature. The PIC and TC74	*                             C:\d\Projects\LCDS\oc19\18\p18lcd.asm
                                           ;* 			communicate using the MSSP module. The TC74 is	*                           C:\d\Projects\LCDS\oc19\18\p18lcd.asm
                                           ;*			connected to the SDA & SCL I/O pins of the PIC	*                            C:\d\Projects\LCDS\oc19\18\p18lcd.asm
                                           ;*			and functions as a slave.			*                                               C:\d\Projects\LCDS\oc19\18\p18lcd.asm
                                           ;*		4. Clock						*                                                              C:\d\Projects\LCDS\oc19\18\p18lcd.asm
                                           ;*			This function is a real-time clock. When the	*                              C:\d\Projects\LCDS\oc19\18\p18lcd.asm
                                           ;*			mode is entered, time begins at 00:00:00. The 	*                            C:\d\Projects\LCDS\oc19\18\p18lcd.asm
                                           ;*			user can set the time if desired.		*                                        C:\d\Projects\LCDS\oc19\18\p18lcd.asm
                                           ;************************************************************************        C:\d\Projects\LCDS\oc19\18\p18lcd.asm
                                                                                                                            C:\d\Projects\LCDS\oc19\18\p18lcd.asm
                                           	list p=18f452                                                                   C:\d\Projects\LCDS\oc19\18\p18lcd.asm
                                           	#include p18f452.inc                                                            C:\d\Projects\LCDS\oc19\18\p18lcd.asm
                                                   LIST                                                                     C:\Program Files\Microchip\MPASM Suite\p18f452.inc
                                           ; P18F452.INC  Standard Header File, Version 1.4   Microchip Technology, Inc.    C:\Program Files\Microchip\MPASM Suite\p18f452.inc
                                                   LIST                                                                     C:\Program Files\Microchip\MPASM Suite\p18f452.inc
                                                                                                                            C:\d\Projects\LCDS\oc19\18\p18lcd.asm
                                                                                                                            C:\d\Projects\LCDS\oc19\18\p18lcd.asm
                                           #define	LCD_D4		PORTD, 0	; LCD data bits                                         C:\d\Projects\LCDS\oc19\18\p18lcd.asm
                                           #define	LCD_D5		PORTD, 1                                                         C:\d\Projects\LCDS\oc19\18\p18lcd.asm
                                           #define	LCD_D6		PORTD, 2                                                         C:\d\Projects\LCDS\oc19\18\p18lcd.asm
                                           #define	LCD_D7		PORTD, 3                                                         C:\d\Projects\LCDS\oc19\18\p18lcd.asm
                                                                                                                            C:\d\Projects\LCDS\oc19\18\p18lcd.asm
                                           #define	LCD_D4_DIR	TRISD, 0	; LCD data bits                                      C:\d\Projects\LCDS\oc19\18\p18lcd.asm
                                           #define	LCD_D5_DIR	TRISD, 1                                                      C:\d\Projects\LCDS\oc19\18\p18lcd.asm
                                           #define	LCD_D6_DIR	TRISD, 2                                                      C:\d\Projects\LCDS\oc19\18\p18lcd.asm
                                           #define	LCD_D7_DIR	TRISD, 3                                                      C:\d\Projects\LCDS\oc19\18\p18lcd.asm
                                                                                                                            C:\d\Projects\LCDS\oc19\18\p18lcd.asm
                                           ;#define	LCD_E		PORTA, 1	; LCD E clock                                           C:\d\Projects\LCDS\oc19\18\p18lcd.asm
                                           ;#define	LCD_RW		PORTA, 2	; LCD read/write line                                  C:\d\Projects\LCDS\oc19\18\p18lcd.asm
                                           ;#define	LCD_RS		PORTA, 3	; LCD register select line                             C:\d\Projects\LCDS\oc19\18\p18lcd.asm
                                           ;                                                                                C:\d\Projects\LCDS\oc19\18\p18lcd.asm
                                           ;#define	LCD_E_DIR	TRISA, 1	                                                     C:\d\Projects\LCDS\oc19\18\p18lcd.asm
                                           ;#define	LCD_RW_DIR	TRISA, 2	                                                    C:\d\Projects\LCDS\oc19\18\p18lcd.asm
                                           ;#define	LCD_RS_DIR	TRISA, 3	                                                    C:\d\Projects\LCDS\oc19\18\p18lcd.asm
                                           ;                                                                                C:\d\Projects\LCDS\oc19\18\p18lcd.asm
                                           #define	LCD_E		PORTD, 6	; LCD E clock                                            C:\d\Projects\LCDS\oc19\18\p18lcd.asm
                                           #define	LCD_RW		PORTD, 5	; LCD read/write line                                   C:\d\Projects\LCDS\oc19\18\p18lcd.asm
                                           #define	LCD_RS		PORTD, 4	; LCD register select line                              C:\d\Projects\LCDS\oc19\18\p18lcd.asm
                                                                                                                            C:\d\Projects\LCDS\oc19\18\p18lcd.asm
                                           #define	LCD_E_DIR	TRISD, 6	                                                      C:\d\Projects\LCDS\oc19\18\p18lcd.asm
                                           #define	LCD_RW_DIR	TRISD, 5	                                                     C:\d\Projects\LCDS\oc19\18\p18lcd.asm
                                           #define	LCD_RS_DIR	TRISD, 4	                                                     C:\d\Projects\LCDS\oc19\18\p18lcd.asm
                                                                                                                            C:\d\Projects\LCDS\oc19\18\p18lcd.asm
                                           #define	LCD_INS		0	                                                              C:\d\Projects\LCDS\oc19\18\p18lcd.asm
                                           #define	LCD_DATA	1                                                               C:\d\Projects\LCDS\oc19\18\p18lcd.asm
                                                                                                                            C:\d\Projects\LCDS\oc19\18\p18lcd.asm
                                           D_LCD_DATA	UDATA                                                                 C:\d\Projects\LCDS\oc19\18\p18lcd.asm
                                           COUNTER		res	1                                                                   C:\d\Projects\LCDS\oc19\18\p18lcd.asm
                                           delay		res	1                                                                     C:\d\Projects\LCDS\oc19\18\p18lcd.asm
                                           temp_wr		res	1                                                                   C:\d\Projects\LCDS\oc19\18\p18lcd.asm
                                           temp_rd		res	1                                                                   C:\d\Projects\LCDS\oc19\18\p18lcd.asm
                                                                                                                            C:\d\Projects\LCDS\oc19\18\p18lcd.asm
                                           	GLOBAL	temp_wr                                                                  C:\d\Projects\LCDS\oc19\18\p18lcd.asm
                                                                                                                            C:\d\Projects\LCDS\oc19\18\p18lcd.asm
                                           PROG1	CODE                                                                       C:\d\Projects\LCDS\oc19\18\p18lcd.asm
                                                                                                                            C:\d\Projects\LCDS\oc19\18\p18lcd.asm
                                                                                                                            C:\d\Projects\LCDS\oc19\18\p18lcd.asm
                                           ;***************************************************************************     C:\d\Projects\LCDS\oc19\18\p18lcd.asm
                                           	                                                                                C:\d\Projects\LCDS\oc19\18\p18lcd.asm
                                           LCDLine_1                                                                        C:\d\Projects\LCDS\oc19\18\p18lcd.asm
00002c   0e80     MOVLW     0x80           	movlw	0x80                                                                      C:\d\Projects\LCDS\oc19\18\p18lcd.asm
00002e   6f9f     MOVWF     0x9f,0x1       	movwf	temp_wr                                                                   C:\d\Projects\LCDS\oc19\18\p18lcd.asm
000030   d80e     RCALL     0x4e           	rcall	i_write                                                                   C:\d\Projects\LCDS\oc19\18\p18lcd.asm
000032   0012     RETURN    0x0            	return                                                                          C:\d\Projects\LCDS\oc19\18\p18lcd.asm
                                           	GLOBAL	LCDLine_1                                                                C:\d\Projects\LCDS\oc19\18\p18lcd.asm
                                                                                                                            C:\d\Projects\LCDS\oc19\18\p18lcd.asm
                                           LCDLine_2                                                                        C:\d\Projects\LCDS\oc19\18\p18lcd.asm
000034   0ec0     MOVLW     0xc0           	movlw	0xC0                                                                      C:\d\Projects\LCDS\oc19\18\p18lcd.asm
000036   6f9f     MOVWF     0x9f,0x1       	movwf	temp_wr                                                                   C:\d\Projects\LCDS\oc19\18\p18lcd.asm
000038   d80a     RCALL     0x4e           	rcall	i_write                                                                   C:\d\Projects\LCDS\oc19\18\p18lcd.asm
00003a   0012     RETURN    0x0            	return                                                                          C:\d\Projects\LCDS\oc19\18\p18lcd.asm
                                           	GLOBAL	LCDLine_2                                                                C:\d\Projects\LCDS\oc19\18\p18lcd.asm
                                                                                                                            C:\d\Projects\LCDS\oc19\18\p18lcd.asm
                                           	;write data                                                                     C:\d\Projects\LCDS\oc19\18\p18lcd.asm
                                           d_write                                                                          C:\d\Projects\LCDS\oc19\18\p18lcd.asm
00003c   c09f     MOVFF     0x9f,0xfad     	movff	temp_wr,TXREG                                                             C:\d\Projects\LCDS\oc19\18\p18lcd.asm
00003e   ffad                                                                                                               
000040   a2ac     BTFSS     0xac,0x1,0x0   	btfss	TXSTA,TRMT                                                                C:\d\Projects\LCDS\oc19\18\p18lcd.asm
000042   ef20     GOTO      0x40           	goto	$-2                                                                        C:\d\Projects\LCDS\oc19\18\p18lcd.asm
000044   f000                                                                                                               
000046   d8d5     RCALL     0x1f2          	rcall	LCDBusy                                                                   C:\d\Projects\LCDS\oc19\18\p18lcd.asm
000048   80d8     BSF       0xd8,0x0,0x0   	bsf	STATUS, C	                                                                  C:\d\Projects\LCDS\oc19\18\p18lcd.asm
00004a   d890     RCALL     0x16c          	rcall	LCDWrite                                                                  C:\d\Projects\LCDS\oc19\18\p18lcd.asm
00004c   0012     RETURN    0x0            	return                                                                          C:\d\Projects\LCDS\oc19\18\p18lcd.asm
                                           	GLOBAL	d_write                                                                  C:\d\Projects\LCDS\oc19\18\p18lcd.asm
                                                                                                                            C:\d\Projects\LCDS\oc19\18\p18lcd.asm
                                           	;write instruction                                                              C:\d\Projects\LCDS\oc19\18\p18lcd.asm
                                           i_write                                                                          C:\d\Projects\LCDS\oc19\18\p18lcd.asm
00004e   d8d1     RCALL     0x1f2          	rcall	LCDBusy                                                                   C:\d\Projects\LCDS\oc19\18\p18lcd.asm
000050   90d8     BCF       0xd8,0x0,0x0   	bcf	STATUS, C                                                                   C:\d\Projects\LCDS\oc19\18\p18lcd.asm
000052   d88c     RCALL     0x16c          	rcall	LCDWrite                                                                  C:\d\Projects\LCDS\oc19\18\p18lcd.asm
000054   0012     RETURN    0x0            	return                                                                          C:\d\Projects\LCDS\oc19\18\p18lcd.asm
                                            	GLOBAL	i_write                                                                 C:\d\Projects\LCDS\oc19\18\p18lcd.asm
                                                                                                                            C:\d\Projects\LCDS\oc19\18\p18lcd.asm
                                                                                                                            C:\d\Projects\LCDS\oc19\18\p18lcd.asm
                                           rlcd	macro	MYREGISTER                                                            C:\d\Projects\LCDS\oc19\18\p18lcd.asm
                                            IF MYREGISTER == 1                                                              C:\d\Projects\LCDS\oc19\18\p18lcd.asm
                                           	bsf	STATUS, C                                                                   C:\d\Projects\LCDS\oc19\18\p18lcd.asm
                                           	rcall	LCDRead                                                                   C:\d\Projects\LCDS\oc19\18\p18lcd.asm
                                            ELSE                                                                            C:\d\Projects\LCDS\oc19\18\p18lcd.asm
                                           	bcf	STATUS, C                                                                   C:\d\Projects\LCDS\oc19\18\p18lcd.asm
                                           	rcall	LCDRead                                                                   C:\d\Projects\LCDS\oc19\18\p18lcd.asm
                                            ENDIF                                                                           C:\d\Projects\LCDS\oc19\18\p18lcd.asm
                                           	endm                                                                            C:\d\Projects\LCDS\oc19\18\p18lcd.asm
                                           ;****************************************************************************    C:\d\Projects\LCDS\oc19\18\p18lcd.asm
                                                                                                                            C:\d\Projects\LCDS\oc19\18\p18lcd.asm
                                                                                                                            C:\d\Projects\LCDS\oc19\18\p18lcd.asm
                                                                                                                            C:\d\Projects\LCDS\oc19\18\p18lcd.asm
                                                                                                                            C:\d\Projects\LCDS\oc19\18\p18lcd.asm
                                           ; *******************************************************************            C:\d\Projects\LCDS\oc19\18\p18lcd.asm
                                           LCDInit                                                                          C:\d\Projects\LCDS\oc19\18\p18lcd.asm
000056   8e8c     BSF       0x8c,0x7,0x0   	bsf		LATD,7                                                                     C:\d\Projects\LCDS\oc19\18\p18lcd.asm
000058   9e95     BCF       0x95,0x7,0x0   	bcf		TRISD,7                                                                    C:\d\Projects\LCDS\oc19\18\p18lcd.asm
00005a   8e8c     BSF       0x8c,0x7,0x0   	bsf		LATD,7                                                                     C:\d\Projects\LCDS\oc19\18\p18lcd.asm
00005c   ec0a     CALL      0x214,0x0      	call	Delay30ms                                                                  C:\d\Projects\LCDS\oc19\18\p18lcd.asm
00005e   f001                                                                                                               
000060   6a80     CLRF      0x80,0x0       	clrf	PORTA                                                                      C:\d\Projects\LCDS\oc19\18\p18lcd.asm
                                           	                                                                                C:\d\Projects\LCDS\oc19\18\p18lcd.asm
000062   9c95     BCF       0x95,0x6,0x0   	bcf	LCD_E_DIR		;configure control lines                                         C:\d\Projects\LCDS\oc19\18\p18lcd.asm
000064   9a95     BCF       0x95,0x5,0x0   	bcf	LCD_RW_DIR                                                                  C:\d\Projects\LCDS\oc19\18\p18lcd.asm
000066   9895     BCF       0x95,0x4,0x0   	bcf	LCD_RS_DIR                                                                  C:\d\Projects\LCDS\oc19\18\p18lcd.asm
                                           	                                                                                C:\d\Projects\LCDS\oc19\18\p18lcd.asm
000068   0e0e     MOVLW     0xe            	movlw	b'00001110'                                                               C:\d\Projects\LCDS\oc19\18\p18lcd.asm
00006a   6ec1     MOVWF     0xc1,0x0       	movwf	ADCON1	                                                                   C:\d\Projects\LCDS\oc19\18\p18lcd.asm
                                                                                                                            C:\d\Projects\LCDS\oc19\18\p18lcd.asm
00006c   0eff     MOVLW     0xff           	movlw	0xff			; Wait ~15ms @ 20 MHz                                              C:\d\Projects\LCDS\oc19\18\p18lcd.asm
00006e   6f9d     MOVWF     0x9d,0x1       	movwf	COUNTER                                                                   C:\d\Projects\LCDS\oc19\18\p18lcd.asm
                                           lil1                                                                             C:\d\Projects\LCDS\oc19\18\p18lcd.asm
000070   0eff     MOVLW     0xff           	movlw	0xFF                                                                      C:\d\Projects\LCDS\oc19\18\p18lcd.asm
000072   6f9e     MOVWF     0x9e,0x1       	movwf	delay                                                                     C:\d\Projects\LCDS\oc19\18\p18lcd.asm
000074   d8c6     RCALL     0x202          	rcall	DelayXCycles                                                              C:\d\Projects\LCDS\oc19\18\p18lcd.asm
000076   2f9d     DECFSZ    0x9d,0x1,0x1   	decfsz	COUNTER,F                                                                C:\d\Projects\LCDS\oc19\18\p18lcd.asm
000078   d7fb     BRA       0x70           	bra	lil1                                                                        C:\d\Projects\LCDS\oc19\18\p18lcd.asm
                                           	                                                                                C:\d\Projects\LCDS\oc19\18\p18lcd.asm
                                           ;0x20                                                                            C:\d\Projects\LCDS\oc19\18\p18lcd.asm
                                           ;	movlw	b'00110000'		;#1 Send control sequence                                   C:\d\Projects\LCDS\oc19\18\p18lcd.asm
00007a   0e20     MOVLW     0x20           	movlw	b'00100000'		;#1 Send control sequence                                    C:\d\Projects\LCDS\oc19\18\p18lcd.asm
00007c   6f9f     MOVWF     0x9f,0x1       	movwf	temp_wr                                                                   C:\d\Projects\LCDS\oc19\18\p18lcd.asm
00007e   90d8     BCF       0xd8,0x0,0x0   	bcf	STATUS,C                                                                    C:\d\Projects\LCDS\oc19\18\p18lcd.asm
000080   d855     RCALL     0x12c          	rcall	LCDWriteNibble                                                            C:\d\Projects\LCDS\oc19\18\p18lcd.asm
                                                                                                                            C:\d\Projects\LCDS\oc19\18\p18lcd.asm
000082   0eff     MOVLW     0xff           	movlw	0xff			;Wait ~4ms @ 20 MHz                                                C:\d\Projects\LCDS\oc19\18\p18lcd.asm
000084   6f9d     MOVWF     0x9d,0x1       	movwf	COUNTER                                                                   C:\d\Projects\LCDS\oc19\18\p18lcd.asm
                                           lil2                                                                             C:\d\Projects\LCDS\oc19\18\p18lcd.asm
000086   0eff     MOVLW     0xff           	movlw	0xFF                                                                      C:\d\Projects\LCDS\oc19\18\p18lcd.asm
000088   6f9e     MOVWF     0x9e,0x1       	movwf	delay                                                                     C:\d\Projects\LCDS\oc19\18\p18lcd.asm
00008a   d8bb     RCALL     0x202          	rcall	DelayXCycles                                                              C:\d\Projects\LCDS\oc19\18\p18lcd.asm
00008c   2f9d     DECFSZ    0x9d,0x1,0x1   	decfsz	COUNTER,F                                                                C:\d\Projects\LCDS\oc19\18\p18lcd.asm
00008e   d7fb     BRA       0x86           	bra	lil2                                                                        C:\d\Projects\LCDS\oc19\18\p18lcd.asm
                                                                                                                            C:\d\Projects\LCDS\oc19\18\p18lcd.asm
                                           ;;0x28--2                                                                        C:\d\Projects\LCDS\oc19\18\p18lcd.asm
                                           ;	movlw	b'00110000'		;#2 Send control sequence                                   C:\d\Projects\LCDS\oc19\18\p18lcd.asm
000090   0e20     MOVLW     0x20           	movlw	b'00100000'		;#2 Send control sequence                                    C:\d\Projects\LCDS\oc19\18\p18lcd.asm
000092   6f9f     MOVWF     0x9f,0x1       	movwf	temp_wr                                                                   C:\d\Projects\LCDS\oc19\18\p18lcd.asm
000094   90d8     BCF       0xd8,0x0,0x0   	bcf	STATUS,C                                                                    C:\d\Projects\LCDS\oc19\18\p18lcd.asm
000096   d84a     RCALL     0x12c          	rcall	LCDWriteNibble                                                            C:\d\Projects\LCDS\oc19\18\p18lcd.asm
                                                                                                                            C:\d\Projects\LCDS\oc19\18\p18lcd.asm
000098   0eff     MOVLW     0xff           	movlw	0xFF			;Wait ~100us @ 20 MHz                                              C:\d\Projects\LCDS\oc19\18\p18lcd.asm
00009a   6f9e     MOVWF     0x9e,0x1       	movwf	delay                                                                     C:\d\Projects\LCDS\oc19\18\p18lcd.asm
00009c   d8b2     RCALL     0x202          	rcall	DelayXCycles                                                              C:\d\Projects\LCDS\oc19\18\p18lcd.asm
                                           	                                                                                C:\d\Projects\LCDS\oc19\18\p18lcd.asm
                                           ;0x28-08					                                                                    C:\d\Projects\LCDS\oc19\18\p18lcd.asm
                                           ;	movlw	b'0011000'		;#3 Send control sequence                                    C:\d\Projects\LCDS\oc19\18\p18lcd.asm
00009e   0e80     MOVLW     0x80           	movlw	b'10000000'		;                                                            C:\d\Projects\LCDS\oc19\18\p18lcd.asm
0000a0   6f9f     MOVWF     0x9f,0x1       	movwf	temp_wr                                                                   C:\d\Projects\LCDS\oc19\18\p18lcd.asm
0000a2   90d8     BCF       0xd8,0x0,0x0   	bcf	STATUS,C                                                                    C:\d\Projects\LCDS\oc19\18\p18lcd.asm
0000a4   d843     RCALL     0x12c          	rcall	LCDWriteNibble                                                            C:\d\Projects\LCDS\oc19\18\p18lcd.asm
                                                                                                                            C:\d\Projects\LCDS\oc19\18\p18lcd.asm
                                           		;test delay                                                                    C:\d\Projects\LCDS\oc19\18\p18lcd.asm
0000a6   0eff     MOVLW     0xff           	movlw	0xFF			;Wait ~100us @ 20 MHz                                              C:\d\Projects\LCDS\oc19\18\p18lcd.asm
0000a8   6f9e     MOVWF     0x9e,0x1       	movwf	delay                                                                     C:\d\Projects\LCDS\oc19\18\p18lcd.asm
0000aa   d8ab     RCALL     0x202          	rcall	DelayXCycles                                                              C:\d\Projects\LCDS\oc19\18\p18lcd.asm
                                                                                                                            C:\d\Projects\LCDS\oc19\18\p18lcd.asm
                                           ;;;;;;;;;;;;;;;;;;;;;;;;;;;;;;;;;;;;;;;;;;;;;                                    C:\d\Projects\LCDS\oc19\18\p18lcd.asm
                                           ;0C--0                                                                           C:\d\Projects\LCDS\oc19\18\p18lcd.asm
                                           ;;;;;;;;;;;;;;;;;;;;;;;;;;;;;;;;;;;;;;;;;;;;;                                    C:\d\Projects\LCDS\oc19\18\p18lcd.asm
                                           ;	movlw	b'00100000'		;#4 set 4-bit                                               C:\d\Projects\LCDS\oc19\18\p18lcd.asm
0000ac   0e00     MOVLW     0x0            	movlw	b'00000000'		;#4 set 4-bit                                                C:\d\Projects\LCDS\oc19\18\p18lcd.asm
0000ae   6f9f     MOVWF     0x9f,0x1       	movwf	temp_wr                                                                   C:\d\Projects\LCDS\oc19\18\p18lcd.asm
0000b0   90d8     BCF       0xd8,0x0,0x0   	bcf	STATUS,C                                                                    C:\d\Projects\LCDS\oc19\18\p18lcd.asm
0000b2   d83c     RCALL     0x12c          	rcall	LCDWriteNibble                                                            C:\d\Projects\LCDS\oc19\18\p18lcd.asm
                                           ;0x08--08                                                                        C:\d\Projects\LCDS\oc19\18\p18lcd.asm
0000b4   0ec0     MOVLW     0xc0           	movlw	b'11000000'		;#4 set 4-bit                                                C:\d\Projects\LCDS\oc19\18\p18lcd.asm
0000b6   6f9f     MOVWF     0x9f,0x1       	movwf	temp_wr                                                                   C:\d\Projects\LCDS\oc19\18\p18lcd.asm
0000b8   90d8     BCF       0xd8,0x0,0x0   	bcf	STATUS,C                                                                    C:\d\Projects\LCDS\oc19\18\p18lcd.asm
0000ba   d838     RCALL     0x12c          	rcall	LCDWriteNibble                                                            C:\d\Projects\LCDS\oc19\18\p18lcd.asm
                                                                                                                            C:\d\Projects\LCDS\oc19\18\p18lcd.asm
0000bc   0eff     MOVLW     0xff           	movlw	0xFF			;Wait ~100us @ 20 MHz                                              C:\d\Projects\LCDS\oc19\18\p18lcd.asm
0000be   6f9e     MOVWF     0x9e,0x1       	movwf	delay                                                                     C:\d\Projects\LCDS\oc19\18\p18lcd.asm
0000c0   d8a0     RCALL     0x202          	rcall	DelayXCycles                                                              C:\d\Projects\LCDS\oc19\18\p18lcd.asm
                                           ;;;;;;;;;;;;;;;;;;;;;;;;;;;;;;;;;;;;;;;;;;;;;;;;;;                               C:\d\Projects\LCDS\oc19\18\p18lcd.asm
                                           ;0x01                                                                            C:\d\Projects\LCDS\oc19\18\p18lcd.asm
                                           ;;;;;;;;;;;;;;;;;;;;;;;;;;;;;;;;;;;;;;;;;;;;;;;;;;                               C:\d\Projects\LCDS\oc19\18\p18lcd.asm
                                           ;0x01-0                                                                          C:\d\Projects\LCDS\oc19\18\p18lcd.asm
0000c2   0e00     MOVLW     0x0            	movlw	b'00000000'		;#4 set 4-bit                                                C:\d\Projects\LCDS\oc19\18\p18lcd.asm
0000c4   6f9f     MOVWF     0x9f,0x1       	movwf	temp_wr                                                                   C:\d\Projects\LCDS\oc19\18\p18lcd.asm
0000c6   90d8     BCF       0xd8,0x0,0x0   	bcf	STATUS,C                                                                    C:\d\Projects\LCDS\oc19\18\p18lcd.asm
0000c8   d831     RCALL     0x12c          	rcall	LCDWriteNibble                                                            C:\d\Projects\LCDS\oc19\18\p18lcd.asm
                                           ;0x01--01                                                                        C:\d\Projects\LCDS\oc19\18\p18lcd.asm
0000ca   0e10     MOVLW     0x10           	movlw	b'00010000'		;#4 set 4-bit                                                C:\d\Projects\LCDS\oc19\18\p18lcd.asm
0000cc   6f9f     MOVWF     0x9f,0x1       	movwf	temp_wr                                                                   C:\d\Projects\LCDS\oc19\18\p18lcd.asm
0000ce   90d8     BCF       0xd8,0x0,0x0   	bcf	STATUS,C                                                                    C:\d\Projects\LCDS\oc19\18\p18lcd.asm
0000d0   d82d     RCALL     0x12c          	rcall	LCDWriteNibble                                                            C:\d\Projects\LCDS\oc19\18\p18lcd.asm
                                                                                                                            C:\d\Projects\LCDS\oc19\18\p18lcd.asm
0000d2   0eff     MOVLW     0xff           	movlw	0xFF			;Wait ~100us @ 20 MHz                                              C:\d\Projects\LCDS\oc19\18\p18lcd.asm
0000d4   6f9e     MOVWF     0x9e,0x1       	movwf	delay                                                                     C:\d\Projects\LCDS\oc19\18\p18lcd.asm
0000d6   d895     RCALL     0x202          	rcall	DelayXCycles                                                              C:\d\Projects\LCDS\oc19\18\p18lcd.asm
                                           ;;;;;;;;;;;;;;;;;;;;;;;;;;;;;;;;;;;;;;;;;;;;;;;;;;                               C:\d\Projects\LCDS\oc19\18\p18lcd.asm
0000d8   ec5f     CALL      0x2be,0x0      	call	LongDelay ;2ms                                                             C:\d\Projects\LCDS\oc19\18\p18lcd.asm
0000da   f001                                                                                                               
0000dc   ec5f     CALL      0x2be,0x0      	call	LongDelay ;2ms                                                             C:\d\Projects\LCDS\oc19\18\p18lcd.asm
0000de   f001                                                                                                               
0000e0   ec5f     CALL      0x2be,0x0      	call	LongDelay ;2ms                                                             C:\d\Projects\LCDS\oc19\18\p18lcd.asm
0000e2   f001                                                                                                               
0000e4   ec5f     CALL      0x2be,0x0      	call	LongDelay ;2ms                                                             C:\d\Projects\LCDS\oc19\18\p18lcd.asm
0000e6   f001                                                                                                               
                                           ;;;;;;;;;;;;;;;;;;;;;;;;;;;;;;;;;;;;;;;;;;;;;;;;;;                               C:\d\Projects\LCDS\oc19\18\p18lcd.asm
                                           ;0x02                                                                            C:\d\Projects\LCDS\oc19\18\p18lcd.asm
                                           ;;;;;;;;;;;;;;;;;;;;;;;;;;;;;;;;;;;;;;;;;;;;;;;;;;                               C:\d\Projects\LCDS\oc19\18\p18lcd.asm
                                           ;0x0-0                                                                           C:\d\Projects\LCDS\oc19\18\p18lcd.asm
0000e8   0e00     MOVLW     0x0            	movlw	b'00000000'		;#4 set 4-bit                                                C:\d\Projects\LCDS\oc19\18\p18lcd.asm
0000ea   6f9f     MOVWF     0x9f,0x1       	movwf	temp_wr                                                                   C:\d\Projects\LCDS\oc19\18\p18lcd.asm
0000ec   90d8     BCF       0xd8,0x0,0x0   	bcf	STATUS,C                                                                    C:\d\Projects\LCDS\oc19\18\p18lcd.asm
0000ee   d81e     RCALL     0x12c          	rcall	LCDWriteNibble                                                            C:\d\Projects\LCDS\oc19\18\p18lcd.asm
                                           ;0x02                                                                            C:\d\Projects\LCDS\oc19\18\p18lcd.asm
0000f0   0e20     MOVLW     0x20           	movlw	b'00100000'		;#4 set 4-bit                                                C:\d\Projects\LCDS\oc19\18\p18lcd.asm
0000f2   6f9f     MOVWF     0x9f,0x1       	movwf	temp_wr                                                                   C:\d\Projects\LCDS\oc19\18\p18lcd.asm
0000f4   90d8     BCF       0xd8,0x0,0x0   	bcf	STATUS,C                                                                    C:\d\Projects\LCDS\oc19\18\p18lcd.asm
0000f6   d81a     RCALL     0x12c          	rcall	LCDWriteNibble                                                            C:\d\Projects\LCDS\oc19\18\p18lcd.asm
                                                                                                                            C:\d\Projects\LCDS\oc19\18\p18lcd.asm
0000f8   0eff     MOVLW     0xff           	movlw	0xFF			;Wait ~100us @ 20 MHz                                              C:\d\Projects\LCDS\oc19\18\p18lcd.asm
0000fa   6f9e     MOVWF     0x9e,0x1       	movwf	delay                                                                     C:\d\Projects\LCDS\oc19\18\p18lcd.asm
0000fc   d882     RCALL     0x202          	rcall	DelayXCycles                                                              C:\d\Projects\LCDS\oc19\18\p18lcd.asm
                                           ;;;;;;;;;;;;;;;;;;;;;;;;;;;;;;;;;;;;;;;;;;;;;;;;;;                               C:\d\Projects\LCDS\oc19\18\p18lcd.asm
                                           ;	rcall	LCDBusy			;Busy?                                                         C:\d\Projects\LCDS\oc19\18\p18lcd.asm
0000fe   ec5f     CALL      0x2be,0x0      	call	LongDelay ;2ms                                                             C:\d\Projects\LCDS\oc19\18\p18lcd.asm
000100   f001                                                                                                               
000102   ec5f     CALL      0x2be,0x0      	call	LongDelay ;2ms                                                             C:\d\Projects\LCDS\oc19\18\p18lcd.asm
000104   f001                                                                                                               
000106   ec5f     CALL      0x2be,0x0      	call	LongDelay ;2ms                                                             C:\d\Projects\LCDS\oc19\18\p18lcd.asm
000108   f001                                                                                                               
00010a   ec5f     CALL      0x2be,0x0      	call	LongDelay ;2ms                                                             C:\d\Projects\LCDS\oc19\18\p18lcd.asm
00010c   f001                                                                                                               
00010e   ec5f     CALL      0x2be,0x0      	call	LongDelay ;2ms                                                             C:\d\Projects\LCDS\oc19\18\p18lcd.asm
000110   f001                                                                                                               
000112   ec5f     CALL      0x2be,0x0      	call	LongDelay ;2ms                                                             C:\d\Projects\LCDS\oc19\18\p18lcd.asm
000114   f001                                                                                                               
000116   ec5f     CALL      0x2be,0x0      	call	LongDelay ;2ms                                                             C:\d\Projects\LCDS\oc19\18\p18lcd.asm
000118   f001                                                                                                               
                                                                                                                            C:\d\Projects\LCDS\oc19\18\p18lcd.asm
                                           ;;;;;;;;;;;;;;;;;;;;;;;;;;;;;;;;;;;;;;;;;;;;;;;;;;                               C:\d\Projects\LCDS\oc19\18\p18lcd.asm
                                           ;;;;;;;;;;;;;;;;;;;;;;;;;;;;;;;;;;;;;;;;;;;;;;;;;;                               C:\d\Projects\LCDS\oc19\18\p18lcd.asm
                                           ;0x0C                                                                            C:\d\Projects\LCDS\oc19\18\p18lcd.asm
                                           ;;;;;;;;;;;;;;;;;;;;;;;;;;;;;;;;;;;;;;;;;;;;;;;;;;                               C:\d\Projects\LCDS\oc19\18\p18lcd.asm
                                           ;;0x0C-0                                                                         C:\d\Projects\LCDS\oc19\18\p18lcd.asm
                                           ;	movlw	b'00000000'		;#4 set 4-bit                                               C:\d\Projects\LCDS\oc19\18\p18lcd.asm
                                           ;	movwf	temp_wr                                                                  C:\d\Projects\LCDS\oc19\18\p18lcd.asm
                                           ;	bcf	STATUS,C                                                                   C:\d\Projects\LCDS\oc19\18\p18lcd.asm
                                           ;	rcall	LCDWriteNibble                                                           C:\d\Projects\LCDS\oc19\18\p18lcd.asm
                                           ;;0x01--0C                                                                       C:\d\Projects\LCDS\oc19\18\p18lcd.asm
                                           ;	movlw	b'11000000'		;#4 set 4-bit                                               C:\d\Projects\LCDS\oc19\18\p18lcd.asm
                                           ;	movwf	temp_wr                                                                  C:\d\Projects\LCDS\oc19\18\p18lcd.asm
                                           ;	bcf	STATUS,C                                                                   C:\d\Projects\LCDS\oc19\18\p18lcd.asm
                                           ;	rcall	LCDWriteNibble                                                           C:\d\Projects\LCDS\oc19\18\p18lcd.asm
                                           ;                                                                                C:\d\Projects\LCDS\oc19\18\p18lcd.asm
                                                                                                                            C:\d\Projects\LCDS\oc19\18\p18lcd.asm
00011a   0e4e     MOVLW     0x4e           	movlw	0x4E                                                                      C:\d\Projects\LCDS\oc19\18\p18lcd.asm
00011c   6f9f     MOVWF     0x9f,0x1       	movwf	temp_wr                                                                   C:\d\Projects\LCDS\oc19\18\p18lcd.asm
00011e   d869     RCALL     0x1f2          	rcall	LCDBusy                                                                   C:\d\Projects\LCDS\oc19\18\p18lcd.asm
000120   80d8     BSF       0xd8,0x0,0x0   	bsf	STATUS, C	                                                                  C:\d\Projects\LCDS\oc19\18\p18lcd.asm
000122   d824     RCALL     0x16c          	rcall	LCDWrite                                                                  C:\d\Projects\LCDS\oc19\18\p18lcd.asm
                                                                                                                            C:\d\Projects\LCDS\oc19\18\p18lcd.asm
                                                                                                                            C:\d\Projects\LCDS\oc19\18\p18lcd.asm
                                                                                                                            C:\d\Projects\LCDS\oc19\18\p18lcd.asm
000124   0eff     MOVLW     0xff           	movlw	0xFF			;Wait ~100us @ 20 MHz                                              C:\d\Projects\LCDS\oc19\18\p18lcd.asm
000126   6f9e     MOVWF     0x9e,0x1       	movwf	delay                                                                     C:\d\Projects\LCDS\oc19\18\p18lcd.asm
000128   d86c     RCALL     0x202          	rcall	DelayXCycles                                                              C:\d\Projects\LCDS\oc19\18\p18lcd.asm
00012a   0012     RETURN    0x0            	return                                                                          C:\d\Projects\LCDS\oc19\18\p18lcd.asm
                                           	GLOBAL	LCDInit	                                                                 C:\d\Projects\LCDS\oc19\18\p18lcd.asm
                                           ; *******************************************************************            C:\d\Projects\LCDS\oc19\18\p18lcd.asm
                                                                                                                            C:\d\Projects\LCDS\oc19\18\p18lcd.asm
                                                                                                                            C:\d\Projects\LCDS\oc19\18\p18lcd.asm
                                                                                                                            C:\d\Projects\LCDS\oc19\18\p18lcd.asm
                                                                                                                            C:\d\Projects\LCDS\oc19\18\p18lcd.asm
                                                                                                                            C:\d\Projects\LCDS\oc19\18\p18lcd.asm
                                                                                                                            C:\d\Projects\LCDS\oc19\18\p18lcd.asm
                                                                                                                            C:\d\Projects\LCDS\oc19\18\p18lcd.asm
                                                                                                                            C:\d\Projects\LCDS\oc19\18\p18lcd.asm
                                           ;****************************************************************************    C:\d\Projects\LCDS\oc19\18\p18lcd.asm
                                           ;     _    ______________________________                                        C:\d\Projects\LCDS\oc19\18\p18lcd.asm
                                           ; RS  _>--<______________________________                                        C:\d\Projects\LCDS\oc19\18\p18lcd.asm
                                           ;     _____                                                                      C:\d\Projects\LCDS\oc19\18\p18lcd.asm
                                           ; RW       \_____________________________                                        C:\d\Projects\LCDS\oc19\18\p18lcd.asm
                                           ;                  __________________                                            C:\d\Projects\LCDS\oc19\18\p18lcd.asm
                                           ; E   ____________/                  \___                                        C:\d\Projects\LCDS\oc19\18\p18lcd.asm
                                           ;     _____________                ______                                        C:\d\Projects\LCDS\oc19\18\p18lcd.asm
                                           ; DB  _____________>--------------<______                                        C:\d\Projects\LCDS\oc19\18\p18lcd.asm
                                           ;                                                                                C:\d\Projects\LCDS\oc19\18\p18lcd.asm
                                           LCDWriteNibble                                                                   C:\d\Projects\LCDS\oc19\18\p18lcd.asm
00012c   a0d8     BTFSS     0xd8,0x0,0x0   	btfss	STATUS, C		; Set the register select                                      C:\d\Projects\LCDS\oc19\18\p18lcd.asm
00012e   9883     BCF       0x83,0x4,0x0   	bcf	LCD_RS                                                                      C:\d\Projects\LCDS\oc19\18\p18lcd.asm
000130   b0d8     BTFSC     0xd8,0x0,0x0   	btfsc	STATUS, C	                                                                C:\d\Projects\LCDS\oc19\18\p18lcd.asm
000132   8883     BSF       0x83,0x4,0x0   	bsf	LCD_RS                                                                      C:\d\Projects\LCDS\oc19\18\p18lcd.asm
                                                                                                                            C:\d\Projects\LCDS\oc19\18\p18lcd.asm
000134   9a83     BCF       0x83,0x5,0x0   	bcf	LCD_RW			; Set write mode                                                   C:\d\Projects\LCDS\oc19\18\p18lcd.asm
                                                                                                                            C:\d\Projects\LCDS\oc19\18\p18lcd.asm
000136   9095     BCF       0x95,0x0,0x0   	bcf	LCD_D4_DIR		; Set data bits to outputs                                      C:\d\Projects\LCDS\oc19\18\p18lcd.asm
000138   9295     BCF       0x95,0x1,0x0   	bcf	LCD_D5_DIR                                                                  C:\d\Projects\LCDS\oc19\18\p18lcd.asm
00013a   9495     BCF       0x95,0x2,0x0   	bcf	LCD_D6_DIR                                                                  C:\d\Projects\LCDS\oc19\18\p18lcd.asm
00013c   9695     BCF       0x95,0x3,0x0   	bcf	LCD_D7_DIR                                                                  C:\d\Projects\LCDS\oc19\18\p18lcd.asm
                                                                                                                            C:\d\Projects\LCDS\oc19\18\p18lcd.asm
00013e   0000     NOP                      	NOP				; Small delay                                                            C:\d\Projects\LCDS\oc19\18\p18lcd.asm
000140   0000     NOP                      	NOP                                                                             C:\d\Projects\LCDS\oc19\18\p18lcd.asm
                                                                                                                            C:\d\Projects\LCDS\oc19\18\p18lcd.asm
000142   8c83     BSF       0x83,0x6,0x0   	bsf	LCD_E			; Setup to clock data                                               C:\d\Projects\LCDS\oc19\18\p18lcd.asm
                                           	                                                                                C:\d\Projects\LCDS\oc19\18\p18lcd.asm
000144   af9f     BTFSS     0x9f,0x7,0x1   	btfss	temp_wr, 7			; Set high nibble                                            C:\d\Projects\LCDS\oc19\18\p18lcd.asm
000146   9683     BCF       0x83,0x3,0x0   	bcf	LCD_D7	                                                                     C:\d\Projects\LCDS\oc19\18\p18lcd.asm
000148   bf9f     BTFSC     0x9f,0x7,0x1   	btfsc	temp_wr, 7                                                                C:\d\Projects\LCDS\oc19\18\p18lcd.asm
00014a   8683     BSF       0x83,0x3,0x0   	bsf	LCD_D7                                                                      C:\d\Projects\LCDS\oc19\18\p18lcd.asm
00014c   ad9f     BTFSS     0x9f,0x6,0x1   	btfss	temp_wr, 6                                                                C:\d\Projects\LCDS\oc19\18\p18lcd.asm
00014e   9483     BCF       0x83,0x2,0x0   	bcf	LCD_D6	                                                                     C:\d\Projects\LCDS\oc19\18\p18lcd.asm
000150   bd9f     BTFSC     0x9f,0x6,0x1   	btfsc	temp_wr, 6                                                                C:\d\Projects\LCDS\oc19\18\p18lcd.asm
000152   8483     BSF       0x83,0x2,0x0   	bsf	LCD_D6                                                                      C:\d\Projects\LCDS\oc19\18\p18lcd.asm
000154   ab9f     BTFSS     0x9f,0x5,0x1   	btfss	temp_wr, 5                                                                C:\d\Projects\LCDS\oc19\18\p18lcd.asm
000156   9283     BCF       0x83,0x1,0x0   	bcf	LCD_D5	                                                                     C:\d\Projects\LCDS\oc19\18\p18lcd.asm
000158   bb9f     BTFSC     0x9f,0x5,0x1   	btfsc	temp_wr, 5                                                                C:\d\Projects\LCDS\oc19\18\p18lcd.asm
00015a   8283     BSF       0x83,0x1,0x0   	bsf	LCD_D5                                                                      C:\d\Projects\LCDS\oc19\18\p18lcd.asm
00015c   a99f     BTFSS     0x9f,0x4,0x1   	btfss	temp_wr, 4                                                                C:\d\Projects\LCDS\oc19\18\p18lcd.asm
00015e   9083     BCF       0x83,0x0,0x0   	bcf	LCD_D4                                                                      C:\d\Projects\LCDS\oc19\18\p18lcd.asm
000160   b99f     BTFSC     0x9f,0x4,0x1   	btfsc	temp_wr, 4                                                                C:\d\Projects\LCDS\oc19\18\p18lcd.asm
000162   8083     BSF       0x83,0x0,0x0   	bsf	LCD_D4	                                                                     C:\d\Projects\LCDS\oc19\18\p18lcd.asm
                                                                                                                            C:\d\Projects\LCDS\oc19\18\p18lcd.asm
000164   0000     NOP                      	NOP                                                                             C:\d\Projects\LCDS\oc19\18\p18lcd.asm
000166   0000     NOP                      	NOP                                                                             C:\d\Projects\LCDS\oc19\18\p18lcd.asm
                                                                                                                            C:\d\Projects\LCDS\oc19\18\p18lcd.asm
000168   9c83     BCF       0x83,0x6,0x0   	bcf	LCD_E			; Send the data                                                     C:\d\Projects\LCDS\oc19\18\p18lcd.asm
                                                                                                                            C:\d\Projects\LCDS\oc19\18\p18lcd.asm
00016a   0012     RETURN    0x0            	return                                                                          C:\d\Projects\LCDS\oc19\18\p18lcd.asm
                                           ; *******************************************************************            C:\d\Projects\LCDS\oc19\18\p18lcd.asm
                                                                                                                            C:\d\Projects\LCDS\oc19\18\p18lcd.asm
                                                                                                                            C:\d\Projects\LCDS\oc19\18\p18lcd.asm
                                                                                                                            C:\d\Projects\LCDS\oc19\18\p18lcd.asm
                                                                                                                            C:\d\Projects\LCDS\oc19\18\p18lcd.asm
                                                                                                                            C:\d\Projects\LCDS\oc19\18\p18lcd.asm
                                           ; *******************************************************************            C:\d\Projects\LCDS\oc19\18\p18lcd.asm
                                           LCDWrite                                                                         C:\d\Projects\LCDS\oc19\18\p18lcd.asm
                                           ;	rcall	LCDBusy                                                                  C:\d\Projects\LCDS\oc19\18\p18lcd.asm
00016c   dfdf     RCALL     0x12c          	rcall	LCDWriteNibble                                                            C:\d\Projects\LCDS\oc19\18\p18lcd.asm
00016e   3b9f     SWAPF     0x9f,0x1,0x1   	swapf	temp_wr,F                                                                 C:\d\Projects\LCDS\oc19\18\p18lcd.asm
000170   dfdd     RCALL     0x12c          	rcall	LCDWriteNibble                                                            C:\d\Projects\LCDS\oc19\18\p18lcd.asm
000172   3b9f     SWAPF     0x9f,0x1,0x1   	swapf	temp_wr,F                                                                 C:\d\Projects\LCDS\oc19\18\p18lcd.asm
                                                                                                                            C:\d\Projects\LCDS\oc19\18\p18lcd.asm
000174   0012     RETURN    0x0            	return                                                                          C:\d\Projects\LCDS\oc19\18\p18lcd.asm
                                                                                                                            C:\d\Projects\LCDS\oc19\18\p18lcd.asm
                                           	GLOBAL	LCDWrite                                                                 C:\d\Projects\LCDS\oc19\18\p18lcd.asm
                                           ; *******************************************************************            C:\d\Projects\LCDS\oc19\18\p18lcd.asm
                                                                                                                            C:\d\Projects\LCDS\oc19\18\p18lcd.asm
                                                                                                                            C:\d\Projects\LCDS\oc19\18\p18lcd.asm
                                                                                                                            C:\d\Projects\LCDS\oc19\18\p18lcd.asm
                                                                                                                            C:\d\Projects\LCDS\oc19\18\p18lcd.asm
                                                                                                                            C:\d\Projects\LCDS\oc19\18\p18lcd.asm
                                           ; *******************************************************************            C:\d\Projects\LCDS\oc19\18\p18lcd.asm
                                           ;     _____    _____________________________________________________             C:\d\Projects\LCDS\oc19\18\p18lcd.asm
                                           ; RS  _____>--<_____________________________________________________             C:\d\Projects\LCDS\oc19\18\p18lcd.asm
                                           ;               ____________________________________________________             C:\d\Projects\LCDS\oc19\18\p18lcd.asm
                                           ; RW  _________/                                                                 C:\d\Projects\LCDS\oc19\18\p18lcd.asm
                                           ;                  ____________________      ____________________                C:\d\Projects\LCDS\oc19\18\p18lcd.asm
                                           ; E   ____________/                    \____/                    \__             C:\d\Projects\LCDS\oc19\18\p18lcd.asm
                                           ;     _________________                __________                ___             C:\d\Projects\LCDS\oc19\18\p18lcd.asm
                                           ; DB  _________________>--------------<__________>--------------<___             C:\d\Projects\LCDS\oc19\18\p18lcd.asm
                                           ;                                                                                C:\d\Projects\LCDS\oc19\18\p18lcd.asm
                                           LCDRead                                                                          C:\d\Projects\LCDS\oc19\18\p18lcd.asm
000176   8095     BSF       0x95,0x0,0x0   	bsf	LCD_D4_DIR		; Set data bits to inputs                                       C:\d\Projects\LCDS\oc19\18\p18lcd.asm
000178   8295     BSF       0x95,0x1,0x0   	bsf	LCD_D5_DIR                                                                  C:\d\Projects\LCDS\oc19\18\p18lcd.asm
00017a   8495     BSF       0x95,0x2,0x0   	bsf	LCD_D6_DIR                                                                  C:\d\Projects\LCDS\oc19\18\p18lcd.asm
00017c   8695     BSF       0x95,0x3,0x0   	bsf	LCD_D7_DIR		                                                                C:\d\Projects\LCDS\oc19\18\p18lcd.asm
                                                                                                                            C:\d\Projects\LCDS\oc19\18\p18lcd.asm
00017e   a0d8     BTFSS     0xd8,0x0,0x0   	btfss	STATUS, C		; Set the register select                                      C:\d\Projects\LCDS\oc19\18\p18lcd.asm
000180   9883     BCF       0x83,0x4,0x0   	bcf	LCD_RS                                                                      C:\d\Projects\LCDS\oc19\18\p18lcd.asm
000182   b0d8     BTFSC     0xd8,0x0,0x0   	btfsc	STATUS, C	                                                                C:\d\Projects\LCDS\oc19\18\p18lcd.asm
000184   8883     BSF       0x83,0x4,0x0   	bsf	LCD_RS                                                                      C:\d\Projects\LCDS\oc19\18\p18lcd.asm
                                                                                                                            C:\d\Projects\LCDS\oc19\18\p18lcd.asm
000186   8a83     BSF       0x83,0x5,0x0   	bsf	LCD_RW			;Read = 1                                                          C:\d\Projects\LCDS\oc19\18\p18lcd.asm
                                                                                                                            C:\d\Projects\LCDS\oc19\18\p18lcd.asm
000188   0000     NOP                      	NOP                                                                             C:\d\Projects\LCDS\oc19\18\p18lcd.asm
00018a   0000     NOP                      	NOP			                                                                          C:\d\Projects\LCDS\oc19\18\p18lcd.asm
                                                                                                                            C:\d\Projects\LCDS\oc19\18\p18lcd.asm
00018c   8c83     BSF       0x83,0x6,0x0   	bsf	LCD_E			; Setup to clock data                                               C:\d\Projects\LCDS\oc19\18\p18lcd.asm
                                                                                                                            C:\d\Projects\LCDS\oc19\18\p18lcd.asm
00018e   0000     NOP                      	NOP                                                                             C:\d\Projects\LCDS\oc19\18\p18lcd.asm
000190   0000     NOP                      	NOP                                                                             C:\d\Projects\LCDS\oc19\18\p18lcd.asm
000192   0000     NOP                      	NOP                                                                             C:\d\Projects\LCDS\oc19\18\p18lcd.asm
000194   0000     NOP                      	NOP                                                                             C:\d\Projects\LCDS\oc19\18\p18lcd.asm
                                                                                                                            C:\d\Projects\LCDS\oc19\18\p18lcd.asm
000196   a683     BTFSS     0x83,0x3,0x0   	btfss	LCD_D7			; Get high nibble                                                C:\d\Projects\LCDS\oc19\18\p18lcd.asm
000198   9fa0     BCF       0xa0,0x7,0x1   	bcf	temp_rd, 7                                                                  C:\d\Projects\LCDS\oc19\18\p18lcd.asm
00019a   b683     BTFSC     0x83,0x3,0x0   	btfsc	LCD_D7                                                                    C:\d\Projects\LCDS\oc19\18\p18lcd.asm
00019c   8fa0     BSF       0xa0,0x7,0x1   	bsf	temp_rd, 7                                                                  C:\d\Projects\LCDS\oc19\18\p18lcd.asm
00019e   a483     BTFSS     0x83,0x2,0x0   	btfss	LCD_D6			                                                                 C:\d\Projects\LCDS\oc19\18\p18lcd.asm
0001a0   9da0     BCF       0xa0,0x6,0x1   	bcf	temp_rd, 6                                                                  C:\d\Projects\LCDS\oc19\18\p18lcd.asm
0001a2   b483     BTFSC     0x83,0x2,0x0   	btfsc	LCD_D6                                                                    C:\d\Projects\LCDS\oc19\18\p18lcd.asm
0001a4   8da0     BSF       0xa0,0x6,0x1   	bsf	temp_rd, 6                                                                  C:\d\Projects\LCDS\oc19\18\p18lcd.asm
0001a6   a283     BTFSS     0x83,0x1,0x0   	btfss	LCD_D5			                                                                 C:\d\Projects\LCDS\oc19\18\p18lcd.asm
0001a8   9ba0     BCF       0xa0,0x5,0x1   	bcf	temp_rd, 5                                                                  C:\d\Projects\LCDS\oc19\18\p18lcd.asm
0001aa   b283     BTFSC     0x83,0x1,0x0   	btfsc	LCD_D5                                                                    C:\d\Projects\LCDS\oc19\18\p18lcd.asm
0001ac   8ba0     BSF       0xa0,0x5,0x1   	bsf	temp_rd, 5                                                                  C:\d\Projects\LCDS\oc19\18\p18lcd.asm
0001ae   a083     BTFSS     0x83,0x0,0x0   	btfss	LCD_D4			                                                                 C:\d\Projects\LCDS\oc19\18\p18lcd.asm
0001b0   99a0     BCF       0xa0,0x4,0x1   	bcf	temp_rd, 4                                                                  C:\d\Projects\LCDS\oc19\18\p18lcd.asm
0001b2   b083     BTFSC     0x83,0x0,0x0   	btfsc	LCD_D4                                                                    C:\d\Projects\LCDS\oc19\18\p18lcd.asm
0001b4   89a0     BSF       0xa0,0x4,0x1   	bsf	temp_rd, 4                                                                  C:\d\Projects\LCDS\oc19\18\p18lcd.asm
                                                                                                                            C:\d\Projects\LCDS\oc19\18\p18lcd.asm
0001b6   9c83     BCF       0x83,0x6,0x0   	bcf	LCD_E			; Finished reading the data                                         C:\d\Projects\LCDS\oc19\18\p18lcd.asm
                                                                                                                            C:\d\Projects\LCDS\oc19\18\p18lcd.asm
0001b8   0000     NOP                      	NOP                                                                             C:\d\Projects\LCDS\oc19\18\p18lcd.asm
0001ba   0000     NOP                      	NOP                                                                             C:\d\Projects\LCDS\oc19\18\p18lcd.asm
0001bc   0000     NOP                      	NOP                                                                             C:\d\Projects\LCDS\oc19\18\p18lcd.asm
0001be   0000     NOP                      	NOP                                                                             C:\d\Projects\LCDS\oc19\18\p18lcd.asm
0001c0   0000     NOP                      	NOP                                                                             C:\d\Projects\LCDS\oc19\18\p18lcd.asm
0001c2   0000     NOP                      	NOP                                                                             C:\d\Projects\LCDS\oc19\18\p18lcd.asm
0001c4   0000     NOP                      	NOP                                                                             C:\d\Projects\LCDS\oc19\18\p18lcd.asm
0001c6   0000     NOP                      	NOP                                                                             C:\d\Projects\LCDS\oc19\18\p18lcd.asm
                                                                                                                            C:\d\Projects\LCDS\oc19\18\p18lcd.asm
0001c8   8c83     BSF       0x83,0x6,0x0   	bsf	LCD_E			; Setup to clock data                                               C:\d\Projects\LCDS\oc19\18\p18lcd.asm
                                                                                                                            C:\d\Projects\LCDS\oc19\18\p18lcd.asm
0001ca   0000     NOP                      	NOP                                                                             C:\d\Projects\LCDS\oc19\18\p18lcd.asm
0001cc   0000     NOP                      	NOP                                                                             C:\d\Projects\LCDS\oc19\18\p18lcd.asm
                                                                                                                            C:\d\Projects\LCDS\oc19\18\p18lcd.asm
0001ce   a683     BTFSS     0x83,0x3,0x0   	btfss	LCD_D7			; Get low nibble                                                 C:\d\Projects\LCDS\oc19\18\p18lcd.asm
0001d0   97a0     BCF       0xa0,0x3,0x1   	bcf	temp_rd, 3                                                                  C:\d\Projects\LCDS\oc19\18\p18lcd.asm
0001d2   b683     BTFSC     0x83,0x3,0x0   	btfsc	LCD_D7                                                                    C:\d\Projects\LCDS\oc19\18\p18lcd.asm
0001d4   87a0     BSF       0xa0,0x3,0x1   	bsf	temp_rd, 3                                                                  C:\d\Projects\LCDS\oc19\18\p18lcd.asm
0001d6   a483     BTFSS     0x83,0x2,0x0   	btfss	LCD_D6			                                                                 C:\d\Projects\LCDS\oc19\18\p18lcd.asm
0001d8   95a0     BCF       0xa0,0x2,0x1   	bcf	temp_rd, 2                                                                  C:\d\Projects\LCDS\oc19\18\p18lcd.asm
0001da   b483     BTFSC     0x83,0x2,0x0   	btfsc	LCD_D6                                                                    C:\d\Projects\LCDS\oc19\18\p18lcd.asm
0001dc   85a0     BSF       0xa0,0x2,0x1   	bsf	temp_rd, 2                                                                  C:\d\Projects\LCDS\oc19\18\p18lcd.asm
0001de   a283     BTFSS     0x83,0x1,0x0   	btfss	LCD_D5			                                                                 C:\d\Projects\LCDS\oc19\18\p18lcd.asm
0001e0   93a0     BCF       0xa0,0x1,0x1   	bcf	temp_rd, 1                                                                  C:\d\Projects\LCDS\oc19\18\p18lcd.asm
0001e2   b283     BTFSC     0x83,0x1,0x0   	btfsc	LCD_D5                                                                    C:\d\Projects\LCDS\oc19\18\p18lcd.asm
0001e4   83a0     BSF       0xa0,0x1,0x1   	bsf	temp_rd, 1                                                                  C:\d\Projects\LCDS\oc19\18\p18lcd.asm
0001e6   a083     BTFSS     0x83,0x0,0x0   	btfss	LCD_D4			                                                                 C:\d\Projects\LCDS\oc19\18\p18lcd.asm
0001e8   91a0     BCF       0xa0,0x0,0x1   	bcf	temp_rd, 0                                                                  C:\d\Projects\LCDS\oc19\18\p18lcd.asm
0001ea   b083     BTFSC     0x83,0x0,0x0   	btfsc	LCD_D4                                                                    C:\d\Projects\LCDS\oc19\18\p18lcd.asm
0001ec   81a0     BSF       0xa0,0x0,0x1   	bsf	temp_rd, 0                                                                  C:\d\Projects\LCDS\oc19\18\p18lcd.asm
                                                                                                                            C:\d\Projects\LCDS\oc19\18\p18lcd.asm
0001ee   9c83     BCF       0x83,0x6,0x0   	bcf	LCD_E			; Finished reading the data                                         C:\d\Projects\LCDS\oc19\18\p18lcd.asm
                                                                                                                            C:\d\Projects\LCDS\oc19\18\p18lcd.asm
                                           FinRd                                                                            C:\d\Projects\LCDS\oc19\18\p18lcd.asm
0001f0   0012     RETURN    0x0            	return                                                                          C:\d\Projects\LCDS\oc19\18\p18lcd.asm
                                           ; *******************************************************************            C:\d\Projects\LCDS\oc19\18\p18lcd.asm
                                                                                                                            C:\d\Projects\LCDS\oc19\18\p18lcd.asm
                                                                                                                            C:\d\Projects\LCDS\oc19\18\p18lcd.asm
                                                                                                                            C:\d\Projects\LCDS\oc19\18\p18lcd.asm
                                                                                                                            C:\d\Projects\LCDS\oc19\18\p18lcd.asm
                                                                                                                            C:\d\Projects\LCDS\oc19\18\p18lcd.asm
                                                                                                                            C:\d\Projects\LCDS\oc19\18\p18lcd.asm
                                           ; *******************************************************************            C:\d\Projects\LCDS\oc19\18\p18lcd.asm
                                           LCDBusy                                                                          C:\d\Projects\LCDS\oc19\18\p18lcd.asm
0001f2   ec72     CALL      0x2e4,0x0      	call	LongDelayLast                                                              C:\d\Projects\LCDS\oc19\18\p18lcd.asm
0001f4   f001                                                                                                               
                                           ;	call	LongDelay                                                                 C:\d\Projects\LCDS\oc19\18\p18lcd.asm
0001f6   0012     RETURN    0x0            	return                                                                          C:\d\Projects\LCDS\oc19\18\p18lcd.asm
                                           					; Check BF                                                                  C:\d\Projects\LCDS\oc19\18\p18lcd.asm
0001f8   90d8     BCF       0xd8,0x0,0x0   	rlcd	LCD_INS                                                                    C:\d\Projects\LCDS\oc19\18\p18lcd.asm
0001fa   dfbd     RCALL     0x176                                                                                           
0001fc   bfa0     BTFSC     0xa0,0x7,0x1   	btfsc	temp_rd, 7                                                                C:\d\Projects\LCDS\oc19\18\p18lcd.asm
0001fe   d7f9     BRA       0x1f2          	bra	LCDBusy                                                                     C:\d\Projects\LCDS\oc19\18\p18lcd.asm
000200   0012     RETURN    0x0            	return                                                                          C:\d\Projects\LCDS\oc19\18\p18lcd.asm
                                                                                                                            C:\d\Projects\LCDS\oc19\18\p18lcd.asm
                                           	GLOBAL	LCDBusy                                                                  C:\d\Projects\LCDS\oc19\18\p18lcd.asm
                                           ; *******************************************************************            C:\d\Projects\LCDS\oc19\18\p18lcd.asm
                                                                                                                            C:\d\Projects\LCDS\oc19\18\p18lcd.asm
                                                                                                                            C:\d\Projects\LCDS\oc19\18\p18lcd.asm
                                                                                                                            C:\d\Projects\LCDS\oc19\18\p18lcd.asm
                                                                                                                            C:\d\Projects\LCDS\oc19\18\p18lcd.asm
                                                                                                                            C:\d\Projects\LCDS\oc19\18\p18lcd.asm
                                                                                                                            C:\d\Projects\LCDS\oc19\18\p18lcd.asm
                                           ; *******************************************************************            C:\d\Projects\LCDS\oc19\18\p18lcd.asm
                                           DelayXCycles                                                                     C:\d\Projects\LCDS\oc19\18\p18lcd.asm
000202   2f9e     DECFSZ    0x9e,0x1,0x1   	decfsz	delay,F                                                                  C:\d\Projects\LCDS\oc19\18\p18lcd.asm
000204   d7fe     BRA       0x202          	bra	DelayXCycles                                                                C:\d\Projects\LCDS\oc19\18\p18lcd.asm
000206   0012     RETURN    0x0            	return                                                                          C:\d\Projects\LCDS\oc19\18\p18lcd.asm
                                           ; *******************************************************************            C:\d\Projects\LCDS\oc19\18\p18lcd.asm
                                           	                                                                                C:\d\Projects\LCDS\oc19\18\p18lcd.asm
                                           Delay1ms			;Approxiamtely at 4Mhz                                                C:\d\Projects\LCDS\oc19\18\p18lcd.asm
000208   6b9e     CLRF      0x9e,0x1       	clrf	delay                                                                      C:\d\Projects\LCDS\oc19\18\p18lcd.asm
                                           Delay_1                                                                          C:\d\Projects\LCDS\oc19\18\p18lcd.asm
00020a   0000     NOP                      	nop                                                                             C:\d\Projects\LCDS\oc19\18\p18lcd.asm
00020c   2f9e     DECFSZ    0x9e,0x1,0x1   	decfsz	delay                                                                    C:\d\Projects\LCDS\oc19\18\p18lcd.asm
00020e   ef05     GOTO      0x20a          	goto	Delay_1                                                                    C:\d\Projects\LCDS\oc19\18\p18lcd.asm
000210   f001                                                                                                               
000212   0012     RETURN    0x0            	return                                                                          C:\d\Projects\LCDS\oc19\18\p18lcd.asm
                                                                                                                            C:\d\Projects\LCDS\oc19\18\p18lcd.asm
                                                                                                                            C:\d\Projects\LCDS\oc19\18\p18lcd.asm
                                                                                                                            C:\d\Projects\LCDS\oc19\18\p18lcd.asm
                                                                                                                            C:\d\Projects\LCDS\oc19\18\p18lcd.asm
                                           Delay30ms	;more than 30 at 4 Mhz	                                                C:\d\Projects\LCDS\oc19\18\p18lcd.asm
000214   ec04     CALL      0x208,0x0      	call	Delay1ms                                                                   C:\d\Projects\LCDS\oc19\18\p18lcd.asm
000216   f001                                                                                                               
000218   ec04     CALL      0x208,0x0      	call	Delay1ms                                                                   C:\d\Projects\LCDS\oc19\18\p18lcd.asm
00021a   f001                                                                                                               
00021c   ec04     CALL      0x208,0x0      	call	Delay1ms                                                                   C:\d\Projects\LCDS\oc19\18\p18lcd.asm
00021e   f001                                                                                                               
000220   ec04     CALL      0x208,0x0      	call	Delay1ms                                                                   C:\d\Projects\LCDS\oc19\18\p18lcd.asm
000222   f001                                                                                                               
000224   ec04     CALL      0x208,0x0      	call	Delay1ms                                                                   C:\d\Projects\LCDS\oc19\18\p18lcd.asm
000226   f001                                                                                                               
000228   ec04     CALL      0x208,0x0      	call	Delay1ms                                                                   C:\d\Projects\LCDS\oc19\18\p18lcd.asm
00022a   f001                                                                                                               
00022c   ec04     CALL      0x208,0x0      	call	Delay1ms                                                                   C:\d\Projects\LCDS\oc19\18\p18lcd.asm
00022e   f001                                                                                                               
000230   ec04     CALL      0x208,0x0      	call	Delay1ms                                                                   C:\d\Projects\LCDS\oc19\18\p18lcd.asm
000232   f001                                                                                                               
000234   ec04     CALL      0x208,0x0      	call	Delay1ms                                                                   C:\d\Projects\LCDS\oc19\18\p18lcd.asm
000236   f001                                                                                                               
000238   ec04     CALL      0x208,0x0      	call	Delay1ms                                                                   C:\d\Projects\LCDS\oc19\18\p18lcd.asm
00023a   f001                                                                                                               
00023c   ec04     CALL      0x208,0x0      	call	Delay1ms                                                                   C:\d\Projects\LCDS\oc19\18\p18lcd.asm
00023e   f001                                                                                                               
000240   ec04     CALL      0x208,0x0      	call	Delay1ms                                                                   C:\d\Projects\LCDS\oc19\18\p18lcd.asm
000242   f001                                                                                                               
000244   ec04     CALL      0x208,0x0      	call	Delay1ms                                                                   C:\d\Projects\LCDS\oc19\18\p18lcd.asm
000246   f001                                                                                                               
000248   ec04     CALL      0x208,0x0      	call	Delay1ms                                                                   C:\d\Projects\LCDS\oc19\18\p18lcd.asm
00024a   f001                                                                                                               
                                                                                                                            C:\d\Projects\LCDS\oc19\18\p18lcd.asm
00024c   ec04     CALL      0x208,0x0      	call	Delay1ms                                                                   C:\d\Projects\LCDS\oc19\18\p18lcd.asm
00024e   f001                                                                                                               
000250   ec04     CALL      0x208,0x0      	call	Delay1ms                                                                   C:\d\Projects\LCDS\oc19\18\p18lcd.asm
000252   f001                                                                                                               
000254   ec04     CALL      0x208,0x0      	call	Delay1ms                                                                   C:\d\Projects\LCDS\oc19\18\p18lcd.asm
000256   f001                                                                                                               
000258   ec04     CALL      0x208,0x0      	call	Delay1ms                                                                   C:\d\Projects\LCDS\oc19\18\p18lcd.asm
00025a   f001                                                                                                               
00025c   ec04     CALL      0x208,0x0      	call	Delay1ms                                                                   C:\d\Projects\LCDS\oc19\18\p18lcd.asm
00025e   f001                                                                                                               
000260   ec04     CALL      0x208,0x0      	call	Delay1ms                                                                   C:\d\Projects\LCDS\oc19\18\p18lcd.asm
000262   f001                                                                                                               
000264   ec04     CALL      0x208,0x0      	call	Delay1ms                                                                   C:\d\Projects\LCDS\oc19\18\p18lcd.asm
000266   f001                                                                                                               
000268   ec04     CALL      0x208,0x0      	call	Delay1ms                                                                   C:\d\Projects\LCDS\oc19\18\p18lcd.asm
00026a   f001                                                                                                               
00026c   ec04     CALL      0x208,0x0      	call	Delay1ms                                                                   C:\d\Projects\LCDS\oc19\18\p18lcd.asm
00026e   f001                                                                                                               
000270   ec04     CALL      0x208,0x0      	call	Delay1ms                                                                   C:\d\Projects\LCDS\oc19\18\p18lcd.asm
000272   f001                                                                                                               
000274   ec04     CALL      0x208,0x0      	call	Delay1ms                                                                   C:\d\Projects\LCDS\oc19\18\p18lcd.asm
000276   f001                                                                                                               
000278   ec04     CALL      0x208,0x0      	call	Delay1ms                                                                   C:\d\Projects\LCDS\oc19\18\p18lcd.asm
00027a   f001                                                                                                               
00027c   ec04     CALL      0x208,0x0      	call	Delay1ms                                                                   C:\d\Projects\LCDS\oc19\18\p18lcd.asm
00027e   f001                                                                                                               
000280   ec04     CALL      0x208,0x0      	call	Delay1ms                                                                   C:\d\Projects\LCDS\oc19\18\p18lcd.asm
000282   f001                                                                                                               
                                                                                                                            C:\d\Projects\LCDS\oc19\18\p18lcd.asm
000284   ec04     CALL      0x208,0x0      	call	Delay1ms                                                                   C:\d\Projects\LCDS\oc19\18\p18lcd.asm
000286   f001                                                                                                               
000288   ec04     CALL      0x208,0x0      	call	Delay1ms                                                                   C:\d\Projects\LCDS\oc19\18\p18lcd.asm
00028a   f001                                                                                                               
00028c   ec04     CALL      0x208,0x0      	call	Delay1ms                                                                   C:\d\Projects\LCDS\oc19\18\p18lcd.asm
00028e   f001                                                                                                               
000290   ec04     CALL      0x208,0x0      	call	Delay1ms                                                                   C:\d\Projects\LCDS\oc19\18\p18lcd.asm
000292   f001                                                                                                               
000294   ec04     CALL      0x208,0x0      	call	Delay1ms                                                                   C:\d\Projects\LCDS\oc19\18\p18lcd.asm
000296   f001                                                                                                               
000298   ec04     CALL      0x208,0x0      	call	Delay1ms                                                                   C:\d\Projects\LCDS\oc19\18\p18lcd.asm
00029a   f001                                                                                                               
00029c   ec04     CALL      0x208,0x0      	call	Delay1ms                                                                   C:\d\Projects\LCDS\oc19\18\p18lcd.asm
00029e   f001                                                                                                               
0002a0   ec04     CALL      0x208,0x0      	call	Delay1ms                                                                   C:\d\Projects\LCDS\oc19\18\p18lcd.asm
0002a2   f001                                                                                                               
0002a4   ec04     CALL      0x208,0x0      	call	Delay1ms                                                                   C:\d\Projects\LCDS\oc19\18\p18lcd.asm
0002a6   f001                                                                                                               
0002a8   ec04     CALL      0x208,0x0      	call	Delay1ms                                                                   C:\d\Projects\LCDS\oc19\18\p18lcd.asm
0002aa   f001                                                                                                               
0002ac   ec04     CALL      0x208,0x0      	call	Delay1ms                                                                   C:\d\Projects\LCDS\oc19\18\p18lcd.asm
0002ae   f001                                                                                                               
0002b0   ec04     CALL      0x208,0x0      	call	Delay1ms                                                                   C:\d\Projects\LCDS\oc19\18\p18lcd.asm
0002b2   f001                                                                                                               
0002b4   ec04     CALL      0x208,0x0      	call	Delay1ms                                                                   C:\d\Projects\LCDS\oc19\18\p18lcd.asm
0002b6   f001                                                                                                               
0002b8   ec04     CALL      0x208,0x0      	call	Delay1ms                                                                   C:\d\Projects\LCDS\oc19\18\p18lcd.asm
0002ba   f001                                                                                                               
0002bc   0012     RETURN    0x0            	return                                                                          C:\d\Projects\LCDS\oc19\18\p18lcd.asm
                                           LongDelay:                                                                       C:\d\Projects\LCDS\oc19\18\p18lcd.asm
0002be   ec04     CALL      0x208,0x0      	call	Delay1ms                                                                   C:\d\Projects\LCDS\oc19\18\p18lcd.asm
0002c0   f001                                                                                                               
0002c2   ec04     CALL      0x208,0x0      	call	Delay1ms                                                                   C:\d\Projects\LCDS\oc19\18\p18lcd.asm
0002c4   f001                                                                                                               
0002c6   ec04     CALL      0x208,0x0      	call	Delay1ms                                                                   C:\d\Projects\LCDS\oc19\18\p18lcd.asm
0002c8   f001                                                                                                               
0002ca   ec04     CALL      0x208,0x0      	call	Delay1ms                                                                   C:\d\Projects\LCDS\oc19\18\p18lcd.asm
0002cc   f001                                                                                                               
0002ce   ec04     CALL      0x208,0x0      	call	Delay1ms                                                                   C:\d\Projects\LCDS\oc19\18\p18lcd.asm
0002d0   f001                                                                                                               
0002d2   ec04     CALL      0x208,0x0      	call	Delay1ms                                                                   C:\d\Projects\LCDS\oc19\18\p18lcd.asm
0002d4   f001                                                                                                               
0002d6   ec04     CALL      0x208,0x0      	call	Delay1ms                                                                   C:\d\Projects\LCDS\oc19\18\p18lcd.asm
0002d8   f001                                                                                                               
0002da   ec04     CALL      0x208,0x0      	call	Delay1ms                                                                   C:\d\Projects\LCDS\oc19\18\p18lcd.asm
0002dc   f001                                                                                                               
0002de   ec04     CALL      0x208,0x0      	call	Delay1ms                                                                   C:\d\Projects\LCDS\oc19\18\p18lcd.asm
0002e0   f001                                                                                                               
0002e2   0012     RETURN    0x0            	return                                                                          C:\d\Projects\LCDS\oc19\18\p18lcd.asm
                                                                                                                            C:\d\Projects\LCDS\oc19\18\p18lcd.asm
                                                                                                                            C:\d\Projects\LCDS\oc19\18\p18lcd.asm
                                           LongDelayLast                                                                    C:\d\Projects\LCDS\oc19\18\p18lcd.asm
0002e4   ec04     CALL      0x208,0x0      	call	Delay1ms                                                                   C:\d\Projects\LCDS\oc19\18\p18lcd.asm
0002e6   f001                                                                                                               
0002e8   ec04     CALL      0x208,0x0      	call	Delay1ms                                                                   C:\d\Projects\LCDS\oc19\18\p18lcd.asm
0002ea   f001                                                                                                               
0002ec   ec04     CALL      0x208,0x0      	call	Delay1ms                                                                   C:\d\Projects\LCDS\oc19\18\p18lcd.asm
0002ee   f001                                                                                                               
0002f0   0012     RETURN    0x0            	return                                                                          C:\d\Projects\LCDS\oc19\18\p18lcd.asm
                                                                                                                            C:\d\Projects\LCDS\oc19\18\p18lcd.asm
                                           	END                                                                             C:\d\Projects\LCDS\oc19\18\p18lcd.asm
                                           ;************************************************************************        C:\d\Projects\LCDS\oc19\18\p18math.asm
                                           ;*	Microchip Technology Inc. 2002					*                                          C:\d\Projects\LCDS\oc19\18\p18math.asm
                                           ;*	Assembler version: 2.0000					*                                               C:\d\Projects\LCDS\oc19\18\p18math.asm
                                           ;*	Filename: 							*                                                            C:\d\Projects\LCDS\oc19\18\p18math.asm
                                           ;*		p18math.asm (main routine)   				*                                           C:\d\Projects\LCDS\oc19\18\p18math.asm
                                           ;*	Dependents:							*                                                           C:\d\Projects\LCDS\oc19\18\p18math.asm
                                           ;*		p18lcd.asm						*                                                            C:\d\Projects\LCDS\oc19\18\p18math.asm
                                           ;*		p18demo.asm						*                                                           C:\d\Projects\LCDS\oc19\18\p18math.asm
                                           ;*		16f877.lkr						*                                                            C:\d\Projects\LCDS\oc19\18\p18math.asm
                                           ;*	March 14,2002							*                                                         C:\d\Projects\LCDS\oc19\18\p18math.asm
                                           ;* 	PICDEM 2 PLUS DEMO code. The following functions are included 	*             C:\d\Projects\LCDS\oc19\18\p18math.asm
                                           ;*	with this code:							*                                                       C:\d\Projects\LCDS\oc19\18\p18math.asm
                                           ;*		1. Voltmeter						*                                                          C:\d\Projects\LCDS\oc19\18\p18math.asm
                                           ;*			The center tap of R16 is connected to RA0, the	*                            C:\d\Projects\LCDS\oc19\18\p18math.asm
                                           ;*			A/D converter converts this analog voltage and	*                            C:\d\Projects\LCDS\oc19\18\p18math.asm
                                           ;*			the result is displayed on the LCD in a range	*                             C:\d\Projects\LCDS\oc19\18\p18math.asm
                                           ;*			from 0.00V - 5.00V.				*                                                    C:\d\Projects\LCDS\oc19\18\p18math.asm
                                           ;*		2. Buzzer						*                                                             C:\d\Projects\LCDS\oc19\18\p18math.asm
                                           ;*			The Piezo buzzer is connected to RC2 and is	*                               C:\d\Projects\LCDS\oc19\18\p18math.asm
                                           ;*			driven by the CCP1 module. The period and duty	*                            C:\d\Projects\LCDS\oc19\18\p18math.asm
                                           ;*			cycle are adjustable on the fly through the LCD	*                           C:\d\Projects\LCDS\oc19\18\p18math.asm
                                           ;*			and push-buttons.				*                                                      C:\d\Projects\LCDS\oc19\18\p18math.asm
                                           ;*		3. Temperature						*                                                        C:\d\Projects\LCDS\oc19\18\p18math.asm
                                           ;*			A TC74 Serial Digital Thermal Sensor is used to	*                           C:\d\Projects\LCDS\oc19\18\p18math.asm
                                           ;*			measure ambient temperature. The PIC and TC74	*                             C:\d\Projects\LCDS\oc19\18\p18math.asm
                                           ;* 			communicate using the MSSP module. The TC74 is	*                           C:\d\Projects\LCDS\oc19\18\p18math.asm
                                           ;*			connected to the SDA & SCL I/O pins of the PIC	*                            C:\d\Projects\LCDS\oc19\18\p18math.asm
                                           ;*			and functions as a slave.			*                                               C:\d\Projects\LCDS\oc19\18\p18math.asm
                                           ;*		4. Clock						*                                                              C:\d\Projects\LCDS\oc19\18\p18math.asm
                                           ;*			This function is a real-time clock. When the	*                              C:\d\Projects\LCDS\oc19\18\p18math.asm
                                           ;*			mode is entered, time begins at 00:00:00. The 	*                            C:\d\Projects\LCDS\oc19\18\p18math.asm
                                           ;*			user can set the time if desired.		*                                        C:\d\Projects\LCDS\oc19\18\p18math.asm
                                           ;************************************************************************        C:\d\Projects\LCDS\oc19\18\p18math.asm
                                                                                                                            C:\d\Projects\LCDS\oc19\18\p18math.asm
                                           	list	p=18f452                                                                   C:\d\Projects\LCDS\oc19\18\p18math.asm
                                           	#include	p18f452.inc                                                            C:\d\Projects\LCDS\oc19\18\p18math.asm
                                                   LIST                                                                     C:\Program Files\Microchip\MPASM Suite\p18f452.inc
                                           ; P18F452.INC  Standard Header File, Version 1.4   Microchip Technology, Inc.    C:\Program Files\Microchip\MPASM Suite\p18f452.inc
                                                   LIST                                                                     C:\Program Files\Microchip\MPASM Suite\p18f452.inc
                                                                                                                            C:\d\Projects\LCDS\oc19\18\p18math.asm
                                           	#define	_C	STATUS,0                                                             C:\d\Projects\LCDS\oc19\18\p18math.asm
                                                                                                                            C:\d\Projects\LCDS\oc19\18\p18math.asm
                                           MATH_VAR	UDATA                                                                   C:\d\Projects\LCDS\oc19\18\p18math.asm
                                           AARGB0		RES 1                                                                    C:\d\Projects\LCDS\oc19\18\p18math.asm
                                           AARGB1		RES 1                                                                    C:\d\Projects\LCDS\oc19\18\p18math.asm
                                           AARGB5		RES 1                                                                    C:\d\Projects\LCDS\oc19\18\p18math.asm
                                           BARGB0		RES 1                                                                    C:\d\Projects\LCDS\oc19\18\p18math.asm
                                           BARGB1		RES 1                                                                    C:\d\Projects\LCDS\oc19\18\p18math.asm
                                           REMB0		RES 1                                                                     C:\d\Projects\LCDS\oc19\18\p18math.asm
                                           REMB1		RES 1                                                                     C:\d\Projects\LCDS\oc19\18\p18math.asm
                                           TEMP		RES 1                                                                      C:\d\Projects\LCDS\oc19\18\p18math.asm
                                           LOOPCOUNT	RES 1                                                                  C:\d\Projects\LCDS\oc19\18\p18math.asm
                                                                                                                            C:\d\Projects\LCDS\oc19\18\p18math.asm
                                           	GLOBAL	AARGB0, AARGB1, BARGB0                                                   C:\d\Projects\LCDS\oc19\18\p18math.asm
                                                                                                                            C:\d\Projects\LCDS\oc19\18\p18math.asm
                                           PROG2	CODE                                                                       C:\d\Projects\LCDS\oc19\18\p18math.asm
                                           ;---------------- 8 * 8 UNSIGNED MULTIPLY -----------------------                C:\d\Projects\LCDS\oc19\18\p18math.asm
                                                                                                                            C:\d\Projects\LCDS\oc19\18\p18math.asm
                                           ;       Max Timing:     3+12+6*8+7 = 70 clks                                     C:\d\Projects\LCDS\oc19\18\p18math.asm
                                           ;       Min Timing:     3+7*6+5+3 = 53 clks                                      C:\d\Projects\LCDS\oc19\18\p18math.asm
                                           ;       PM: 19            DM: 4                                                  C:\d\Projects\LCDS\oc19\18\p18math.asm
                                           UMUL0808L                                                                        C:\d\Projects\LCDS\oc19\18\p18math.asm
000b6e   6b95     CLRF      0x95,0x1       		CLRF    AARGB1                                                                 C:\d\Projects\LCDS\oc19\18\p18math.asm
000b70   0e08     MOVLW     0x8                            MOVLW   0x08                                                     C:\d\Projects\LCDS\oc19\18\p18math.asm
000b72   6f9c     MOVWF     0x9c,0x1                       MOVWF   LOOPCOUNT                                                C:\d\Projects\LCDS\oc19\18\p18math.asm
000b74   5194     MOVF      0x94,0x0,0x1                   MOVF    AARGB0,W                                                 C:\d\Projects\LCDS\oc19\18\p18math.asm
                                                                                                                            C:\d\Projects\LCDS\oc19\18\p18math.asm
                                           LOOPUM0808A                                                                      C:\d\Projects\LCDS\oc19\18\p18math.asm
000b76   3397     RRCF      0x97,0x1,0x1                   RRCF     BARGB0, F                                               C:\d\Projects\LCDS\oc19\18\p18math.asm
000b78   b0d8     BTFSC     0xd8,0x0,0x0                   BTFSC   _C                                                       C:\d\Projects\LCDS\oc19\18\p18math.asm
000b7a   d004     BRA       0xb84                          bra    LUM0808NAP                                                C:\d\Projects\LCDS\oc19\18\p18math.asm
000b7c   2f9c     DECFSZ    0x9c,0x1,0x1                   DECFSZ  LOOPCOUNT, F                                             C:\d\Projects\LCDS\oc19\18\p18math.asm
000b7e   d7fb     BRA       0xb76                          bra    LOOPUM0808A                                               C:\d\Projects\LCDS\oc19\18\p18math.asm
                                                                                                                            C:\d\Projects\LCDS\oc19\18\p18math.asm
000b80   6b94     CLRF      0x94,0x1                       CLRF    AARGB0                                                   C:\d\Projects\LCDS\oc19\18\p18math.asm
000b82   0c00     RETLW     0x0                            RETLW   0x00                                                     C:\d\Projects\LCDS\oc19\18\p18math.asm
                                                                                                                            C:\d\Projects\LCDS\oc19\18\p18math.asm
                                           LUM0808NAP                                                                       C:\d\Projects\LCDS\oc19\18\p18math.asm
000b84   90d8     BCF       0xd8,0x0,0x0                   BCF     _C                                                       C:\d\Projects\LCDS\oc19\18\p18math.asm
000b86   d003     BRA       0xb8e                          bra    LUM0808NA                                                 C:\d\Projects\LCDS\oc19\18\p18math.asm
                                                                                                                            C:\d\Projects\LCDS\oc19\18\p18math.asm
                                           LOOPUM0808                                                                       C:\d\Projects\LCDS\oc19\18\p18math.asm
000b88   3397     RRCF      0x97,0x1,0x1                   RRCF             BARGB0, F                                       C:\d\Projects\LCDS\oc19\18\p18math.asm
000b8a   b0d8     BTFSC     0xd8,0x0,0x0                   BTFSC   _C                                                       C:\d\Projects\LCDS\oc19\18\p18math.asm
000b8c   2794     ADDWF     0x94,0x1,0x1                   ADDWF   AARGB0, F                                                C:\d\Projects\LCDS\oc19\18\p18math.asm
000b8e   3394     RRCF      0x94,0x1,0x1   LUM0808NA       RRCF    AARGB0, F                                                C:\d\Projects\LCDS\oc19\18\p18math.asm
000b90   3395     RRCF      0x95,0x1,0x1                   RRCF    AARGB1, F                                                C:\d\Projects\LCDS\oc19\18\p18math.asm
000b92   2f9c     DECFSZ    0x9c,0x1,0x1                   DECFSZ          LOOPCOUNT, F                                     C:\d\Projects\LCDS\oc19\18\p18math.asm
000b94   d7f9     BRA       0xb88                          bra            LOOPUM0808                                        C:\d\Projects\LCDS\oc19\18\p18math.asm
000b96   0012     RETURN    0x0            		return                                                                         C:\d\Projects\LCDS\oc19\18\p18math.asm
                                           		GLOBAL	UMUL0808L                                                               C:\d\Projects\LCDS\oc19\18\p18math.asm
                                           ;----------------  16/8 UNSIGNED DIVIDE	  ------------------------               C:\d\Projects\LCDS\oc19\18\p18math.asm
                                                                                                                            C:\d\Projects\LCDS\oc19\18\p18math.asm
                                           ;       Max Timing: 2+7*12+11+3+7*24+23 = 291 clks                               C:\d\Projects\LCDS\oc19\18\p18math.asm
                                           ;       Min Timing: 2+7*11+10+3+7*17+16 = 227 clks                               C:\d\Projects\LCDS\oc19\18\p18math.asm
                                           ;       PM: 39                                  DM: 7                            C:\d\Projects\LCDS\oc19\18\p18math.asm
                                                                                                                            C:\d\Projects\LCDS\oc19\18\p18math.asm
                                           UDIV1608L                                                                        C:\d\Projects\LCDS\oc19\18\p18math.asm
                                           		GLOBAL		UDIV1608L                                                              C:\d\Projects\LCDS\oc19\18\p18math.asm
000b98   6b99     CLRF      0x99,0x1       		CLRF            REMB0                                                          C:\d\Projects\LCDS\oc19\18\p18math.asm
000b9a   0e08     MOVLW     0x8                            MOVLW           8                                                C:\d\Projects\LCDS\oc19\18\p18math.asm
000b9c   6f9c     MOVWF     0x9c,0x1                       MOVWF           LOOPCOUNT                                        C:\d\Projects\LCDS\oc19\18\p18math.asm
                                                                                                                            C:\d\Projects\LCDS\oc19\18\p18math.asm
000b9e   3594     RLCF      0x94,0x0,0x1   LOOPU1608A      RLCF             AARGB0,W                                        C:\d\Projects\LCDS\oc19\18\p18math.asm
000ba0   3799     RLCF      0x99,0x1,0x1                   RLCF             REMB0, F                                        C:\d\Projects\LCDS\oc19\18\p18math.asm
000ba2   5197     MOVF      0x97,0x0,0x1                   MOVF            BARGB0,W                                         C:\d\Projects\LCDS\oc19\18\p18math.asm
000ba4   5f99     SUBWF     0x99,0x1,0x1                   SUBWF           REMB0, F                                         C:\d\Projects\LCDS\oc19\18\p18math.asm
                                                                                                                            C:\d\Projects\LCDS\oc19\18\p18math.asm
000ba6   b0d8     BTFSC     0xd8,0x0,0x0                   BTFSC           _C                                               C:\d\Projects\LCDS\oc19\18\p18math.asm
000ba8   d002     BRA       0xbae                          bra            UOK68A                                            C:\d\Projects\LCDS\oc19\18\p18math.asm
000baa   2799     ADDWF     0x99,0x1,0x1                   ADDWF           REMB0, F                                         C:\d\Projects\LCDS\oc19\18\p18math.asm
000bac   90d8     BCF       0xd8,0x0,0x0                   BCF             _C                                               C:\d\Projects\LCDS\oc19\18\p18math.asm
000bae   3794     RLCF      0x94,0x1,0x1   UOK68A          RLCF             AARGB0, F                                       C:\d\Projects\LCDS\oc19\18\p18math.asm
                                                                                                                            C:\d\Projects\LCDS\oc19\18\p18math.asm
000bb0   2f9c     DECFSZ    0x9c,0x1,0x1                   DECFSZ          LOOPCOUNT, F                                     C:\d\Projects\LCDS\oc19\18\p18math.asm
000bb2   d7f5     BRA       0xb9e                          bra            LOOPU1608A                                        C:\d\Projects\LCDS\oc19\18\p18math.asm
                                                                                                                            C:\d\Projects\LCDS\oc19\18\p18math.asm
000bb4   6b9b     CLRF      0x9b,0x1                       CLRF            TEMP                                             C:\d\Projects\LCDS\oc19\18\p18math.asm
                                                                                                                            C:\d\Projects\LCDS\oc19\18\p18math.asm
000bb6   0e08     MOVLW     0x8                            MOVLW           8                                                C:\d\Projects\LCDS\oc19\18\p18math.asm
000bb8   6f9c     MOVWF     0x9c,0x1                       MOVWF           LOOPCOUNT                                        C:\d\Projects\LCDS\oc19\18\p18math.asm
                                                                                                                            C:\d\Projects\LCDS\oc19\18\p18math.asm
000bba   3595     RLCF      0x95,0x0,0x1   LOOPU1608B      RLCF             AARGB1,W                                        C:\d\Projects\LCDS\oc19\18\p18math.asm
000bbc   3799     RLCF      0x99,0x1,0x1                   RLCF             REMB0, F                                        C:\d\Projects\LCDS\oc19\18\p18math.asm
000bbe   379b     RLCF      0x9b,0x1,0x1                   RLCF             TEMP, F                                         C:\d\Projects\LCDS\oc19\18\p18math.asm
000bc0   5197     MOVF      0x97,0x0,0x1                   MOVF            BARGB0,W                                         C:\d\Projects\LCDS\oc19\18\p18math.asm
000bc2   5f99     SUBWF     0x99,0x1,0x1                   SUBWF           REMB0, F                                         C:\d\Projects\LCDS\oc19\18\p18math.asm
000bc4   6b96     CLRF      0x96,0x1                       CLRF            AARGB5                                           C:\d\Projects\LCDS\oc19\18\p18math.asm
                                           ;                CLRW                                                            C:\d\Projects\LCDS\oc19\18\p18math.asm
000bc6   0e00     MOVLW     0x0            				movlw	0x00                                                                   C:\d\Projects\LCDS\oc19\18\p18math.asm
000bc8   a0d8     BTFSS     0xd8,0x0,0x0                   BTFSS           _C                                               C:\d\Projects\LCDS\oc19\18\p18math.asm
000bca   3d96     INCFSZ    0x96,0x0,0x1                   INCFSZ          AARGB5,W                                         C:\d\Projects\LCDS\oc19\18\p18math.asm
000bcc   5f9b     SUBWF     0x9b,0x1,0x1                   SUBWF           TEMP, F                                          C:\d\Projects\LCDS\oc19\18\p18math.asm
                                                                                                                            C:\d\Projects\LCDS\oc19\18\p18math.asm
000bce   b0d8     BTFSC     0xd8,0x0,0x0                   BTFSC           _C                                               C:\d\Projects\LCDS\oc19\18\p18math.asm
000bd0   d008     BRA       0xbe2                          bra            UOK68B                                            C:\d\Projects\LCDS\oc19\18\p18math.asm
000bd2   5197     MOVF      0x97,0x0,0x1                   MOVF            BARGB0,W                                         C:\d\Projects\LCDS\oc19\18\p18math.asm
000bd4   2799     ADDWF     0x99,0x1,0x1                   ADDWF           REMB0, F                                         C:\d\Projects\LCDS\oc19\18\p18math.asm
000bd6   6b96     CLRF      0x96,0x1                       CLRF            AARGB5                                           C:\d\Projects\LCDS\oc19\18\p18math.asm
                                                  ;         CLRW                                                            C:\d\Projects\LCDS\oc19\18\p18math.asm
000bd8   0e00     MOVLW     0x0            				movlw		0x00                                                                  C:\d\Projects\LCDS\oc19\18\p18math.asm
000bda   b0d8     BTFSC     0xd8,0x0,0x0                   BTFSC           _C                                               C:\d\Projects\LCDS\oc19\18\p18math.asm
000bdc   3d96     INCFSZ    0x96,0x0,0x1                   INCFSZ          AARGB5,W                                         C:\d\Projects\LCDS\oc19\18\p18math.asm
000bde   279b     ADDWF     0x9b,0x1,0x1                   ADDWF           TEMP, F                                          C:\d\Projects\LCDS\oc19\18\p18math.asm
                                                                                                                            C:\d\Projects\LCDS\oc19\18\p18math.asm
000be0   90d8     BCF       0xd8,0x0,0x0                   BCF             _C                                               C:\d\Projects\LCDS\oc19\18\p18math.asm
000be2   3795     RLCF      0x95,0x1,0x1   UOK68B          RLCF             AARGB1, F                                       C:\d\Projects\LCDS\oc19\18\p18math.asm
                                                                                                                            C:\d\Projects\LCDS\oc19\18\p18math.asm
000be4   2f9c     DECFSZ    0x9c,0x1,0x1                   DECFSZ          LOOPCOUNT, F                                     C:\d\Projects\LCDS\oc19\18\p18math.asm
000be6   d7e9     BRA       0xbba                          bra            LOOPU1608B                                        C:\d\Projects\LCDS\oc19\18\p18math.asm
000be8   0012     RETURN    0x0            		return                                                                         C:\d\Projects\LCDS\oc19\18\p18math.asm
                                           		GLOBAL	UDIV1608L                                                               C:\d\Projects\LCDS\oc19\18\p18math.asm
                                                                                                                            C:\d\Projects\LCDS\oc19\18\p18math.asm
                                           		end                                                                            C:\d\Projects\LCDS\oc19\18\p18math.asm
                                           ;************************************************************************        C:\d\Projects\LCDS\oc19\18\P18pt.ASM
                                           ;*	Microchip Technology Inc. 2002					*                                          C:\d\Projects\LCDS\oc19\18\P18pt.ASM
                                           ;*	Assembler version: 2.0000					*                                               C:\d\Projects\LCDS\oc19\18\P18pt.ASM
                                           ;*	Filename: 							*                                                            C:\d\Projects\LCDS\oc19\18\P18pt.ASM
                                           ;*		p18demo.asm (main routine)   				*                                           C:\d\Projects\LCDS\oc19\18\P18pt.ASM
                                           ;*	Dependents:							*                                                           C:\d\Projects\LCDS\oc19\18\P18pt.ASM
                                           ;*		p18lcd.asm						*                                                            C:\d\Projects\LCDS\oc19\18\P18pt.ASM
                                           ;*		p18math.asm						*                                                           C:\d\Projects\LCDS\oc19\18\P18pt.ASM
                                           ;*		16f877.lkr						*                                                            C:\d\Projects\LCDS\oc19\18\P18pt.ASM
                                           ;*	March 14,2002							*                                                         C:\d\Projects\LCDS\oc19\18\P18pt.ASM
                                           ;* 	PICDEM 2 PLUS DEMO code. The following functions are included 	*             C:\d\Projects\LCDS\oc19\18\P18pt.ASM
                                           ;*	with this code:							*                                                       C:\d\Projects\LCDS\oc19\18\P18pt.ASM
                                           ;*		1. Voltmeter						*                                                          C:\d\Projects\LCDS\oc19\18\P18pt.ASM
                                           ;*			The center tap of R16 is connected to RA0, the	*                            C:\d\Projects\LCDS\oc19\18\P18pt.ASM
                                           ;*			A/D converter converts this analog voltage and	*                            C:\d\Projects\LCDS\oc19\18\P18pt.ASM
                                           ;*			the result is displayed on the LCD in a range	*                             C:\d\Projects\LCDS\oc19\18\P18pt.ASM
                                           ;*			from 0.00V - 5.00V.				*                                                    C:\d\Projects\LCDS\oc19\18\P18pt.ASM
                                           ;*		2. Buzzer						*                                                             C:\d\Projects\LCDS\oc19\18\P18pt.ASM
                                           ;*			The Piezo buzzer is connected to RC2 and is	*                               C:\d\Projects\LCDS\oc19\18\P18pt.ASM
                                           ;*			driven by the CCP1 module. The period and duty	*                            C:\d\Projects\LCDS\oc19\18\P18pt.ASM
                                           ;*			cycle are adjustable on the fly through the LCD	*                           C:\d\Projects\LCDS\oc19\18\P18pt.ASM
                                           ;*			and push-buttons.				*                                                      C:\d\Projects\LCDS\oc19\18\P18pt.ASM
                                           ;*		3. Temperature						*                                                        C:\d\Projects\LCDS\oc19\18\P18pt.ASM
                                           ;*			A TC74 Serial Digital Thermal Sensor is used to	*                           C:\d\Projects\LCDS\oc19\18\P18pt.ASM
                                           ;*			measure ambient temperature. The PIC and TC74	*                             C:\d\Projects\LCDS\oc19\18\P18pt.ASM
                                           ;* 			communicate using the MSSP module. The TC74 is	*                           C:\d\Projects\LCDS\oc19\18\P18pt.ASM
                                           ;*			connected to the SDA & SCL I/O pins of the PIC	*                            C:\d\Projects\LCDS\oc19\18\P18pt.ASM
                                           ;*			and functions as a slave. Every 2 seconds, the	*                            C:\d\Projects\LCDS\oc19\18\P18pt.ASM
                                           ;*			temperature is logged into the external EEPROM  *                           C:\d\Projects\LCDS\oc19\18\P18pt.ASM
                                           ;*			in a specific memory location.			*                                          C:\d\Projects\LCDS\oc19\18\P18pt.ASM
                                           ;*		4. Clock						*                                                              C:\d\Projects\LCDS\oc19\18\P18pt.ASM
                                           ;*			This function is a real-time clock. When the	*                              C:\d\Projects\LCDS\oc19\18\P18pt.ASM
                                           ;*			mode is entered, time begins at 00:00:00. The 	*                            C:\d\Projects\LCDS\oc19\18\P18pt.ASM
                                           ;*			user can set the time if desired.		*                                        C:\d\Projects\LCDS\oc19\18\P18pt.ASM
                                           ;*									*                                                                     C:\d\Projects\LCDS\oc19\18\P18pt.ASM
                                           ;*		The data that is sent to the LCD is also sent to the	*                       C:\d\Projects\LCDS\oc19\18\P18pt.ASM
                                           ;*		USART through the RS-232 port to be displayed on a PC	*                      C:\d\Projects\LCDS\oc19\18\P18pt.ASM
                                           ;*		HyperTerminal.						*                                                        C:\d\Projects\LCDS\oc19\18\P18pt.ASM
                                           ;************************************************************************        C:\d\Projects\LCDS\oc19\18\P18pt.ASM
                                                                                                                            C:\d\Projects\LCDS\oc19\18\P18pt.ASM
                                           	list p=18f4520                                                                  C:\d\Projects\LCDS\oc19\18\P18pt.ASM
                                           	#include p18f4520.inc                                                           C:\d\Projects\LCDS\oc19\18\P18pt.ASM
                                                   LIST                                                                     C:\Program Files\Microchip\MPASM Suite\p18f4520.inc
                                                                                                                            C:\Program Files\Microchip\MPASM Suite\p18f4520.inc
                                           ;==========================================================================      C:\Program Files\Microchip\MPASM Suite\p18f4520.inc
                                           ;  $Id: P18F4520.INC,v 1.6.2.3 2005/10/17 20:38:01 curtiss Exp $                 C:\Program Files\Microchip\MPASM Suite\p18f4520.inc
                                           ;  MPASM PIC18F4520 processor include                                            C:\Program Files\Microchip\MPASM Suite\p18f4520.inc
                                           ;                                                                                C:\Program Files\Microchip\MPASM Suite\p18f4520.inc
                                           ;  (c) Copyright 1999-2005 Microchip Technology, All rights reserved             C:\Program Files\Microchip\MPASM Suite\p18f4520.inc
                                           ;==========================================================================      C:\Program Files\Microchip\MPASM Suite\p18f4520.inc
                                                                                                                            C:\Program Files\Microchip\MPASM Suite\p18f4520.inc
                                                   LIST                                                                     C:\Program Files\Microchip\MPASM Suite\p18f4520.inc
                                                                                                                            C:\d\Projects\LCDS\oc19\18\P18pt.ASM
                                              CONFIG	OSC = HS                                                               C:\d\Projects\LCDS\oc19\18\P18pt.ASM
                                              CONFIG	FCMEN = OFF                                                            C:\d\Projects\LCDS\oc19\18\P18pt.ASM
                                              CONFIG	IESO = OFF                                                             C:\d\Projects\LCDS\oc19\18\P18pt.ASM
                                              CONFIG	PWRT = ON                                                              C:\d\Projects\LCDS\oc19\18\P18pt.ASM
                                              CONFIG	BOREN = OFF                                                            C:\d\Projects\LCDS\oc19\18\P18pt.ASM
                                              CONFIG	WDT = OFF                                                              C:\d\Projects\LCDS\oc19\18\P18pt.ASM
                                              CONFIG	MCLRE = ON                                                             C:\d\Projects\LCDS\oc19\18\P18pt.ASM
                                              CONFIG	PBADEN = OFF                                                           C:\d\Projects\LCDS\oc19\18\P18pt.ASM
                                              CONFIG	LVP = OFF                                                              C:\d\Projects\LCDS\oc19\18\P18pt.ASM
                                              CONFIG	XINST = OFF                                                            C:\d\Projects\LCDS\oc19\18\P18pt.ASM
                                                                                                                            C:\d\Projects\LCDS\oc19\18\P18pt.ASM
                                           	#define	scroll_dir	TRISA,4                                                      C:\d\Projects\LCDS\oc19\18\P18pt.ASM
                                           	#define	scroll		PORTA,4		;Push-button RA4 on PCB                                C:\d\Projects\LCDS\oc19\18\P18pt.ASM
                                           	#define	select_dir	TRISB,0		                                                    C:\d\Projects\LCDS\oc19\18\P18pt.ASM
                                           	#define	select		PORTB,0		;Push-button RB0 on PCB                                C:\d\Projects\LCDS\oc19\18\P18pt.ASM
                                                                                                                            C:\d\Projects\LCDS\oc19\18\P18pt.ASM
                                           	EXTERN	LCDInit, temp_wr, d_write, i_write, LCDLine_1, LCDLine_2                 C:\d\Projects\LCDS\oc19\18\P18pt.ASM
                                           	EXTERN	UMUL0808L, UDIV1608L, AARGB0, AARGB1, BARGB0                             C:\d\Projects\LCDS\oc19\18\P18pt.ASM
                                                                                                                            C:\d\Projects\LCDS\oc19\18\P18pt.ASM
                                                                                                                            C:\d\Projects\LCDS\oc19\18\P18pt.ASM
                                           ssprw	macro				;check for idle SSP module routine                                C:\d\Projects\LCDS\oc19\18\P18pt.ASM
                                           	movlw	0x00                                                                      C:\d\Projects\LCDS\oc19\18\P18pt.ASM
                                           	andwf	SSPCON2,W                                                                 C:\d\Projects\LCDS\oc19\18\P18pt.ASM
                                           	sublw	0x00                                                                      C:\d\Projects\LCDS\oc19\18\P18pt.ASM
                                           	btfss	STATUS,Z                                                                  C:\d\Projects\LCDS\oc19\18\P18pt.ASM
                                           	bra	$-8                                                                         C:\d\Projects\LCDS\oc19\18\P18pt.ASM
                                                                                                                            C:\d\Projects\LCDS\oc19\18\P18pt.ASM
                                           	btfsc	SSPSTAT,R_W                                                               C:\d\Projects\LCDS\oc19\18\P18pt.ASM
                                           	bra	$-2                                                                         C:\d\Projects\LCDS\oc19\18\P18pt.ASM
                                           	endm                                                                            C:\d\Projects\LCDS\oc19\18\P18pt.ASM
                                                                                                                            C:\d\Projects\LCDS\oc19\18\P18pt.ASM
                                           variables	UDATA                                                                  C:\d\Projects\LCDS\oc19\18\P18pt.ASM
                                           ptr_pos		RES 1                                                                   C:\d\Projects\LCDS\oc19\18\P18pt.ASM
                                           ptr_count	RES 1                                                                  C:\d\Projects\LCDS\oc19\18\P18pt.ASM
                                           temp_1		RES 1                                                                    C:\d\Projects\LCDS\oc19\18\P18pt.ASM
                                           temp_2		RES 1                                                                    C:\d\Projects\LCDS\oc19\18\P18pt.ASM
                                           temp_3		RES 1                                                                    C:\d\Projects\LCDS\oc19\18\P18pt.ASM
                                           cmd_byte	RES 1                                                                   C:\d\Projects\LCDS\oc19\18\P18pt.ASM
                                           temperature	RES 1                                                                C:\d\Projects\LCDS\oc19\18\P18pt.ASM
                                           LSD		RES 1                                                                       C:\d\Projects\LCDS\oc19\18\P18pt.ASM
                                           MsD		RES 1                                                                       C:\d\Projects\LCDS\oc19\18\P18pt.ASM
                                           MSD		RES 1                                                                       C:\d\Projects\LCDS\oc19\18\P18pt.ASM
                                           seconds		RES 1                                                                   C:\d\Projects\LCDS\oc19\18\P18pt.ASM
                                           minutes		RES 1                                                                   C:\d\Projects\LCDS\oc19\18\P18pt.ASM
                                           hours		RES 1                                                                     C:\d\Projects\LCDS\oc19\18\P18pt.ASM
                                                                                                                            C:\d\Projects\LCDS\oc19\18\P18pt.ASM
                                           NumH		RES 1                                                                      C:\d\Projects\LCDS\oc19\18\P18pt.ASM
                                           NumL		RES 1                                                                      C:\d\Projects\LCDS\oc19\18\P18pt.ASM
                                           TenK		RES 1                                                                      C:\d\Projects\LCDS\oc19\18\P18pt.ASM
                                           Thou		RES 1                                                                      C:\d\Projects\LCDS\oc19\18\P18pt.ASM
                                           Hund		RES 1                                                                      C:\d\Projects\LCDS\oc19\18\P18pt.ASM
                                           Tens		RES 1                                                                      C:\d\Projects\LCDS\oc19\18\P18pt.ASM
                                           Ones		RES 1                                                                      C:\d\Projects\LCDS\oc19\18\P18pt.ASM
                                                                                                                            C:\d\Projects\LCDS\oc19\18\P18pt.ASM
                                           STARTUP CODE 0                                                                   C:\d\Projects\LCDS\oc19\18\P18pt.ASM
000000   0000     NOP                      	NOP                                                                             C:\d\Projects\LCDS\oc19\18\P18pt.ASM
000002   ef51     GOTO      0x4a2          	goto	start                                                                      C:\d\Projects\LCDS\oc19\18\P18pt.ASM
000004   f002                                                                                                               
000006   0000     NOP                      	NOP                                                                             C:\d\Projects\LCDS\oc19\18\P18pt.ASM
000008   0000     NOP                      	NOP                                                                             C:\d\Projects\LCDS\oc19\18\P18pt.ASM
00000a   0000     NOP                      	NOP                                                                             C:\d\Projects\LCDS\oc19\18\P18pt.ASM
                                           PROG1 	CODE                                                                      C:\d\Projects\LCDS\oc19\18\P18pt.ASM
                                                                                                                            C:\d\Projects\LCDS\oc19\18\P18pt.ASM
                                           prod_table				;table for production code                                         C:\d\Projects\LCDS\oc19\18\P18pt.ASM
                                           	;	"XXXXXXXXXXXXXXXX"                                                            C:\d\Projects\LCDS\oc19\18\P18pt.ASM
                                           	;				ptr:                                                                       C:\d\Projects\LCDS\oc19\18\P18pt.ASM
0002f2   5250     MOVF      0x50,0x1,0x0   	data	"PRODUCTION TEST "	;0                                                      C:\d\Projects\LCDS\oc19\18\P18pt.ASM
0002f4   444f     RLNCF     0x4f,0x0,0x0                                                                                    
0002f6   4355     RRNCF     0x55,0x1,0x1                                                                                    
0002f8   4954     INFSNZ    0x54,0x0,0x1                                                                                    
0002fa   4e4f     DCFSNZ    0x4f,0x1,0x0                                                                                    
0002fc   5420     SUBFWB    0x20,0x0,0x0                                                                                    
0002fe   5345     MOVF      0x45,0x1,0x1                                                                                    
000300   2054     ADDWFC    0x54,0x0,0x0                                                                                    
000302   2020     ADDWFC    0x20,0x0,0x0   	data	"   COMPLETE     "	;16                                                     C:\d\Projects\LCDS\oc19\18\P18pt.ASM
000304   4320     RRNCF     0x20,0x1,0x1                                                                                    
000306   4d4f     DCFSNZ    0x4f,0x0,0x1                                                                                    
000308   4c50     DCFSNZ    0x50,0x0,0x0                                                                                    
00030a   5445     SUBFWB    0x45,0x0,0x0                                                                                    
00030c   2045     ADDWFC    0x45,0x0,0x0                                                                                    
00030e   2020     ADDWFC    0x20,0x0,0x0                                                                                    
000310   2020     ADDWFC    0x20,0x0,0x0                                                                                    
000312   2020     ADDWFC    0x20,0x0,0x0   	data	"   32.768KHz    "	;32                                                     C:\d\Projects\LCDS\oc19\18\P18pt.ASM
000314   3320     RRCF      0x20,0x1,0x1                                                                                    
000316   2e32     DECFSZ    0x32,0x1,0x0                                                                                    
000318   3637     RLCF      0x37,0x1,0x0                                                                                    
00031a   4b38     INFSNZ    0x38,0x1,0x1                                                                                    
00031c   7a48     BTG       0x48,0x5,0x0                                                                                    
00031e   2020     ADDWFC    0x20,0x0,0x0                                                                                    
000320   2020     ADDWFC    0x20,0x0,0x0                                                                                    
000322   2020     ADDWFC    0x20,0x0,0x0   	data	"  TC74 Sensor   "	;48                                                     C:\d\Projects\LCDS\oc19\18\P18pt.ASM
000324   4354     RRNCF     0x54,0x1,0x1                                                                                    
000326   3437     RLCF      0x37,0x0,0x0                                                                                    
000328   5320     MOVF      0x20,0x1,0x1                                                                                    
00032a   6e65     MOVWF     0x65,0x0                                                                                        
00032c   6f73     MOVWF     0x73,0x1                                                                                        
00032e   2072     ADDWFC    0x72,0x0,0x0                                                                                    
000330   2020     ADDWFC    0x20,0x0,0x0                                                                                    
000332   5020     MOVF      0x20,0x0,0x0   	data	" Press RA4, RB0 "	;64                                                     C:\d\Projects\LCDS\oc19\18\P18pt.ASM
000334   6572     CPFSGT    0x72,0x1                                                                                        
000336   7373     BTG       0x73,0x1,0x1                                                                                    
000338   5220     MOVF      0x20,0x1,0x0                                                                                    
00033a   3441     RLCF      0x41,0x0,0x0                                                                                    
00033c   202c     ADDWFC    0x2c,0x0,0x0                                                                                    
00033e   4252     RRNCF     0x52,0x1,0x0                                                                                    
000340   2030     ADDWFC    0x30,0x0,0x0                                                                                    
000342   2020     ADDWFC    0x20,0x0,0x0   	data	"   Microchip	 "      ;80                                                  C:\d\Projects\LCDS\oc19\18\P18pt.ASM
000344   4d20     DCFSNZ    0x20,0x0,0x1                                                                                    
000346   6369     CPFSEQ    0x69,0x1                                                                                        
000348   6f72     MOVWF     0x72,0x1                                                                                        
00034a   6863     SETF      0x63,0x0                                                                                        
00034c   7069     BTG       0x69,0x0,0x0                                                                                    
00034e   2020     ADDWFC    0x20,0x0,0x0                                                                                    
000350   2020     ADDWFC    0x20,0x0,0x0                                                                                    
000352   5020     MOVF      0x20,0x0,0x0   	data	" PICDEM 2 PLUS  "	;96                                                     C:\d\Projects\LCDS\oc19\18\P18pt.ASM
000354   4349     RRNCF     0x49,0x1,0x1                                                                                    
000356   4544     RLNCF     0x44,0x0,0x1                                                                                    
000358   204d     ADDWFC    0x4d,0x0,0x0                                                                                    
00035a   2032     ADDWFC    0x32,0x0,0x0                                                                                    
00035c   4c50     DCFSNZ    0x50,0x0,0x0                                                                                    
00035e   5355     MOVF      0x55,0x1,0x1                                                                                    
000360   2020     ADDWFC    0x20,0x0,0x0                                                                                    
000362   2020     ADDWFC    0x20,0x0,0x0   	data	"  		 "	;112  blank line display                                           C:\d\Projects\LCDS\oc19\18\P18pt.ASM
000364   2020     ADDWFC    0x20,0x0,0x0                                                                                    
000366   2020     ADDWFC    0x20,0x0,0x0                                                                                    
000368   2020     ADDWFC    0x20,0x0,0x0                                                                                    
00036a   2020     ADDWFC    0x20,0x0,0x0                                                                                    
00036c   2020     ADDWFC    0x20,0x0,0x0                                                                                    
00036e   2020     ADDWFC    0x20,0x0,0x0                                                                                    
000370   2020     ADDWFC    0x20,0x0,0x0                                                                                    
000372   2020     ADDWFC    0x20,0x0,0x0   	data	"     RS-232     "	;128                                                    C:\d\Projects\LCDS\oc19\18\P18pt.ASM
000374   2020     ADDWFC    0x20,0x0,0x0                                                                                    
000376   5220     MOVF      0x20,0x1,0x0                                                                                    
000378   2d53     DECFSZ    0x53,0x0,0x1                                                                                    
00037a   3332     RRCF      0x32,0x1,0x1                                                                                    
00037c   2032     ADDWFC    0x32,0x0,0x0                                                                                    
00037e   2020     ADDWFC    0x20,0x0,0x0                                                                                    
000380   2020     ADDWFC    0x20,0x0,0x0                                                                                    
000382   2020     ADDWFC    0x20,0x0,0x0   	data	"     		 "	;144                                                            C:\d\Projects\LCDS\oc19\18\P18pt.ASM
000384   2020     ADDWFC    0x20,0x0,0x0                                                                                    
000386   2020     ADDWFC    0x20,0x0,0x0                                                                                    
000388   2020     ADDWFC    0x20,0x0,0x0                                                                                    
00038a   2020     ADDWFC    0x20,0x0,0x0                                                                                    
00038c   2020     ADDWFC    0x20,0x0,0x0                                                                                    
00038e   2020     ADDWFC    0x20,0x0,0x0                                                                                    
000390   2020     ADDWFC    0x20,0x0,0x0                                                                                    
000392   4146     RRNCF     0x46,0x0,0x1   	data	"FAIL!FAIL!FAIL! "	;160                                                    C:\d\Projects\LCDS\oc19\18\P18pt.ASM
000394   4c49     DCFSNZ    0x49,0x0,0x0                                                                                    
000396   4621     RLNCF     0x21,0x1,0x0                                                                                    
000398   4941     INFSNZ    0x41,0x0,0x1                                                                                    
00039a   214c     ADDWFC    0x4c,0x0,0x1                                                                                    
00039c   4146     RRNCF     0x46,0x0,0x1                                                                                    
00039e   4c49     DCFSNZ    0x49,0x0,0x0                                                                                    
0003a0   2021     ADDWFC    0x21,0x0,0x0                                                                                    
0003a2   2020     ADDWFC    0x20,0x0,0x0   	data	"     EEPROM     "	;176                                                    C:\d\Projects\LCDS\oc19\18\P18pt.ASM
0003a4   2020     ADDWFC    0x20,0x0,0x0                                                                                    
0003a6   4520     RLNCF     0x20,0x0,0x1                                                                                    
0003a8   5045     MOVF      0x45,0x0,0x0                                                                                    
0003aa   4f52     DCFSNZ    0x52,0x1,0x1                                                                                    
0003ac   204d     ADDWFC    0x4d,0x0,0x0                                                                                    
0003ae   2020     ADDWFC    0x20,0x0,0x0                                                                                    
0003b0   2020     ADDWFC    0x20,0x0,0x0                                                                                    
0003b2   694d     SETF      0x4d,0x1       	data	"Microchip Temp= "	;192                                                    C:\d\Projects\LCDS\oc19\18\P18pt.ASM
0003b4   7263     BTG       0x63,0x1,0x0                                                                                    
0003b6   636f     CPFSEQ    0x6f,0x1                                                                                        
0003b8   6968     SETF      0x68,0x1                                                                                        
0003ba   2070     ADDWFC    0x70,0x0,0x0                                                                                    
0003bc   6554     CPFSGT    0x54,0x1                                                                                        
0003be   706d     BTG       0x6d,0x0,0x0                                                                                    
0003c0   203d     ADDWFC    0x3d,0x0,0x0                                                                                    
0003c2   2d3c     DECFSZ    0x3c,0x0,0x1   	data	"<---- LED Test	 "	;208                                                    C:\d\Projects\LCDS\oc19\18\P18pt.ASM
0003c4   2d2d     DECFSZ    0x2d,0x0,0x1                                                                                    
0003c6   202d     ADDWFC    0x2d,0x0,0x0                                                                                    
0003c8   454c     RLNCF     0x4c,0x0,0x1                                                                                    
0003ca   2044     ADDWFC    0x44,0x0,0x0                                                                                    
0003cc   6554     CPFSGT    0x54,0x1                                                                                        
0003ce   7473     BTG       0x73,0x2,0x0                                                                                    
0003d0   2020     ADDWFC    0x20,0x0,0x0                                                                                    
0003d2   5020     MOVF      0x20,0x0,0x0   	data	" Potentiometer	 "	;224                                                    C:\d\Projects\LCDS\oc19\18\P18pt.ASM
0003d4   746f     BTG       0x6f,0x2,0x0                                                                                    
0003d6   6e65     MOVWF     0x65,0x0                                                                                        
0003d8   6974     SETF      0x74,0x1                                                                                        
0003da   6d6f     NEGF      0x6f,0x1                                                                                        
0003dc   7465     BTG       0x65,0x2,0x0                                                                                    
0003de   7265     BTG       0x65,0x1,0x0                                                                                    
0003e0   2020     ADDWFC    0x20,0x0,0x0                                                                                    
                                                                                                                            C:\d\Projects\LCDS\oc19\18\P18pt.ASM
                                           stan_table				;table for standard code                                           C:\d\Projects\LCDS\oc19\18\P18pt.ASM
                                           	;	"XXXXXXXXXXXXXXXX"                                                            C:\d\Projects\LCDS\oc19\18\P18pt.ASM
                                           	;				ptr:                                                                       C:\d\Projects\LCDS\oc19\18\P18pt.ASM
0003e2   2020     ADDWFC    0x20,0x0,0x0   	data	"   Voltmeter    "	;0                                                      C:\d\Projects\LCDS\oc19\18\P18pt.ASM
0003e4   5620     SUBFWB    0x20,0x1,0x0                                                                                    
0003e6   6c6f     NEGF      0x6f,0x0                                                                                        
0003e8   6d74     NEGF      0x74,0x1                                                                                        
0003ea   7465     BTG       0x65,0x2,0x0                                                                                    
0003ec   7265     BTG       0x65,0x1,0x0                                                                                    
0003ee   2020     ADDWFC    0x20,0x0,0x0                                                                                    
0003f0   2020     ADDWFC    0x20,0x0,0x0                                                                                    
0003f2   2020     ADDWFC    0x20,0x0,0x0   	data	"     Buzzer     "	;16                                                     C:\d\Projects\LCDS\oc19\18\P18pt.ASM
0003f4   2020     ADDWFC    0x20,0x0,0x0                                                                                    
0003f6   4220     RRNCF     0x20,0x1,0x0                                                                                    
0003f8   7a75     BTG       0x75,0x5,0x0                                                                                    
0003fa   657a     CPFSGT    0x7a,0x1                                                                                        
0003fc   2072     ADDWFC    0x72,0x0,0x0                                                                                    
0003fe   2020     ADDWFC    0x20,0x0,0x0                                                                                    
000400   2020     ADDWFC    0x20,0x0,0x0                                                                                    
000402   2020     ADDWFC    0x20,0x0,0x0   	data	"  Temperature   "	;32                                                     C:\d\Projects\LCDS\oc19\18\P18pt.ASM
000404   6554     CPFSGT    0x54,0x1                                                                                        
000406   706d     BTG       0x6d,0x0,0x0                                                                                    
000408   7265     BTG       0x65,0x1,0x0                                                                                    
00040a   7461     BTG       0x61,0x2,0x0                                                                                    
00040c   7275     BTG       0x75,0x1,0x0                                                                                    
00040e   2065     ADDWFC    0x65,0x0,0x0                                                                                    
000410   2020     ADDWFC    0x20,0x0,0x0                                                                                    
000412   2020     ADDWFC    0x20,0x0,0x0   	data	"     Clock      "	;48                                                     C:\d\Projects\LCDS\oc19\18\P18pt.ASM
000414   2020     ADDWFC    0x20,0x0,0x0                                                                                    
000416   4320     RRNCF     0x20,0x1,0x1                                                                                    
000418   6f6c     MOVWF     0x6c,0x1                                                                                        
00041a   6b63     CLRF      0x63,0x1                                                                                        
00041c   2020     ADDWFC    0x20,0x0,0x0                                                                                    
00041e   2020     ADDWFC    0x20,0x0,0x0                                                                                    
000420   2020     ADDWFC    0x20,0x0,0x0                                                                                    
000422   4152     RRNCF     0x52,0x0,0x1   	data	"RA4=Next RB0=Now"	;64                                                     C:\d\Projects\LCDS\oc19\18\P18pt.ASM
000424   3d34     INCFSZ    0x34,0x0,0x1                                                                                    
000426   654e     CPFSGT    0x4e,0x1                                                                                        
000428   7478     BTG       0x78,0x2,0x0                                                                                    
00042a   5220     MOVF      0x20,0x1,0x0                                                                                    
00042c   3042     RRCF      0x42,0x0,0x0                                                                                    
00042e   4e3d     DCFSNZ    0x3d,0x1,0x0                                                                                    
000430   776f     BTG       0x6f,0x3,0x1                                                                                    
000432   2020     ADDWFC    0x20,0x0,0x0   	data	"   Microchip    "      ;80                                                C:\d\Projects\LCDS\oc19\18\P18pt.ASM
000434   4d20     DCFSNZ    0x20,0x0,0x1                                                                                    
000436   6369     CPFSEQ    0x69,0x1                                                                                        
000438   6f72     MOVWF     0x72,0x1                                                                                        
00043a   6863     SETF      0x63,0x0                                                                                        
00043c   7069     BTG       0x69,0x0,0x0                                                                                    
00043e   2020     ADDWFC    0x20,0x0,0x0                                                                                    
000440   2020     ADDWFC    0x20,0x0,0x0                                                                                    
000442   5020     MOVF      0x20,0x0,0x0   	data	" PICDEM 2 PLUS  "	;96                                                     C:\d\Projects\LCDS\oc19\18\P18pt.ASM
000444   4349     RRNCF     0x49,0x1,0x1                                                                                    
000446   4544     RLNCF     0x44,0x0,0x1                                                                                    
000448   204d     ADDWFC    0x4d,0x0,0x0                                                                                    
00044a   2032     ADDWFC    0x32,0x0,0x0                                                                                    
00044c   4c50     DCFSNZ    0x50,0x0,0x0                                                                                    
00044e   5355     MOVF      0x55,0x1,0x1                                                                                    
000450   2020     ADDWFC    0x20,0x0,0x0                                                                                    
000452   4152     RRNCF     0x52,0x0,0x1   	data	"RA4=Set RB0=Menu"	;112                                                    C:\d\Projects\LCDS\oc19\18\P18pt.ASM
000454   3d34     INCFSZ    0x34,0x0,0x1                                                                                    
000456   6553     CPFSGT    0x53,0x1                                                                                        
000458   2074     ADDWFC    0x74,0x0,0x0                                                                                    
00045a   4252     RRNCF     0x52,0x1,0x0                                                                                    
00045c   3d30     INCFSZ    0x30,0x0,0x1                                                                                    
00045e   654d     CPFSGT    0x4d,0x1                                                                                        
000460   756e     BTG       0x6e,0x2,0x1                                                                                    
000462   4152     RRNCF     0x52,0x0,0x1   	data	"RA4= --> RBO= ++"	;128                                                    C:\d\Projects\LCDS\oc19\18\P18pt.ASM
000464   3d34     INCFSZ    0x34,0x0,0x1                                                                                    
000466   2d20     DECFSZ    0x20,0x0,0x1                                                                                    
000468   3e2d     INCFSZ    0x2d,0x1,0x0                                                                                    
00046a   5220     MOVF      0x20,0x1,0x0                                                                                    
00046c   4f42     DCFSNZ    0x42,0x1,0x1                                                                                    
00046e   203d     ADDWFC    0x3d,0x0,0x0                                                                                    
000470   2b2b     INCF      0x2b,0x1,0x1                                                                                    
000472   2020     ADDWFC    0x20,0x0,0x0   	data	"   RB0 = Exit 	 "	;144                                                    C:\d\Projects\LCDS\oc19\18\P18pt.ASM
000474   5220     MOVF      0x20,0x1,0x0                                                                                    
000476   3042     RRCF      0x42,0x0,0x0                                                                                    
000478   3d20     INCFSZ    0x20,0x0,0x1                                                                                    
00047a   4520     RLNCF     0x20,0x0,0x1                                                                                    
00047c   6978     SETF      0x78,0x1                                                                                        
00047e   2074     ADDWFC    0x74,0x0,0x0                                                                                    
000480   2020     ADDWFC    0x20,0x0,0x0                                                                                    
000482   6f56     MOVWF     0x56,0x1       	data	"Volts =	 "	;160                                                           C:\d\Projects\LCDS\oc19\18\P18pt.ASM
000484   746c     BTG       0x6c,0x2,0x0                                                                                    
000486   2073     ADDWFC    0x73,0x0,0x0                                                                                    
000488   203d     ADDWFC    0x3d,0x0,0x0                                                                                    
00048a   2020     ADDWFC    0x20,0x0,0x0                                                                                    
00048c   2020     ADDWFC    0x20,0x0,0x0                                                                                    
00048e   2020     ADDWFC    0x20,0x0,0x0                                                                                    
000490   2020     ADDWFC    0x20,0x0,0x0                                                                                    
000492   7250     BTG       0x50,0x1,0x0   	data	"Prd.=128 DC=128 "	;176                                                    C:\d\Projects\LCDS\oc19\18\P18pt.ASM
000494   2e64     DECFSZ    0x64,0x1,0x0                                                                                    
000496   313d     RRCF      0x3d,0x0,0x1                                                                                    
000498   3832     SWAPF     0x32,0x0,0x0                                                                                    
00049a   4420     RLNCF     0x20,0x0,0x0                                                                                    
00049c   3d43     INCFSZ    0x43,0x0,0x1                                                                                    
00049e   3231     RRCF      0x31,0x1,0x0                                                                                    
0004a0   2038     ADDWFC    0x38,0x0,0x0                                                                                    
                                                                                                                            C:\d\Projects\LCDS\oc19\18\P18pt.ASM
                                           start	                                                                           C:\d\Projects\LCDS\oc19\18\P18pt.ASM
0004a2   ec2b     CALL      0x56,0x0       	call LCDInit                                                                    C:\d\Projects\LCDS\oc19\18\P18pt.ASM
0004a4   f000                                                                                                               
                                           	                                                                                C:\d\Projects\LCDS\oc19\18\P18pt.ASM
0004a6   0ea4     MOVLW     0xa4           	movlw	B'10100100'		;initialize USART                                            C:\d\Projects\LCDS\oc19\18\P18pt.ASM
0004a8   6eac     MOVWF     0xac,0x0       	movwf	TXSTA			;8-bit, Async, High Speed                                         C:\d\Projects\LCDS\oc19\18\P18pt.ASM
0004aa   0e19     MOVLW     0x19           	movlw	.25                                                                       C:\d\Projects\LCDS\oc19\18\P18pt.ASM
0004ac   6eaf     MOVWF     0xaf,0x0       	movwf	SPBRG			;9.6kbaud @ 4MHz                                                  C:\d\Projects\LCDS\oc19\18\P18pt.ASM
0004ae   0e90     MOVLW     0x90           	movlw	B'10010000'                                                               C:\d\Projects\LCDS\oc19\18\P18pt.ASM
0004b0   6eab     MOVWF     0xab,0x0       	movwf	RCSTA                                                                     C:\d\Projects\LCDS\oc19\18\P18pt.ASM
                                                                                                                            C:\d\Projects\LCDS\oc19\18\P18pt.ASM
0004b2   9494     BCF       0x94,0x2,0x0   	bcf	TRISC,2			;configure CCP1 module for buzzer                                 C:\d\Projects\LCDS\oc19\18\P18pt.ASM
                                           ;	bcf	TRISC,6                                                                    C:\d\Projects\LCDS\oc19\18\P18pt.ASM
0004b4   0e80     MOVLW     0x80           	movlw	0x80                                                                      C:\d\Projects\LCDS\oc19\18\P18pt.ASM
0004b6   6ecb     MOVWF     0xcb,0x0       	movwf	PR2			;initialize PWM period                                              C:\d\Projects\LCDS\oc19\18\P18pt.ASM
0004b8   0e80     MOVLW     0x80           	movlw	0x80			;initialize PWM duty cycle                                         C:\d\Projects\LCDS\oc19\18\P18pt.ASM
0004ba   6ebe     MOVWF     0xbe,0x0       	movwf	CCPR1L                                                                    C:\d\Projects\LCDS\oc19\18\P18pt.ASM
0004bc   9abd     BCF       0xbd,0x5,0x0   	bcf	CCP1CON,CCP1X                                                               C:\d\Projects\LCDS\oc19\18\P18pt.ASM
0004be   98bd     BCF       0xbd,0x4,0x0   	bcf	CCP1CON,CCP1Y                                                               C:\d\Projects\LCDS\oc19\18\P18pt.ASM
                                           	                                                                                C:\d\Projects\LCDS\oc19\18\P18pt.ASM
0004c0   0e05     MOVLW     0x5            	movlw	0x05			;postscale 1:1, prescaler 4, Timer2 ON                             C:\d\Projects\LCDS\oc19\18\P18pt.ASM
0004c2   6eca     MOVWF     0xca,0x0       	movwf	T2CON                                                                     C:\d\Projects\LCDS\oc19\18\P18pt.ASM
                                           		                                                                               C:\d\Projects\LCDS\oc19\18\P18pt.ASM
0004c4   8892     BSF       0x92,0x4,0x0   	bsf	TRISA,4			;make switch RA4 an Input                                         C:\d\Projects\LCDS\oc19\18\P18pt.ASM
0004c6   8093     BSF       0x93,0x0,0x0   	bsf	TRISB,0			;make switch RB0 an Input                                         C:\d\Projects\LCDS\oc19\18\P18pt.ASM
                                                                                                                            C:\d\Projects\LCDS\oc19\18\P18pt.ASM
                                                                                                                            C:\d\Projects\LCDS\oc19\18\P18pt.ASM
                                           ;**************** STANDARD CODE MENU SELECTION *******************               C:\d\Projects\LCDS\oc19\18\P18pt.ASM
                                           			;Introduction                                                                 C:\d\Projects\LCDS\oc19\18\P18pt.ASM
0004c8   0e50     MOVLW     0x50           	movlw	.80			;send "Microchip" to LCD                                            C:\d\Projects\LCDS\oc19\18\P18pt.ASM
0004ca   6f80     MOVWF     0x80,0x1       	movwf	ptr_pos                                                                   C:\d\Projects\LCDS\oc19\18\P18pt.ASM
0004cc   ec7e     CALL      0x8fc,0x0      	call	stan_char_1                                                                C:\d\Projects\LCDS\oc19\18\P18pt.ASM
0004ce   f004                                                                                                               
                                                                                                                            C:\d\Projects\LCDS\oc19\18\P18pt.ASM
0004d0   0e60     MOVLW     0x60           	movlw	.96			;send "PICDEM 2 PLUS" to LCD                                        C:\d\Projects\LCDS\oc19\18\P18pt.ASM
0004d2   6f80     MOVWF     0x80,0x1       	movwf	ptr_pos                                                                   C:\d\Projects\LCDS\oc19\18\P18pt.ASM
0004d4   ec9f     CALL      0x93e,0x0      	call	stan_char_2                                                                C:\d\Projects\LCDS\oc19\18\P18pt.ASM
0004d6   f004                                                                                                               
0004d8   ecc9     CALL      0x992,0x0      	call	delay_1s		;delay for display                                               C:\d\Projects\LCDS\oc19\18\P18pt.ASM
0004da   f004                                                                                                               
0004dc   ecc9     CALL      0x992,0x0      	call	delay_1s		;delay for display                                               C:\d\Projects\LCDS\oc19\18\P18pt.ASM
0004de   f004                                                                                                               
                                           menu                                                                             C:\d\Projects\LCDS\oc19\18\P18pt.ASM
                                           ;------------------ VOLT MEASUREMENT  ----------------------------               C:\d\Projects\LCDS\oc19\18\P18pt.ASM
0004e0   a880     BTFSS     0x80,0x4,0x0   	btfss	scroll			;wait for RA4 release                                            C:\d\Projects\LCDS\oc19\18\P18pt.ASM
0004e2   ef70     GOTO      0x4e0          	goto	$-2		                                                                      C:\d\Projects\LCDS\oc19\18\P18pt.ASM
0004e4   f002                                                                                                               
0004e6   a081     BTFSS     0x81,0x0,0x0   	btfss	select			;wait for RB0 release                                            C:\d\Projects\LCDS\oc19\18\P18pt.ASM
0004e8   ef73     GOTO      0x4e6          	goto	$-2                                                                        C:\d\Projects\LCDS\oc19\18\P18pt.ASM
0004ea   f002                                                                                                               
                                                                                                                            C:\d\Projects\LCDS\oc19\18\P18pt.ASM
0004ec   0e00     MOVLW     0x0            	movlw	0x00			;voltmeter                                                         C:\d\Projects\LCDS\oc19\18\P18pt.ASM
0004ee   6f80     MOVWF     0x80,0x1       	movwf	ptr_pos                                                                   C:\d\Projects\LCDS\oc19\18\P18pt.ASM
0004f0   ec7e     CALL      0x8fc,0x0      	call	stan_char_1                                                                C:\d\Projects\LCDS\oc19\18\P18pt.ASM
0004f2   f004                                                                                                               
                                                                                                                            C:\d\Projects\LCDS\oc19\18\P18pt.ASM
0004f4   0e40     MOVLW     0x40           	movlw	.64			;RA4=Next  RB0=Now                                                  C:\d\Projects\LCDS\oc19\18\P18pt.ASM
0004f6   6f80     MOVWF     0x80,0x1       	movwf	ptr_pos                                                                   C:\d\Projects\LCDS\oc19\18\P18pt.ASM
0004f8   ec9f     CALL      0x93e,0x0      	call	stan_char_2                                                                C:\d\Projects\LCDS\oc19\18\P18pt.ASM
0004fa   f004                                                                                                               
                                           v_wait                                                                           C:\d\Projects\LCDS\oc19\18\P18pt.ASM
0004fc   a081     BTFSS     0x81,0x0,0x0   	btfss	select			;voltmeter measurement ??                                        C:\d\Projects\LCDS\oc19\18\P18pt.ASM
0004fe   d038     BRA       0x570          	bra	voltmeter                                                                   C:\d\Projects\LCDS\oc19\18\P18pt.ASM
000500   b880     BTFSC     0x80,0x4,0x0   	btfsc	scroll			;next mode ??                                                    C:\d\Projects\LCDS\oc19\18\P18pt.ASM
000502   d7fc     BRA       0x4fc          	bra	v_wait			;NO                                                                C:\d\Projects\LCDS\oc19\18\P18pt.ASM
000504   a880     BTFSS     0x80,0x4,0x0   	btfss	scroll			;YES                                                             C:\d\Projects\LCDS\oc19\18\P18pt.ASM
000506   d7fe     BRA       0x504          	bra	$-2			;wait for RA4 release                                                 C:\d\Projects\LCDS\oc19\18\P18pt.ASM
                                           ;------------------ BUZZER --------------------------------------                C:\d\Projects\LCDS\oc19\18\P18pt.ASM
                                           menu_buz                                                                         C:\d\Projects\LCDS\oc19\18\P18pt.ASM
000508   a081     BTFSS     0x81,0x0,0x0   	btfss	select			;wait for RB0 release                                            C:\d\Projects\LCDS\oc19\18\P18pt.ASM
00050a   d7fe     BRA       0x508          	bra	$-2			                                                                      C:\d\Projects\LCDS\oc19\18\P18pt.ASM
                                                                                                                            C:\d\Projects\LCDS\oc19\18\P18pt.ASM
00050c   0e10     MOVLW     0x10           	movlw	.16			;buzzer                                                             C:\d\Projects\LCDS\oc19\18\P18pt.ASM
00050e   6f80     MOVWF     0x80,0x1       	movwf	ptr_pos                                                                   C:\d\Projects\LCDS\oc19\18\P18pt.ASM
000510   ec7e     CALL      0x8fc,0x0      	call	stan_char_1                                                                C:\d\Projects\LCDS\oc19\18\P18pt.ASM
000512   f004                                                                                                               
                                                                                                                            C:\d\Projects\LCDS\oc19\18\P18pt.ASM
000514   0e40     MOVLW     0x40           	movlw	.64			;RA4=Next  RB0=Now                                                  C:\d\Projects\LCDS\oc19\18\P18pt.ASM
000516   6f80     MOVWF     0x80,0x1       	movwf	ptr_pos                                                                   C:\d\Projects\LCDS\oc19\18\P18pt.ASM
000518   ec9f     CALL      0x93e,0x0      	call	stan_char_2                                                                C:\d\Projects\LCDS\oc19\18\P18pt.ASM
00051a   f004                                                                                                               
                                           b_wait                                                                           C:\d\Projects\LCDS\oc19\18\P18pt.ASM
00051c   a081     BTFSS     0x81,0x0,0x0   	btfss	select			;Buzzer sound ??                                                 C:\d\Projects\LCDS\oc19\18\P18pt.ASM
00051e   ef30     GOTO      0x660          	goto	buzzer			;YES                                                              C:\d\Projects\LCDS\oc19\18\P18pt.ASM
000520   f003                                                                                                               
000522   b880     BTFSC     0x80,0x4,0x0   	btfsc	scroll			;NO, next mode ??                                                C:\d\Projects\LCDS\oc19\18\P18pt.ASM
000524   ef8e     GOTO      0x51c          	goto	b_wait			;NO                                                               C:\d\Projects\LCDS\oc19\18\P18pt.ASM
000526   f002                                                                                                               
000528   a880     BTFSS     0x80,0x4,0x0   	btfss	scroll			;YES                                                             C:\d\Projects\LCDS\oc19\18\P18pt.ASM
00052a   d7fe     BRA       0x528          	bra	$-2			;wait for RA4 release                                                 C:\d\Projects\LCDS\oc19\18\P18pt.ASM
                                           ;----------------- TEMPERATURE MEASUREMENT ----------------------                C:\d\Projects\LCDS\oc19\18\P18pt.ASM
                                           menu_temp                                                                        C:\d\Projects\LCDS\oc19\18\P18pt.ASM
00052c   a880     BTFSS     0x80,0x4,0x0   	btfss	scroll			;wait for RA4 release                                            C:\d\Projects\LCDS\oc19\18\P18pt.ASM
00052e   d7fe     BRA       0x52c          	bra	$-2		                                                                       C:\d\Projects\LCDS\oc19\18\P18pt.ASM
                                                                                                                            C:\d\Projects\LCDS\oc19\18\P18pt.ASM
000530   0e20     MOVLW     0x20           	movlw	.32			;temperature                                                        C:\d\Projects\LCDS\oc19\18\P18pt.ASM
000532   6f80     MOVWF     0x80,0x1       	movwf	ptr_pos                                                                   C:\d\Projects\LCDS\oc19\18\P18pt.ASM
000534   ec7e     CALL      0x8fc,0x0      	call	stan_char_1                                                                C:\d\Projects\LCDS\oc19\18\P18pt.ASM
000536   f004                                                                                                               
                                                                                                                            C:\d\Projects\LCDS\oc19\18\P18pt.ASM
000538   0e40     MOVLW     0x40           	movlw	.64			;RA4=Next  RB0=Now                                                  C:\d\Projects\LCDS\oc19\18\P18pt.ASM
00053a   6f80     MOVWF     0x80,0x1       	movwf	ptr_pos                                                                   C:\d\Projects\LCDS\oc19\18\P18pt.ASM
00053c   ec9f     CALL      0x93e,0x0      	call	stan_char_2                                                                C:\d\Projects\LCDS\oc19\18\P18pt.ASM
00053e   f004                                                                                                               
                                           t_wait                                                                           C:\d\Projects\LCDS\oc19\18\P18pt.ASM
000540   a081     BTFSS     0x81,0x0,0x0   	btfss	select			;temperature measurement ??                                      C:\d\Projects\LCDS\oc19\18\P18pt.ASM
000542   d0e6     BRA       0x710          	bra	temp			;YES                                                                 C:\d\Projects\LCDS\oc19\18\P18pt.ASM
000544   b880     BTFSC     0x80,0x4,0x0   	btfsc	scroll			;NO, next mode ??                                                C:\d\Projects\LCDS\oc19\18\P18pt.ASM
000546   d7fc     BRA       0x540          	bra	t_wait			;NO                                                                C:\d\Projects\LCDS\oc19\18\P18pt.ASM
000548   a880     BTFSS     0x80,0x4,0x0   	btfss	scroll			;YES                                                             C:\d\Projects\LCDS\oc19\18\P18pt.ASM
00054a   d7fe     BRA       0x548          	bra	$-2			;wait for release                                                     C:\d\Projects\LCDS\oc19\18\P18pt.ASM
                                           ;------------------ CLOCK TIME ----------------------------------                C:\d\Projects\LCDS\oc19\18\P18pt.ASM
                                           menu_clock                                                                       C:\d\Projects\LCDS\oc19\18\P18pt.ASM
00054c   a081     BTFSS     0x81,0x0,0x0   	btfss	select			;wait for RB0 release                                            C:\d\Projects\LCDS\oc19\18\P18pt.ASM
00054e   d7fe     BRA       0x54c          	bra	$-2		                                                                       C:\d\Projects\LCDS\oc19\18\P18pt.ASM
                                                                                                                            C:\d\Projects\LCDS\oc19\18\P18pt.ASM
000550   0e30     MOVLW     0x30           	movlw	.48			;clock                                                              C:\d\Projects\LCDS\oc19\18\P18pt.ASM
000552   6f80     MOVWF     0x80,0x1       	movwf	ptr_pos                                                                   C:\d\Projects\LCDS\oc19\18\P18pt.ASM
000554   ec7e     CALL      0x8fc,0x0      	call	stan_char_1                                                                C:\d\Projects\LCDS\oc19\18\P18pt.ASM
000556   f004                                                                                                               
                                                                                                                            C:\d\Projects\LCDS\oc19\18\P18pt.ASM
000558   0e40     MOVLW     0x40           	movlw	.64			;RA4=Next  RB0=Now                                                  C:\d\Projects\LCDS\oc19\18\P18pt.ASM
00055a   6f80     MOVWF     0x80,0x1       	movwf	ptr_pos                                                                   C:\d\Projects\LCDS\oc19\18\P18pt.ASM
00055c   ec9f     CALL      0x93e,0x0      	call	stan_char_2                                                                C:\d\Projects\LCDS\oc19\18\P18pt.ASM
00055e   f004                                                                                                               
                                           c_wait                                                                           C:\d\Projects\LCDS\oc19\18\P18pt.ASM
000560   a081     BTFSS     0x81,0x0,0x0   	btfss	select			;goto time ??                                                    C:\d\Projects\LCDS\oc19\18\P18pt.ASM
000562   d16b     BRA       0x83a          	bra	clock			;YES                                                                C:\d\Projects\LCDS\oc19\18\P18pt.ASM
000564   b880     BTFSC     0x80,0x4,0x0   	btfsc	scroll			;NO, next mode ??                                                C:\d\Projects\LCDS\oc19\18\P18pt.ASM
000566   d7fc     BRA       0x560          	bra	c_wait			;NO                                                                C:\d\Projects\LCDS\oc19\18\P18pt.ASM
000568   a880     BTFSS     0x80,0x4,0x0   	btfss	scroll			;YES                                                             C:\d\Projects\LCDS\oc19\18\P18pt.ASM
00056a   d7fe     BRA       0x568          	bra	$-2			;wait for release                                                     C:\d\Projects\LCDS\oc19\18\P18pt.ASM
                                           ;-------------------------------------------------------------------             C:\d\Projects\LCDS\oc19\18\P18pt.ASM
00056c   d7b9     BRA       0x4e0          	bra	menu			;begining of menu                                                    C:\d\Projects\LCDS\oc19\18\P18pt.ASM
00056e   0012     RETURN    0x0            	return                                                                          C:\d\Projects\LCDS\oc19\18\P18pt.ASM
                                                                                                                            C:\d\Projects\LCDS\oc19\18\P18pt.ASM
                                           ;*******************************************************************             C:\d\Projects\LCDS\oc19\18\P18pt.ASM
                                                                                                                            C:\d\Projects\LCDS\oc19\18\P18pt.ASM
                                                                                                                            C:\d\Projects\LCDS\oc19\18\P18pt.ASM
                                                                                                                            C:\d\Projects\LCDS\oc19\18\P18pt.ASM
                                                                                                                            C:\d\Projects\LCDS\oc19\18\P18pt.ASM
                                           ;************* STANDARD USER CODE **********************************             C:\d\Projects\LCDS\oc19\18\P18pt.ASM
                                                                                                                            C:\d\Projects\LCDS\oc19\18\P18pt.ASM
                                           ;------------- Voltmeter--------------------------------------------             C:\d\Projects\LCDS\oc19\18\P18pt.ASM
                                           voltmeter                                                                        C:\d\Projects\LCDS\oc19\18\P18pt.ASM
000570   a081     BTFSS     0x81,0x0,0x0   	btfss	select			;wait for RB0 release                                            C:\d\Projects\LCDS\oc19\18\P18pt.ASM
000572   d7fe     BRA       0x570          	bra	$-2                                                                         C:\d\Projects\LCDS\oc19\18\P18pt.ASM
                                                                                                                            C:\d\Projects\LCDS\oc19\18\P18pt.ASM
                                           ;	movlw	B'01000001'		;configure A/D converter	                                   C:\d\Projects\LCDS\oc19\18\P18pt.ASM
                                           ;	movwf	ADCON0			;turn A/D on                                                    C:\d\Projects\LCDS\oc19\18\P18pt.ASM
000574   80c2     BSF       0xc2,0x0,0x0   	bsf		ADCON0,0			;turn on A/D                                                    C:\d\Projects\LCDS\oc19\18\P18pt.ASM
                                                                                                                            C:\d\Projects\LCDS\oc19\18\P18pt.ASM
000576   0e0e     MOVLW     0xe            	movlw	b'00001110'		;RA0 = analog input                                          C:\d\Projects\LCDS\oc19\18\P18pt.ASM
000578   6ec1     MOVWF     0xc1,0x0       	movwf	ADCON1                                                                    C:\d\Projects\LCDS\oc19\18\P18pt.ASM
                                                                                                                            C:\d\Projects\LCDS\oc19\18\P18pt.ASM
00057a   0e01     MOVLW     0x1            	movlw	0x01                                                                      C:\d\Projects\LCDS\oc19\18\P18pt.ASM
00057c   6ec0     MOVWF     0xc0,0x0       	movwf	ADCON2                                                                    C:\d\Projects\LCDS\oc19\18\P18pt.ASM
                                                                                                                            C:\d\Projects\LCDS\oc19\18\P18pt.ASM
00057e   0ea0     MOVLW     0xa0           	movlw	.160			;send "Volts = " to the LCD                                        C:\d\Projects\LCDS\oc19\18\P18pt.ASM
000580   6f80     MOVWF     0x80,0x1       	movwf	ptr_pos                                                                   C:\d\Projects\LCDS\oc19\18\P18pt.ASM
000582   ec7e     CALL      0x8fc,0x0      	call	stan_char_1                                                                C:\d\Projects\LCDS\oc19\18\P18pt.ASM
000584   f004                                                                                                               
                                           volts_again                                                                      C:\d\Projects\LCDS\oc19\18\P18pt.ASM
000586   82c2     BSF       0xc2,0x1,0x0   	bsf	ADCON0,GO		;start conversion                                                C:\d\Projects\LCDS\oc19\18\P18pt.ASM
000588   b2c2     BTFSC     0xc2,0x1,0x0   	btfsc	ADCON0,GO                                                                 C:\d\Projects\LCDS\oc19\18\P18pt.ASM
00058a   d7fe     BRA       0x588          	bra	$-2                                                                         C:\d\Projects\LCDS\oc19\18\P18pt.ASM
00058c   50c4     MOVF      0xc4,0x0,0x0   	movf	ADRESH,W                                                                   C:\d\Projects\LCDS\oc19\18\P18pt.ASM
                                                                                                                            C:\d\Projects\LCDS\oc19\18\P18pt.ASM
00058e   6f94     MOVWF     0x94,0x1       	movwf	AARGB0			;move adresh into AARGB1                                         C:\d\Projects\LCDS\oc19\18\P18pt.ASM
000590   0ec3     MOVLW     0xc3           	movlw	0xC3			;19.5mV/step   0xC3 = 195                                          C:\d\Projects\LCDS\oc19\18\P18pt.ASM
000592   6f97     MOVWF     0x97,0x1       	movwf	BARGB0                                                                    C:\d\Projects\LCDS\oc19\18\P18pt.ASM
000594   ecb7     CALL      0xb6e,0x0      	call	UMUL0808L                                                                  C:\d\Projects\LCDS\oc19\18\P18pt.ASM
000596   f005                                                                                                               
                                           	                                                                                C:\d\Projects\LCDS\oc19\18\P18pt.ASM
000598   0e64     MOVLW     0x64           	movlw	0x64			;divide result by 100 (0x64)                                       C:\d\Projects\LCDS\oc19\18\P18pt.ASM
00059a   6f97     MOVWF     0x97,0x1       	movwf	BARGB0                                                                    C:\d\Projects\LCDS\oc19\18\P18pt.ASM
00059c   eccc     CALL      0xb98,0x0      	call	UDIV1608L                                                                  C:\d\Projects\LCDS\oc19\18\P18pt.ASM
00059e   f005                                                                                                               
                                           	                                                                                C:\d\Projects\LCDS\oc19\18\P18pt.ASM
0005a0   5194     MOVF      0x94,0x0,0x1   	movf	AARGB0,W		;prepare for 16-bit binary to BCD                                C:\d\Projects\LCDS\oc19\18\P18pt.ASM
0005a2   6f8d     MOVWF     0x8d,0x1       	movwf	NumH                                                                      C:\d\Projects\LCDS\oc19\18\P18pt.ASM
0005a4   5195     MOVF      0x95,0x0,0x1   	movf	AARGB1,W                                                                   C:\d\Projects\LCDS\oc19\18\P18pt.ASM
0005a6   6f8e     MOVWF     0x8e,0x1       	movwf	NumL                                                                      C:\d\Projects\LCDS\oc19\18\P18pt.ASM
0005a8   ec49     CALL      0xa92,0x0      	call	bin16_bcd		;get volts ready for LCD                                        C:\d\Projects\LCDS\oc19\18\P18pt.ASM
0005aa   f005                                                                                                               
                                           	                                                                                C:\d\Projects\LCDS\oc19\18\P18pt.ASM
0005ac   ec1a     CALL      0x34,0x0       	call	LCDLine_2		;display A/D result on 2nd line                                 C:\d\Projects\LCDS\oc19\18\P18pt.ASM
0005ae   f000                                                                                                               
0005b0   5191     MOVF      0x91,0x0,0x1   	movf	Hund,W			;get hunds                                                        C:\d\Projects\LCDS\oc19\18\P18pt.ASM
0005b2   ec2e     CALL      0xa5c,0x0      	call	bin_bcd                                                                    C:\d\Projects\LCDS\oc19\18\P18pt.ASM
0005b4   f005                                                                                                               
0005b6   5187     MOVF      0x87,0x0,0x1   	movf	LSD,W			;send high digit from the LSD #.xx	                                C:\d\Projects\LCDS\oc19\18\P18pt.ASM
0005b8   6f9f     MOVWF     0x9f,0x1       	movwf	temp_wr                                                                   C:\d\Projects\LCDS\oc19\18\P18pt.ASM
0005ba   ec1e     CALL      0x3c,0x0       	call	d_write                                                                    C:\d\Projects\LCDS\oc19\18\P18pt.ASM
0005bc   f000                                                                                                               
0005be   0e2e     MOVLW     0x2e           	movlw	A'.'			;send decimal point "."                                            C:\d\Projects\LCDS\oc19\18\P18pt.ASM
0005c0   6f9f     MOVWF     0x9f,0x1       	movwf	temp_wr                                                                   C:\d\Projects\LCDS\oc19\18\P18pt.ASM
0005c2   ec1e     CALL      0x3c,0x0       	call	d_write                                                                    C:\d\Projects\LCDS\oc19\18\P18pt.ASM
0005c4   f000                                                                                                               
                                           	                                                                                C:\d\Projects\LCDS\oc19\18\P18pt.ASM
0005c6   5192     MOVF      0x92,0x0,0x1   	movf	Tens,W			;get tens                                                         C:\d\Projects\LCDS\oc19\18\P18pt.ASM
0005c8   ec2e     CALL      0xa5c,0x0      	call	bin_bcd                                                                    C:\d\Projects\LCDS\oc19\18\P18pt.ASM
0005ca   f005                                                                                                               
0005cc   5187     MOVF      0x87,0x0,0x1   	movf	LSD,W			;send low digit   x.#x                                             C:\d\Projects\LCDS\oc19\18\P18pt.ASM
0005ce   6f9f     MOVWF     0x9f,0x1       	movwf	temp_wr                                                                   C:\d\Projects\LCDS\oc19\18\P18pt.ASM
0005d0   ec1e     CALL      0x3c,0x0       	call	d_write                                                                    C:\d\Projects\LCDS\oc19\18\P18pt.ASM
0005d2   f000                                                                                                               
                                                                                                                            C:\d\Projects\LCDS\oc19\18\P18pt.ASM
0005d4   5193     MOVF      0x93,0x0,0x1   	movf	Ones,W			;get ones                                                         C:\d\Projects\LCDS\oc19\18\P18pt.ASM
0005d6   ec2e     CALL      0xa5c,0x0      	call	bin_bcd                                                                    C:\d\Projects\LCDS\oc19\18\P18pt.ASM
0005d8   f005                                                                                                               
0005da   5187     MOVF      0x87,0x0,0x1   	movf	LSD,W			;send low digit   x.x#                                             C:\d\Projects\LCDS\oc19\18\P18pt.ASM
0005dc   6f9f     MOVWF     0x9f,0x1       	movwf	temp_wr                                                                   C:\d\Projects\LCDS\oc19\18\P18pt.ASM
0005de   ec1e     CALL      0x3c,0x0       	call	d_write                                                                    C:\d\Projects\LCDS\oc19\18\P18pt.ASM
0005e0   f000                                                                                                               
0005e2   0e56     MOVLW     0x56           	movlw	A'V'			;send "V" unit                                                     C:\d\Projects\LCDS\oc19\18\P18pt.ASM
0005e4   6f9f     MOVWF     0x9f,0x1       	movwf	temp_wr                                                                   C:\d\Projects\LCDS\oc19\18\P18pt.ASM
0005e6   ec1e     CALL      0x3c,0x0       	call	d_write                                                                    C:\d\Projects\LCDS\oc19\18\P18pt.ASM
0005e8   f000                                                                                                               
                                                                                                                            C:\d\Projects\LCDS\oc19\18\P18pt.ASM
0005ea   0e20     MOVLW     0x20           	movlw	0x20			;3 spaces	                                                         C:\d\Projects\LCDS\oc19\18\P18pt.ASM
0005ec   6f9f     MOVWF     0x9f,0x1       	movwf	temp_wr                                                                   C:\d\Projects\LCDS\oc19\18\P18pt.ASM
0005ee   ec1e     CALL      0x3c,0x0       	call	d_write                                                                    C:\d\Projects\LCDS\oc19\18\P18pt.ASM
0005f0   f000                                                                                                               
0005f2   0e20     MOVLW     0x20           	movlw	0x20			                                                                   C:\d\Projects\LCDS\oc19\18\P18pt.ASM
0005f4   6f9f     MOVWF     0x9f,0x1       	movwf	temp_wr                                                                   C:\d\Projects\LCDS\oc19\18\P18pt.ASM
0005f6   ec1e     CALL      0x3c,0x0       	call	d_write                                                                    C:\d\Projects\LCDS\oc19\18\P18pt.ASM
0005f8   f000                                                                                                               
0005fa   0e20     MOVLW     0x20           	movlw	0x20			                                                                   C:\d\Projects\LCDS\oc19\18\P18pt.ASM
0005fc   6f9f     MOVWF     0x9f,0x1       	movwf	temp_wr                                                                   C:\d\Projects\LCDS\oc19\18\P18pt.ASM
0005fe   ec1e     CALL      0x3c,0x0       	call	d_write                                                                    C:\d\Projects\LCDS\oc19\18\P18pt.ASM
000600   f000                                                                                                               
000602   0e52     MOVLW     0x52           	movlw	A'R'			;send "RB0=Exit" to LCD                                            C:\d\Projects\LCDS\oc19\18\P18pt.ASM
000604   6f9f     MOVWF     0x9f,0x1       	movwf	temp_wr                                                                   C:\d\Projects\LCDS\oc19\18\P18pt.ASM
000606   ec1e     CALL      0x3c,0x0       	call	d_write                                                                    C:\d\Projects\LCDS\oc19\18\P18pt.ASM
000608   f000                                                                                                               
00060a   0e42     MOVLW     0x42           	movlw	A'B'			                                                                   C:\d\Projects\LCDS\oc19\18\P18pt.ASM
00060c   6f9f     MOVWF     0x9f,0x1       	movwf	temp_wr                                                                   C:\d\Projects\LCDS\oc19\18\P18pt.ASM
00060e   ec1e     CALL      0x3c,0x0       	call	d_write                                                                    C:\d\Projects\LCDS\oc19\18\P18pt.ASM
000610   f000                                                                                                               
000612   0e30     MOVLW     0x30           	movlw	A'0'			                                                                   C:\d\Projects\LCDS\oc19\18\P18pt.ASM
000614   6f9f     MOVWF     0x9f,0x1       	movwf	temp_wr                                                                   C:\d\Projects\LCDS\oc19\18\P18pt.ASM
000616   ec1e     CALL      0x3c,0x0       	call	d_write                                                                    C:\d\Projects\LCDS\oc19\18\P18pt.ASM
000618   f000                                                                                                               
00061a   0e3d     MOVLW     0x3d           	movlw	A'='			                                                                   C:\d\Projects\LCDS\oc19\18\P18pt.ASM
00061c   6f9f     MOVWF     0x9f,0x1       	movwf	temp_wr                                                                   C:\d\Projects\LCDS\oc19\18\P18pt.ASM
00061e   ec1e     CALL      0x3c,0x0       	call	d_write                                                                    C:\d\Projects\LCDS\oc19\18\P18pt.ASM
000620   f000                                                                                                               
000622   0e45     MOVLW     0x45           	movlw	A'E'			                                                                   C:\d\Projects\LCDS\oc19\18\P18pt.ASM
000624   6f9f     MOVWF     0x9f,0x1       	movwf	temp_wr                                                                   C:\d\Projects\LCDS\oc19\18\P18pt.ASM
000626   ec1e     CALL      0x3c,0x0       	call	d_write                                                                    C:\d\Projects\LCDS\oc19\18\P18pt.ASM
000628   f000                                                                                                               
00062a   0e78     MOVLW     0x78           	movlw	A'x'		                                                                    C:\d\Projects\LCDS\oc19\18\P18pt.ASM
00062c   6f9f     MOVWF     0x9f,0x1       	movwf	temp_wr                                                                   C:\d\Projects\LCDS\oc19\18\P18pt.ASM
00062e   ec1e     CALL      0x3c,0x0       	call	d_write                                                                    C:\d\Projects\LCDS\oc19\18\P18pt.ASM
000630   f000                                                                                                               
000632   0e69     MOVLW     0x69           	movlw	A'i'			                                                                   C:\d\Projects\LCDS\oc19\18\P18pt.ASM
000634   6f9f     MOVWF     0x9f,0x1       	movwf	temp_wr                                                                   C:\d\Projects\LCDS\oc19\18\P18pt.ASM
000636   ec1e     CALL      0x3c,0x0       	call	d_write                                                                    C:\d\Projects\LCDS\oc19\18\P18pt.ASM
000638   f000                                                                                                               
00063a   0e74     MOVLW     0x74           	movlw	A't'			                                                                   C:\d\Projects\LCDS\oc19\18\P18pt.ASM
00063c   6f9f     MOVWF     0x9f,0x1       	movwf	temp_wr                                                                   C:\d\Projects\LCDS\oc19\18\P18pt.ASM
00063e   ec1e     CALL      0x3c,0x0       	call	d_write                                                                    C:\d\Projects\LCDS\oc19\18\P18pt.ASM
000640   f000                                                                                                               
000642   0e20     MOVLW     0x20           	movlw	0x20			;2 spaces	                                                         C:\d\Projects\LCDS\oc19\18\P18pt.ASM
000644   6f9f     MOVWF     0x9f,0x1       	movwf	temp_wr                                                                   C:\d\Projects\LCDS\oc19\18\P18pt.ASM
000646   ec1e     CALL      0x3c,0x0       	call	d_write                                                                    C:\d\Projects\LCDS\oc19\18\P18pt.ASM
000648   f000                                                                                                               
00064a   0e20     MOVLW     0x20           	movlw	0x20			                                                                   C:\d\Projects\LCDS\oc19\18\P18pt.ASM
00064c   6f9f     MOVWF     0x9f,0x1       	movwf	temp_wr                                                                   C:\d\Projects\LCDS\oc19\18\P18pt.ASM
00064e   ec1e     CALL      0x3c,0x0       	call	d_write                                                                    C:\d\Projects\LCDS\oc19\18\P18pt.ASM
000650   f000                                                                                                               
                                                                                                                            C:\d\Projects\LCDS\oc19\18\P18pt.ASM
000652   0e0d     MOVLW     0xd            	movlw	"\r"			;move data into TXREG                                              C:\d\Projects\LCDS\oc19\18\P18pt.ASM
000654   6ead     MOVWF     0xad,0x0       	movwf	TXREG			;carriage return                                                  C:\d\Projects\LCDS\oc19\18\P18pt.ASM
000656   a2ac     BTFSS     0xac,0x1,0x0   	btfss	TXSTA,TRMT		;wait for data TX                                             C:\d\Projects\LCDS\oc19\18\P18pt.ASM
000658   d7fe     BRA       0x656          	bra	$-2                                                                         C:\d\Projects\LCDS\oc19\18\P18pt.ASM
                                                                                                                            C:\d\Projects\LCDS\oc19\18\P18pt.ASM
00065a   a081     BTFSS     0x81,0x0,0x0   	btfss	select			;exit volt measurement ??                                        C:\d\Projects\LCDS\oc19\18\P18pt.ASM
00065c   d755     BRA       0x508          	bra	menu_buz			;YES                                                             C:\d\Projects\LCDS\oc19\18\P18pt.ASM
00065e   d793     BRA       0x586          	bra	volts_again		;NO, do conversion again                                       C:\d\Projects\LCDS\oc19\18\P18pt.ASM
                                                                                                                            C:\d\Projects\LCDS\oc19\18\P18pt.ASM
                                           ;--------------------- BUZZER --------------------------------------             C:\d\Projects\LCDS\oc19\18\P18pt.ASM
                                           buzzer                                                                           C:\d\Projects\LCDS\oc19\18\P18pt.ASM
000660   a081     BTFSS     0x81,0x0,0x0   	btfss	select			;wait for RB0 release                                            C:\d\Projects\LCDS\oc19\18\P18pt.ASM
000662   d7fe     BRA       0x660          	bra	$-2                                                                         C:\d\Projects\LCDS\oc19\18\P18pt.ASM
                                                                                                                            C:\d\Projects\LCDS\oc19\18\P18pt.ASM
000664   0e80     MOVLW     0x80           	movlw	0x80			;start at these PWM values                                         C:\d\Projects\LCDS\oc19\18\P18pt.ASM
000666   6ecb     MOVWF     0xcb,0x0       	movwf	PR2			;initialize PWM period                                              C:\d\Projects\LCDS\oc19\18\P18pt.ASM
000668   0e80     MOVLW     0x80           	movlw	0x80			                                                                   C:\d\Projects\LCDS\oc19\18\P18pt.ASM
00066a   6ebe     MOVWF     0xbe,0x0       	movwf	CCPR1L			;initialize PWM duty cycle                                       C:\d\Projects\LCDS\oc19\18\P18pt.ASM
                                           	                                                                                C:\d\Projects\LCDS\oc19\18\P18pt.ASM
00066c   ec16     CALL      0x2c,0x0       	call	LCDLine_1                                                                  C:\d\Projects\LCDS\oc19\18\P18pt.ASM
00066e   f000                                                                                                               
000670   0eb0     MOVLW     0xb0           	movlw	.176			;send "Prd.=128 DC=128" to LCD                                     C:\d\Projects\LCDS\oc19\18\P18pt.ASM
000672   6f80     MOVWF     0x80,0x1       	movwf	ptr_pos                                                                   C:\d\Projects\LCDS\oc19\18\P18pt.ASM
000674   ec7e     CALL      0x8fc,0x0      	call	stan_char_1                                                                C:\d\Projects\LCDS\oc19\18\P18pt.ASM
000676   f004                                                                                                               
000678   ec1a     CALL      0x34,0x0       	call	LCDLine_2                                                                  C:\d\Projects\LCDS\oc19\18\P18pt.ASM
00067a   f000                                                                                                               
00067c   0e80     MOVLW     0x80           	movlw	.128			;send "RA4= -> RB0 = ++" to LCD                                    C:\d\Projects\LCDS\oc19\18\P18pt.ASM
00067e   6f80     MOVWF     0x80,0x1       	movwf	ptr_pos                                                                   C:\d\Projects\LCDS\oc19\18\P18pt.ASM
000680   ec9f     CALL      0x93e,0x0      	call	stan_char_2                                                                C:\d\Projects\LCDS\oc19\18\P18pt.ASM
000682   f004                                                                                                               
                                           		                                                                               C:\d\Projects\LCDS\oc19\18\P18pt.ASM
000684   0e0f     MOVLW     0xf            	movlw	0x0F			;turn buzzer on	                                                   C:\d\Projects\LCDS\oc19\18\P18pt.ASM
000686   6ebd     MOVWF     0xbd,0x0       	movwf	CCP1CON	                                                                  C:\d\Projects\LCDS\oc19\18\P18pt.ASM
                                           		                                                                               C:\d\Projects\LCDS\oc19\18\P18pt.ASM
                                           pr2_again			                                                                     C:\d\Projects\LCDS\oc19\18\P18pt.ASM
000688   b081     BTFSC     0x81,0x0,0x0   	btfsc	select			;increment PR2 ???                                               C:\d\Projects\LCDS\oc19\18\P18pt.ASM
00068a   d005     BRA       0x696          	bra	pr2_out			;NO                                                               C:\d\Projects\LCDS\oc19\18\P18pt.ASM
00068c   ecc0     CALL      0x980,0x0      	call	delay_100ms		;YES                                                          C:\d\Projects\LCDS\oc19\18\P18pt.ASM
00068e   f004                                                                                                               
000690   ecc0     CALL      0x980,0x0      	call	delay_100ms		                                                              C:\d\Projects\LCDS\oc19\18\P18pt.ASM
000692   f004                                                                                                               
000694   2acb     INCF      0xcb,0x1,0x0   	incf	PR2,F			;increment PR2                                                     C:\d\Projects\LCDS\oc19\18\P18pt.ASM
                                           pr2_out                                                                          C:\d\Projects\LCDS\oc19\18\P18pt.ASM
000696   0e85     MOVLW     0x85           	movlw	0x85			;move cursor into position                                         C:\d\Projects\LCDS\oc19\18\P18pt.ASM
000698   6f9f     MOVWF     0x9f,0x1       	movwf	temp_wr                                                                   C:\d\Projects\LCDS\oc19\18\P18pt.ASM
00069a   ec27     CALL      0x4e,0x0       	call	i_write                                                                    C:\d\Projects\LCDS\oc19\18\P18pt.ASM
00069c   f000                                                                                                               
                                                                                                                            C:\d\Projects\LCDS\oc19\18\P18pt.ASM
                                           pol1                                                                             C:\d\Projects\LCDS\oc19\18\P18pt.ASM
00069e   a880     BTFSS     0x80,0x4,0x0   	btfss	scroll			;goto increment CCPR1L                                           C:\d\Projects\LCDS\oc19\18\P18pt.ASM
0006a0   d012     BRA       0x6c6          	bra	inc_dc                                                                      C:\d\Projects\LCDS\oc19\18\P18pt.ASM
0006a2   b081     BTFSC     0x81,0x0,0x0   	btfsc	select			;wait for RB0 press                                              C:\d\Projects\LCDS\oc19\18\P18pt.ASM
0006a4   d7fc     BRA       0x69e          	bra	pol1                                                                        C:\d\Projects\LCDS\oc19\18\P18pt.ASM
                                                                                                                            C:\d\Projects\LCDS\oc19\18\P18pt.ASM
0006a6   50cb     MOVF      0xcb,0x0,0x0   	movf	PR2,W			;send PR2 register to conversion                                   C:\d\Projects\LCDS\oc19\18\P18pt.ASM
0006a8   ec2e     CALL      0xa5c,0x0      	call	bin_bcd                                                                    C:\d\Projects\LCDS\oc19\18\P18pt.ASM
0006aa   f005                                                                                                               
                                                                                                                            C:\d\Projects\LCDS\oc19\18\P18pt.ASM
0006ac   5189     MOVF      0x89,0x0,0x1   	movf	MSD,W			;send high digit                                                   C:\d\Projects\LCDS\oc19\18\P18pt.ASM
0006ae   6f9f     MOVWF     0x9f,0x1       	movwf	temp_wr                                                                   C:\d\Projects\LCDS\oc19\18\P18pt.ASM
0006b0   ec1e     CALL      0x3c,0x0       	call	d_write                                                                    C:\d\Projects\LCDS\oc19\18\P18pt.ASM
0006b2   f000                                                                                                               
0006b4   5188     MOVF      0x88,0x0,0x1   	movf	MsD,W			;send middle digit                                                 C:\d\Projects\LCDS\oc19\18\P18pt.ASM
0006b6   6f9f     MOVWF     0x9f,0x1       	movwf	temp_wr                                                                   C:\d\Projects\LCDS\oc19\18\P18pt.ASM
0006b8   ec1e     CALL      0x3c,0x0       	call	d_write                                                                    C:\d\Projects\LCDS\oc19\18\P18pt.ASM
0006ba   f000                                                                                                               
0006bc   5187     MOVF      0x87,0x0,0x1   	movf	LSD,W			;send low digit                                                    C:\d\Projects\LCDS\oc19\18\P18pt.ASM
0006be   6f9f     MOVWF     0x9f,0x1       	movwf	temp_wr                                                                   C:\d\Projects\LCDS\oc19\18\P18pt.ASM
0006c0   ec1e     CALL      0x3c,0x0       	call	d_write                                                                    C:\d\Projects\LCDS\oc19\18\P18pt.ASM
0006c2   f000                                                                                                               
                                                                                                                            C:\d\Projects\LCDS\oc19\18\P18pt.ASM
0006c4   d7e1     BRA       0x688          	bra	pr2_again		                                                                 C:\d\Projects\LCDS\oc19\18\P18pt.ASM
                                                                                                                            C:\d\Projects\LCDS\oc19\18\P18pt.ASM
                                           ;------------------------                                                        C:\d\Projects\LCDS\oc19\18\P18pt.ASM
                                           		;adjust Duty Cycle                                                             C:\d\Projects\LCDS\oc19\18\P18pt.ASM
                                           inc_dc                                                                           C:\d\Projects\LCDS\oc19\18\P18pt.ASM
0006c6   a880     BTFSS     0x80,0x4,0x0   	btfss	scroll			;wait for button release                                         C:\d\Projects\LCDS\oc19\18\P18pt.ASM
0006c8   d7fe     BRA       0x6c6          	bra	$-2                                                                         C:\d\Projects\LCDS\oc19\18\P18pt.ASM
                                                                                                                            C:\d\Projects\LCDS\oc19\18\P18pt.ASM
                                           inc_ccpr1l	                                                                      C:\d\Projects\LCDS\oc19\18\P18pt.ASM
0006ca   b081     BTFSC     0x81,0x0,0x0   	btfsc	select			;increment CCPR1L ???                                            C:\d\Projects\LCDS\oc19\18\P18pt.ASM
0006cc   ef6d     GOTO      0x6da          	goto	ccpr1l_out		;NO                                                            C:\d\Projects\LCDS\oc19\18\P18pt.ASM
0006ce   f003                                                                                                               
0006d0   ecc0     CALL      0x980,0x0      	call	delay_100ms		;YES                                                          C:\d\Projects\LCDS\oc19\18\P18pt.ASM
0006d2   f004                                                                                                               
0006d4   ecc0     CALL      0x980,0x0      	call	delay_100ms                                                                C:\d\Projects\LCDS\oc19\18\P18pt.ASM
0006d6   f004                                                                                                               
0006d8   2abe     INCF      0xbe,0x1,0x0   	incf	CCPR1L,F		;increment CCPR1L                                                C:\d\Projects\LCDS\oc19\18\P18pt.ASM
                                           ccpr1l_out                                                                       C:\d\Projects\LCDS\oc19\18\P18pt.ASM
0006da   0e8c     MOVLW     0x8c           	movlw	0x8C			;move cursor into position                                         C:\d\Projects\LCDS\oc19\18\P18pt.ASM
0006dc   6f9f     MOVWF     0x9f,0x1       	movwf	temp_wr                                                                   C:\d\Projects\LCDS\oc19\18\P18pt.ASM
0006de   ec27     CALL      0x4e,0x0       	call	i_write                                                                    C:\d\Projects\LCDS\oc19\18\P18pt.ASM
0006e0   f000                                                                                                               
                                                                                                                            C:\d\Projects\LCDS\oc19\18\P18pt.ASM
                                           col1                                                                             C:\d\Projects\LCDS\oc19\18\P18pt.ASM
0006e2   a880     BTFSS     0x80,0x4,0x0   	btfss	scroll			;exit?                                                           C:\d\Projects\LCDS\oc19\18\P18pt.ASM
0006e4   d012     BRA       0x70a          	bra	pwm_out                                                                     C:\d\Projects\LCDS\oc19\18\P18pt.ASM
0006e6   b081     BTFSC     0x81,0x0,0x0   	btfsc	select			;wait for RB0 press                                              C:\d\Projects\LCDS\oc19\18\P18pt.ASM
0006e8   d7fc     BRA       0x6e2          	bra	col1                                                                        C:\d\Projects\LCDS\oc19\18\P18pt.ASM
                                           	                                                                                C:\d\Projects\LCDS\oc19\18\P18pt.ASM
0006ea   50be     MOVF      0xbe,0x0,0x0   	movf	CCPR1L,W		;send PR2 register to conversion                                 C:\d\Projects\LCDS\oc19\18\P18pt.ASM
0006ec   ec2e     CALL      0xa5c,0x0      	call	bin_bcd                                                                    C:\d\Projects\LCDS\oc19\18\P18pt.ASM
0006ee   f005                                                                                                               
                                           	                                                                                C:\d\Projects\LCDS\oc19\18\P18pt.ASM
0006f0   5189     MOVF      0x89,0x0,0x1   	movf	MSD,W			;send high digit                                                   C:\d\Projects\LCDS\oc19\18\P18pt.ASM
0006f2   6f9f     MOVWF     0x9f,0x1       	movwf	temp_wr                                                                   C:\d\Projects\LCDS\oc19\18\P18pt.ASM
0006f4   ec1e     CALL      0x3c,0x0       	call	d_write                                                                    C:\d\Projects\LCDS\oc19\18\P18pt.ASM
0006f6   f000                                                                                                               
0006f8   5188     MOVF      0x88,0x0,0x1   	movf	MsD,W			;send middle digit                                                 C:\d\Projects\LCDS\oc19\18\P18pt.ASM
0006fa   6f9f     MOVWF     0x9f,0x1       	movwf	temp_wr                                                                   C:\d\Projects\LCDS\oc19\18\P18pt.ASM
0006fc   ec1e     CALL      0x3c,0x0       	call	d_write                                                                    C:\d\Projects\LCDS\oc19\18\P18pt.ASM
0006fe   f000                                                                                                               
000700   5187     MOVF      0x87,0x0,0x1   	movf	LSD,W			;send low digit                                                    C:\d\Projects\LCDS\oc19\18\P18pt.ASM
000702   6f9f     MOVWF     0x9f,0x1       	movwf	temp_wr                                                                   C:\d\Projects\LCDS\oc19\18\P18pt.ASM
000704   ec1e     CALL      0x3c,0x0       	call	d_write			                                                                 C:\d\Projects\LCDS\oc19\18\P18pt.ASM
000706   f000                                                                                                               
000708   d7e0     BRA       0x6ca          	bra	inc_ccpr1l                                                                  C:\d\Projects\LCDS\oc19\18\P18pt.ASM
                                                                                                                            C:\d\Projects\LCDS\oc19\18\P18pt.ASM
                                           pwm_out                                                                          C:\d\Projects\LCDS\oc19\18\P18pt.ASM
00070a   0e00     MOVLW     0x0            	movlw	0                                                                         C:\d\Projects\LCDS\oc19\18\P18pt.ASM
00070c   6ebd     MOVWF     0xbd,0x0       	movwf	CCP1CON			;turn buzzer off                                                C:\d\Projects\LCDS\oc19\18\P18pt.ASM
00070e   d70e     BRA       0x52c          	bra	menu_temp                                                                   C:\d\Projects\LCDS\oc19\18\P18pt.ASM
                                                                                                                            C:\d\Projects\LCDS\oc19\18\P18pt.ASM
                                           ;---------------------- Temperature --------------------------------             C:\d\Projects\LCDS\oc19\18\P18pt.ASM
                                           temp                                                                             C:\d\Projects\LCDS\oc19\18\P18pt.ASM
                                           ;	This code if for the TC74A5-5.0VAT temperature sensor                          C:\d\Projects\LCDS\oc19\18\P18pt.ASM
                                           ;		1st. Check if temperature is ready to be read in config reg.                  C:\d\Projects\LCDS\oc19\18\P18pt.ASM
                                           ;		2nd. If ready, retireve temperatute in hex.                                   C:\d\Projects\LCDS\oc19\18\P18pt.ASM
                                           ;		     If not ready, check config register again.                               C:\d\Projects\LCDS\oc19\18\P18pt.ASM
                                                                                                                            C:\d\Projects\LCDS\oc19\18\P18pt.ASM
000710   8694     BSF       0x94,0x3,0x0   	bsf	TRISC,3			;initialize MSSP module                                           C:\d\Projects\LCDS\oc19\18\P18pt.ASM
000712   8894     BSF       0x94,0x4,0x0   	bsf	TRISC,4                                                                     C:\d\Projects\LCDS\oc19\18\P18pt.ASM
000714   0e28     MOVLW     0x28           	movlw	B'00101000'                                                               C:\d\Projects\LCDS\oc19\18\P18pt.ASM
000716   6ec6     MOVWF     0xc6,0x0       	movwf	SSPCON1                                                                   C:\d\Projects\LCDS\oc19\18\P18pt.ASM
000718   8ec7     BSF       0xc7,0x7,0x0   	bsf	SSPSTAT,SMP                                                                 C:\d\Projects\LCDS\oc19\18\P18pt.ASM
00071a   0e05     MOVLW     0x5            	movlw	.5                                                                        C:\d\Projects\LCDS\oc19\18\P18pt.ASM
00071c   6ec8     MOVWF     0xc8,0x0       	movwf	SSPADD                                                                    C:\d\Projects\LCDS\oc19\18\P18pt.ASM
                                                                                                                            C:\d\Projects\LCDS\oc19\18\P18pt.ASM
00071e   909e     BCF       0x9e,0x0,0x0   	bcf	PIR1,TMR1IF                                                                 C:\d\Projects\LCDS\oc19\18\P18pt.ASM
000720   6acf     CLRF      0xcf,0x0       	clrf	TMR1H			;load Timer1 for 2 sec overflow                                    C:\d\Projects\LCDS\oc19\18\P18pt.ASM
000722   6ace     CLRF      0xce,0x0       	clrf	TMR1L                                                                      C:\d\Projects\LCDS\oc19\18\P18pt.ASM
                                                                                                                            C:\d\Projects\LCDS\oc19\18\P18pt.ASM
                                           get_temp                                                                         C:\d\Projects\LCDS\oc19\18\P18pt.ASM
000724   0e01     MOVLW     0x1            	movlw	0x01			;config register command byte                                      C:\d\Projects\LCDS\oc19\18\P18pt.ASM
000726   6f85     MOVWF     0x85,0x1       	movwf	cmd_byte                                                                  C:\d\Projects\LCDS\oc19\18\P18pt.ASM
                                           temp_now                                                                         C:\d\Projects\LCDS\oc19\18\P18pt.ASM
000728   8cc7     BSF       0xc7,0x6,0x0   	bsf	SSPSTAT,6		;SMBUS spec for TC74                                             C:\d\Projects\LCDS\oc19\18\P18pt.ASM
                                                                                                                            C:\d\Projects\LCDS\oc19\18\P18pt.ASM
00072a   80c5     BSF       0xc5,0x0,0x0   	bsf	SSPCON2,SEN		;write to TC74                                                 C:\d\Projects\LCDS\oc19\18\P18pt.ASM
00072c   b0c5     BTFSC     0xc5,0x0,0x0   	btfsc	SSPCON2,SEN                                                               C:\d\Projects\LCDS\oc19\18\P18pt.ASM
00072e   d7fe     BRA       0x72c          	bra	$-2	                                                                        C:\d\Projects\LCDS\oc19\18\P18pt.ASM
000730   0e9a     MOVLW     0x9a           	movlw	B'10011010'		;send TC74 ADDRESS (write)                                   C:\d\Projects\LCDS\oc19\18\P18pt.ASM
000732   6ec9     MOVWF     0xc9,0x0       	movwf	SSPBUF                                                                    C:\d\Projects\LCDS\oc19\18\P18pt.ASM
000734   0e00     MOVLW     0x0            	ssprw                                                                           C:\d\Projects\LCDS\oc19\18\P18pt.ASM
000736   14c5     ANDWF     0xc5,0x0,0x0                                                                                    
000738   0800     SUBLW     0x0                                                                                             
00073a   a4d8     BTFSS     0xd8,0x2,0x0                                                                                    
00073c   d7fb     BRA       0x734                                                                                           
00073e   b4c7     BTFSC     0xc7,0x2,0x0                                                                                    
000740   d7fe     BRA       0x73e                                                                                           
000742   bcc5     BTFSC     0xc5,0x6,0x0   	btfsc	SSPCON2,ACKSTAT		;ack?                                                    C:\d\Projects\LCDS\oc19\18\P18pt.ASM
000744   d7fe     BRA       0x742          	bra	$-2                                                                         C:\d\Projects\LCDS\oc19\18\P18pt.ASM
                                                                                                                            C:\d\Projects\LCDS\oc19\18\P18pt.ASM
000746   5185     MOVF      0x85,0x0,0x1   	movf	cmd_byte,W		;send COMMAND byte (config)                                    C:\d\Projects\LCDS\oc19\18\P18pt.ASM
000748   6ec9     MOVWF     0xc9,0x0       	movwf	SSPBUF                                                                    C:\d\Projects\LCDS\oc19\18\P18pt.ASM
00074a   0e00     MOVLW     0x0            	ssprw                                                                           C:\d\Projects\LCDS\oc19\18\P18pt.ASM
00074c   14c5     ANDWF     0xc5,0x0,0x0                                                                                    
00074e   0800     SUBLW     0x0                                                                                             
000750   a4d8     BTFSS     0xd8,0x2,0x0                                                                                    
000752   d7fb     BRA       0x74a                                                                                           
000754   b4c7     BTFSC     0xc7,0x2,0x0                                                                                    
000756   d7fe     BRA       0x754                                                                                           
000758   bcc5     BTFSC     0xc5,0x6,0x0   	btfsc	SSPCON2,ACKSTAT		;ack?                                                    C:\d\Projects\LCDS\oc19\18\P18pt.ASM
00075a   d7fe     BRA       0x758          	bra	$-2                                                                         C:\d\Projects\LCDS\oc19\18\P18pt.ASM
                                                                                                                            C:\d\Projects\LCDS\oc19\18\P18pt.ASM
00075c   82c5     BSF       0xc5,0x1,0x0   	bsf	SSPCON2,RSEN		;send repeated start                                          C:\d\Projects\LCDS\oc19\18\P18pt.ASM
00075e   b2c5     BTFSC     0xc5,0x1,0x0   	btfsc	SSPCON2,RSEN                                                              C:\d\Projects\LCDS\oc19\18\P18pt.ASM
000760   d7fe     BRA       0x75e          	bra	$-2                                                                         C:\d\Projects\LCDS\oc19\18\P18pt.ASM
000762   0e9b     MOVLW     0x9b           	movlw	B'10011011'		;send TC74 ADDRESS (read)                                    C:\d\Projects\LCDS\oc19\18\P18pt.ASM
000764   6ec9     MOVWF     0xc9,0x0       	movwf	SSPBUF                                                                    C:\d\Projects\LCDS\oc19\18\P18pt.ASM
000766   0e00     MOVLW     0x0            	ssprw				;module idle?                                                          C:\d\Projects\LCDS\oc19\18\P18pt.ASM
000768   14c5     ANDWF     0xc5,0x0,0x0                                                                                    
00076a   0800     SUBLW     0x0                                                                                             
00076c   a4d8     BTFSS     0xd8,0x2,0x0                                                                                    
00076e   d7fb     BRA       0x766                                                                                           
000770   b4c7     BTFSC     0xc7,0x2,0x0                                                                                    
000772   d7fe     BRA       0x770                                                                                           
000774   bcc5     BTFSC     0xc5,0x6,0x0   	btfsc	SSPCON2,ACKSTAT		;ack?                                                    C:\d\Projects\LCDS\oc19\18\P18pt.ASM
000776   d7fe     BRA       0x774          	bra	$-2                                                                         C:\d\Projects\LCDS\oc19\18\P18pt.ASM
                                                                                                                            C:\d\Projects\LCDS\oc19\18\P18pt.ASM
000778   86c5     BSF       0xc5,0x3,0x0   	bsf	SSPCON2,RCEN		;enable receive mode                                          C:\d\Projects\LCDS\oc19\18\P18pt.ASM
00077a   b6c5     BTFSC     0xc5,0x3,0x0   	btfsc	SSPCON2,RCEN                                                              C:\d\Projects\LCDS\oc19\18\P18pt.ASM
00077c   d7fe     BRA       0x77a          	bra	$-2                                                                         C:\d\Projects\LCDS\oc19\18\P18pt.ASM
                                                                                                                            C:\d\Projects\LCDS\oc19\18\P18pt.ASM
00077e   50c9     MOVF      0xc9,0x0,0x0   	movf	SSPBUF,W		;retrieve config reg or temp reg                                 C:\d\Projects\LCDS\oc19\18\P18pt.ASM
                                           	                                                                                C:\d\Projects\LCDS\oc19\18\P18pt.ASM
000780   8ac5     BSF       0xc5,0x5,0x0   	bsf	SSPCON2,ACKDT		;send NOT-ACK                                                C:\d\Projects\LCDS\oc19\18\P18pt.ASM
000782   88c5     BSF       0xc5,0x4,0x0   	bsf	SSPCON2,ACKEN                                                               C:\d\Projects\LCDS\oc19\18\P18pt.ASM
000784   b8c5     BTFSC     0xc5,0x4,0x0   	btfsc	SSPCON2,ACKEN                                                             C:\d\Projects\LCDS\oc19\18\P18pt.ASM
000786   d7fe     BRA       0x784          	bra	$-2                                                                         C:\d\Projects\LCDS\oc19\18\P18pt.ASM
                                           			                                                                              C:\d\Projects\LCDS\oc19\18\P18pt.ASM
000788   84c5     BSF       0xc5,0x2,0x0   	bsf	SSPCON2,PEN		;stop                                                          C:\d\Projects\LCDS\oc19\18\P18pt.ASM
00078a   b4c5     BTFSC     0xc5,0x2,0x0   	btfsc	SSPCON2,PEN                                                               C:\d\Projects\LCDS\oc19\18\P18pt.ASM
00078c   d7fe     BRA       0x78a          	bra	$-2                                                                         C:\d\Projects\LCDS\oc19\18\P18pt.ASM
                                           	                                                                                C:\d\Projects\LCDS\oc19\18\P18pt.ASM
00078e   a185     BTFSS     0x85,0x0,0x1   	btfss	cmd_byte,0		;config command OR temp command                               C:\d\Projects\LCDS\oc19\18\P18pt.ASM
000790   d007     BRA       0x7a0          	bra	convert_temp		;get temperature ready for display                            C:\d\Projects\LCDS\oc19\18\P18pt.ASM
                                                                                                                            C:\d\Projects\LCDS\oc19\18\P18pt.ASM
000792   0b40     ANDLW     0x40           	andlw	0x40			;is temp ready ??                                                  C:\d\Projects\LCDS\oc19\18\P18pt.ASM
000794   0840     SUBLW     0x40           	sublw	0x40                                                                      C:\d\Projects\LCDS\oc19\18\P18pt.ASM
000796   a4d8     BTFSS     0xd8,0x2,0x0   	btfss	STATUS,Z                                                                  C:\d\Projects\LCDS\oc19\18\P18pt.ASM
000798   d7c5     BRA       0x724          	bra	get_temp                                                                    C:\d\Projects\LCDS\oc19\18\P18pt.ASM
00079a   0e00     MOVLW     0x0            	movlw	0x00			;temp is ready for reading                                         C:\d\Projects\LCDS\oc19\18\P18pt.ASM
00079c   6f85     MOVWF     0x85,0x1       	movwf	cmd_byte		;send temp register command                                     C:\d\Projects\LCDS\oc19\18\P18pt.ASM
00079e   d7c4     BRA       0x728          	bra	temp_now                                                                    C:\d\Projects\LCDS\oc19\18\P18pt.ASM
                                                                                                                            C:\d\Projects\LCDS\oc19\18\P18pt.ASM
                                           convert_temp                                                                     C:\d\Projects\LCDS\oc19\18\P18pt.ASM
0007a0   6f86     MOVWF     0x86,0x1       	movwf	temperature                                                               C:\d\Projects\LCDS\oc19\18\P18pt.ASM
0007a2   ec2e     CALL      0xa5c,0x0      	call	bin_bcd			;get temp ready for LCD                                          C:\d\Projects\LCDS\oc19\18\P18pt.ASM
0007a4   f005                                                                                                               
0007a6   ec16     CALL      0x2c,0x0       	call	LCDLine_1                                                                  C:\d\Projects\LCDS\oc19\18\P18pt.ASM
0007a8   f000                                                                                                               
                                           	                                                                                C:\d\Projects\LCDS\oc19\18\P18pt.ASM
0007aa   0e54     MOVLW     0x54           	movlw	A'T'			;send "Temp=" to LCD                                               C:\d\Projects\LCDS\oc19\18\P18pt.ASM
0007ac   6f9f     MOVWF     0x9f,0x1       	movwf	temp_wr	                                                                  C:\d\Projects\LCDS\oc19\18\P18pt.ASM
0007ae   ec1e     CALL      0x3c,0x0       	call	d_write                                                                    C:\d\Projects\LCDS\oc19\18\P18pt.ASM
0007b0   f000                                                                                                               
0007b2   0e65     MOVLW     0x65           	movlw	A'e'                                                                      C:\d\Projects\LCDS\oc19\18\P18pt.ASM
0007b4   6f9f     MOVWF     0x9f,0x1       	movwf	temp_wr	                                                                  C:\d\Projects\LCDS\oc19\18\P18pt.ASM
0007b6   ec1e     CALL      0x3c,0x0       	call	d_write                                                                    C:\d\Projects\LCDS\oc19\18\P18pt.ASM
0007b8   f000                                                                                                               
0007ba   0e6d     MOVLW     0x6d           	movlw	A'm'                                                                      C:\d\Projects\LCDS\oc19\18\P18pt.ASM
0007bc   6f9f     MOVWF     0x9f,0x1       	movwf	temp_wr	                                                                  C:\d\Projects\LCDS\oc19\18\P18pt.ASM
0007be   ec1e     CALL      0x3c,0x0       	call	d_write                                                                    C:\d\Projects\LCDS\oc19\18\P18pt.ASM
0007c0   f000                                                                                                               
0007c2   0e70     MOVLW     0x70           	movlw	A'p'                                                                      C:\d\Projects\LCDS\oc19\18\P18pt.ASM
0007c4   6f9f     MOVWF     0x9f,0x1       	movwf	temp_wr	                                                                  C:\d\Projects\LCDS\oc19\18\P18pt.ASM
0007c6   ec1e     CALL      0x3c,0x0       	call	d_write                                                                    C:\d\Projects\LCDS\oc19\18\P18pt.ASM
0007c8   f000                                                                                                               
0007ca   0e20     MOVLW     0x20           	movlw	0x20			;space                                                             C:\d\Projects\LCDS\oc19\18\P18pt.ASM
0007cc   6f9f     MOVWF     0x9f,0x1       	movwf	temp_wr	                                                                  C:\d\Projects\LCDS\oc19\18\P18pt.ASM
0007ce   ec1e     CALL      0x3c,0x0       	call	d_write                                                                    C:\d\Projects\LCDS\oc19\18\P18pt.ASM
0007d0   f000                                                                                                               
0007d2   0e3d     MOVLW     0x3d           	movlw	A'='                                                                      C:\d\Projects\LCDS\oc19\18\P18pt.ASM
0007d4   6f9f     MOVWF     0x9f,0x1       	movwf	temp_wr	                                                                  C:\d\Projects\LCDS\oc19\18\P18pt.ASM
0007d6   ec1e     CALL      0x3c,0x0       	call	d_write                                                                    C:\d\Projects\LCDS\oc19\18\P18pt.ASM
0007d8   f000                                                                                                               
                                                                                                                            C:\d\Projects\LCDS\oc19\18\P18pt.ASM
0007da   0e20     MOVLW     0x20           	movlw	0x20			;space                                                             C:\d\Projects\LCDS\oc19\18\P18pt.ASM
0007dc   6f9f     MOVWF     0x9f,0x1       	movwf	temp_wr	                                                                  C:\d\Projects\LCDS\oc19\18\P18pt.ASM
0007de   ec1e     CALL      0x3c,0x0       	call	d_write                                                                    C:\d\Projects\LCDS\oc19\18\P18pt.ASM
0007e0   f000                                                                                                               
                                                                                                                            C:\d\Projects\LCDS\oc19\18\P18pt.ASM
0007e2   5189     MOVF      0x89,0x0,0x1   	movf	MSD,W			;send high digit                                                   C:\d\Projects\LCDS\oc19\18\P18pt.ASM
0007e4   6f9f     MOVWF     0x9f,0x1       	movwf	temp_wr                                                                   C:\d\Projects\LCDS\oc19\18\P18pt.ASM
0007e6   ec1e     CALL      0x3c,0x0       	call	d_write                                                                    C:\d\Projects\LCDS\oc19\18\P18pt.ASM
0007e8   f000                                                                                                               
0007ea   5188     MOVF      0x88,0x0,0x1   	movf	MsD,W			;send middle digit                                                 C:\d\Projects\LCDS\oc19\18\P18pt.ASM
0007ec   6f9f     MOVWF     0x9f,0x1       	movwf	temp_wr                                                                   C:\d\Projects\LCDS\oc19\18\P18pt.ASM
0007ee   ec1e     CALL      0x3c,0x0       	call	d_write                                                                    C:\d\Projects\LCDS\oc19\18\P18pt.ASM
0007f0   f000                                                                                                               
0007f2   5187     MOVF      0x87,0x0,0x1   	movf	LSD,W			;send low digit                                                    C:\d\Projects\LCDS\oc19\18\P18pt.ASM
0007f4   6f9f     MOVWF     0x9f,0x1       	movwf	temp_wr                                                                   C:\d\Projects\LCDS\oc19\18\P18pt.ASM
0007f6   ec1e     CALL      0x3c,0x0       	call	d_write                                                                    C:\d\Projects\LCDS\oc19\18\P18pt.ASM
0007f8   f000                                                                                                               
0007fa   0e43     MOVLW     0x43           	movlw	A'C'			;send "C" for celcius                                              C:\d\Projects\LCDS\oc19\18\P18pt.ASM
0007fc   6f9f     MOVWF     0x9f,0x1       	movwf	temp_wr	                                                                  C:\d\Projects\LCDS\oc19\18\P18pt.ASM
0007fe   ec1e     CALL      0x3c,0x0       	call	d_write                                                                    C:\d\Projects\LCDS\oc19\18\P18pt.ASM
000800   f000                                                                                                               
                                                                                                                            C:\d\Projects\LCDS\oc19\18\P18pt.ASM
000802   0e20     MOVLW     0x20           	movlw	0x20			;space                                                             C:\d\Projects\LCDS\oc19\18\P18pt.ASM
000804   6f9f     MOVWF     0x9f,0x1       	movwf	temp_wr	                                                                  C:\d\Projects\LCDS\oc19\18\P18pt.ASM
000806   ec1e     CALL      0x3c,0x0       	call	d_write                                                                    C:\d\Projects\LCDS\oc19\18\P18pt.ASM
000808   f000                                                                                                               
00080a   0e20     MOVLW     0x20           	movlw	0x20			;space                                                             C:\d\Projects\LCDS\oc19\18\P18pt.ASM
00080c   6f9f     MOVWF     0x9f,0x1       	movwf	temp_wr	                                                                  C:\d\Projects\LCDS\oc19\18\P18pt.ASM
00080e   ec1e     CALL      0x3c,0x0       	call	d_write                                                                    C:\d\Projects\LCDS\oc19\18\P18pt.ASM
000810   f000                                                                                                               
000812   0e20     MOVLW     0x20           	movlw	0x20			;space                                                             C:\d\Projects\LCDS\oc19\18\P18pt.ASM
000814   6f9f     MOVWF     0x9f,0x1       	movwf	temp_wr	                                                                  C:\d\Projects\LCDS\oc19\18\P18pt.ASM
000816   ec1e     CALL      0x3c,0x0       	call	d_write                                                                    C:\d\Projects\LCDS\oc19\18\P18pt.ASM
000818   f000                                                                                                               
                                           	                                                                                C:\d\Projects\LCDS\oc19\18\P18pt.ASM
00081a   ec1a     CALL      0x34,0x0       	call	LCDLine_2		;send "RB0 = Exit" to LCD                                       C:\d\Projects\LCDS\oc19\18\P18pt.ASM
00081c   f000                                                                                                               
00081e   0e90     MOVLW     0x90           	movlw	.144                                                                      C:\d\Projects\LCDS\oc19\18\P18pt.ASM
000820   6f80     MOVWF     0x80,0x1       	movwf	ptr_pos                                                                   C:\d\Projects\LCDS\oc19\18\P18pt.ASM
000822   ec9f     CALL      0x93e,0x0      	call	stan_char_2                                                                C:\d\Projects\LCDS\oc19\18\P18pt.ASM
000824   f004                                                                                                               
                                           	                                                                                C:\d\Projects\LCDS\oc19\18\P18pt.ASM
000826   a081     BTFSS     0x81,0x0,0x0   	btfss	select			;wait for RB0 release                                            C:\d\Projects\LCDS\oc19\18\P18pt.ASM
000828   d7fe     BRA       0x826          	bra	$-2                                                                         C:\d\Projects\LCDS\oc19\18\P18pt.ASM
00082a   ecc0     CALL      0x980,0x0      	call	delay_100ms                                                                C:\d\Projects\LCDS\oc19\18\P18pt.ASM
00082c   f004                                                                                                               
00082e   a081     BTFSS     0x81,0x0,0x0   	btfss	select			;exit ?                                                          C:\d\Projects\LCDS\oc19\18\P18pt.ASM
000830   d68d     BRA       0x54c          	bra	menu_clock		;YES, goto main menu                                            C:\d\Projects\LCDS\oc19\18\P18pt.ASM
000832   b09e     BTFSC     0x9e,0x0,0x0   	btfsc	PIR1,TMR1IF		;2 second overflow occur ??                                  C:\d\Projects\LCDS\oc19\18\P18pt.ASM
000834   ec7b     CALL      0xaf6,0x0      	call	write_eeprom		;YES                                                         C:\d\Projects\LCDS\oc19\18\P18pt.ASM
000836   f005                                                                                                               
000838   d775     BRA       0x724          	bra	get_temp		;NO, get temperature again                                        C:\d\Projects\LCDS\oc19\18\P18pt.ASM
                                                                                                                            C:\d\Projects\LCDS\oc19\18\P18pt.ASM
                                           	                                                                                C:\d\Projects\LCDS\oc19\18\P18pt.ASM
                                           ;----------------- CLOCK ------------------------------------------              C:\d\Projects\LCDS\oc19\18\P18pt.ASM
                                                                                                                            C:\d\Projects\LCDS\oc19\18\P18pt.ASM
                                           clock                                                                            C:\d\Projects\LCDS\oc19\18\P18pt.ASM
00083a   a081     BTFSS     0x81,0x0,0x0   	btfss	select			;wait for RB0 button release                                     C:\d\Projects\LCDS\oc19\18\P18pt.ASM
00083c   d7fe     BRA       0x83a          	bra	$-2                                                                         C:\d\Projects\LCDS\oc19\18\P18pt.ASM
00083e   0e0f     MOVLW     0xf            	movlw	0x0F			;intitialize TIMER1                                                C:\d\Projects\LCDS\oc19\18\P18pt.ASM
000840   6ecd     MOVWF     0xcd,0x0       	movwf	T1CON                                                                     C:\d\Projects\LCDS\oc19\18\P18pt.ASM
000842   6b8a     CLRF      0x8a,0x1       	clrf	seconds                                                                    C:\d\Projects\LCDS\oc19\18\P18pt.ASM
000844   6b8b     CLRF      0x8b,0x1       	clrf	minutes                                                                    C:\d\Projects\LCDS\oc19\18\P18pt.ASM
000846   6b8c     CLRF      0x8c,0x1       	clrf	hours                                                                      C:\d\Projects\LCDS\oc19\18\P18pt.ASM
                                           overflow	                                                                        C:\d\Projects\LCDS\oc19\18\P18pt.ASM
000848   909e     BCF       0x9e,0x0,0x0   	bcf	PIR1,TMR1IF                                                                 C:\d\Projects\LCDS\oc19\18\P18pt.ASM
00084a   0e80     MOVLW     0x80           	movlw	0x80		                                                                    C:\d\Projects\LCDS\oc19\18\P18pt.ASM
00084c   6ecf     MOVWF     0xcf,0x0       	movwf	TMR1H			;load regs for 1 sec overflow                                     C:\d\Projects\LCDS\oc19\18\P18pt.ASM
00084e   6ace     CLRF      0xce,0x0       	clrf	TMR1L                                                                      C:\d\Projects\LCDS\oc19\18\P18pt.ASM
                                                                                                                            C:\d\Projects\LCDS\oc19\18\P18pt.ASM
000850   2b8a     INCF      0x8a,0x1,0x1   	incf	seconds,F		;increment seconds                                              C:\d\Projects\LCDS\oc19\18\P18pt.ASM
000852   518a     MOVF      0x8a,0x0,0x1   	movf	seconds,W                                                                  C:\d\Projects\LCDS\oc19\18\P18pt.ASM
000854   083c     SUBLW     0x3c           	sublw	.60                                                                       C:\d\Projects\LCDS\oc19\18\P18pt.ASM
000856   a4d8     BTFSS     0xd8,0x2,0x0   	btfss	STATUS,Z		;increment minutes ?                                            C:\d\Projects\LCDS\oc19\18\P18pt.ASM
000858   d00e     BRA       0x876          	bra	clk_done                                                                    C:\d\Projects\LCDS\oc19\18\P18pt.ASM
00085a   2b8b     INCF      0x8b,0x1,0x1   	incf	minutes,F		                                                                C:\d\Projects\LCDS\oc19\18\P18pt.ASM
00085c   6b8a     CLRF      0x8a,0x1       	clrf	seconds                                                                    C:\d\Projects\LCDS\oc19\18\P18pt.ASM
                                                                                                                            C:\d\Projects\LCDS\oc19\18\P18pt.ASM
00085e   518b     MOVF      0x8b,0x0,0x1   	movf	minutes,W                                                                  C:\d\Projects\LCDS\oc19\18\P18pt.ASM
000860   083c     SUBLW     0x3c           	sublw	.60                                                                       C:\d\Projects\LCDS\oc19\18\P18pt.ASM
000862   a4d8     BTFSS     0xd8,0x2,0x0   	btfss	STATUS,Z		;increment hours ?                                              C:\d\Projects\LCDS\oc19\18\P18pt.ASM
000864   d008     BRA       0x876          	bra	clk_done	                                                                   C:\d\Projects\LCDS\oc19\18\P18pt.ASM
000866   2b8c     INCF      0x8c,0x1,0x1   	incf	hours,F			                                                                 C:\d\Projects\LCDS\oc19\18\P18pt.ASM
000868   6b8b     CLRF      0x8b,0x1       	clrf	minutes                                                                    C:\d\Projects\LCDS\oc19\18\P18pt.ASM
                                                                                                                            C:\d\Projects\LCDS\oc19\18\P18pt.ASM
00086a   518c     MOVF      0x8c,0x0,0x1   	movf	hours,W                                                                    C:\d\Projects\LCDS\oc19\18\P18pt.ASM
00086c   080d     SUBLW     0xd            	sublw	.13                                                                       C:\d\Projects\LCDS\oc19\18\P18pt.ASM
00086e   a4d8     BTFSS     0xd8,0x2,0x0   	btfss	STATUS,Z                                                                  C:\d\Projects\LCDS\oc19\18\P18pt.ASM
000870   d002     BRA       0x876          	bra	clk_done                                                                    C:\d\Projects\LCDS\oc19\18\P18pt.ASM
000872   0e01     MOVLW     0x1            	movlw	.1			;start a new 12 hour period                                          C:\d\Projects\LCDS\oc19\18\P18pt.ASM
000874   6f8c     MOVWF     0x8c,0x1       	movwf	hours                                                                     C:\d\Projects\LCDS\oc19\18\P18pt.ASM
                                           clk_done                                                                         C:\d\Projects\LCDS\oc19\18\P18pt.ASM
000876   518c     MOVF      0x8c,0x0,0x1   	movf	hours,W			;send hours to LCD                                               C:\d\Projects\LCDS\oc19\18\P18pt.ASM
000878   ec2e     CALL      0xa5c,0x0      	call	bin_bcd                                                                    C:\d\Projects\LCDS\oc19\18\P18pt.ASM
00087a   f005                                                                                                               
                                                                                                                            C:\d\Projects\LCDS\oc19\18\P18pt.ASM
00087c   ec16     CALL      0x2c,0x0       	call	LCDLine_1		;place time on line 1                                           C:\d\Projects\LCDS\oc19\18\P18pt.ASM
00087e   f000                                                                                                               
                                                                                                                            C:\d\Projects\LCDS\oc19\18\P18pt.ASM
000880   5188     MOVF      0x88,0x0,0x1   	movf	MsD,W			;send middle digit                                                 C:\d\Projects\LCDS\oc19\18\P18pt.ASM
000882   6f9f     MOVWF     0x9f,0x1       	movwf	temp_wr                                                                   C:\d\Projects\LCDS\oc19\18\P18pt.ASM
000884   ec1e     CALL      0x3c,0x0       	call	d_write                                                                    C:\d\Projects\LCDS\oc19\18\P18pt.ASM
000886   f000                                                                                                               
000888   5187     MOVF      0x87,0x0,0x1   	movf	LSD,W			;send low digit                                                    C:\d\Projects\LCDS\oc19\18\P18pt.ASM
00088a   6f9f     MOVWF     0x9f,0x1       	movwf	temp_wr                                                                   C:\d\Projects\LCDS\oc19\18\P18pt.ASM
00088c   ec1e     CALL      0x3c,0x0       	call	d_write	                                                                   C:\d\Projects\LCDS\oc19\18\P18pt.ASM
00088e   f000                                                                                                               
000890   0e3a     MOVLW     0x3a           	movlw	0x3A			;send  :   colon                                                   C:\d\Projects\LCDS\oc19\18\P18pt.ASM
000892   6f9f     MOVWF     0x9f,0x1       	movwf	temp_wr                                                                   C:\d\Projects\LCDS\oc19\18\P18pt.ASM
000894   ec1e     CALL      0x3c,0x0       	call	d_write                                                                    C:\d\Projects\LCDS\oc19\18\P18pt.ASM
000896   f000                                                                                                               
                                                                                                                            C:\d\Projects\LCDS\oc19\18\P18pt.ASM
000898   518b     MOVF      0x8b,0x0,0x1   	movf	minutes,W		;send minutes to LCD                                            C:\d\Projects\LCDS\oc19\18\P18pt.ASM
00089a   ec2e     CALL      0xa5c,0x0      	call	bin_bcd                                                                    C:\d\Projects\LCDS\oc19\18\P18pt.ASM
00089c   f005                                                                                                               
                                                                                                                            C:\d\Projects\LCDS\oc19\18\P18pt.ASM
00089e   5188     MOVF      0x88,0x0,0x1   	movf	MsD,W			;send middle digit                                                 C:\d\Projects\LCDS\oc19\18\P18pt.ASM
0008a0   6f9f     MOVWF     0x9f,0x1       	movwf	temp_wr                                                                   C:\d\Projects\LCDS\oc19\18\P18pt.ASM
0008a2   ec1e     CALL      0x3c,0x0       	call	d_write                                                                    C:\d\Projects\LCDS\oc19\18\P18pt.ASM
0008a4   f000                                                                                                               
0008a6   5187     MOVF      0x87,0x0,0x1   	movf	LSD,W			;send low digit                                                    C:\d\Projects\LCDS\oc19\18\P18pt.ASM
0008a8   6f9f     MOVWF     0x9f,0x1       	movwf	temp_wr                                                                   C:\d\Projects\LCDS\oc19\18\P18pt.ASM
0008aa   ec1e     CALL      0x3c,0x0       	call	d_write	                                                                   C:\d\Projects\LCDS\oc19\18\P18pt.ASM
0008ac   f000                                                                                                               
0008ae   0e3a     MOVLW     0x3a           	movlw	0x3A			; send :   colon                                                   C:\d\Projects\LCDS\oc19\18\P18pt.ASM
0008b0   6f9f     MOVWF     0x9f,0x1       	movwf	temp_wr                                                                   C:\d\Projects\LCDS\oc19\18\P18pt.ASM
0008b2   ec1e     CALL      0x3c,0x0       	call	d_write                                                                    C:\d\Projects\LCDS\oc19\18\P18pt.ASM
0008b4   f000                                                                                                               
                                                                                                                            C:\d\Projects\LCDS\oc19\18\P18pt.ASM
0008b6   518a     MOVF      0x8a,0x0,0x1   	movf	seconds,W		;send seconds to LCD                                            C:\d\Projects\LCDS\oc19\18\P18pt.ASM
0008b8   ec2e     CALL      0xa5c,0x0      	call	bin_bcd                                                                    C:\d\Projects\LCDS\oc19\18\P18pt.ASM
0008ba   f005                                                                                                               
                                                                                                                            C:\d\Projects\LCDS\oc19\18\P18pt.ASM
0008bc   5188     MOVF      0x88,0x0,0x1   	movf	MsD,W			;send middle digit                                                 C:\d\Projects\LCDS\oc19\18\P18pt.ASM
0008be   6f9f     MOVWF     0x9f,0x1       	movwf	temp_wr                                                                   C:\d\Projects\LCDS\oc19\18\P18pt.ASM
0008c0   ec1e     CALL      0x3c,0x0       	call	d_write                                                                    C:\d\Projects\LCDS\oc19\18\P18pt.ASM
0008c2   f000                                                                                                               
0008c4   5187     MOVF      0x87,0x0,0x1   	movf	LSD,W			;send low digit                                                    C:\d\Projects\LCDS\oc19\18\P18pt.ASM
0008c6   6f9f     MOVWF     0x9f,0x1       	movwf	temp_wr                                                                   C:\d\Projects\LCDS\oc19\18\P18pt.ASM
0008c8   ec1e     CALL      0x3c,0x0       	call	d_write                                                                    C:\d\Projects\LCDS\oc19\18\P18pt.ASM
0008ca   f000                                                                                                               
                                                                                                                            C:\d\Projects\LCDS\oc19\18\P18pt.ASM
0008cc   0e20     MOVLW     0x20           	movlw	0x20			;send 3 spaces after 00:00:00                                      C:\d\Projects\LCDS\oc19\18\P18pt.ASM
0008ce   6f9f     MOVWF     0x9f,0x1       	movwf	temp_wr                                                                   C:\d\Projects\LCDS\oc19\18\P18pt.ASM
0008d0   ec1e     CALL      0x3c,0x0       	call	d_write                                                                    C:\d\Projects\LCDS\oc19\18\P18pt.ASM
0008d2   f000                                                                                                               
0008d4   0e20     MOVLW     0x20           	movlw	0x20                                                                      C:\d\Projects\LCDS\oc19\18\P18pt.ASM
0008d6   6f9f     MOVWF     0x9f,0x1       	movwf	temp_wr                                                                   C:\d\Projects\LCDS\oc19\18\P18pt.ASM
0008d8   ec1e     CALL      0x3c,0x0       	call	d_write                                                                    C:\d\Projects\LCDS\oc19\18\P18pt.ASM
0008da   f000                                                                                                               
0008dc   0e20     MOVLW     0x20           	movlw	0x20                                                                      C:\d\Projects\LCDS\oc19\18\P18pt.ASM
0008de   6f9f     MOVWF     0x9f,0x1       	movwf	temp_wr                                                                   C:\d\Projects\LCDS\oc19\18\P18pt.ASM
0008e0   ec1e     CALL      0x3c,0x0       	call	d_write                                                                    C:\d\Projects\LCDS\oc19\18\P18pt.ASM
0008e2   f000                                                                                                               
                                           	                                                                                C:\d\Projects\LCDS\oc19\18\P18pt.ASM
0008e4   0e70     MOVLW     0x70           	movlw	.112			;send "RA4=Dn RB0=Menu" to LCD                                     C:\d\Projects\LCDS\oc19\18\P18pt.ASM
0008e6   6f80     MOVWF     0x80,0x1       	movwf	ptr_pos                                                                   C:\d\Projects\LCDS\oc19\18\P18pt.ASM
0008e8   ec9f     CALL      0x93e,0x0      	call	stan_char_2                                                                C:\d\Projects\LCDS\oc19\18\P18pt.ASM
0008ea   f004                                                                                                               
                                                                                                                            C:\d\Projects\LCDS\oc19\18\P18pt.ASM
0008ec   a880     BTFSS     0x80,0x4,0x0   	btfss	scroll			;set time ??                                                     C:\d\Projects\LCDS\oc19\18\P18pt.ASM
0008ee   d05d     BRA       0x9aa          	bra	set_time                                                                    C:\d\Projects\LCDS\oc19\18\P18pt.ASM
                                                                                                                            C:\d\Projects\LCDS\oc19\18\P18pt.ASM
0008f0   a081     BTFSS     0x81,0x0,0x0   	btfss	select			;return to main menu ??                                          C:\d\Projects\LCDS\oc19\18\P18pt.ASM
0008f2   d5f6     BRA       0x4e0          	bra	menu                                                                        C:\d\Projects\LCDS\oc19\18\P18pt.ASM
                                           	                                                                                C:\d\Projects\LCDS\oc19\18\P18pt.ASM
0008f4   a09e     BTFSS     0x9e,0x0,0x0   	btfss	PIR1,TMR1IF		;has timer1 overflowed ?	                                    C:\d\Projects\LCDS\oc19\18\P18pt.ASM
0008f6   d7fe     BRA       0x8f4          	bra	$-2			;NO, wait til overflow                                                C:\d\Projects\LCDS\oc19\18\P18pt.ASM
0008f8   d7a7     BRA       0x848          	bra	overflow		;YES                                                              C:\d\Projects\LCDS\oc19\18\P18pt.ASM
                                                                                                                            C:\d\Projects\LCDS\oc19\18\P18pt.ASM
0008fa   0012     RETURN    0x0            	return                                                                          C:\d\Projects\LCDS\oc19\18\P18pt.ASM
                                           ;*******************************************************************             C:\d\Projects\LCDS\oc19\18\P18pt.ASM
                                                                                                                            C:\d\Projects\LCDS\oc19\18\P18pt.ASM
                                                                                                                            C:\d\Projects\LCDS\oc19\18\P18pt.ASM
                                                                                                                            C:\d\Projects\LCDS\oc19\18\P18pt.ASM
                                                                                                                            C:\d\Projects\LCDS\oc19\18\P18pt.ASM
                                                                                                                            C:\d\Projects\LCDS\oc19\18\P18pt.ASM
                                                                                                                            C:\d\Projects\LCDS\oc19\18\P18pt.ASM
                                                                                                                            C:\d\Projects\LCDS\oc19\18\P18pt.ASM
                                                                                                                            C:\d\Projects\LCDS\oc19\18\P18pt.ASM
                                                                                                                            C:\d\Projects\LCDS\oc19\18\P18pt.ASM
                                           ;************************** ROUTINES ******************************              C:\d\Projects\LCDS\oc19\18\P18pt.ASM
                                           ;******************************************************************              C:\d\Projects\LCDS\oc19\18\P18pt.ASM
                                           ;******************************************************************              C:\d\Projects\LCDS\oc19\18\P18pt.ASM
                                                                                                                            C:\d\Projects\LCDS\oc19\18\P18pt.ASM
                                           ;----Standard code, Place characters on line-1--------------------------         C:\d\Projects\LCDS\oc19\18\P18pt.ASM
                                           stan_char_1                                                                      C:\d\Projects\LCDS\oc19\18\P18pt.ASM
0008fc   ec16     CALL      0x2c,0x0       	call	LCDLine_1		;mvoe cursor to line 1                                          C:\d\Projects\LCDS\oc19\18\P18pt.ASM
0008fe   f000                                                                                                               
000900   0e10     MOVLW     0x10           	movlw	.16			;1-full line of LCD                                                 C:\d\Projects\LCDS\oc19\18\P18pt.ASM
000902   6f81     MOVWF     0x81,0x1       	movwf	ptr_count                                                                 C:\d\Projects\LCDS\oc19\18\P18pt.ASM
000904   0e00     MOVLW     0x0            	movlw	UPPER stan_table                                                          C:\d\Projects\LCDS\oc19\18\P18pt.ASM
000906   6ef8     MOVWF     0xf8,0x0       	movwf	TBLPTRU                                                                   C:\d\Projects\LCDS\oc19\18\P18pt.ASM
000908   0e03     MOVLW     0x3            	movlw	HIGH stan_table                                                           C:\d\Projects\LCDS\oc19\18\P18pt.ASM
00090a   6ef7     MOVWF     0xf7,0x0       	movwf	TBLPTRH                                                                   C:\d\Projects\LCDS\oc19\18\P18pt.ASM
00090c   0ee2     MOVLW     0xe2           	movlw	LOW stan_table                                                            C:\d\Projects\LCDS\oc19\18\P18pt.ASM
00090e   6ef6     MOVWF     0xf6,0x0       	movwf	TBLPTRL                                                                   C:\d\Projects\LCDS\oc19\18\P18pt.ASM
000910   5180     MOVF      0x80,0x0,0x1   	movf	ptr_pos,W                                                                  C:\d\Projects\LCDS\oc19\18\P18pt.ASM
000912   26f6     ADDWF     0xf6,0x1,0x0   	addwf	TBLPTRL,F                                                                 C:\d\Projects\LCDS\oc19\18\P18pt.ASM
000914   6ae8     CLRF      0xe8,0x0       	clrf	WREG                                                                       C:\d\Projects\LCDS\oc19\18\P18pt.ASM
000916   22f7     ADDWFC    0xf7,0x1,0x0   	addwfc	TBLPTRH,F                                                                C:\d\Projects\LCDS\oc19\18\P18pt.ASM
000918   22f8     ADDWFC    0xf8,0x1,0x0   	addwfc	TBLPTRU,F                                                                C:\d\Projects\LCDS\oc19\18\P18pt.ASM
                                                                                                                            C:\d\Projects\LCDS\oc19\18\P18pt.ASM
                                           stan_next_char_1                                                                 C:\d\Projects\LCDS\oc19\18\P18pt.ASM
00091a   0009     TBLRDPOSTINC             	tblrd	*+                                                                        C:\d\Projects\LCDS\oc19\18\P18pt.ASM
00091c   cff5     MOVFF     0xff5,0x9f     	movff	TABLAT,temp_wr			                                                         C:\d\Projects\LCDS\oc19\18\P18pt.ASM
00091e   f09f                                                                                                               
000920   ec1e     CALL      0x3c,0x0       	call	d_write			;send character to LCD                                           C:\d\Projects\LCDS\oc19\18\P18pt.ASM
000922   f000                                                                                                               
                                                                                                                            C:\d\Projects\LCDS\oc19\18\P18pt.ASM
000924   2f81     DECFSZ    0x81,0x1,0x1   	decfsz	ptr_count,F		;move pointer to next char                                  C:\d\Projects\LCDS\oc19\18\P18pt.ASM
000926   d7f9     BRA       0x91a          	bra	stan_next_char_1                                                            C:\d\Projects\LCDS\oc19\18\P18pt.ASM
                                                                                                                            C:\d\Projects\LCDS\oc19\18\P18pt.ASM
000928   0e0a     MOVLW     0xa            	movlw	"\n"			;move data into TXREG                                              C:\d\Projects\LCDS\oc19\18\P18pt.ASM
00092a   6ead     MOVWF     0xad,0x0       	movwf	TXREG			;next line                                                        C:\d\Projects\LCDS\oc19\18\P18pt.ASM
00092c   a2ac     BTFSS     0xac,0x1,0x0   	btfss	TXSTA,TRMT		;wait for data TX                                             C:\d\Projects\LCDS\oc19\18\P18pt.ASM
00092e   ef96     GOTO      0x92c          	goto	$-2                                                                        C:\d\Projects\LCDS\oc19\18\P18pt.ASM
000930   f004                                                                                                               
000932   0e0d     MOVLW     0xd            	movlw	"\r"			;move data into TXREG                                              C:\d\Projects\LCDS\oc19\18\P18pt.ASM
000934   6ead     MOVWF     0xad,0x0       	movwf	TXREG			;carriage return                                                  C:\d\Projects\LCDS\oc19\18\P18pt.ASM
000936   a2ac     BTFSS     0xac,0x1,0x0   	btfss	TXSTA,TRMT		;wait for data TX                                             C:\d\Projects\LCDS\oc19\18\P18pt.ASM
000938   ef9b     GOTO      0x936          	goto	$-2                                                                        C:\d\Projects\LCDS\oc19\18\P18pt.ASM
00093a   f004                                                                                                               
                                                                                                                            C:\d\Projects\LCDS\oc19\18\P18pt.ASM
00093c   0012     RETURN    0x0            	return                                                                          C:\d\Projects\LCDS\oc19\18\P18pt.ASM
                                                                                                                            C:\d\Projects\LCDS\oc19\18\P18pt.ASM
                                           ;----Standard code, Place characters on line-2--------------------------         C:\d\Projects\LCDS\oc19\18\P18pt.ASM
                                           stan_char_2	                                                                     C:\d\Projects\LCDS\oc19\18\P18pt.ASM
00093e   ec1a     CALL      0x34,0x0       	call	LCDLine_2		;move cursor to line 2                                          C:\d\Projects\LCDS\oc19\18\P18pt.ASM
000940   f000                                                                                                               
000942   0e10     MOVLW     0x10           	movlw	.16			;1-full line of LCD                                                 C:\d\Projects\LCDS\oc19\18\P18pt.ASM
000944   6f81     MOVWF     0x81,0x1       	movwf	ptr_count                                                                 C:\d\Projects\LCDS\oc19\18\P18pt.ASM
000946   0e00     MOVLW     0x0            	movlw	UPPER stan_table                                                          C:\d\Projects\LCDS\oc19\18\P18pt.ASM
000948   6ef8     MOVWF     0xf8,0x0       	movwf	TBLPTRU                                                                   C:\d\Projects\LCDS\oc19\18\P18pt.ASM
00094a   0e03     MOVLW     0x3            	movlw	HIGH stan_table                                                           C:\d\Projects\LCDS\oc19\18\P18pt.ASM
00094c   6ef7     MOVWF     0xf7,0x0       	movwf	TBLPTRH                                                                   C:\d\Projects\LCDS\oc19\18\P18pt.ASM
00094e   0ee2     MOVLW     0xe2           	movlw	LOW stan_table                                                            C:\d\Projects\LCDS\oc19\18\P18pt.ASM
000950   6ef6     MOVWF     0xf6,0x0       	movwf	TBLPTRL                                                                   C:\d\Projects\LCDS\oc19\18\P18pt.ASM
000952   5180     MOVF      0x80,0x0,0x1   	movf	ptr_pos,W                                                                  C:\d\Projects\LCDS\oc19\18\P18pt.ASM
000954   26f6     ADDWF     0xf6,0x1,0x0   	addwf	TBLPTRL,F                                                                 C:\d\Projects\LCDS\oc19\18\P18pt.ASM
000956   6ae8     CLRF      0xe8,0x0       	clrf	WREG                                                                       C:\d\Projects\LCDS\oc19\18\P18pt.ASM
000958   22f7     ADDWFC    0xf7,0x1,0x0   	addwfc	TBLPTRH,F                                                                C:\d\Projects\LCDS\oc19\18\P18pt.ASM
00095a   22f8     ADDWFC    0xf8,0x1,0x0   	addwfc	TBLPTRU,F                                                                C:\d\Projects\LCDS\oc19\18\P18pt.ASM
                                                                                                                            C:\d\Projects\LCDS\oc19\18\P18pt.ASM
                                           stan_next_char_2                                                                 C:\d\Projects\LCDS\oc19\18\P18pt.ASM
00095c   0009     TBLRDPOSTINC             	tblrd	*+                                                                        C:\d\Projects\LCDS\oc19\18\P18pt.ASM
00095e   cff5     MOVFF     0xff5,0x9f     	movff	TABLAT,temp_wr                                                            C:\d\Projects\LCDS\oc19\18\P18pt.ASM
000960   f09f                                                                                                               
000962   ec1e     CALL      0x3c,0x0       	call	d_write			;send character to LCD                                           C:\d\Projects\LCDS\oc19\18\P18pt.ASM
000964   f000                                                                                                               
                                                                                                                            C:\d\Projects\LCDS\oc19\18\P18pt.ASM
000966   2f81     DECFSZ    0x81,0x1,0x1   	decfsz	ptr_count,F		;move pointer to next char                                  C:\d\Projects\LCDS\oc19\18\P18pt.ASM
000968   d7f9     BRA       0x95c          	bra	stan_next_char_2                                                            C:\d\Projects\LCDS\oc19\18\P18pt.ASM
                                                                                                                            C:\d\Projects\LCDS\oc19\18\P18pt.ASM
00096a   0e0a     MOVLW     0xa            	movlw	"\n"			;move data into TXREG                                              C:\d\Projects\LCDS\oc19\18\P18pt.ASM
00096c   6ead     MOVWF     0xad,0x0       	movwf	TXREG			;next line                                                        C:\d\Projects\LCDS\oc19\18\P18pt.ASM
00096e   a2ac     BTFSS     0xac,0x1,0x0   	btfss	TXSTA,TRMT		;wait for data TX                                             C:\d\Projects\LCDS\oc19\18\P18pt.ASM
000970   efb7     GOTO      0x96e          	goto	$-2                                                                        C:\d\Projects\LCDS\oc19\18\P18pt.ASM
000972   f004                                                                                                               
000974   0e0d     MOVLW     0xd            	movlw	"\r"			;move data into TXREG                                              C:\d\Projects\LCDS\oc19\18\P18pt.ASM
000976   6ead     MOVWF     0xad,0x0       	movwf	TXREG			;carriage return                                                  C:\d\Projects\LCDS\oc19\18\P18pt.ASM
000978   a2ac     BTFSS     0xac,0x1,0x0   	btfss	TXSTA,TRMT		;wait for data TX                                             C:\d\Projects\LCDS\oc19\18\P18pt.ASM
00097a   efbc     GOTO      0x978          	goto	$-2                                                                        C:\d\Projects\LCDS\oc19\18\P18pt.ASM
00097c   f004                                                                                                               
                                                                                                                            C:\d\Projects\LCDS\oc19\18\P18pt.ASM
00097e   0012     RETURN    0x0            	return                                                                          C:\d\Projects\LCDS\oc19\18\P18pt.ASM
                                           ;----------------------------------------------------------------------          C:\d\Projects\LCDS\oc19\18\P18pt.ASM
                                                                                                                            C:\d\Projects\LCDS\oc19\18\P18pt.ASM
                                                                                                                            C:\d\Projects\LCDS\oc19\18\P18pt.ASM
                                           ;------------------ 100ms Delay --------------------------------                 C:\d\Projects\LCDS\oc19\18\P18pt.ASM
                                           delay_100ms                                                                      C:\d\Projects\LCDS\oc19\18\P18pt.ASM
000980   0eff     MOVLW     0xff           	movlw	0xFF                                                                      C:\d\Projects\LCDS\oc19\18\P18pt.ASM
000982   6f82     MOVWF     0x82,0x1       	movwf	temp_1                                                                    C:\d\Projects\LCDS\oc19\18\P18pt.ASM
000984   0e83     MOVLW     0x83           	movlw	0x83                                                                      C:\d\Projects\LCDS\oc19\18\P18pt.ASM
000986   6f83     MOVWF     0x83,0x1       	movwf	temp_2                                                                    C:\d\Projects\LCDS\oc19\18\P18pt.ASM
                                                                                                                            C:\d\Projects\LCDS\oc19\18\P18pt.ASM
                                           d100l1                                                                           C:\d\Projects\LCDS\oc19\18\P18pt.ASM
000988   2f82     DECFSZ    0x82,0x1,0x1   	decfsz	temp_1,F                                                                 C:\d\Projects\LCDS\oc19\18\P18pt.ASM
00098a   d7fe     BRA       0x988          	bra	d100l1                                                                      C:\d\Projects\LCDS\oc19\18\P18pt.ASM
00098c   2f83     DECFSZ    0x83,0x1,0x1   	decfsz	temp_2,F                                                                 C:\d\Projects\LCDS\oc19\18\P18pt.ASM
00098e   d7fc     BRA       0x988          	bra	d100l1                                                                      C:\d\Projects\LCDS\oc19\18\P18pt.ASM
000990   0012     RETURN    0x0            	return                                                                          C:\d\Projects\LCDS\oc19\18\P18pt.ASM
                                                                                                                            C:\d\Projects\LCDS\oc19\18\P18pt.ASM
                                           ;---------------- 1s Delay -----------------------------------                   C:\d\Projects\LCDS\oc19\18\P18pt.ASM
                                           delay_1s                                                                         C:\d\Projects\LCDS\oc19\18\P18pt.ASM
000992   0eff     MOVLW     0xff           	movlw	0xFF                                                                      C:\d\Projects\LCDS\oc19\18\P18pt.ASM
000994   6f82     MOVWF     0x82,0x1       	movwf	temp_1                                                                    C:\d\Projects\LCDS\oc19\18\P18pt.ASM
000996   6f83     MOVWF     0x83,0x1       	movwf	temp_2                                                                    C:\d\Projects\LCDS\oc19\18\P18pt.ASM
000998   0e05     MOVLW     0x5            	movlw	0x05                                                                      C:\d\Projects\LCDS\oc19\18\P18pt.ASM
00099a   6f84     MOVWF     0x84,0x1       	movwf	temp_3                                                                    C:\d\Projects\LCDS\oc19\18\P18pt.ASM
                                           d1l1                                                                             C:\d\Projects\LCDS\oc19\18\P18pt.ASM
00099c   2f82     DECFSZ    0x82,0x1,0x1   	decfsz	temp_1,F                                                                 C:\d\Projects\LCDS\oc19\18\P18pt.ASM
00099e   d7fe     BRA       0x99c          	bra	d1l1                                                                        C:\d\Projects\LCDS\oc19\18\P18pt.ASM
0009a0   2f83     DECFSZ    0x83,0x1,0x1   	decfsz	temp_2,F                                                                 C:\d\Projects\LCDS\oc19\18\P18pt.ASM
0009a2   d7fc     BRA       0x99c          	bra	d1l1                                                                        C:\d\Projects\LCDS\oc19\18\P18pt.ASM
0009a4   2f84     DECFSZ    0x84,0x1,0x1   	decfsz	temp_3,F                                                                 C:\d\Projects\LCDS\oc19\18\P18pt.ASM
0009a6   d7fa     BRA       0x99c          	bra	d1l1                                                                        C:\d\Projects\LCDS\oc19\18\P18pt.ASM
0009a8   0012     RETURN    0x0            	return	                                                                         C:\d\Projects\LCDS\oc19\18\P18pt.ASM
                                                                                                                            C:\d\Projects\LCDS\oc19\18\P18pt.ASM
                                           ;---------------- Set Current Time ----------------------------                  C:\d\Projects\LCDS\oc19\18\P18pt.ASM
                                           set_time                                                                         C:\d\Projects\LCDS\oc19\18\P18pt.ASM
0009aa   0e80     MOVLW     0x80           	movlw	.128			;send "RA4= --> RBO= ++" to LCD                                    C:\d\Projects\LCDS\oc19\18\P18pt.ASM
0009ac   6f80     MOVWF     0x80,0x1       	movwf	ptr_pos                                                                   C:\d\Projects\LCDS\oc19\18\P18pt.ASM
0009ae   ec9f     CALL      0x93e,0x0      	call	stan_char_2                                                                C:\d\Projects\LCDS\oc19\18\P18pt.ASM
0009b0   f004                                                                                                               
                                           set_time_again                                                                   C:\d\Projects\LCDS\oc19\18\P18pt.ASM
0009b2   a880     BTFSS     0x80,0x4,0x0   	btfss	scroll			;wait for button release                                         C:\d\Projects\LCDS\oc19\18\P18pt.ASM
0009b4   d7fe     BRA       0x9b2          	bra	$-2                                                                         C:\d\Projects\LCDS\oc19\18\P18pt.ASM
                                                                                                                            C:\d\Projects\LCDS\oc19\18\P18pt.ASM
0009b6   ec16     CALL      0x2c,0x0       	call	LCDLine_1		;start at 0x00 on LCD                                           C:\d\Projects\LCDS\oc19\18\P18pt.ASM
0009b8   f000                                                                                                               
                                                                                                                            C:\d\Projects\LCDS\oc19\18\P18pt.ASM
0009ba   a081     BTFSS     0x81,0x0,0x0   	btfss	select			;wait for RB0 button release                                     C:\d\Projects\LCDS\oc19\18\P18pt.ASM
0009bc   d7fe     BRA       0x9ba          	bra	$-2                                                                         C:\d\Projects\LCDS\oc19\18\P18pt.ASM
0009be   ecc0     CALL      0x980,0x0      	call	delay_100ms			                                                             C:\d\Projects\LCDS\oc19\18\P18pt.ASM
0009c0   f004                                                                                                               
0009c2   a081     BTFSS     0x81,0x0,0x0   	btfss  	select			;increment hours (tens) ?                                      C:\d\Projects\LCDS\oc19\18\P18pt.ASM
0009c4   d001     BRA       0x9c8          	bra	inc_hours                                                                   C:\d\Projects\LCDS\oc19\18\P18pt.ASM
0009c6   d006     BRA       0x9d4          	bra	next_digit                                                                  C:\d\Projects\LCDS\oc19\18\P18pt.ASM
                                           inc_hours	                                                                       C:\d\Projects\LCDS\oc19\18\P18pt.ASM
0009c8   2b8c     INCF      0x8c,0x1,0x1   	incf	hours                                                                      C:\d\Projects\LCDS\oc19\18\P18pt.ASM
0009ca   518c     MOVF      0x8c,0x0,0x1   	movf	hours,W			;check if hours has passed 12 ?                                  C:\d\Projects\LCDS\oc19\18\P18pt.ASM
0009cc   080d     SUBLW     0xd            	sublw	.13                                                                       C:\d\Projects\LCDS\oc19\18\P18pt.ASM
0009ce   a4d8     BTFSS     0xd8,0x2,0x0   	btfss	STATUS,Z                                                                  C:\d\Projects\LCDS\oc19\18\P18pt.ASM
0009d0   d001     BRA       0x9d4          	bra	next_digit                                                                  C:\d\Projects\LCDS\oc19\18\P18pt.ASM
0009d2   6b8c     CLRF      0x8c,0x1       	clrf	hours			;YES, reset hours to 00                                            C:\d\Projects\LCDS\oc19\18\P18pt.ASM
                                           next_digit                                                                       C:\d\Projects\LCDS\oc19\18\P18pt.ASM
0009d4   a880     BTFSS     0x80,0x4,0x0   	btfss	scroll			;move to next digit                                              C:\d\Projects\LCDS\oc19\18\P18pt.ASM
0009d6   d010     BRA       0x9f8          	bra	inc_mins                                                                    C:\d\Projects\LCDS\oc19\18\P18pt.ASM
0009d8   518c     MOVF      0x8c,0x0,0x1   	movf	hours,W		                                                                  C:\d\Projects\LCDS\oc19\18\P18pt.ASM
                                                                                                                            C:\d\Projects\LCDS\oc19\18\P18pt.ASM
0009da   ec2e     CALL      0xa5c,0x0      	call	bin_bcd			;get hours ready for display                                     C:\d\Projects\LCDS\oc19\18\P18pt.ASM
0009dc   f005                                                                                                               
                                           	                                                                                C:\d\Projects\LCDS\oc19\18\P18pt.ASM
0009de   5188     MOVF      0x88,0x0,0x1   	movf	MsD,W			;send tens digit                                                   C:\d\Projects\LCDS\oc19\18\P18pt.ASM
0009e0   6f9f     MOVWF     0x9f,0x1       	movwf	temp_wr                                                                   C:\d\Projects\LCDS\oc19\18\P18pt.ASM
0009e2   ec1e     CALL      0x3c,0x0       	call	d_write                                                                    C:\d\Projects\LCDS\oc19\18\P18pt.ASM
0009e4   f000                                                                                                               
0009e6   5187     MOVF      0x87,0x0,0x1   	movf	LSD,W			;send ones digit                                                   C:\d\Projects\LCDS\oc19\18\P18pt.ASM
0009e8   6f9f     MOVWF     0x9f,0x1       	movwf	temp_wr                                                                   C:\d\Projects\LCDS\oc19\18\P18pt.ASM
0009ea   ec1e     CALL      0x3c,0x0       	call	d_write	                                                                   C:\d\Projects\LCDS\oc19\18\P18pt.ASM
0009ec   f000                                                                                                               
0009ee   0e3a     MOVLW     0x3a           	movlw	0x3A			;send   :   colon                                                  C:\d\Projects\LCDS\oc19\18\P18pt.ASM
0009f0   6f9f     MOVWF     0x9f,0x1       	movwf	temp_wr                                                                   C:\d\Projects\LCDS\oc19\18\P18pt.ASM
0009f2   ec1e     CALL      0x3c,0x0       	call	d_write                                                                    C:\d\Projects\LCDS\oc19\18\P18pt.ASM
0009f4   f000                                                                                                               
                                                                                                                            C:\d\Projects\LCDS\oc19\18\P18pt.ASM
0009f6   d7dd     BRA       0x9b2          	bra	set_time_again                                                              C:\d\Projects\LCDS\oc19\18\P18pt.ASM
                                           	                                                                                C:\d\Projects\LCDS\oc19\18\P18pt.ASM
                                           inc_mins                                                                         C:\d\Projects\LCDS\oc19\18\P18pt.ASM
0009f8   a880     BTFSS     0x80,0x4,0x0   	btfss	scroll			;wait for RA4 button release                                     C:\d\Projects\LCDS\oc19\18\P18pt.ASM
0009fa   d7fe     BRA       0x9f8          	bra	$-2                                                                         C:\d\Projects\LCDS\oc19\18\P18pt.ASM
0009fc   ec16     CALL      0x2c,0x0       	call	LCDLine_1                                                                  C:\d\Projects\LCDS\oc19\18\P18pt.ASM
0009fe   f000                                                                                                               
000a00   0e14     MOVLW     0x14           	movlw	0x14			;shift cursor to right 3 places                                    C:\d\Projects\LCDS\oc19\18\P18pt.ASM
000a02   6f9f     MOVWF     0x9f,0x1       	movwf	temp_wr                                                                   C:\d\Projects\LCDS\oc19\18\P18pt.ASM
000a04   ec27     CALL      0x4e,0x0       	call	i_write                                                                    C:\d\Projects\LCDS\oc19\18\P18pt.ASM
000a06   f000                                                                                                               
000a08   0e14     MOVLW     0x14           	movlw	0x14                                                                      C:\d\Projects\LCDS\oc19\18\P18pt.ASM
000a0a   6f9f     MOVWF     0x9f,0x1       	movwf	temp_wr                                                                   C:\d\Projects\LCDS\oc19\18\P18pt.ASM
000a0c   ec27     CALL      0x4e,0x0       	call	i_write                                                                    C:\d\Projects\LCDS\oc19\18\P18pt.ASM
000a0e   f000                                                                                                               
000a10   0e14     MOVLW     0x14           	movlw	0x14                                                                      C:\d\Projects\LCDS\oc19\18\P18pt.ASM
000a12   6f9f     MOVWF     0x9f,0x1       	movwf	temp_wr                                                                   C:\d\Projects\LCDS\oc19\18\P18pt.ASM
000a14   ec27     CALL      0x4e,0x0       	call	i_write                                                                    C:\d\Projects\LCDS\oc19\18\P18pt.ASM
000a16   f000                                                                                                               
                                           	                                                                                C:\d\Projects\LCDS\oc19\18\P18pt.ASM
000a18   a081     BTFSS     0x81,0x0,0x0   	btfss	select			;wait for RB0 button release                                     C:\d\Projects\LCDS\oc19\18\P18pt.ASM
000a1a   d7fe     BRA       0xa18          	bra	$-2                                                                         C:\d\Projects\LCDS\oc19\18\P18pt.ASM
000a1c   ecc0     CALL      0x980,0x0      	call	delay_100ms                                                                C:\d\Projects\LCDS\oc19\18\P18pt.ASM
000a1e   f004                                                                                                               
000a20   a081     BTFSS     0x81,0x0,0x0   	btfss  	select			;increment minutes (tens) ?                                    C:\d\Projects\LCDS\oc19\18\P18pt.ASM
000a22   d001     BRA       0xa26          	bra	inc_minutes                                                                 C:\d\Projects\LCDS\oc19\18\P18pt.ASM
000a24   d006     BRA       0xa32          	bra	next_digit?                                                                 C:\d\Projects\LCDS\oc19\18\P18pt.ASM
                                           inc_minutes	                                                                     C:\d\Projects\LCDS\oc19\18\P18pt.ASM
000a26   2b8b     INCF      0x8b,0x1,0x1   	incf	minutes                                                                    C:\d\Projects\LCDS\oc19\18\P18pt.ASM
000a28   518b     MOVF      0x8b,0x0,0x1   	movf	minutes,W		;check if hours has passed 12 ?                                 C:\d\Projects\LCDS\oc19\18\P18pt.ASM
000a2a   083c     SUBLW     0x3c           	sublw	.60                                                                       C:\d\Projects\LCDS\oc19\18\P18pt.ASM
000a2c   a4d8     BTFSS     0xd8,0x2,0x0   	btfss	STATUS,Z                                                                  C:\d\Projects\LCDS\oc19\18\P18pt.ASM
000a2e   d001     BRA       0xa32          	bra	next_digit?                                                                 C:\d\Projects\LCDS\oc19\18\P18pt.ASM
000a30   6b8b     CLRF      0x8b,0x1       	clrf	minutes                                                                    C:\d\Projects\LCDS\oc19\18\P18pt.ASM
                                           next_digit?                                                                      C:\d\Projects\LCDS\oc19\18\P18pt.ASM
000a32   a880     BTFSS     0x80,0x4,0x0   	btfss	scroll			;move to next digit                                              C:\d\Projects\LCDS\oc19\18\P18pt.ASM
000a34   d010     BRA       0xa56          	bra	set_time_done                                                               C:\d\Projects\LCDS\oc19\18\P18pt.ASM
000a36   518b     MOVF      0x8b,0x0,0x1   	movf	minutes,W                                                                  C:\d\Projects\LCDS\oc19\18\P18pt.ASM
                                           		                                                                               C:\d\Projects\LCDS\oc19\18\P18pt.ASM
000a38   ec2e     CALL      0xa5c,0x0      	call	bin_bcd			;get minutes ready for display                                   C:\d\Projects\LCDS\oc19\18\P18pt.ASM
000a3a   f005                                                                                                               
                                           	                                                                                C:\d\Projects\LCDS\oc19\18\P18pt.ASM
000a3c   5188     MOVF      0x88,0x0,0x1   	movf	MsD,W			;send tens digit                                                   C:\d\Projects\LCDS\oc19\18\P18pt.ASM
000a3e   6f9f     MOVWF     0x9f,0x1       	movwf	temp_wr                                                                   C:\d\Projects\LCDS\oc19\18\P18pt.ASM
000a40   ec1e     CALL      0x3c,0x0       	call	d_write                                                                    C:\d\Projects\LCDS\oc19\18\P18pt.ASM
000a42   f000                                                                                                               
000a44   5187     MOVF      0x87,0x0,0x1   	movf	LSD,W			;send ones digit                                                   C:\d\Projects\LCDS\oc19\18\P18pt.ASM
000a46   6f9f     MOVWF     0x9f,0x1       	movwf	temp_wr                                                                   C:\d\Projects\LCDS\oc19\18\P18pt.ASM
000a48   ec1e     CALL      0x3c,0x0       	call	d_write	                                                                   C:\d\Projects\LCDS\oc19\18\P18pt.ASM
000a4a   f000                                                                                                               
000a4c   0e3a     MOVLW     0x3a           	movlw	0x3A			;send  :   colon                                                   C:\d\Projects\LCDS\oc19\18\P18pt.ASM
000a4e   6f9f     MOVWF     0x9f,0x1       	movwf	temp_wr                                                                   C:\d\Projects\LCDS\oc19\18\P18pt.ASM
000a50   ec1e     CALL      0x3c,0x0       	call	d_write	                                                                   C:\d\Projects\LCDS\oc19\18\P18pt.ASM
000a52   f000                                                                                                               
000a54   d7d1     BRA       0x9f8          	bra	inc_mins                                                                    C:\d\Projects\LCDS\oc19\18\P18pt.ASM
                                                                                                                            C:\d\Projects\LCDS\oc19\18\P18pt.ASM
                                           set_time_done                                                                    C:\d\Projects\LCDS\oc19\18\P18pt.ASM
000a56   a880     BTFSS     0x80,0x4,0x0   	btfss	scroll			;wait for RA4 button release                                     C:\d\Projects\LCDS\oc19\18\P18pt.ASM
000a58   d7fe     BRA       0xa56          	bra	$-2                                                                         C:\d\Projects\LCDS\oc19\18\P18pt.ASM
000a5a   d6f6     BRA       0x848          	bra	overflow                                                                    C:\d\Projects\LCDS\oc19\18\P18pt.ASM
                                           	                                                                                C:\d\Projects\LCDS\oc19\18\P18pt.ASM
                                           ;---------------- Binary (8-bit) to BCD -----------------------                  C:\d\Projects\LCDS\oc19\18\P18pt.ASM
                                           ;		255 = highest possible result                                                 C:\d\Projects\LCDS\oc19\18\P18pt.ASM
                                           bin_bcd                                                                          C:\d\Projects\LCDS\oc19\18\P18pt.ASM
000a5c   6b89     CLRF      0x89,0x1       	clrf	MSD                                                                        C:\d\Projects\LCDS\oc19\18\P18pt.ASM
000a5e   6b88     CLRF      0x88,0x1       	clrf	MsD                                                                        C:\d\Projects\LCDS\oc19\18\P18pt.ASM
000a60   6f87     MOVWF     0x87,0x1       	movwf	LSD		;move value to LSD                                                   C:\d\Projects\LCDS\oc19\18\P18pt.ASM
                                           ghundreth	                                                                       C:\d\Projects\LCDS\oc19\18\P18pt.ASM
000a62   0e64     MOVLW     0x64           	movlw	.100		;subtract 100 from LSD                                              C:\d\Projects\LCDS\oc19\18\P18pt.ASM
000a64   5d87     SUBWF     0x87,0x0,0x1   	subwf	LSD,W                                                                     C:\d\Projects\LCDS\oc19\18\P18pt.ASM
000a66   a0d8     BTFSS     0xd8,0x0,0x0   	btfss	STATUS,C	;is value greater then 100                                       C:\d\Projects\LCDS\oc19\18\P18pt.ASM
000a68   d003     BRA       0xa70          	bra	gtenth		;NO goto tenths                                                     C:\d\Projects\LCDS\oc19\18\P18pt.ASM
000a6a   6f87     MOVWF     0x87,0x1       	movwf	LSD		;YES, move subtraction result into LSD                               C:\d\Projects\LCDS\oc19\18\P18pt.ASM
000a6c   2b89     INCF      0x89,0x1,0x1   	incf	MSD,F		;increment hundreths                                                C:\d\Projects\LCDS\oc19\18\P18pt.ASM
000a6e   d7f9     BRA       0xa62          	bra	ghundreth	                                                                  C:\d\Projects\LCDS\oc19\18\P18pt.ASM
                                           gtenth                                                                           C:\d\Projects\LCDS\oc19\18\P18pt.ASM
000a70   0e0a     MOVLW     0xa            	movlw	.10		;take care of tenths                                                 C:\d\Projects\LCDS\oc19\18\P18pt.ASM
000a72   5d87     SUBWF     0x87,0x0,0x1   	subwf	LSD,W                                                                     C:\d\Projects\LCDS\oc19\18\P18pt.ASM
000a74   a0d8     BTFSS     0xd8,0x0,0x0   	btfss	STATUS,C                                                                  C:\d\Projects\LCDS\oc19\18\P18pt.ASM
000a76   d003     BRA       0xa7e          	bra	over		;finished conversion                                                  C:\d\Projects\LCDS\oc19\18\P18pt.ASM
000a78   6f87     MOVWF     0x87,0x1       	movwf	LSD                                                                       C:\d\Projects\LCDS\oc19\18\P18pt.ASM
000a7a   2b88     INCF      0x88,0x1,0x1   	incf	MsD,F		;increment tenths position                                          C:\d\Projects\LCDS\oc19\18\P18pt.ASM
000a7c   d7f9     BRA       0xa70          	bra	gtenth                                                                      C:\d\Projects\LCDS\oc19\18\P18pt.ASM
                                           over				;0 - 9, high nibble = 3 for LCD                                          C:\d\Projects\LCDS\oc19\18\P18pt.ASM
000a7e   5189     MOVF      0x89,0x0,0x1   	movf	MSD,W		;get BCD values ready for LCD display                               C:\d\Projects\LCDS\oc19\18\P18pt.ASM
000a80   0a30     XORLW     0x30           	xorlw	0x30		;convert to LCD digit                                               C:\d\Projects\LCDS\oc19\18\P18pt.ASM
000a82   6f89     MOVWF     0x89,0x1       	movwf	MSD                                                                       C:\d\Projects\LCDS\oc19\18\P18pt.ASM
000a84   5188     MOVF      0x88,0x0,0x1   	movf	MsD,W                                                                      C:\d\Projects\LCDS\oc19\18\P18pt.ASM
000a86   0a30     XORLW     0x30           	xorlw	0x30		;convert to LCD digit                                               C:\d\Projects\LCDS\oc19\18\P18pt.ASM
000a88   6f88     MOVWF     0x88,0x1       	movwf	MsD                                                                       C:\d\Projects\LCDS\oc19\18\P18pt.ASM
000a8a   5187     MOVF      0x87,0x0,0x1   	movf	LSD,W                                                                      C:\d\Projects\LCDS\oc19\18\P18pt.ASM
000a8c   0a30     XORLW     0x30           	xorlw	0x30		;convert to LCD digit                                               C:\d\Projects\LCDS\oc19\18\P18pt.ASM
000a8e   6f87     MOVWF     0x87,0x1       	movwf	LSD                                                                       C:\d\Projects\LCDS\oc19\18\P18pt.ASM
000a90   0c00     RETLW     0x0            	retlw	0                                                                         C:\d\Projects\LCDS\oc19\18\P18pt.ASM
                                                                                                                            C:\d\Projects\LCDS\oc19\18\P18pt.ASM
                                           ;---------------- Binary (16-bit) to BCD -----------------------                 C:\d\Projects\LCDS\oc19\18\P18pt.ASM
                                           ;		xxx = highest possible result                                                 C:\d\Projects\LCDS\oc19\18\P18pt.ASM
                                           bin16_bcd                                                                        C:\d\Projects\LCDS\oc19\18\P18pt.ASM
                                           	                       ; Takes number in NumH:NumL                              C:\d\Projects\LCDS\oc19\18\P18pt.ASM
                                                                           ; Returns decimal in                             C:\d\Projects\LCDS\oc19\18\P18pt.ASM
                                                                           ; TenK:Thou:Hund:Tens:Ones                       C:\d\Projects\LCDS\oc19\18\P18pt.ASM
000a92   398d     SWAPF     0x8d,0x0,0x1           swapf   NumH,W                                                           C:\d\Projects\LCDS\oc19\18\P18pt.ASM
000a94   0b0f     ANDLW     0xf                    andlw   0x0F                                                             C:\d\Projects\LCDS\oc19\18\P18pt.ASM
000a96   0ff0     ADDLW     0xf0                   addlw   0xF0                                                             C:\d\Projects\LCDS\oc19\18\P18pt.ASM
000a98   6f90     MOVWF     0x90,0x1               movwf   Thou                                                             C:\d\Projects\LCDS\oc19\18\P18pt.ASM
000a9a   2790     ADDWF     0x90,0x1,0x1           addwf   Thou,F                                                           C:\d\Projects\LCDS\oc19\18\P18pt.ASM
000a9c   0fe2     ADDLW     0xe2                   addlw   0xE2                                                             C:\d\Projects\LCDS\oc19\18\P18pt.ASM
000a9e   6f91     MOVWF     0x91,0x1               movwf   Hund                                                             C:\d\Projects\LCDS\oc19\18\P18pt.ASM
000aa0   0f32     ADDLW     0x32                   addlw   0x32                                                             C:\d\Projects\LCDS\oc19\18\P18pt.ASM
000aa2   6f93     MOVWF     0x93,0x1               movwf   Ones                                                             C:\d\Projects\LCDS\oc19\18\P18pt.ASM
                                                                                                                            C:\d\Projects\LCDS\oc19\18\P18pt.ASM
000aa4   518d     MOVF      0x8d,0x0,0x1           movf    NumH,W                                                           C:\d\Projects\LCDS\oc19\18\P18pt.ASM
000aa6   0b0f     ANDLW     0xf                    andlw   0x0F                                                             C:\d\Projects\LCDS\oc19\18\P18pt.ASM
000aa8   2791     ADDWF     0x91,0x1,0x1           addwf   Hund,F                                                           C:\d\Projects\LCDS\oc19\18\P18pt.ASM
000aaa   2791     ADDWF     0x91,0x1,0x1           addwf   Hund,F                                                           C:\d\Projects\LCDS\oc19\18\P18pt.ASM
000aac   2793     ADDWF     0x93,0x1,0x1           addwf   Ones,F                                                           C:\d\Projects\LCDS\oc19\18\P18pt.ASM
000aae   0fe9     ADDLW     0xe9                   addlw   0xE9                                                             C:\d\Projects\LCDS\oc19\18\P18pt.ASM
000ab0   6f92     MOVWF     0x92,0x1               movwf   Tens                                                             C:\d\Projects\LCDS\oc19\18\P18pt.ASM
000ab2   2792     ADDWF     0x92,0x1,0x1           addwf   Tens,F                                                           C:\d\Projects\LCDS\oc19\18\P18pt.ASM
000ab4   2792     ADDWF     0x92,0x1,0x1           addwf   Tens,F                                                           C:\d\Projects\LCDS\oc19\18\P18pt.ASM
                                                                                                                            C:\d\Projects\LCDS\oc19\18\P18pt.ASM
000ab6   398e     SWAPF     0x8e,0x0,0x1           swapf   NumL,W                                                           C:\d\Projects\LCDS\oc19\18\P18pt.ASM
000ab8   0b0f     ANDLW     0xf                    andlw   0x0F                                                             C:\d\Projects\LCDS\oc19\18\P18pt.ASM
000aba   2792     ADDWF     0x92,0x1,0x1           addwf   Tens,F                                                           C:\d\Projects\LCDS\oc19\18\P18pt.ASM
000abc   2793     ADDWF     0x93,0x1,0x1           addwf   Ones,F                                                           C:\d\Projects\LCDS\oc19\18\P18pt.ASM
                                                                                                                            C:\d\Projects\LCDS\oc19\18\P18pt.ASM
000abe   3792     RLCF      0x92,0x1,0x1           rlcf     Tens,F                                                          C:\d\Projects\LCDS\oc19\18\P18pt.ASM
000ac0   3793     RLCF      0x93,0x1,0x1           rlcf     Ones,F                                                          C:\d\Projects\LCDS\oc19\18\P18pt.ASM
000ac2   1f93     COMF      0x93,0x1,0x1           comf    Ones,F                                                           C:\d\Projects\LCDS\oc19\18\P18pt.ASM
000ac4   3793     RLCF      0x93,0x1,0x1           rlcf     Ones,F                                                          C:\d\Projects\LCDS\oc19\18\P18pt.ASM
                                                                                                                            C:\d\Projects\LCDS\oc19\18\P18pt.ASM
000ac6   518e     MOVF      0x8e,0x0,0x1           movf    NumL,W                                                           C:\d\Projects\LCDS\oc19\18\P18pt.ASM
000ac8   0b0f     ANDLW     0xf                    andlw   0x0F                                                             C:\d\Projects\LCDS\oc19\18\P18pt.ASM
000aca   2793     ADDWF     0x93,0x1,0x1           addwf   Ones,F                                                           C:\d\Projects\LCDS\oc19\18\P18pt.ASM
000acc   3790     RLCF      0x90,0x1,0x1           rlcf     Thou,F                                                          C:\d\Projects\LCDS\oc19\18\P18pt.ASM
                                                                                                                            C:\d\Projects\LCDS\oc19\18\P18pt.ASM
000ace   0e07     MOVLW     0x7                    movlw   0x07                                                             C:\d\Projects\LCDS\oc19\18\P18pt.ASM
000ad0   6f8f     MOVWF     0x8f,0x1               movwf   TenK                                                             C:\d\Projects\LCDS\oc19\18\P18pt.ASM
                                                                                                                            C:\d\Projects\LCDS\oc19\18\P18pt.ASM
000ad2   0e0a     MOVLW     0xa                    movlw   0x0A                             ; Ten                           C:\d\Projects\LCDS\oc19\18\P18pt.ASM
                                           Lb1:                                                                             C:\d\Projects\LCDS\oc19\18\P18pt.ASM
000ad4   0792     DECF      0x92,0x1,0x1           decf    Tens,F                                                           C:\d\Projects\LCDS\oc19\18\P18pt.ASM
000ad6   2793     ADDWF     0x93,0x1,0x1           addwf   Ones,F                                                           C:\d\Projects\LCDS\oc19\18\P18pt.ASM
000ad8   a0d8     BTFSS     0xd8,0x0,0x0           btfss   STATUS,C                                                         C:\d\Projects\LCDS\oc19\18\P18pt.ASM
000ada   d7fc     BRA       0xad4                   bra   Lb1                                                               C:\d\Projects\LCDS\oc19\18\P18pt.ASM
                                           Lb2:                                                                             C:\d\Projects\LCDS\oc19\18\P18pt.ASM
000adc   0791     DECF      0x91,0x1,0x1           decf    Hund,F                                                           C:\d\Projects\LCDS\oc19\18\P18pt.ASM
000ade   2792     ADDWF     0x92,0x1,0x1           addwf   Tens,F                                                           C:\d\Projects\LCDS\oc19\18\P18pt.ASM
000ae0   a0d8     BTFSS     0xd8,0x0,0x0           btfss   STATUS,C                                                         C:\d\Projects\LCDS\oc19\18\P18pt.ASM
000ae2   d7fc     BRA       0xadc                   bra   Lb2                                                               C:\d\Projects\LCDS\oc19\18\P18pt.ASM
                                           Lb3:                                                                             C:\d\Projects\LCDS\oc19\18\P18pt.ASM
000ae4   0790     DECF      0x90,0x1,0x1           decf    Thou,F                                                           C:\d\Projects\LCDS\oc19\18\P18pt.ASM
000ae6   2791     ADDWF     0x91,0x1,0x1           addwf   Hund,F                                                           C:\d\Projects\LCDS\oc19\18\P18pt.ASM
000ae8   a0d8     BTFSS     0xd8,0x0,0x0           btfss   STATUS,C                                                         C:\d\Projects\LCDS\oc19\18\P18pt.ASM
000aea   d7fc     BRA       0xae4                   bra   Lb3                                                               C:\d\Projects\LCDS\oc19\18\P18pt.ASM
                                           Lb4:                                                                             C:\d\Projects\LCDS\oc19\18\P18pt.ASM
000aec   078f     DECF      0x8f,0x1,0x1           decf    TenK,F                                                           C:\d\Projects\LCDS\oc19\18\P18pt.ASM
000aee   2790     ADDWF     0x90,0x1,0x1           addwf   Thou,F                                                           C:\d\Projects\LCDS\oc19\18\P18pt.ASM
000af0   a0d8     BTFSS     0xd8,0x0,0x0           btfss   STATUS,C                                                         C:\d\Projects\LCDS\oc19\18\P18pt.ASM
000af2   d7fc     BRA       0xaec                   bra   Lb4                                                               C:\d\Projects\LCDS\oc19\18\P18pt.ASM
                                                                                                                            C:\d\Projects\LCDS\oc19\18\P18pt.ASM
000af4   0c00     RETLW     0x0                    retlw   0                                                                C:\d\Projects\LCDS\oc19\18\P18pt.ASM
                                                                                                                            C:\d\Projects\LCDS\oc19\18\P18pt.ASM
                                                                                                                            C:\d\Projects\LCDS\oc19\18\P18pt.ASM
                                           ;---------------------------- EEPROM WRITE -------------------------------       C:\d\Projects\LCDS\oc19\18\P18pt.ASM
                                           write_eeprom	                                                                    C:\d\Projects\LCDS\oc19\18\P18pt.ASM
000af6   80c5     BSF       0xc5,0x0,0x0   	bsf	SSPCON2,SEN		;start bit                                                     C:\d\Projects\LCDS\oc19\18\P18pt.ASM
000af8   b0c5     BTFSC     0xc5,0x0,0x0   	btfsc	SSPCON2,SEN                                                               C:\d\Projects\LCDS\oc19\18\P18pt.ASM
000afa   ef7c     GOTO      0xaf8          	goto	$-2	                                                                       C:\d\Projects\LCDS\oc19\18\P18pt.ASM
000afc   f005                                                                                                               
000afe   0ea0     MOVLW     0xa0           	movlw	B'10100000'		;send control byte (write)                                   C:\d\Projects\LCDS\oc19\18\P18pt.ASM
000b00   6ec9     MOVWF     0xc9,0x0       	movwf	SSPBUF                                                                    C:\d\Projects\LCDS\oc19\18\P18pt.ASM
000b02   0e00     MOVLW     0x0            	ssprw                                                                           C:\d\Projects\LCDS\oc19\18\P18pt.ASM
000b04   14c5     ANDWF     0xc5,0x0,0x0                                                                                    
000b06   0800     SUBLW     0x0                                                                                             
000b08   a4d8     BTFSS     0xd8,0x2,0x0                                                                                    
000b0a   d7fb     BRA       0xb02                                                                                           
000b0c   b4c7     BTFSC     0xc7,0x2,0x0                                                                                    
000b0e   d7fe     BRA       0xb0c                                                                                           
000b10   bcc5     BTFSC     0xc5,0x6,0x0   	btfsc	SSPCON2,ACKSTAT		;ack?                                                    C:\d\Projects\LCDS\oc19\18\P18pt.ASM
000b12   ef88     GOTO      0xb10          	goto	$-2                                                                        C:\d\Projects\LCDS\oc19\18\P18pt.ASM
000b14   f005                                                                                                               
                                                                                                                            C:\d\Projects\LCDS\oc19\18\P18pt.ASM
000b16   0e00     MOVLW     0x0            	movlw	0x00			;send slave address HIGH byte                                      C:\d\Projects\LCDS\oc19\18\P18pt.ASM
000b18   6ec9     MOVWF     0xc9,0x0       	movwf	SSPBUF                                                                    C:\d\Projects\LCDS\oc19\18\P18pt.ASM
000b1a   0e00     MOVLW     0x0            	ssprw                                                                           C:\d\Projects\LCDS\oc19\18\P18pt.ASM
000b1c   14c5     ANDWF     0xc5,0x0,0x0                                                                                    
000b1e   0800     SUBLW     0x0                                                                                             
000b20   a4d8     BTFSS     0xd8,0x2,0x0                                                                                    
000b22   d7fb     BRA       0xb1a                                                                                           
000b24   b4c7     BTFSC     0xc7,0x2,0x0                                                                                    
000b26   d7fe     BRA       0xb24                                                                                           
000b28   bcc5     BTFSC     0xc5,0x6,0x0   	btfsc	SSPCON2,ACKSTAT		;ack?                                                    C:\d\Projects\LCDS\oc19\18\P18pt.ASM
000b2a   ef94     GOTO      0xb28          	goto	$-2                                                                        C:\d\Projects\LCDS\oc19\18\P18pt.ASM
000b2c   f005                                                                                                               
                                                                                                                            C:\d\Projects\LCDS\oc19\18\P18pt.ASM
000b2e   0e05     MOVLW     0x5            	movlw	0x05			;send slave address LOW byte(0x0005)                               C:\d\Projects\LCDS\oc19\18\P18pt.ASM
000b30   6ec9     MOVWF     0xc9,0x0       	movwf	SSPBUF                                                                    C:\d\Projects\LCDS\oc19\18\P18pt.ASM
000b32   0e00     MOVLW     0x0            	ssprw                                                                           C:\d\Projects\LCDS\oc19\18\P18pt.ASM
000b34   14c5     ANDWF     0xc5,0x0,0x0                                                                                    
000b36   0800     SUBLW     0x0                                                                                             
000b38   a4d8     BTFSS     0xd8,0x2,0x0                                                                                    
000b3a   d7fb     BRA       0xb32                                                                                           
000b3c   b4c7     BTFSC     0xc7,0x2,0x0                                                                                    
000b3e   d7fe     BRA       0xb3c                                                                                           
000b40   bcc5     BTFSC     0xc5,0x6,0x0   	btfsc	SSPCON2,ACKSTAT		;ack?                                                    C:\d\Projects\LCDS\oc19\18\P18pt.ASM
000b42   efa0     GOTO      0xb40          	goto	$-2                                                                        C:\d\Projects\LCDS\oc19\18\P18pt.ASM
000b44   f005                                                                                                               
                                                                                                                            C:\d\Projects\LCDS\oc19\18\P18pt.ASM
000b46   5186     MOVF      0x86,0x0,0x1   	movf	temperature,w		;send slave DATA = temperature                              C:\d\Projects\LCDS\oc19\18\P18pt.ASM
000b48   6ec9     MOVWF     0xc9,0x0       	movwf	SSPBUF                                                                    C:\d\Projects\LCDS\oc19\18\P18pt.ASM
000b4a   0e00     MOVLW     0x0            	ssprw                                                                           C:\d\Projects\LCDS\oc19\18\P18pt.ASM
000b4c   14c5     ANDWF     0xc5,0x0,0x0                                                                                    
000b4e   0800     SUBLW     0x0                                                                                             
000b50   a4d8     BTFSS     0xd8,0x2,0x0                                                                                    
000b52   d7fb     BRA       0xb4a                                                                                           
000b54   b4c7     BTFSC     0xc7,0x2,0x0                                                                                    
000b56   d7fe     BRA       0xb54                                                                                           
000b58   bcc5     BTFSC     0xc5,0x6,0x0   	btfsc	SSPCON2,ACKSTAT		;ack?                                                    C:\d\Projects\LCDS\oc19\18\P18pt.ASM
000b5a   efac     GOTO      0xb58          	goto	$-2                                                                        C:\d\Projects\LCDS\oc19\18\P18pt.ASM
000b5c   f005                                                                                                               
                                                                                                                            C:\d\Projects\LCDS\oc19\18\P18pt.ASM
000b5e   84c5     BSF       0xc5,0x2,0x0   	bsf	SSPCON2,PEN		;stop bit                                                      C:\d\Projects\LCDS\oc19\18\P18pt.ASM
000b60   b4c5     BTFSC     0xc5,0x2,0x0   	btfsc	SSPCON2,PEN                                                               C:\d\Projects\LCDS\oc19\18\P18pt.ASM
000b62   efb0     GOTO      0xb60          	goto	$-2                                                                        C:\d\Projects\LCDS\oc19\18\P18pt.ASM
000b64   f005                                                                                                               
                                           		                                                                               C:\d\Projects\LCDS\oc19\18\P18pt.ASM
000b66   909e     BCF       0x9e,0x0,0x0   	bcf	PIR1,TMR1IF		;clear TIMER1 overflow flag                                    C:\d\Projects\LCDS\oc19\18\P18pt.ASM
000b68   6ace     CLRF      0xce,0x0       	clrf	TMR1L			;clear registers for next overflow                                 C:\d\Projects\LCDS\oc19\18\P18pt.ASM
000b6a   6acf     CLRF      0xcf,0x0       	clrf	TMR1H                                                                      C:\d\Projects\LCDS\oc19\18\P18pt.ASM
                                                                                                                            C:\d\Projects\LCDS\oc19\18\P18pt.ASM
000b6c   0012     RETURN    0x0            	return                                                                          C:\d\Projects\LCDS\oc19\18\P18pt.ASM
                                                                                                                            C:\d\Projects\LCDS\oc19\18\P18pt.ASM
                                           ;*********************************************************************           C:\d\Projects\LCDS\oc19\18\P18pt.ASM
                                           	end	                                                                            C:\d\Projects\LCDS\oc19\18\P18pt.ASM
