

Microchip Technology PIC18 LITE Macro Assembler V1.30 build 55553 
                                                                                               Fri Apr 04 20:48:30 2014

Microchip Technology Omniscient Code Generator (Lite mode) build 55553
     1                           	processor	18F26K22
     2                           	fnconf	rparam,??,?,0
     3                           	opt	pw 120
     4                           	opt	lm
     5                           	psect	idataCOMRAM,global,class=CODE,delta=1
     6                           	psect	idataBANK0,global,class=CODE,delta=1
     7                           	psect	smallconst,global,reloc=2,class=SMALLCONST,delta=1
     8                           	psect	cinit,global,reloc=2,class=CODE,delta=1
     9                           	psect	bssCOMRAM,global,class=COMRAM,space=1,delta=1
    10                           	psect	dataCOMRAM,global,class=COMRAM,space=1,delta=1
    11                           	psect	dataBANK0,global,class=BANK0,space=1,delta=1
    12                           	psect	cstackBANK0,global,class=BANK0,space=1,delta=1
    13                           	psect	cstackCOMRAM,global,class=COMRAM,space=1,delta=1
    14                           	psect	text0,global,reloc=2,class=CODE,delta=1
    15                           	psect	text1,global,reloc=2,class=CODE,delta=1
    16                           	psect	text2,global,reloc=2,class=CODE,delta=1
    17                           	psect	text3,global,reloc=2,class=CODE,delta=1
    18                           	psect	text4,global,reloc=2,class=CODE,delta=1
    19                           	psect	text5,global,reloc=2,class=CODE,delta=1
    20                           	psect	text6,global,reloc=2,class=CODE,delta=1
    21                           	psect	text7,global,reloc=2,class=CODE,delta=1
    22                           	psect	text8,global,reloc=2,class=CODE,delta=1
    23                           	psect	text9,global,reloc=2,class=CODE,delta=1
    24                           	psect	text10,global,reloc=2,class=CODE,delta=1
    25                           	psect	intcode,global,reloc=2,class=CODE,delta=1
    26                           	psect	intsave_regs,global,class=BIGRAM,space=1,delta=1
    27                           	psect	rparam,global,class=COMRAM,space=1,delta=1
    28  0000                     
    29                           	psect	idataCOMRAM
    30  001956                     __pidataCOMRAM:
    31                           	opt stack 0
    32                           
    33                           ;initializer for _stateMap
    34  001956  09                 	db	9
    35  001957  01                 	db	1
    36  001958  07                 	db	7
    37  001959  06                 	db	6
    38  00195A  0E                 	db	14
    39  00195B  08                 	db	8
    40                           
    41                           	psect	idataBANK0
    42  001930                     __pidataBANK0:
    43                           	opt stack 0
    44                           
    45                           ;initializer for _defaultAccelTable
    46  001930  06D6               	dw	1750
    47  001932  0003               	dw	3
    48  001934  047D               	dw	1149
    49  001936  0003               	dw	3
    50  001938  039E               	dw	926
    51  00193A  0003               	dw	3
    52  00193C  031A               	dw	794
    53  00193E  0003               	dw	3
    54  001940  02C5               	dw	709
    55  001942  0003               	dw	3
    56  001944  029A               	dw	666
    57  001946  0004               	dw	4
    58  001948  01C2               	dw	450
    59  00194A  0004               	dw	4
    60                           
    61                           	psect	smallconst
    62  001000                     __psmallconst:
    63                           	opt stack 0
    64  001000  00                 	db	0
    65  001001                     _stateCount:
    66                           	opt stack 0
    67  001001  06                 	db	6
    68  001002                     __end_of_stateCount:
    69                           	opt stack 0
    70  0000                     _TMR0	set	4054
    71  0000                     _ADCON0	set	4034
    72  0000                     _ADCON1	set	4033
    73  0000                     _ADCON2	set	4032
    74  0000                     _ADRESH	set	4036
    75  0000                     _ANSELA	set	3896
    76  0000                     _ANSELB	set	3897
    77  0000                     _ANSELC	set	3898
    78  0000                     _INTCONbits	set	4082
    79  0000                     _LATAbits	set	3977
    80  0000                     _LATC	set	3979
    81  0000                     _OSCCONbits	set	4051
    82  0000                     _PIE1bits	set	3997
    83  0000                     _PIR1bits	set	3998
    84  0000                     _PORTAbits	set	3968
    85  0000                     _RCREG	set	4014
    86  0000                     _RCSTA1bits	set	4011
    87  0000                     _SPBRG1	set	4015
    88  0000                     _SPBRGH1	set	4016
    89  0000                     _T0CONbits	set	4053
    90  0000                     _TRISAbits	set	3986
    91  0000                     _TRISBbits	set	3987
    92  0000                     _TRISCbits	set	3988
    93  0000                     _TXREG	set	4013
    94  0000                     _TXSTA1bits	set	4012
    95  0000                     _GO	set	32273
    96                           
    97                           ; #config settings
    98  001002  00                 	db	0	; dummy byte at the end
    99  0000                     
   100                           	psect	cinit
   101  00180C                     __pcinit:
   102                           	opt stack 0
   103  00180C                     start_initialization:
   104                           	opt stack 0
   105  00180C                     __initialization:
   106                           	opt stack 0
   107                           
   108                           ; Clear objects allocated to COMRAM (48 bytes)
   109  00180C  EE00  F001         	lfsr	0,__pbssCOMRAM
   110  001810  0E30               	movlw	48
   111  001812                     clear_0:
   112  001812  6AEE               	clrf	postinc0,c
   113  001814  06E8               	decf	wreg,f,c
   114  001816  E1FD               	bnz	clear_0
   115                           
   116                           ; Initialize objects allocated to BANK0 (28 bytes)
   117                           ; load TBLPTR registers with __pidataBANK0
   118  001818  0E30               	movlw	low __pidataBANK0
   119  00181A  6EF6               	movwf	tblptrl,c
   120  00181C  0E19               	movlw	high __pidataBANK0
   121  00181E  6EF7               	movwf	tblptrh,c
   122  001820  0E00               	movlw	low (__pidataBANK0 shr (0+16))
   123  001822  6EF8               	movwf	tblptru,c
   124  001824  EE00  F060         	lfsr	0,__pdataBANK0
   125  001828  EE10 F01C          	lfsr	1,28
   126  00182C                     copy_data0:
   127  00182C  0009               	tblrd		*+
   128  00182E  CFF5 FFEE          	movff	tablat,postinc0
   129  001832  50E5               	movf	postdec1,w,c
   130  001834  50E1               	movf	fsr1l,w,c
   131  001836  E1FA               	bnz	copy_data0
   132                           
   133                           ; Initialize objects allocated to COMRAM (6 bytes)
   134                           ; load TBLPTR registers with __pidataCOMRAM
   135  001838  0E56               	movlw	low __pidataCOMRAM
   136  00183A  6EF6               	movwf	tblptrl,c
   137  00183C  0E19               	movlw	high __pidataCOMRAM
   138  00183E  6EF7               	movwf	tblptrh,c
   139  001840  0E00               	movlw	low (__pidataCOMRAM shr (0+16))
   140  001842  6EF8               	movwf	tblptru,c
   141  001844  EE00  F04B         	lfsr	0,__pdataCOMRAM
   142  001848  EE10 F006          	lfsr	1,6
   143  00184C                     copy_data1:
   144  00184C  0009               	tblrd		*+
   145  00184E  CFF5 FFEE          	movff	tablat,postinc0
   146  001852  50E5               	movf	postdec1,w,c
   147  001854  50E1               	movf	fsr1l,w,c
   148  001856  E1FA               	bnz	copy_data1
   149  001858                     end_of_initialization:
   150                           	opt stack 0
   151  001858                     __end_of__initialization:
   152                           	opt stack 0
   153  001858  0100               	movlb	0
   154  00185A  EF02  F008         	goto	_main	;jump to C main() function
   155                           tblptru	equ	0xFF8
   156                           tblptrh	equ	0xFF7
   157                           tblptrl	equ	0xFF6
   158                           tablat	equ	0xFF5
   159                           postinc0	equ	0xFEE
   160                           wreg	equ	0xFE8
   161                           postdec1	equ	0xFE5
   162                           fsr1l	equ	0xFE1
   163                           
   164                           	psect	bssCOMRAM
   165  000001                     __pbssCOMRAM:
   166                           	opt stack 0
   167  000001                     _buf:
   168                           	opt stack 0
   169  000001                     	ds	10
   170  00000B                     _serialBuffer:
   171                           	opt stack 0
   172  00000B                     	ds	10
   173  000015                     _decm:
   174                           	opt stack 0
   175  000015                     	ds	4
   176  000019                     _fvar:
   177                           	opt stack 0
   178  000019                     	ds	4
   179  00001D                     _tens:
   180                           	opt stack 0
   181  00001D                     	ds	4
   182  000021                     _an8_value:
   183                           	opt stack 0
   184  000021                     	ds	2
   185  000023                     _an9_value:
   186                           	opt stack 0
   187  000023                     	ds	2
   188  000025                     _currentStep:
   189                           	opt stack 0
   190  000025                     	ds	2
   191  000027                     _itxdata:
   192                           	opt stack 0
   193  000027                     	ds	2
   194  000029                     _tempi:
   195                           	opt stack 0
   196  000029                     	ds	2
   197  00002B                     _uart_data:
   198                           	opt stack 0
   199  00002B                     	ds	2
   200  00002D                     _vtxdata:
   201                           	opt stack 0
   202  00002D                     	ds	2
   203  00002F                     _currentState:
   204                           	opt stack 0
   205  00002F                     	ds	1
   206  000030                     _serialByteCount:
   207                           	opt stack 0
   208  000030                     	ds	1
   209                           tblptru	equ	0xFF8
   210                           tblptrh	equ	0xFF7
   211                           tblptrl	equ	0xFF6
   212                           tablat	equ	0xFF5
   213                           postinc0	equ	0xFEE
   214                           wreg	equ	0xFE8
   215                           postdec1	equ	0xFE5
   216                           fsr1l	equ	0xFE1
   217                           
   218                           	psect	dataCOMRAM
   219  00004B                     __pdataCOMRAM:
   220                           	opt stack 0
   221  00004B                     _stateMap:
   222                           	opt stack 0
   223  00004B                     	ds	6
   224                           tblptru	equ	0xFF8
   225                           tblptrh	equ	0xFF7
   226                           tblptrl	equ	0xFF6
   227                           tablat	equ	0xFF5
   228                           postinc0	equ	0xFEE
   229                           wreg	equ	0xFE8
   230                           postdec1	equ	0xFE5
   231                           fsr1l	equ	0xFE1
   232                           
   233                           	psect	dataBANK0
   234  000060                     __pdataBANK0:
   235                           	opt stack 0
   236  000060                     _defaultAccelTable:
   237                           	opt stack 0
   238  000060                     	ds	28
   239                           tblptru	equ	0xFF8
   240                           tblptrh	equ	0xFF7
   241                           tblptrl	equ	0xFF6
   242                           tablat	equ	0xFF5
   243                           postinc0	equ	0xFEE
   244                           wreg	equ	0xFE8
   245                           postdec1	equ	0xFE5
   246                           fsr1l	equ	0xFE1
   247                           
   248                           	psect	cstackBANK0
   249  00007C                     __pcstackBANK0:
   250                           	opt stack 0
   251  00007C                     ___aldiv@counter:
   252                           	opt stack 0
   253  00007C                     moveMotor@curDelay:
   254                           	opt stack 0
   255                           
   256                           ; 2 bytes @ 0x0
   257  00007C                     	ds	1
   258  00007D                     ___aldiv@sign:
   259                           	opt stack 0
   260                           
   261                           ; 1 bytes @ 0x1
   262  00007D                     	ds	1
   263  00007E                     moveMotor@dir:
   264                           	opt stack 0
   265  00007E                     ___aldiv@quotient:
   266                           	opt stack 0
   267                           
   268                           ; 4 bytes @ 0x2
   269  00007E                     	ds	2
   270  000080                     moveMotor@stepsLeft:
   271                           	opt stack 0
   272                           
   273                           ; 2 bytes @ 0x4
   274  000080                     	ds	2
   275  000082                     moveMotor@stepsAtThisSpeed:
   276                           	opt stack 0
   277                           
   278                           ; 1 bytes @ 0x6
   279  000082                     	ds	1
   280  000083                     moveMotor@speedIndex:
   281                           	opt stack 0
   282                           
   283                           ; 1 bytes @ 0x7
   284  000083                     	ds	1
   285  000084                     ??_main:
   286                           
   287                           ; 0 bytes @ 0x8
   288  000084                     	ds	4
   289                           tblptru	equ	0xFF8
   290                           tblptrh	equ	0xFF7
   291                           tblptrl	equ	0xFF6
   292                           tablat	equ	0xFF5
   293                           postinc0	equ	0xFEE
   294                           wreg	equ	0xFE8
   295                           postdec1	equ	0xFE5
   296                           fsr1l	equ	0xFE1
   297                           
   298                           	psect	cstackCOMRAM
   299  000031                     __pcstackCOMRAM:
   300                           	opt stack 0
   301  000031                     ??_ISR:
   302  000031                     
   303                           ; 2 bytes @ 0x0
   304  000031                     	ds	14
   305  00003F                     ?___awmod:
   306                           	opt stack 0
   307  00003F                     ?___lmul:
   308                           	opt stack 0
   309  00003F                     ?___aldiv:
   310                           	opt stack 0
   311  00003F                     ?___almod:
   312                           	opt stack 0
   313  00003F                     uart_xmit@mydata_byte:
   314                           	opt stack 0
   315  00003F                     t0Delay@usec:
   316                           	opt stack 0
   317  00003F                     ___awmod@dividend:
   318                           	opt stack 0
   319  00003F                     ___aldiv@dividend:
   320                           	opt stack 0
   321  00003F                     ___almod@dividend:
   322                           	opt stack 0
   323  00003F                     ___lmul@multiplier:
   324                           	opt stack 0
   325                           
   326                           ; 4 bytes @ 0xE
   327  00003F                     	ds	2
   328  000041                     ??_serial_init:
   329  000041                     ??_t0Delay:
   330  000041                     ___awmod@divisor:
   331                           	opt stack 0
   332                           
   333                           ; 2 bytes @ 0x10
   334  000041                     	ds	2
   335  000043                     ??___awmod:
   336  000043                     ___aldiv@divisor:
   337                           	opt stack 0
   338  000043                     ___almod@divisor:
   339                           	opt stack 0
   340  000043                     ___lmul@multiplicand:
   341                           	opt stack 0
   342                           
   343                           ; 4 bytes @ 0x12
   344  000043                     	ds	1
   345  000044                     t0Delay@t0Preload:
   346                           	opt stack 0
   347  000044                     ___awmod@counter:
   348                           	opt stack 0
   349                           
   350                           ; 1 bytes @ 0x13
   351  000044                     	ds	1
   352  000045                     ___awmod@sign:
   353                           	opt stack 0
   354  000045                     t0Delay@t0ticks:
   355                           	opt stack 0
   356                           
   357                           ; 2 bytes @ 0x14
   358  000045                     	ds	2
   359  000047                     ??_zeroMotor:
   360  000047                     ??___aldiv:
   361  000047                     ??___almod:
   362  000047                     moveMotor@targetStep:
   363                           	opt stack 0
   364  000047                     ___lmul@product:
   365                           	opt stack 0
   366                           
   367                           ; 4 bytes @ 0x16
   368  000047                     	ds	1
   369  000048                     ___almod@counter:
   370                           	opt stack 0
   371  000048                     zeroMotor@i:
   372                           	opt stack 0
   373                           
   374                           ; 2 bytes @ 0x17
   375  000048                     	ds	1
   376  000049                     ??_moveMotor:
   377  000049                     ___almod@sign:
   378                           	opt stack 0
   379                           
   380                           ; 1 bytes @ 0x18
   381  000049                     	ds	2
   382                           tblptru	equ	0xFF8
   383                           tblptrh	equ	0xFF7
   384                           tblptrl	equ	0xFF6
   385                           tablat	equ	0xFF5
   386                           postinc0	equ	0xFEE
   387                           wreg	equ	0xFE8
   388                           postdec1	equ	0xFE5
   389                           fsr1l	equ	0xFE1
   390                           
   391 ;;
   392 ;;Main: autosize = 0, tempsize = 4, incstack = 0, save=0
   393 ;;
   394 ;; *************** function _main *****************
   395 ;; Defined at:
   396 ;;		line 262 in file "main.c"
   397 ;; Parameters:    Size  Location     Type
   398 ;;		None
   399 ;; Auto vars:     Size  Location     Type
   400 ;;		None
   401 ;; Return value:  Size  Location     Type
   402 ;;                  2  136[COMRAM] int 
   403 ;; Registers used:
   404 ;;		wreg, fsr2l, fsr2h, status,2, status,0, tblptrl, tblptrh, tblptru, prodl, prodh, cstack
   405 ;; Tracked objects:
   406 ;;		On entry : 0/0
   407 ;;		On exit  : 0/0
   408 ;;		Unchanged: 0/0
   409 ;; Data sizes:     COMRAM   BANK0   BANK1   BANK2   BANK3   BANK4   BANK5   BANK6   BANK7   BANK8   BANK9  BANK10  BANK1
      +1  BANK12  BANK13  BANK14  BANK15
   410 ;;      Params:         0       0       0       0       0       0       0       0       0       0       0       0       
      +0       0       0       0       0
   411 ;;      Locals:         0       0       0       0       0       0       0       0       0       0       0       0       
      +0       0       0       0       0
   412 ;;      Temps:          0       4       0       0       0       0       0       0       0       0       0       0       
      +0       0       0       0       0
   413 ;;      Totals:         0       4       0       0       0       0       0       0       0       0       0       0       
      +0       0       0       0       0
   414 ;;Total ram usage:        4 bytes
   415 ;; Hardware stack levels required when called:    3
   416 ;; This function calls:
   417 ;;		___aldiv
   418 ;;		___almod
   419 ;;		___lmul
   420 ;;		_init_io
   421 ;;		_moveMotor
   422 ;;		_serial_init
   423 ;;		_uart_xmit
   424 ;;		_zeroMotor
   425 ;; This function is called by:
   426 ;;		Startup code after reset
   427 ;; This function uses a non-reentrant model
   428 ;;
   429                           
   430                           	psect	text0
   431  001004                     __ptext0:
   432                           	opt stack 0
   433  001004                     _main:
   434                           	opt stack 28
   435                           
   436                           ;main.c: 264: init_io();
   437                           
   438                           ;incstack = 0
   439  001004  EC55  F00C         	call	_init_io	;wreg free
   440                           
   441                           ;main.c: 265: serial_init();
   442  001008  EC7B  F00C         	call	_serial_init	;wreg free
   443                           
   444                           ;main.c: 271: OSCCONbits.IRCF = 0x05;
   445  00100C  50D3               	movf	4051,w,c	;volatile
   446  00100E  0B8F               	andlw	-113
   447  001010  0950               	iorlw	80
   448  001012  6ED3               	movwf	4051,c	;volatile
   449                           
   450                           ;main.c: 272: OSCCONbits.SCS = 0x02;
   451  001014  50D3               	movf	4051,w,c	;volatile
   452  001016  0BFC               	andlw	-4
   453  001018  0902               	iorlw	2
   454  00101A  6ED3               	movwf	4051,c	;volatile
   455                           
   456                           ;main.c: 274: ADCON0 = 0b00100101;
   457  00101C  0E25               	movlw	37
   458  00101E  6EC2               	movwf	4034,c	;volatile
   459                           
   460                           ;main.c: 275: ADCON1 = 0b00000000;
   461  001020  0E00               	movlw	0
   462  001022  6EC1               	movwf	4033,c	;volatile
   463                           
   464                           ;main.c: 276: ADCON2 = 0b00111011;
   465  001024  0E3B               	movlw	59
   466  001026  6EC0               	movwf	4032,c	;volatile
   467                           
   468                           ;main.c: 282: INTCONbits.TMR0IE = 0;
   469  001028  9AF2               	bcf	intcon,5,c	;volatile
   470                           
   471                           ;main.c: 284: TMR0=0;
   472  00102A  0E00               	movlw	0
   473  00102C  6ED7               	movwf	4055,c	;volatile
   474  00102E  0E00               	movlw	0
   475  001030  6ED6               	movwf	4054,c	;volatile
   476                           
   477                           ;main.c: 286: T0CONbits.T08BIT = 1;
   478  001032  8CD5               	bsf	4053,6,c	;volatile
   479                           
   480                           ;main.c: 287: T0CONbits.T0CS = 0;
   481  001034  9AD5               	bcf	4053,5,c	;volatile
   482                           
   483                           ;main.c: 288: T0CONbits.PSA = 0;
   484  001036  96D5               	bcf	4053,3,c	;volatile
   485                           
   486                           ;main.c: 289: T0CONbits.T0PS = 0x04;
   487  001038  50D5               	movf	4053,w,c	;volatile
   488  00103A  0BF8               	andlw	-8
   489  00103C  0904               	iorlw	4
   490  00103E  6ED5               	movwf	4053,c	;volatile
   491                           
   492                           ;main.c: 290: INTCONbits.TMR0IF = 0;
   493  001040  94F2               	bcf	intcon,2,c	;volatile
   494                           
   495                           ;main.c: 292: T0CONbits.TMR0ON = 1;
   496  001042  8ED5               	bsf	4053,7,c	;volatile
   497                           
   498                           ;main.c: 294: _delay((unsigned long)((5)*(4000000/4000000.0)));
   499  001044  F000               	nop	
   500  001046  D000               	nop2		;2 cycle nop
   501  001048  D000               	nop2		;2 cycle nop
   502                           
   503                           ;main.c: 296: currentStep = 0;
   504  00104A  0E00               	movlw	0
   505  00104C  6E26               	movwf	_currentStep+1,c
   506  00104E  0E00               	movlw	0
   507  001050  6E25               	movwf	_currentStep,c
   508                           
   509                           ;main.c: 297: currentState = 0;
   510  001052  0100               	movlb	0	; () banked
   511  001054  6F84               	movwf	??_main& (0+255),b
   512  001056  0E00               	movlw	0
   513  001058  6E2F               	movwf	_currentState,c
   514  00105A  0100               	movlb	0	; () banked
   515  00105C  5184               	movf	??_main& (0+255),w,b
   516                           
   517                           ; BSR set to: 0
   518                           ;main.c: 301: zeroMotor();
   519  00105E  EC9F  F00B         	call	_zeroMotor	;wreg free
   520                           
   521                           ;main.c: 302: _delay((unsigned long)((149)*(4000000/4000.0)));
   522  001062  0EC2               	movlw	194
   523  001064  0100               	movlb	0	; () banked
   524  001066  6F84               	movwf	??_main& (0+255),b
   525  001068  0E80               	movlw	128
   526  00106A                     u867:
   527  00106A  2EE8               	decfsz	wreg,f,c
   528  00106C  D7FE               	goto	u867
   529  00106E  2F84               	decfsz	??_main& (0+255),f,b
   530  001070  D7FC               	goto	u867
   531  001072  D000               	nop2	
   532                           
   533                           ;main.c: 303: _delay((unsigned long)((149)*(4000000/4000.0)));
   534  001074  0EC2               	movlw	194
   535  001076  0100               	movlb	0	; () banked
   536  001078  6F84               	movwf	??_main& (0+255),b
   537  00107A  0E80               	movlw	128
   538  00107C                     u877:
   539  00107C  2EE8               	decfsz	wreg,f,c
   540  00107E  D7FE               	goto	u877
   541  001080  2F84               	decfsz	??_main& (0+255),f,b
   542  001082  D7FC               	goto	u877
   543  001084  D000               	nop2	
   544                           
   545                           ;main.c: 304: _delay((unsigned long)((149)*(4000000/4000.0)));
   546  001086  0EC2               	movlw	194
   547  001088  0100               	movlb	0	; () banked
   548  00108A  6F84               	movwf	??_main& (0+255),b
   549  00108C  0E80               	movlw	128
   550  00108E                     u887:
   551  00108E  2EE8               	decfsz	wreg,f,c
   552  001090  D7FE               	goto	u887
   553  001092  2F84               	decfsz	??_main& (0+255),f,b
   554  001094  D7FC               	goto	u887
   555  001096  D000               	nop2	
   556                           
   557                           ;main.c: 305: _delay((unsigned long)((149)*(4000000/4000.0)));
   558  001098  0EC2               	movlw	194
   559  00109A  0100               	movlb	0	; () banked
   560  00109C  6F84               	movwf	??_main& (0+255),b
   561  00109E  0E80               	movlw	128
   562  0010A0                     u897:
   563  0010A0  2EE8               	decfsz	wreg,f,c
   564  0010A2  D7FE               	goto	u897
   565  0010A4  2F84               	decfsz	??_main& (0+255),f,b
   566  0010A6  D7FC               	goto	u897
   567  0010A8  D000               	nop2	
   568                           
   569                           ;main.c: 306: _delay((unsigned long)((149)*(4000000/4000.0)));
   570  0010AA  0EC2               	movlw	194
   571  0010AC  0100               	movlb	0	; () banked
   572  0010AE  6F84               	movwf	??_main& (0+255),b
   573  0010B0  0E80               	movlw	128
   574  0010B2                     u907:
   575  0010B2  2EE8               	decfsz	wreg,f,c
   576  0010B4  D7FE               	goto	u907
   577  0010B6  2F84               	decfsz	??_main& (0+255),f,b
   578  0010B8  D7FC               	goto	u907
   579  0010BA  D000               	nop2	
   580                           
   581                           ;main.c: 307: _delay((unsigned long)((149)*(4000000/4000.0)));
   582  0010BC  0EC2               	movlw	194
   583  0010BE  0100               	movlb	0	; () banked
   584  0010C0  6F84               	movwf	??_main& (0+255),b
   585  0010C2  0E80               	movlw	128
   586  0010C4                     u917:
   587  0010C4  2EE8               	decfsz	wreg,f,c
   588  0010C6  D7FE               	goto	u917
   589  0010C8  2F84               	decfsz	??_main& (0+255),f,b
   590  0010CA  D7FC               	goto	u917
   591  0010CC  D000               	nop2	
   592                           
   593                           ;main.c: 308: moveMotor(20);
   594  0010CE  0E00               	movlw	0
   595  0010D0  6E48               	movwf	moveMotor@targetStep+1,c
   596  0010D2  0E14               	movlw	20
   597  0010D4  6E47               	movwf	moveMotor@targetStep,c
   598  0010D6  EC56  F009         	call	_moveMotor	;wreg free
   599                           
   600                           ;main.c: 309: _delay((unsigned long)((149)*(4000000/4000.0)));
   601  0010DA  0EC2               	movlw	194
   602  0010DC  0100               	movlb	0	; () banked
   603  0010DE  6F84               	movwf	??_main& (0+255),b
   604  0010E0  0E80               	movlw	128
   605  0010E2                     u927:
   606  0010E2  2EE8               	decfsz	wreg,f,c
   607  0010E4  D7FE               	goto	u927
   608  0010E6  2F84               	decfsz	??_main& (0+255),f,b
   609  0010E8  D7FC               	goto	u927
   610  0010EA  D000               	nop2	
   611                           
   612                           ;main.c: 310: _delay((unsigned long)((149)*(4000000/4000.0)));
   613  0010EC  0EC2               	movlw	194
   614  0010EE  0100               	movlb	0	; () banked
   615  0010F0  6F84               	movwf	??_main& (0+255),b
   616  0010F2  0E80               	movlw	128
   617  0010F4                     u937:
   618  0010F4  2EE8               	decfsz	wreg,f,c
   619  0010F6  D7FE               	goto	u937
   620  0010F8  2F84               	decfsz	??_main& (0+255),f,b
   621  0010FA  D7FC               	goto	u937
   622  0010FC  D000               	nop2	
   623                           
   624                           ;main.c: 311: _delay((unsigned long)((149)*(4000000/4000.0)));
   625  0010FE  0EC2               	movlw	194
   626  001100  0100               	movlb	0	; () banked
   627  001102  6F84               	movwf	??_main& (0+255),b
   628  001104  0E80               	movlw	128
   629  001106                     u947:
   630  001106  2EE8               	decfsz	wreg,f,c
   631  001108  D7FE               	goto	u947
   632  00110A  2F84               	decfsz	??_main& (0+255),f,b
   633  00110C  D7FC               	goto	u947
   634  00110E  D000               	nop2	
   635                           
   636                           ;main.c: 312: _delay((unsigned long)((149)*(4000000/4000.0)));
   637  001110  0EC2               	movlw	194
   638  001112  0100               	movlb	0	; () banked
   639  001114  6F84               	movwf	??_main& (0+255),b
   640  001116  0E80               	movlw	128
   641  001118                     u957:
   642  001118  2EE8               	decfsz	wreg,f,c
   643  00111A  D7FE               	goto	u957
   644  00111C  2F84               	decfsz	??_main& (0+255),f,b
   645  00111E  D7FC               	goto	u957
   646  001120  D000               	nop2	
   647                           
   648                           ;main.c: 313: _delay((unsigned long)((149)*(4000000/4000.0)));
   649  001122  0EC2               	movlw	194
   650  001124  0100               	movlb	0	; () banked
   651  001126  6F84               	movwf	??_main& (0+255),b
   652  001128  0E80               	movlw	128
   653  00112A                     u967:
   654  00112A  2EE8               	decfsz	wreg,f,c
   655  00112C  D7FE               	goto	u967
   656  00112E  2F84               	decfsz	??_main& (0+255),f,b
   657  001130  D7FC               	goto	u967
   658  001132  D000               	nop2	
   659                           
   660                           ;main.c: 314: _delay((unsigned long)((149)*(4000000/4000.0)));
   661  001134  0EC2               	movlw	194
   662  001136  0100               	movlb	0	; () banked
   663  001138  6F84               	movwf	??_main& (0+255),b
   664  00113A  0E80               	movlw	128
   665  00113C                     u977:
   666  00113C  2EE8               	decfsz	wreg,f,c
   667  00113E  D7FE               	goto	u977
   668  001140  2F84               	decfsz	??_main& (0+255),f,b
   669  001142  D7FC               	goto	u977
   670  001144  D000               	nop2	
   671                           
   672                           ;main.c: 316: moveMotor(940);
   673  001146  0E03               	movlw	3
   674  001148  6E48               	movwf	moveMotor@targetStep+1,c
   675  00114A  0EAC               	movlw	172
   676  00114C  6E47               	movwf	moveMotor@targetStep,c
   677  00114E  EC56  F009         	call	_moveMotor	;wreg free
   678                           
   679                           ;main.c: 317: moveMotor(5);
   680  001152  0E00               	movlw	0
   681  001154  6E48               	movwf	moveMotor@targetStep+1,c
   682  001156  0E05               	movlw	5
   683  001158  6E47               	movwf	moveMotor@targetStep,c
   684  00115A  EC56  F009         	call	_moveMotor	;wreg free
   685  00115E                     l1567:
   686                           
   687                           ;main.c: 326: ADCON0 = 0b00100101;
   688  00115E  0E25               	movlw	37
   689  001160  6EC2               	movwf	4034,c	;volatile
   690                           
   691                           ;main.c: 327: _delay((unsigned long)((5)*(4000000/4000000.0)));
   692  001162  F000               	nop	
   693  001164  D000               	nop2		;2 cycle nop
   694  001166  D000               	nop2		;2 cycle nop
   695                           
   696                           ;main.c: 328: GO = 1;
   697  001168  82C2               	bsf	4034,1,c	;volatile
   698  00116A                     l138:
   699  00116A  B2C2               	btfsc	4034,1,c	;volatile
   700  00116C  D7FE               	goto	l138
   701                           
   702                           ;main.c: 330: an9_value = ADRESH;
   703  00116E  CFC4 F023          	movff	4036,_an9_value	;volatile
   704  001172  6A24               	clrf	_an9_value+1,c
   705                           
   706                           ;main.c: 332: fvar = an9_value;
   707  001174  C023  F019         	movff	_an9_value,_fvar
   708  001178  C024  F01A         	movff	_an9_value+1,_fvar+1
   709  00117C  0E00               	movlw	0
   710  00117E  BE1A               	btfsc	_fvar+1,7,c
   711  001180  0EFF               	movlw	-1
   712  001182  6E1B               	movwf	_fvar+2,c
   713  001184  6E1C               	movwf	_fvar+3,c
   714                           
   715                           ;main.c: 333: fvar = fvar * 10749;
   716  001186  C019  F03F         	movff	_fvar,___lmul@multiplier
   717  00118A  C01A  F040         	movff	_fvar+1,___lmul@multiplier+1
   718  00118E  C01B  F041         	movff	_fvar+2,___lmul@multiplier+2
   719  001192  C01C  F042         	movff	_fvar+3,___lmul@multiplier+3
   720  001196  0EFD               	movlw	253
   721  001198  6E43               	movwf	___lmul@multiplicand,c
   722  00119A  0E29               	movlw	41
   723  00119C  6E44               	movwf	___lmul@multiplicand+1,c
   724  00119E  0E00               	movlw	0
   725  0011A0  6E45               	movwf	___lmul@multiplicand+2,c
   726  0011A2  0E00               	movlw	0
   727  0011A4  6E46               	movwf	___lmul@multiplicand+3,c
   728  0011A6  ECDB  F00B         	call	___lmul	;wreg free
   729  0011AA  C03F  F019         	movff	?___lmul,_fvar
   730  0011AE  C040  F01A         	movff	?___lmul+1,_fvar+1
   731  0011B2  C041  F01B         	movff	?___lmul+2,_fvar+2
   732  0011B6  C042  F01C         	movff	?___lmul+3,_fvar+3
   733                           
   734                           ;main.c: 334: fvar = fvar / 256;
   735  0011BA  C019  F03F         	movff	_fvar,___aldiv@dividend
   736  0011BE  C01A  F040         	movff	_fvar+1,___aldiv@dividend+1
   737  0011C2  C01B  F041         	movff	_fvar+2,___aldiv@dividend+2
   738  0011C6  C01C  F042         	movff	_fvar+3,___aldiv@dividend+3
   739  0011CA  0E00               	movlw	0
   740  0011CC  6E43               	movwf	___aldiv@divisor,c
   741  0011CE  0E01               	movlw	1
   742  0011D0  6E44               	movwf	___aldiv@divisor+1,c
   743  0011D2  0E00               	movlw	0
   744  0011D4  6E45               	movwf	___aldiv@divisor+2,c
   745  0011D6  0E00               	movlw	0
   746  0011D8  6E46               	movwf	___aldiv@divisor+3,c
   747  0011DA  EC37  F00A         	call	___aldiv	;wreg free
   748  0011DE  C03F  F019         	movff	?___aldiv,_fvar
   749  0011E2  C040  F01A         	movff	?___aldiv+1,_fvar+1
   750  0011E6  C041  F01B         	movff	?___aldiv+2,_fvar+2
   751  0011EA  C042  F01C         	movff	?___aldiv+3,_fvar+3
   752                           
   753                           ;main.c: 335: tens = fvar / 100;
   754  0011EE  C019  F03F         	movff	_fvar,___aldiv@dividend
   755  0011F2  C01A  F040         	movff	_fvar+1,___aldiv@dividend+1
   756  0011F6  C01B  F041         	movff	_fvar+2,___aldiv@dividend+2
   757  0011FA  C01C  F042         	movff	_fvar+3,___aldiv@dividend+3
   758  0011FE  0E64               	movlw	100
   759  001200  6E43               	movwf	___aldiv@divisor,c
   760  001202  0E00               	movlw	0
   761  001204  6E44               	movwf	___aldiv@divisor+1,c
   762  001206  0E00               	movlw	0
   763  001208  6E45               	movwf	___aldiv@divisor+2,c
   764  00120A  0E00               	movlw	0
   765  00120C  6E46               	movwf	___aldiv@divisor+3,c
   766  00120E  EC37  F00A         	call	___aldiv	;wreg free
   767  001212  C03F  F01D         	movff	?___aldiv,_tens
   768  001216  C040  F01E         	movff	?___aldiv+1,_tens+1
   769  00121A  C041  F01F         	movff	?___aldiv+2,_tens+2
   770  00121E  C042  F020         	movff	?___aldiv+3,_tens+3
   771                           
   772                           ;main.c: 337: decm = fvar % 100;
   773  001222  C019  F03F         	movff	_fvar,___almod@dividend
   774  001226  C01A  F040         	movff	_fvar+1,___almod@dividend+1
   775  00122A  C01B  F041         	movff	_fvar+2,___almod@dividend+2
   776  00122E  C01C  F042         	movff	_fvar+3,___almod@dividend+3
   777  001232  0E64               	movlw	100
   778  001234  6E43               	movwf	___almod@divisor,c
   779  001236  0E00               	movlw	0
   780  001238  6E44               	movwf	___almod@divisor+1,c
   781  00123A  0E00               	movlw	0
   782  00123C  6E45               	movwf	___almod@divisor+2,c
   783  00123E  0E00               	movlw	0
   784  001240  6E46               	movwf	___almod@divisor+3,c
   785  001242  ECDD  F00A         	call	___almod	;wreg free
   786  001246  C03F  F015         	movff	?___almod,_decm
   787  00124A  C040  F016         	movff	?___almod+1,_decm+1
   788  00124E  C041  F017         	movff	?___almod+2,_decm+2
   789  001252  C042  F018         	movff	?___almod+3,_decm+3
   790                           
   791                           ;main.c: 338: vtxdata = fvar / 20;
   792  001256  C019  F03F         	movff	_fvar,___aldiv@dividend
   793  00125A  C01A  F040         	movff	_fvar+1,___aldiv@dividend+1
   794  00125E  C01B  F041         	movff	_fvar+2,___aldiv@dividend+2
   795  001262  C01C  F042         	movff	_fvar+3,___aldiv@dividend+3
   796  001266  0E14               	movlw	20
   797  001268  6E43               	movwf	___aldiv@divisor,c
   798  00126A  0E00               	movlw	0
   799  00126C  6E44               	movwf	___aldiv@divisor+1,c
   800  00126E  0E00               	movlw	0
   801  001270  6E45               	movwf	___aldiv@divisor+2,c
   802  001272  0E00               	movlw	0
   803  001274  6E46               	movwf	___aldiv@divisor+3,c
   804  001276  EC37  F00A         	call	___aldiv	;wreg free
   805  00127A  C03F  F084         	movff	?___aldiv,??_main
   806  00127E  C040  F085         	movff	?___aldiv+1,??_main+1
   807  001282  C041  F086         	movff	?___aldiv+2,??_main+2
   808  001286  C042  F087         	movff	?___aldiv+3,??_main+3
   809  00128A  C084  F02D         	movff	??_main,_vtxdata
   810  00128E  C085  F02E         	movff	??_main+1,_vtxdata+1
   811                           
   812                           ;main.c: 340: uart_xmit(vtxdata);
   813  001292  C02D  F03F         	movff	_vtxdata,uart_xmit@mydata_byte
   814  001296  C02E  F040         	movff	_vtxdata+1,uart_xmit@mydata_byte+1
   815  00129A  ECA6  F00C         	call	_uart_xmit	;wreg free
   816                           
   817                           ;main.c: 342: moveMotor(vtxdata);
   818  00129E  C02D  F047         	movff	_vtxdata,moveMotor@targetStep
   819  0012A2  C02E  F048         	movff	_vtxdata+1,moveMotor@targetStep+1
   820  0012A6  EC56  F009         	call	_moveMotor	;wreg free
   821  0012AA  D759               	goto	l1567
   822  0012AC                     __end_of_main:
   823                           	opt stack 0
   824                           tblptru	equ	0xFF8
   825                           tblptrh	equ	0xFF7
   826                           tblptrl	equ	0xFF6
   827                           tablat	equ	0xFF5
   828                           intcon	equ	0xFF2
   829                           postinc0	equ	0xFEE
   830                           wreg	equ	0xFE8
   831                           postdec1	equ	0xFE5
   832                           fsr1l	equ	0xFE1
   833                           
   834 ;; *************** function _zeroMotor *****************
   835 ;; Defined at:
   836 ;;		line 177 in file "main.c"
   837 ;; Parameters:    Size  Location     Type
   838 ;;		None
   839 ;; Auto vars:     Size  Location     Type
   840 ;;  i               2   23[COMRAM] unsigned int 
   841 ;; Return value:  Size  Location     Type
   842 ;;		None               void
   843 ;; Registers used:
   844 ;;		wreg, fsr2l, fsr2h, status,2, status,0, tblptrl, tblptrh, tblptru, prodl, prodh, cstack
   845 ;; Tracked objects:
   846 ;;		On entry : 0/0
   847 ;;		On exit  : 0/0
   848 ;;		Unchanged: 0/0
   849 ;; Data sizes:     COMRAM   BANK0   BANK1   BANK2   BANK3   BANK4   BANK5   BANK6   BANK7   BANK8   BANK9  BANK10  BANK1
      +1  BANK12  BANK13  BANK14  BANK15
   850 ;;      Params:         0       0       0       0       0       0       0       0       0       0       0       0       
      +0       0       0       0       0
   851 ;;      Locals:         2       0       0       0       0       0       0       0       0       0       0       0       
      +0       0       0       0       0
   852 ;;      Temps:          1       0       0       0       0       0       0       0       0       0       0       0       
      +0       0       0       0       0
   853 ;;      Totals:         3       0       0       0       0       0       0       0       0       0       0       0       
      +0       0       0       0       0
   854 ;;Total ram usage:        3 bytes
   855 ;; Hardware stack levels used:    1
   856 ;; Hardware stack levels required when called:    2
   857 ;; This function calls:
   858 ;;		___awmod
   859 ;;		_t0Delay
   860 ;; This function is called by:
   861 ;;		_main
   862 ;; This function uses a non-reentrant model
   863 ;;
   864                           
   865                           	psect	text1
   866  00173E                     __ptext1:
   867                           	opt stack 0
   868  00173E                     _zeroMotor:
   869                           	opt stack 28
   870                           
   871                           ;main.c: 179: unsigned int i;
   872                           ;main.c: 180: for (i=0; i < 945; i++)
   873                           
   874                           ;incstack = 0
   875  00173E  0E00               	movlw	0
   876  001740  6E49               	movwf	zeroMotor@i+1,c
   877  001742  0E00               	movlw	0
   878  001744  6E48               	movwf	zeroMotor@i,c
   879  001746  0EB1               	movlw	177
   880  001748  5C48               	subwf	zeroMotor@i,w,c
   881  00174A  0E03               	movlw	3
   882  00174C  5849               	subwfb	zeroMotor@i+1,w,c
   883  00174E  B0D8               	btfsc	status,0,c
   884  001750  D027               	goto	l1447
   885                           
   886                           ;main.c: 181: {
   887                           ;main.c: 182: LATC=stateMap[currentState];
   888  001752  502F               	movf	_currentState,w,c
   889  001754  0D01               	mullw	1
   890  001756  0E4B               	movlw	low _stateMap
   891  001758  24F3               	addwf	prodl,w,c
   892  00175A  6ED9               	movwf	fsr2l,c
   893  00175C  0E00               	movlw	high _stateMap
   894  00175E  20F4               	addwfc	prodh,w,c
   895  001760  6EDA               	movwf	fsr2h,c
   896  001762  50DF               	movf	indf2,w,c
   897  001764  6E8B               	movwf	3979,c	;volatile
   898                           
   899                           ;main.c: 183: currentState = (currentState + 5) % stateCount;
   900  001766  0E05               	movlw	5
   901  001768  242F               	addwf	_currentState,w,c
   902  00176A  6E3F               	movwf	___awmod@dividend,c
   903  00176C  6A40               	clrf	___awmod@dividend+1,c
   904  00176E  0E00               	movlw	0
   905  001770  2240               	addwfc	___awmod@dividend+1,f,c
   906  001772  0E01               	movlw	low _stateCount
   907  001774  6EF6               	movwf	tblptrl,c
   908  001776  0E10               	movlw	high _stateCount
   909  001778  6EF7               	movwf	tblptrh,c
   910  00177A  0E00               	movlw	low (_stateCount shr (0+16))
   911  00177C  6EF8               	movwf	tblptru,c
   912  00177E  0008               	tblrd		*
   913  001780  50F5               	movf	tablat,w,c
   914  001782  6E41               	movwf	___awmod@divisor,c
   915  001784  6A42               	clrf	___awmod@divisor+1,c
   916  001786  EC51  F00B         	call	___awmod	;wreg free
   917  00178A  503F               	movf	?___awmod,w,c
   918  00178C  6E2F               	movwf	_currentState,c
   919                           
   920                           ;main.c: 184: t0Delay(1900);
   921  00178E  0E07               	movlw	7
   922  001790  6E40               	movwf	t0Delay@usec+1,c
   923  001792  0E6C               	movlw	108
   924  001794  6E3F               	movwf	t0Delay@usec,c
   925  001796  EC2F  F00C         	call	_t0Delay	;wreg free
   926  00179A  4A48               	infsnz	zeroMotor@i,f,c
   927  00179C  2A49               	incf	zeroMotor@i+1,f,c
   928  00179E  D7D3               	goto	L1
   929  0017A0                     l1447:
   930                           
   931                           ;main.c: 185: }
   932                           ;main.c: 187: currentStep = 0;
   933  0017A0  0E00               	movlw	0
   934  0017A2  6E26               	movwf	_currentStep+1,c
   935  0017A4  0E00               	movlw	0
   936  0017A6  6E25               	movwf	_currentStep,c
   937                           
   938                           ;main.c: 188: currentState = 0;
   939  0017A8  6E47               	movwf	??_zeroMotor& (0+255),c
   940  0017AA  0E00               	movlw	0
   941  0017AC  6E2F               	movwf	_currentState,c
   942  0017AE  5047               	movf	??_zeroMotor& (0+255),w,c
   943                           
   944                           ;main.c: 189: LATC=0;
   945  0017B0  0E00               	movlw	0
   946  0017B2  6E8B               	movwf	3979,c	;volatile
   947  0017B4  0012               	return	
   948  0017B6                     __end_of_zeroMotor:
   949                           	opt stack 0
   950                           tblptru	equ	0xFF8
   951                           tblptrh	equ	0xFF7
   952                           tblptrl	equ	0xFF6
   953                           tablat	equ	0xFF5
   954                           prodh	equ	0xFF4
   955                           prodl	equ	0xFF3
   956                           intcon	equ	0xFF2
   957                           postinc0	equ	0xFEE
   958                           wreg	equ	0xFE8
   959                           postdec1	equ	0xFE5
   960                           fsr1l	equ	0xFE1
   961                           indf2	equ	0xFDF
   962                           fsr2h	equ	0xFDA
   963                           fsr2l	equ	0xFD9
   964                           status	equ	0xFD8
   965                           
   966 ;; *************** function _serial_init *****************
   967 ;; Defined at:
   968 ;;		line 124 in file "main.c"
   969 ;; Parameters:    Size  Location     Type
   970 ;;		None
   971 ;; Auto vars:     Size  Location     Type
   972 ;;		None
   973 ;; Return value:  Size  Location     Type
   974 ;;		None               void
   975 ;; Registers used:
   976 ;;		wreg, status,2, cstack
   977 ;; Tracked objects:
   978 ;;		On entry : 0/0
   979 ;;		On exit  : 0/0
   980 ;;		Unchanged: 0/0
   981 ;; Data sizes:     COMRAM   BANK0   BANK1   BANK2   BANK3   BANK4   BANK5   BANK6   BANK7   BANK8   BANK9  BANK10  BANK1
      +1  BANK12  BANK13  BANK14  BANK15
   982 ;;      Params:         0       0       0       0       0       0       0       0       0       0       0       0       
      +0       0       0       0       0
   983 ;;      Locals:         0       0       0       0       0       0       0       0       0       0       0       0       
      +0       0       0       0       0
   984 ;;      Temps:          1       0       0       0       0       0       0       0       0       0       0       0       
      +0       0       0       0       0
   985 ;;      Totals:         1       0       0       0       0       0       0       0       0       0       0       0       
      +0       0       0       0       0
   986 ;;Total ram usage:        1 bytes
   987 ;; Hardware stack levels used:    1
   988 ;; Hardware stack levels required when called:    2
   989 ;; This function calls:
   990 ;;		_uart_xmit
   991 ;; This function is called by:
   992 ;;		_main
   993 ;; This function uses a non-reentrant model
   994 ;;
   995                           
   996                           	psect	text2
   997  0018F6                     __ptext2:
   998                           	opt stack 0
   999  0018F6                     _serial_init:
  1000                           	opt stack 28
  1001                           
  1002                           ;main.c: 134: TXSTA1bits.BRGH=1;
  1003                           
  1004                           ;incstack = 0
  1005  0018F6  84AC               	bsf	4012,2,c	;volatile
  1006                           
  1007                           ;main.c: 135: TXSTA1bits.TX9=0;
  1008  0018F8  9CAC               	bcf	4012,6,c	;volatile
  1009                           
  1010                           ;main.c: 136: TXSTA1bits.TXEN = 1;
  1011  0018FA  8AAC               	bsf	4012,5,c	;volatile
  1012                           
  1013                           ;main.c: 139: RCSTA1bits.SPEN=1;
  1014  0018FC  8EAB               	bsf	4011,7,c	;volatile
  1015                           
  1016                           ;main.c: 140: RCSTA1bits.RX9=0;
  1017  0018FE  9CAB               	bcf	4011,6,c	;volatile
  1018                           
  1019                           ;main.c: 141: RCSTA1bits.CREN=1;
  1020  001900  88AB               	bsf	4011,4,c	;volatile
  1021                           
  1022                           ;main.c: 143: SPBRG1=25;
  1023  001902  0E19               	movlw	25
  1024  001904  6EAF               	movwf	4015,c	;volatile
  1025                           
  1026                           ;main.c: 144: SPBRGH1=0;
  1027  001906  0E00               	movlw	0
  1028  001908  6EB0               	movwf	4016,c	;volatile
  1029                           
  1030                           ;main.c: 146: PIR1bits.RCIF=0;
  1031  00190A  9A9E               	bcf	3998,5,c	;volatile
  1032                           
  1033                           ;main.c: 147: PIE1bits.RCIE=1;
  1034  00190C  8A9D               	bsf	3997,5,c	;volatile
  1035                           
  1036                           ;main.c: 148: INTCONbits.PEIE = 1;
  1037  00190E  8CF2               	bsf	intcon,6,c	;volatile
  1038                           
  1039                           ;main.c: 149: INTCONbits.GIE = 1;
  1040  001910  8EF2               	bsf	intcon,7,c	;volatile
  1041                           
  1042                           ;main.c: 151: _delay((unsigned long)((50)*(4000000/4000.0)));
  1043  001912  0E41               	movlw	65
  1044  001914  6E41               	movwf	??_serial_init& (0+255),c
  1045  001916  0EEE               	movlw	238
  1046  001918                     u987:
  1047  001918  2EE8               	decfsz	wreg,f,c
  1048  00191A  D7FE               	goto	u987
  1049  00191C  2E41               	decfsz	??_serial_init& (0+255),f,c
  1050  00191E  D7FC               	goto	u987
  1051  001920  D000               	nop2	
  1052                           
  1053                           ;main.c: 153: uart_xmit('R');
  1054  001922  0E00               	movlw	0
  1055  001924  6E40               	movwf	uart_xmit@mydata_byte+1,c
  1056  001926  0E52               	movlw	82
  1057  001928  6E3F               	movwf	uart_xmit@mydata_byte,c
  1058  00192A  ECA6  F00C         	call	_uart_xmit	;wreg free
  1059  00192E  0012               	return	
  1060  001930                     __end_of_serial_init:
  1061                           	opt stack 0
  1062                           tblptru	equ	0xFF8
  1063                           tblptrh	equ	0xFF7
  1064                           tblptrl	equ	0xFF6
  1065                           tablat	equ	0xFF5
  1066                           prodh	equ	0xFF4
  1067                           prodl	equ	0xFF3
  1068                           intcon	equ	0xFF2
  1069                           postinc0	equ	0xFEE
  1070                           wreg	equ	0xFE8
  1071                           postdec1	equ	0xFE5
  1072                           fsr1l	equ	0xFE1
  1073                           indf2	equ	0xFDF
  1074                           fsr2h	equ	0xFDA
  1075                           fsr2l	equ	0xFD9
  1076                           status	equ	0xFD8
  1077                           
  1078 ;; *************** function _uart_xmit *****************
  1079 ;; Defined at:
  1080 ;;		line 118 in file "main.c"
  1081 ;; Parameters:    Size  Location     Type
  1082 ;;  mydata_byte     2   14[COMRAM] unsigned int 
  1083 ;; Auto vars:     Size  Location     Type
  1084 ;;		None
  1085 ;; Return value:  Size  Location     Type
  1086 ;;		None               void
  1087 ;; Registers used:
  1088 ;;		None
  1089 ;; Tracked objects:
  1090 ;;		On entry : 0/0
  1091 ;;		On exit  : 0/0
  1092 ;;		Unchanged: 0/0
  1093 ;; Data sizes:     COMRAM   BANK0   BANK1   BANK2   BANK3   BANK4   BANK5   BANK6   BANK7   BANK8   BANK9  BANK10  BANK1
      +1  BANK12  BANK13  BANK14  BANK15
  1094 ;;      Params:         2       0       0       0       0       0       0       0       0       0       0       0       
      +0       0       0       0       0
  1095 ;;      Locals:         0       0       0       0       0       0       0       0       0       0       0       0       
      +0       0       0       0       0
  1096 ;;      Temps:          0       0       0       0       0       0       0       0       0       0       0       0       
      +0       0       0       0       0
  1097 ;;      Totals:         2       0       0       0       0       0       0       0       0       0       0       0       
      +0       0       0       0       0
  1098 ;;Total ram usage:        2 bytes
  1099 ;; Hardware stack levels used:    1
  1100 ;; Hardware stack levels required when called:    1
  1101 ;; This function calls:
  1102 ;;		Nothing
  1103 ;; This function is called by:
  1104 ;;		_serial_init
  1105 ;;		_main
  1106 ;; This function uses a non-reentrant model
  1107 ;;
  1108                           
  1109                           	psect	text3
  1110  00194C                     __ptext3:
  1111                           	opt stack 0
  1112  00194C                     _uart_xmit:
  1113                           	opt stack 29
  1114  00194C                     l98:
  1115  00194C  A2AC               	btfss	4012,1,c	;volatile
  1116  00194E  D7FE               	goto	l98
  1117                           
  1118                           ;main.c: 121: TXREG = mydata_byte;
  1119  001950  C03F  FFAD         	movff	uart_xmit@mydata_byte,4013	;volatile
  1120  001954  0012               	return	
  1121  001956                     __end_of_uart_xmit:
  1122                           	opt stack 0
  1123                           tblptru	equ	0xFF8
  1124                           tblptrh	equ	0xFF7
  1125                           tblptrl	equ	0xFF6
  1126                           tablat	equ	0xFF5
  1127                           prodh	equ	0xFF4
  1128                           prodl	equ	0xFF3
  1129                           intcon	equ	0xFF2
  1130                           postinc0	equ	0xFEE
  1131                           wreg	equ	0xFE8
  1132                           postdec1	equ	0xFE5
  1133                           fsr1l	equ	0xFE1
  1134                           indf2	equ	0xFDF
  1135                           fsr2h	equ	0xFDA
  1136                           fsr2l	equ	0xFD9
  1137                           status	equ	0xFD8
  1138                           
  1139 ;; *************** function _moveMotor *****************
  1140 ;; Defined at:
  1141 ;;		line 194 in file "main.c"
  1142 ;; Parameters:    Size  Location     Type
  1143 ;;  targetStep      2   22[COMRAM] unsigned int 
  1144 ;; Auto vars:     Size  Location     Type
  1145 ;;  stepsLeft       2    4[BANK0 ] unsigned int 
  1146 ;;  dir             2    2[BANK0 ] unsigned int 
  1147 ;;  curDelay        2    0[BANK0 ] unsigned int 
  1148 ;;  speedIndex      1    7[BANK0 ] unsigned char 
  1149 ;;  stepsAtThisS    1    6[BANK0 ] unsigned char 
  1150 ;; Return value:  Size  Location     Type
  1151 ;;		None               void
  1152 ;; Registers used:
  1153 ;;		wreg, fsr2l, fsr2h, status,2, status,0, tblptrl, tblptrh, tblptru, prodl, prodh, cstack
  1154 ;; Tracked objects:
  1155 ;;		On entry : 0/0
  1156 ;;		On exit  : 0/0
  1157 ;;		Unchanged: 0/0
  1158 ;; Data sizes:     COMRAM   BANK0   BANK1   BANK2   BANK3   BANK4   BANK5   BANK6   BANK7   BANK8   BANK9  BANK10  BANK1
      +1  BANK12  BANK13  BANK14  BANK15
  1159 ;;      Params:         2       0       0       0       0       0       0       0       0       0       0       0       
      +0       0       0       0       0
  1160 ;;      Locals:         0       8       0       0       0       0       0       0       0       0       0       0       
      +0       0       0       0       0
  1161 ;;      Temps:          2       0       0       0       0       0       0       0       0       0       0       0       
      +0       0       0       0       0
  1162 ;;      Totals:         4       8       0       0       0       0       0       0       0       0       0       0       
      +0       0       0       0       0
  1163 ;;Total ram usage:       12 bytes
  1164 ;; Hardware stack levels used:    1
  1165 ;; Hardware stack levels required when called:    2
  1166 ;; This function calls:
  1167 ;;		___awmod
  1168 ;;		_t0Delay
  1169 ;; This function is called by:
  1170 ;;		_main
  1171 ;; This function uses a non-reentrant model
  1172 ;;
  1173                           
  1174                           	psect	text4
  1175  0012AC                     __ptext4:
  1176                           	opt stack 0
  1177  0012AC                     _moveMotor:
  1178                           	opt stack 28
  1179                           
  1180                           ;main.c: 196: unsigned int dir;
  1181                           ;main.c: 197: unsigned int curDelay;
  1182                           ;main.c: 198: unsigned char speedIndex=0;
  1183                           
  1184                           ;incstack = 0
  1185  0012AC  6E49               	movwf	??_moveMotor& (0+255),c
  1186  0012AE  0E00               	movlw	0
  1187  0012B0  0100               	movlb	0	; () banked
  1188  0012B2  0100               	movlb	0	; () banked
  1189  0012B4  6F83               	movwf	moveMotor@speedIndex& (0+255),b
  1190  0012B6  5049               	movf	??_moveMotor& (0+255),w,c
  1191                           
  1192                           ;main.c: 199: unsigned char stepsAtThisSpeed=0;
  1193  0012B8  6E49               	movwf	??_moveMotor& (0+255),c
  1194  0012BA  0E00               	movlw	0
  1195  0012BC  0100               	movlb	0	; () banked
  1196  0012BE  0100               	movlb	0	; () banked
  1197  0012C0  6F82               	movwf	moveMotor@stepsAtThisSpeed& (0+255),b
  1198  0012C2  5049               	movf	??_moveMotor& (0+255),w,c
  1199                           
  1200                           ; BSR set to: 0
  1201                           ;main.c: 200: unsigned int stepsLeft;
  1202                           ;main.c: 201: if(currentStep<targetStep)
  1203  0012C4  5047               	movf	moveMotor@targetStep,w,c
  1204  0012C6  5C25               	subwf	_currentStep,w,c
  1205  0012C8  5048               	movf	moveMotor@targetStep+1,w,c
  1206  0012CA  5826               	subwfb	_currentStep+1,w,c
  1207  0012CC  B0D8               	btfsc	status,0,c
  1208  0012CE  D016               	goto	l120
  1209                           
  1210                           ; BSR set to: 0
  1211                           ;main.c: 202: {
  1212                           ;main.c: 203: dir = 1;
  1213  0012D0  0E00               	movlw	0
  1214  0012D2  0100               	movlb	0	; () banked
  1215  0012D4  0100               	movlb	0	; () banked
  1216  0012D6  6F7F               	movwf	(moveMotor@dir+1)& (0+255),b
  1217  0012D8  0E01               	movlw	1
  1218  0012DA  0100               	movlb	0	; () banked
  1219  0012DC  6F7E               	movwf	moveMotor@dir& (0+255),b
  1220                           
  1221                           ; BSR set to: 0
  1222                           ;main.c: 204: stepsLeft = targetStep-currentStep;
  1223  0012DE  C025  F049         	movff	_currentStep,??_moveMotor
  1224  0012E2  C026  F04A         	movff	_currentStep+1,??_moveMotor+1
  1225  0012E6  1E49               	comf	??_moveMotor,f,c
  1226  0012E8  1E4A               	comf	??_moveMotor+1,f,c
  1227  0012EA  4A49               	infsnz	??_moveMotor,f,c
  1228  0012EC  2A4A               	incf	??_moveMotor+1,f,c
  1229  0012EE  5047               	movf	moveMotor@targetStep,w,c
  1230  0012F0  2449               	addwf	??_moveMotor,w,c
  1231  0012F2  0100               	movlb	0	; () banked
  1232  0012F4  0100               	movlb	0	; () banked
  1233  0012F6  6F80               	movwf	moveMotor@stepsLeft& (0+255),b
  1234  0012F8  5048               	movf	moveMotor@targetStep+1,w,c
  1235  0012FA  D013               	goto	L2
  1236  0012FC                     l120:
  1237                           
  1238                           ; BSR set to: 0
  1239                           ;main.c: 206: else
  1240                           ;main.c: 207: {
  1241                           ;main.c: 208: dir = -1;
  1242  0012FC  0100               	movlb	0	; () banked
  1243  0012FE  0100               	movlb	0	; () banked
  1244  001300  697E               	setf	moveMotor@dir& (0+255),b
  1245  001302  0100               	movlb	0	; () banked
  1246  001304  697F               	setf	(moveMotor@dir+1)& (0+255),b
  1247                           
  1248                           ; BSR set to: 0
  1249                           ;main.c: 209: stepsLeft = currentStep - targetStep;
  1250  001306  C047  F049         	movff	moveMotor@targetStep,??_moveMotor
  1251  00130A  C048  F04A         	movff	moveMotor@targetStep+1,??_moveMotor+1
  1252  00130E  1E49               	comf	??_moveMotor,f,c
  1253  001310  1E4A               	comf	??_moveMotor+1,f,c
  1254  001312  4A49               	infsnz	??_moveMotor,f,c
  1255  001314  2A4A               	incf	??_moveMotor+1,f,c
  1256  001316  5025               	movf	_currentStep,w,c
  1257  001318  2449               	addwf	??_moveMotor,w,c
  1258  00131A  0100               	movlb	0	; () banked
  1259  00131C  0100               	movlb	0	; () banked
  1260  00131E  6F80               	movwf	moveMotor@stepsLeft& (0+255),b
  1261  001320  5026               	movf	_currentStep+1,w,c
  1262  001322                     L2:
  1263  001322  204A               	addwfc	??_moveMotor+1,w,c
  1264  001324  0100               	movlb	0	; () banked
  1265  001326  6F81               	movwf	(moveMotor@stepsLeft+1)& (0+255),b
  1266  001328  D09B               	goto	l1499
  1267  00132A                     l1463:
  1268                           
  1269                           ; BSR set to: 0
  1270                           ;main.c: 212: {
  1271                           ;main.c: 213: if(stepsLeft<=23)
  1272  00132A  0E18               	movlw	24
  1273  00132C  0100               	movlb	0	; () banked
  1274  00132E  0100               	movlb	0	; () banked
  1275  001330  5D80               	subwf	moveMotor@stepsLeft& (0+255),w,b
  1276  001332  0E00               	movlw	0
  1277  001334  0100               	movlb	0	; () banked
  1278  001336  5981               	subwfb	(moveMotor@stepsLeft+1)& (0+255),w,b
  1279  001338  B0D8               	btfsc	status,0,c
  1280  00133A  D00D               	goto	l124
  1281                           
  1282                           ; BSR set to: 0
  1283                           ;main.c: 214: {
  1284                           ;main.c: 216: if(stepsAtThisSpeed==0)
  1285  00133C  0100               	movlb	0	; () banked
  1286  00133E  0100               	movlb	0	; () banked
  1287  001340  6782               	tstfsz	moveMotor@stepsAtThisSpeed& (0+255),b
  1288  001342  D03C               	goto	l1483
  1289                           
  1290                           ; BSR set to: 0
  1291                           ;main.c: 217: {
  1292                           ;main.c: 218: if(speedIndex>0)
  1293  001344  0100               	movlb	0	; () banked
  1294  001346  0100               	movlb	0	; () banked
  1295  001348  5183               	movf	moveMotor@speedIndex& (0+255),w,b
  1296  00134A  B4D8               	btfsc	status,2,c
  1297  00134C  D011               	goto	L3
  1298                           
  1299                           ; BSR set to: 0
  1300                           ;main.c: 219: speedIndex--;
  1301  00134E  0100               	movlb	0	; () banked
  1302  001350  0100               	movlb	0	; () banked
  1303  001352  0783               	decf	moveMotor@speedIndex& (0+255),f,b
  1304                           
  1305                           ; BSR set to: 0
  1306  001354  D00D               	goto	L3
  1307  001356                     l124:
  1308                           
  1309                           ; BSR set to: 0
  1310                           ;main.c: 224: else
  1311                           ;main.c: 225: {
  1312                           ;main.c: 228: if(stepsAtThisSpeed==0)
  1313  001356  0100               	movlb	0	; () banked
  1314  001358  0100               	movlb	0	; () banked
  1315  00135A  6782               	tstfsz	moveMotor@stepsAtThisSpeed& (0+255),b
  1316  00135C  D02F               	goto	l1483
  1317                           
  1318                           ; BSR set to: 0
  1319                           ;main.c: 229: {
  1320                           ;main.c: 230: if(speedIndex<6)
  1321  00135E  0E06               	movlw	6
  1322  001360  0100               	movlb	0	; () banked
  1323  001362  0100               	movlb	0	; () banked
  1324  001364  5D83               	subwf	moveMotor@speedIndex& (0+255),w,b
  1325  001366  B0D8               	btfsc	status,0,c
  1326  001368  D029               	goto	l1483
  1327                           
  1328                           ; BSR set to: 0
  1329                           ;main.c: 231: {
  1330                           ;main.c: 232: speedIndex++;
  1331  00136A  0100               	movlb	0	; () banked
  1332  00136C  0100               	movlb	0	; () banked
  1333  00136E  2B83               	incf	moveMotor@speedIndex& (0+255),f,b
  1334  001370                     L3:
  1335                           
  1336                           ; BSR set to: 0
  1337                           ;main.c: 233: curDelay=defaultAccelTable[speedIndex][0];
  1338  001370  0100               	movlb	0	; () banked
  1339  001372  0100               	movlb	0	; () banked
  1340  001374  5183               	movf	moveMotor@speedIndex& (0+255),w,b
  1341  001376  0D04               	mullw	4
  1342  001378  0100               	movlb	0	; () banked
  1343  00137A  0E60               	movlw	low _defaultAccelTable
  1344  00137C  24F3               	addwf	prodl,w,c
  1345  00137E  6ED9               	movwf	fsr2l,c
  1346  001380  0100               	movlb	0	; () banked
  1347  001382  0E00               	movlw	high _defaultAccelTable
  1348  001384  20F4               	addwfc	prodh,w,c
  1349  001386  6EDA               	movwf	fsr2h,c
  1350  001388  0100               	movlb	0	; () banked
  1351  00138A  CFDE F07C          	movff	postinc2,moveMotor@curDelay
  1352  00138E  0100               	movlb	0	; () banked
  1353  001390  CFDD F07D          	movff	postdec2,moveMotor@curDelay+1
  1354                           
  1355                           ; BSR set to: 0
  1356                           ;main.c: 234: stepsAtThisSpeed=defaultAccelTable[speedIndex][1];
  1357  001394  0100               	movlb	0	; () banked
  1358  001396  0100               	movlb	0	; () banked
  1359  001398  5183               	movf	moveMotor@speedIndex& (0+255),w,b
  1360  00139A  0D04               	mullw	4
  1361  00139C  0E02               	movlw	2
  1362  00139E  26F3               	addwf	prodl,f,c
  1363  0013A0  0E00               	movlw	0
  1364  0013A2  22F4               	addwfc	prodh,f,c
  1365  0013A4  0100               	movlb	0	; () banked
  1366  0013A6  0E60               	movlw	low _defaultAccelTable
  1367  0013A8  24F3               	addwf	prodl,w,c
  1368  0013AA  6ED9               	movwf	fsr2l,c
  1369  0013AC  0100               	movlb	0	; () banked
  1370  0013AE  0E00               	movlw	high _defaultAccelTable
  1371  0013B0  20F4               	addwfc	prodh,w,c
  1372  0013B2  6EDA               	movwf	fsr2h,c
  1373  0013B4  50DF               	movf	indf2,w,c
  1374  0013B6  0100               	movlb	0	; () banked
  1375  0013B8  0100               	movlb	0	; () banked
  1376  0013BA  6F82               	movwf	moveMotor@stepsAtThisSpeed& (0+255),b
  1377  0013BC                     l1483:
  1378                           
  1379                           ; BSR set to: 0
  1380                           ;main.c: 235: }
  1381                           ;main.c: 237: }
  1382                           ;main.c: 238: }
  1383                           ;main.c: 242: LATC=stateMap[currentState];
  1384  0013BC  502F               	movf	_currentState,w,c
  1385  0013BE  0D01               	mullw	1
  1386  0013C0  0E4B               	movlw	low _stateMap
  1387  0013C2  24F3               	addwf	prodl,w,c
  1388  0013C4  6ED9               	movwf	fsr2l,c
  1389  0013C6  0E00               	movlw	high _stateMap
  1390  0013C8  20F4               	addwfc	prodh,w,c
  1391  0013CA  6EDA               	movwf	fsr2h,c
  1392  0013CC  50DF               	movf	indf2,w,c
  1393  0013CE  6E8B               	movwf	3979,c	;volatile
  1394                           
  1395                           ; BSR set to: 0
  1396                           ;main.c: 244: if(dir==1)
  1397  0013D0  0100               	movlb	0	; () banked
  1398  0013D2  0100               	movlb	0	; () banked
  1399  0013D4  057E               	decf	moveMotor@dir& (0+255),w,b
  1400  0013D6  117F               	iorwf	(moveMotor@dir+1)& (0+255),w,b
  1401  0013D8  A4D8               	btfss	status,2,c
  1402  0013DA  D013               	goto	l1489
  1403                           
  1404                           ; BSR set to: 0
  1405                           ;main.c: 245: {
  1406                           ;main.c: 246: currentState = (currentState + 1) % stateCount;
  1407  0013DC  0E01               	movlw	1
  1408  0013DE  242F               	addwf	_currentState,w,c
  1409  0013E0  6E3F               	movwf	___awmod@dividend,c
  1410  0013E2  6A40               	clrf	___awmod@dividend+1,c
  1411  0013E4  0E00               	movlw	0
  1412  0013E6  2240               	addwfc	___awmod@dividend+1,f,c
  1413  0013E8  0E01               	movlw	low _stateCount
  1414  0013EA  6EF6               	movwf	tblptrl,c
  1415  0013EC  0E10               	movlw	high _stateCount
  1416  0013EE  6EF7               	movwf	tblptrh,c
  1417  0013F0  0E00               	movlw	low (_stateCount shr (0+16))
  1418  0013F2  6EF8               	movwf	tblptru,c
  1419  0013F4  0008               	tblrd		*
  1420  0013F6  50F5               	movf	tablat,w,c
  1421  0013F8  6E41               	movwf	___awmod@divisor,c
  1422  0013FA  6A42               	clrf	___awmod@divisor+1,c
  1423  0013FC  EC51  F00B         	call	___awmod	;wreg free
  1424  001400  D012               	goto	L4
  1425  001402                     l1489:
  1426                           
  1427                           ;main.c: 248: else
  1428                           ;main.c: 249: {
  1429                           ;main.c: 250: currentState = (currentState + 5) % stateCount;
  1430  001402  0E05               	movlw	5
  1431  001404  242F               	addwf	_currentState,w,c
  1432  001406  6E3F               	movwf	___awmod@dividend,c
  1433  001408  6A40               	clrf	___awmod@dividend+1,c
  1434  00140A  0E00               	movlw	0
  1435  00140C  2240               	addwfc	___awmod@dividend+1,f,c
  1436  00140E  0E01               	movlw	low _stateCount
  1437  001410  6EF6               	movwf	tblptrl,c
  1438  001412  0E10               	movlw	high _stateCount
  1439  001414  6EF7               	movwf	tblptrh,c
  1440  001416  0E00               	movlw	low (_stateCount shr (0+16))
  1441  001418  6EF8               	movwf	tblptru,c
  1442  00141A  0008               	tblrd		*
  1443  00141C  50F5               	movf	tablat,w,c
  1444  00141E  6E41               	movwf	___awmod@divisor,c
  1445  001420  6A42               	clrf	___awmod@divisor+1,c
  1446  001422  EC51  F00B         	call	___awmod	;wreg free
  1447  001426                     L4:
  1448  001426  503F               	movf	?___awmod,w,c
  1449  001428  6E2F               	movwf	_currentState,c
  1450                           
  1451                           ;main.c: 251: }
  1452                           ;main.c: 252: t0Delay(curDelay);
  1453  00142A  C07C  F03F         	movff	moveMotor@curDelay,t0Delay@usec
  1454  00142E  C07D  F040         	movff	moveMotor@curDelay+1,t0Delay@usec+1
  1455  001432  EC2F  F00C         	call	_t0Delay	;wreg free
  1456                           
  1457                           ;main.c: 253: if(stepsAtThisSpeed>0)
  1458  001436  0100               	movlb	0	; () banked
  1459  001438  0100               	movlb	0	; () banked
  1460  00143A  5182               	movf	moveMotor@stepsAtThisSpeed& (0+255),w,b
  1461  00143C  B4D8               	btfsc	status,2,c
  1462  00143E  D003               	goto	l132
  1463                           
  1464                           ; BSR set to: 0
  1465                           ;main.c: 254: {
  1466                           ;main.c: 255: stepsAtThisSpeed--;
  1467  001440  0100               	movlb	0	; () banked
  1468  001442  0100               	movlb	0	; () banked
  1469  001444  0782               	decf	moveMotor@stepsAtThisSpeed& (0+255),f,b
  1470  001446                     l132:
  1471                           
  1472                           ; BSR set to: 0
  1473                           ;main.c: 256: }
  1474                           ;main.c: 257: stepsLeft--;
  1475  001446  0100               	movlb	0	; () banked
  1476  001448  0100               	movlb	0	; () banked
  1477  00144A  0780               	decf	moveMotor@stepsLeft& (0+255),f,b
  1478  00144C  A0D8               	btfss	status,0,c
  1479  00144E  0781               	decf	(moveMotor@stepsLeft+1)& (0+255),f,b
  1480                           
  1481                           ; BSR set to: 0
  1482                           ;main.c: 258: currentStep+=dir;
  1483  001450  0100               	movlb	0	; () banked
  1484  001452  0100               	movlb	0	; () banked
  1485  001454  517E               	movf	moveMotor@dir& (0+255),w,b
  1486  001456  2625               	addwf	_currentStep,f,c
  1487  001458  0100               	movlb	0	; () banked
  1488  00145A  0100               	movlb	0	; () banked
  1489  00145C  517F               	movf	(moveMotor@dir+1)& (0+255),w,b
  1490  00145E  2226               	addwfc	_currentStep+1,f,c
  1491  001460                     l1499:
  1492                           
  1493                           ; BSR set to: 0
  1494  001460  0100               	movlb	0	; () banked
  1495  001462  0100               	movlb	0	; () banked
  1496  001464  5181               	movf	(moveMotor@stepsLeft+1)& (0+255),w,b
  1497  001466  1180               	iorwf	moveMotor@stepsLeft& (0+255),w,b
  1498  001468  B4D8               	btfsc	status,2,c
  1499                           
  1500                           ; BSR set to: 0
  1501                           
  1502                           ; BSR set to: 0
  1503  00146A  0012               	return	
  1504  00146C  D75E               	goto	l1463
  1505  00146E                     __end_of_moveMotor:
  1506                           	opt stack 0
  1507                           tblptru	equ	0xFF8
  1508                           tblptrh	equ	0xFF7
  1509                           tblptrl	equ	0xFF6
  1510                           tablat	equ	0xFF5
  1511                           prodh	equ	0xFF4
  1512                           prodl	equ	0xFF3
  1513                           intcon	equ	0xFF2
  1514                           postinc0	equ	0xFEE
  1515                           wreg	equ	0xFE8
  1516                           postdec1	equ	0xFE5
  1517                           fsr1l	equ	0xFE1
  1518                           indf2	equ	0xFDF
  1519                           postinc2	equ	0xFDE
  1520                           postdec2	equ	0xFDD
  1521                           fsr2h	equ	0xFDA
  1522                           fsr2l	equ	0xFD9
  1523                           status	equ	0xFD8
  1524                           
  1525 ;; *************** function _t0Delay *****************
  1526 ;; Defined at:
  1527 ;;		line 155 in file "main.c"
  1528 ;; Parameters:    Size  Location     Type
  1529 ;;  usec            2   14[COMRAM] unsigned int 
  1530 ;; Auto vars:     Size  Location     Type
  1531 ;;  t0ticks         2   20[COMRAM] unsigned int 
  1532 ;;  t0Preload       1   19[COMRAM] unsigned char 
  1533 ;; Return value:  Size  Location     Type
  1534 ;;		None               void
  1535 ;; Registers used:
  1536 ;;		wreg, status,2, status,0
  1537 ;; Tracked objects:
  1538 ;;		On entry : 0/0
  1539 ;;		On exit  : 0/0
  1540 ;;		Unchanged: 0/0
  1541 ;; Data sizes:     COMRAM   BANK0   BANK1   BANK2   BANK3   BANK4   BANK5   BANK6   BANK7   BANK8   BANK9  BANK10  BANK1
      +1  BANK12  BANK13  BANK14  BANK15
  1542 ;;      Params:         2       0       0       0       0       0       0       0       0       0       0       0       
      +0       0       0       0       0
  1543 ;;      Locals:         3       0       0       0       0       0       0       0       0       0       0       0       
      +0       0       0       0       0
  1544 ;;      Temps:          3       0       0       0       0       0       0       0       0       0       0       0       
      +0       0       0       0       0
  1545 ;;      Totals:         8       0       0       0       0       0       0       0       0       0       0       0       
      +0       0       0       0       0
  1546 ;;Total ram usage:        8 bytes
  1547 ;; Hardware stack levels used:    1
  1548 ;; Hardware stack levels required when called:    1
  1549 ;; This function calls:
  1550 ;;		Nothing
  1551 ;; This function is called by:
  1552 ;;		_zeroMotor
  1553 ;;		_moveMotor
  1554 ;; This function uses a non-reentrant model
  1555 ;;
  1556                           
  1557                           	psect	text5
  1558  00185E                     __ptext5:
  1559                           	opt stack 0
  1560  00185E                     _t0Delay:
  1561                           	opt stack 28
  1562                           
  1563                           ;main.c: 157: unsigned int t0ticks;
  1564                           ;main.c: 158: unsigned char t0Preload;
  1565                           ;main.c: 159: if(usec<16)
  1566                           
  1567                           ; BSR set to: 0
  1568                           ;incstack = 0
  1569  00185E  0E10               	movlw	16
  1570  001860  5C3F               	subwf	t0Delay@usec,w,c
  1571  001862  0E00               	movlw	0
  1572  001864  5840               	subwfb	t0Delay@usec+1,w,c
  1573  001866  B0D8               	btfsc	status,0,c
  1574  001868  D005               	goto	l1425
  1575                           
  1576                           ;main.c: 160: {
  1577                           ;main.c: 161: t0ticks=1;
  1578  00186A  0E00               	movlw	0
  1579  00186C  6E46               	movwf	t0Delay@t0ticks+1,c
  1580  00186E  0E01               	movlw	1
  1581  001870  6E45               	movwf	t0Delay@t0ticks,c
  1582                           
  1583                           ;main.c: 162: }
  1584  001872  D00F               	goto	l108
  1585  001874                     l1425:
  1586                           
  1587                           ;main.c: 163: else
  1588                           ;main.c: 164: {
  1589                           ;main.c: 165: t0ticks = usec/16;
  1590  001874  C03F  F041         	movff	t0Delay@usec,??_t0Delay
  1591  001878  C040  F042         	movff	t0Delay@usec+1,??_t0Delay+1
  1592  00187C  0E04               	movlw	4
  1593  00187E  6E43               	movwf	(??_t0Delay+2)& (0+255),c
  1594  001880                     u605:
  1595  001880  90D8               	bcf	status,0,c
  1596  001882  3242               	rrcf	??_t0Delay+1,f,c
  1597  001884  3241               	rrcf	??_t0Delay,f,c
  1598  001886  2E43               	decfsz	(??_t0Delay+2)& (0+255),f,c
  1599  001888  D7FB               	goto	u605
  1600  00188A  C041  F045         	movff	??_t0Delay,t0Delay@t0ticks
  1601  00188E  C042  F046         	movff	??_t0Delay+1,t0Delay@t0ticks+1
  1602  001892                     l108:
  1603                           
  1604                           ;main.c: 166: }
  1605                           ;main.c: 167: t0Preload = 0xFF - t0ticks;
  1606  001892  5045               	movf	t0Delay@t0ticks,w,c
  1607  001894  0800               	sublw	0
  1608  001896  6E41               	movwf	??_t0Delay& (0+255),c
  1609  001898  0441               	decf	??_t0Delay,w,c
  1610  00189A  6E44               	movwf	t0Delay@t0Preload,c
  1611                           
  1612                           ;main.c: 168: INTCONbits.TMR0IF=0;
  1613  00189C  94F2               	bcf	intcon,2,c	;volatile
  1614                           
  1615                           ;main.c: 169: TMR0 = t0Preload;
  1616  00189E  C044  FFD6         	movff	t0Delay@t0Preload,4054	;volatile
  1617  0018A2  6AD7               	clrf	4055,c	;volatile
  1618  0018A4                     l109:
  1619  0018A4  B4F2               	btfsc	intcon,2,c	;volatile
  1620  0018A6  0012               	return	
  1621  0018A8  D7FD               	goto	l109
  1622  0018AA                     __end_of_t0Delay:
  1623                           	opt stack 0
  1624                           tblptru	equ	0xFF8
  1625                           tblptrh	equ	0xFF7
  1626                           tblptrl	equ	0xFF6
  1627                           tablat	equ	0xFF5
  1628                           prodh	equ	0xFF4
  1629                           prodl	equ	0xFF3
  1630                           intcon	equ	0xFF2
  1631                           postinc0	equ	0xFEE
  1632                           wreg	equ	0xFE8
  1633                           postdec1	equ	0xFE5
  1634                           fsr1l	equ	0xFE1
  1635                           indf2	equ	0xFDF
  1636                           postinc2	equ	0xFDE
  1637                           postdec2	equ	0xFDD
  1638                           fsr2h	equ	0xFDA
  1639                           fsr2l	equ	0xFD9
  1640                           status	equ	0xFD8
  1641                           
  1642 ;; *************** function ___awmod *****************
  1643 ;; Defined at:
  1644 ;;		line 8 in file "C:\Program Files\Microchip\xc8\v1.30\sources\common\awmod.c"
  1645 ;; Parameters:    Size  Location     Type
  1646 ;;  dividend        2   14[COMRAM] int 
  1647 ;;  divisor         2   16[COMRAM] int 
  1648 ;; Auto vars:     Size  Location     Type
  1649 ;;  sign            1   20[COMRAM] unsigned char 
  1650 ;;  counter         1   19[COMRAM] unsigned char 
  1651 ;; Return value:  Size  Location     Type
  1652 ;;                  2   14[COMRAM] int 
  1653 ;; Registers used:
  1654 ;;		wreg, status,2, status,0, prodl
  1655 ;; Tracked objects:
  1656 ;;		On entry : 0/0
  1657 ;;		On exit  : 0/0
  1658 ;;		Unchanged: 0/0
  1659 ;; Data sizes:     COMRAM   BANK0   BANK1   BANK2   BANK3   BANK4   BANK5   BANK6   BANK7   BANK8   BANK9  BANK10  BANK1
      +1  BANK12  BANK13  BANK14  BANK15
  1660 ;;      Params:         4       0       0       0       0       0       0       0       0       0       0       0       
      +0       0       0       0       0
  1661 ;;      Locals:         2       0       0       0       0       0       0       0       0       0       0       0       
      +0       0       0       0       0
  1662 ;;      Temps:          1       0       0       0       0       0       0       0       0       0       0       0       
      +0       0       0       0       0
  1663 ;;      Totals:         7       0       0       0       0       0       0       0       0       0       0       0       
      +0       0       0       0       0
  1664 ;;Total ram usage:        7 bytes
  1665 ;; Hardware stack levels used:    1
  1666 ;; Hardware stack levels required when called:    1
  1667 ;; This function calls:
  1668 ;;		Nothing
  1669 ;; This function is called by:
  1670 ;;		_zeroMotor
  1671 ;;		_moveMotor
  1672 ;; This function uses a non-reentrant model
  1673 ;;
  1674                           
  1675                           	psect	text6
  1676  0016A2                     __ptext6:
  1677                           	opt stack 0
  1678  0016A2                     ___awmod:
  1679                           	opt stack 28
  1680                           
  1681                           ;incstack = 0
  1682  0016A2  6E43               	movwf	??___awmod& (0+255),c
  1683  0016A4  0E00               	movlw	0
  1684  0016A6  6E45               	movwf	___awmod@sign,c
  1685  0016A8  5043               	movf	??___awmod& (0+255),w,c
  1686  0016AA  5040               	movf	___awmod@dividend+1,w,c
  1687  0016AC  0A80               	xorlw	128
  1688  0016AE  6EF3               	movwf	prodl,c
  1689  0016B0  0E80               	movlw	128
  1690  0016B2  5CF3               	subwf	prodl,w,c
  1691  0016B4  0E00               	movlw	0
  1692  0016B6  B4D8               	btfsc	status,2,c
  1693  0016B8  5C3F               	subwf	___awmod@dividend,w,c
  1694  0016BA  B0D8               	btfsc	status,0,c
  1695  0016BC  D008               	goto	l1641
  1696  0016BE  6C3F               	negf	___awmod@dividend,c
  1697  0016C0  1E40               	comf	___awmod@dividend+1,f,c
  1698  0016C2  B0D8               	btfsc	status,0,c
  1699  0016C4  2A40               	incf	___awmod@dividend+1,f,c
  1700  0016C6  6E43               	movwf	??___awmod& (0+255),c
  1701  0016C8  0E01               	movlw	1
  1702  0016CA  6E45               	movwf	___awmod@sign,c
  1703  0016CC  5043               	movf	??___awmod& (0+255),w,c
  1704  0016CE                     l1641:
  1705  0016CE  5042               	movf	___awmod@divisor+1,w,c
  1706  0016D0  0A80               	xorlw	128
  1707  0016D2  6EF3               	movwf	prodl,c
  1708  0016D4  0E80               	movlw	128
  1709  0016D6  5CF3               	subwf	prodl,w,c
  1710  0016D8  0E00               	movlw	0
  1711  0016DA  B4D8               	btfsc	status,2,c
  1712  0016DC  5C41               	subwf	___awmod@divisor,w,c
  1713  0016DE  B0D8               	btfsc	status,0,c
  1714  0016E0  D004               	goto	l1645
  1715  0016E2  6C41               	negf	___awmod@divisor,c
  1716  0016E4  1E42               	comf	___awmod@divisor+1,f,c
  1717  0016E6  B0D8               	btfsc	status,0,c
  1718  0016E8  2A42               	incf	___awmod@divisor+1,f,c
  1719  0016EA                     l1645:
  1720  0016EA  5042               	movf	___awmod@divisor+1,w,c
  1721  0016EC  1041               	iorwf	___awmod@divisor,w,c
  1722  0016EE  B4D8               	btfsc	status,2,c
  1723  0016F0  D01A               	goto	l1661
  1724  0016F2  6E43               	movwf	??___awmod& (0+255),c
  1725  0016F4  0E01               	movlw	1
  1726  0016F6  6E44               	movwf	___awmod@counter,c
  1727  0016F8  5043               	movf	??___awmod& (0+255),w,c
  1728  0016FA  D004               	goto	l1651
  1729  0016FC                     l1649:
  1730  0016FC  90D8               	bcf	status,0,c
  1731  0016FE  3641               	rlcf	___awmod@divisor,f,c
  1732  001700  3642               	rlcf	___awmod@divisor+1,f,c
  1733  001702  2A44               	incf	___awmod@counter,f,c
  1734  001704                     l1651:
  1735  001704  AE42               	btfss	___awmod@divisor+1,7,c
  1736  001706  D7FA               	goto	l1649
  1737  001708                     l1653:
  1738  001708  5041               	movf	___awmod@divisor,w,c
  1739  00170A  5C3F               	subwf	___awmod@dividend,w,c
  1740  00170C  5042               	movf	___awmod@divisor+1,w,c
  1741  00170E  5840               	subwfb	___awmod@dividend+1,w,c
  1742  001710  A0D8               	btfss	status,0,c
  1743  001712  D004               	goto	l1657
  1744  001714  5041               	movf	___awmod@divisor,w,c
  1745  001716  5E3F               	subwf	___awmod@dividend,f,c
  1746  001718  5042               	movf	___awmod@divisor+1,w,c
  1747  00171A  5A40               	subwfb	___awmod@dividend+1,f,c
  1748  00171C                     l1657:
  1749  00171C  90D8               	bcf	status,0,c
  1750  00171E  3242               	rrcf	___awmod@divisor+1,f,c
  1751  001720  3241               	rrcf	___awmod@divisor,f,c
  1752  001722  2E44               	decfsz	___awmod@counter,f,c
  1753  001724  D7F1               	goto	l1653
  1754  001726                     l1661:
  1755  001726  5045               	movf	___awmod@sign,w,c
  1756  001728  B4D8               	btfsc	status,2,c
  1757  00172A  D004               	goto	l1665
  1758  00172C  6C3F               	negf	___awmod@dividend,c
  1759  00172E  1E40               	comf	___awmod@dividend+1,f,c
  1760  001730  B0D8               	btfsc	status,0,c
  1761  001732  2A40               	incf	___awmod@dividend+1,f,c
  1762  001734                     l1665:
  1763  001734  C03F  F03F         	movff	___awmod@dividend,?___awmod
  1764  001738  C040  F040         	movff	___awmod@dividend+1,?___awmod+1
  1765  00173C  0012               	return	
  1766  00173E                     __end_of___awmod:
  1767                           	opt stack 0
  1768                           tblptru	equ	0xFF8
  1769                           tblptrh	equ	0xFF7
  1770                           tblptrl	equ	0xFF6
  1771                           tablat	equ	0xFF5
  1772                           prodh	equ	0xFF4
  1773                           prodl	equ	0xFF3
  1774                           intcon	equ	0xFF2
  1775                           postinc0	equ	0xFEE
  1776                           wreg	equ	0xFE8
  1777                           postdec1	equ	0xFE5
  1778                           fsr1l	equ	0xFE1
  1779                           indf2	equ	0xFDF
  1780                           postinc2	equ	0xFDE
  1781                           postdec2	equ	0xFDD
  1782                           fsr2h	equ	0xFDA
  1783                           fsr2l	equ	0xFD9
  1784                           status	equ	0xFD8
  1785                           
  1786 ;; *************** function _init_io *****************
  1787 ;; Defined at:
  1788 ;;		line 82 in file "main.c"
  1789 ;; Parameters:    Size  Location     Type
  1790 ;;		None
  1791 ;; Auto vars:     Size  Location     Type
  1792 ;;		None
  1793 ;; Return value:  Size  Location     Type
  1794 ;;		None               void
  1795 ;; Registers used:
  1796 ;;		wreg, status,2
  1797 ;; Tracked objects:
  1798 ;;		On entry : 0/0
  1799 ;;		On exit  : 0/0
  1800 ;;		Unchanged: 0/0
  1801 ;; Data sizes:     COMRAM   BANK0   BANK1   BANK2   BANK3   BANK4   BANK5   BANK6   BANK7   BANK8   BANK9  BANK10  BANK1
      +1  BANK12  BANK13  BANK14  BANK15
  1802 ;;      Params:         0       0       0       0       0       0       0       0       0       0       0       0       
      +0       0       0       0       0
  1803 ;;      Locals:         0       0       0       0       0       0       0       0       0       0       0       0       
      +0       0       0       0       0
  1804 ;;      Temps:          0       0       0       0       0       0       0       0       0       0       0       0       
      +0       0       0       0       0
  1805 ;;      Totals:         0       0       0       0       0       0       0       0       0       0       0       0       
      +0       0       0       0       0
  1806 ;;Total ram usage:        0 bytes
  1807 ;; Hardware stack levels used:    1
  1808 ;; Hardware stack levels required when called:    1
  1809 ;; This function calls:
  1810 ;;		Nothing
  1811 ;; This function is called by:
  1812 ;;		_main
  1813 ;; This function uses a non-reentrant model
  1814 ;;
  1815                           
  1816                           	psect	text7
  1817  0018AA                     __ptext7:
  1818                           	opt stack 0
  1819  0018AA                     _init_io:
  1820                           	opt stack 29
  1821                           
  1822                           ;main.c: 83: TRISAbits.TRISA0 = 0;
  1823                           
  1824                           ;incstack = 0
  1825  0018AA  9092               	bcf	3986,0,c	;volatile
  1826                           
  1827                           ;main.c: 84: TRISAbits.TRISA1 = 0;
  1828  0018AC  9292               	bcf	3986,1,c	;volatile
  1829                           
  1830                           ;main.c: 85: TRISAbits.TRISA2 = 0;
  1831  0018AE  9492               	bcf	3986,2,c	;volatile
  1832                           
  1833                           ;main.c: 86: TRISAbits.TRISA3 = 0;
  1834  0018B0  9692               	bcf	3986,3,c	;volatile
  1835                           
  1836                           ;main.c: 87: TRISAbits.TRISA4 = 0;
  1837  0018B2  9892               	bcf	3986,4,c	;volatile
  1838                           
  1839                           ;main.c: 88: TRISAbits.TRISA5 = 0;
  1840  0018B4  9A92               	bcf	3986,5,c	;volatile
  1841                           
  1842                           ;main.c: 89: TRISAbits.TRISA6 = 0;
  1843  0018B6  9C92               	bcf	3986,6,c	;volatile
  1844                           
  1845                           ;main.c: 90: TRISAbits.TRISA7 = 0;
  1846  0018B8  9E92               	bcf	3986,7,c	;volatile
  1847                           
  1848                           ;main.c: 92: ANSELA = 0x00;
  1849  0018BA  0E00               	movlw	0
  1850  0018BC  010F               	movlb	15	; () banked
  1851  0018BE  010F               	movlb	15	; () banked
  1852  0018C0  6F38               	movwf	56,b	;volatile
  1853                           
  1854                           ; BSR set to: 15
  1855                           ;main.c: 94: LATAbits.LATA0 = 0;
  1856  0018C2  9089               	bcf	3977,0,c	;volatile
  1857                           
  1858                           ; BSR set to: 15
  1859                           ;main.c: 95: PORTAbits.RA0 = 0;
  1860  0018C4  9080               	bcf	3968,0,c	;volatile
  1861                           
  1862                           ; BSR set to: 15
  1863                           ;main.c: 97: TRISBbits.TRISB1 = 0;
  1864  0018C6  9293               	bcf	3987,1,c	;volatile
  1865                           
  1866                           ; BSR set to: 15
  1867                           ;main.c: 98: TRISBbits.TRISB2 = 0;
  1868  0018C8  9493               	bcf	3987,2,c	;volatile
  1869                           
  1870                           ; BSR set to: 15
  1871                           ;main.c: 99: TRISBbits.TRISB3 = 1;
  1872  0018CA  8693               	bsf	3987,3,c	;volatile
  1873                           
  1874                           ; BSR set to: 15
  1875                           ;main.c: 100: TRISBbits.TRISB4 = 0;
  1876  0018CC  9893               	bcf	3987,4,c	;volatile
  1877                           
  1878                           ; BSR set to: 15
  1879                           ;main.c: 101: TRISBbits.TRISB5 = 1;
  1880  0018CE  8A93               	bsf	3987,5,c	;volatile
  1881                           
  1882                           ; BSR set to: 15
  1883                           ;main.c: 102: TRISBbits.TRISB6 = 0;
  1884  0018D0  9C93               	bcf	3987,6,c	;volatile
  1885                           
  1886                           ; BSR set to: 15
  1887                           ;main.c: 103: TRISBbits.TRISB7 = 0;
  1888  0018D2  9E93               	bcf	3987,7,c	;volatile
  1889                           
  1890                           ;main.c: 105: ANSELB = 0b00001000;
  1891  0018D4  0E08               	movlw	8
  1892  0018D6  010F               	movlb	15	; () banked
  1893  0018D8  010F               	movlb	15	; () banked
  1894  0018DA  6F39               	movwf	57,b	;volatile
  1895                           
  1896                           ; BSR set to: 15
  1897                           ;main.c: 107: TRISCbits.TRISC0 = 0;
  1898  0018DC  9094               	bcf	3988,0,c	;volatile
  1899                           
  1900                           ; BSR set to: 15
  1901                           ;main.c: 108: TRISCbits.TRISC1 = 0;
  1902  0018DE  9294               	bcf	3988,1,c	;volatile
  1903                           
  1904                           ; BSR set to: 15
  1905                           ;main.c: 109: TRISCbits.TRISC2 = 0;
  1906  0018E0  9494               	bcf	3988,2,c	;volatile
  1907                           
  1908                           ; BSR set to: 15
  1909                           ;main.c: 110: TRISCbits.TRISC3 = 0;
  1910  0018E2  9694               	bcf	3988,3,c	;volatile
  1911                           
  1912                           ; BSR set to: 15
  1913                           ;main.c: 111: TRISCbits.TRISC4 = 0;
  1914  0018E4  9894               	bcf	3988,4,c	;volatile
  1915                           
  1916                           ; BSR set to: 15
  1917                           ;main.c: 112: TRISCbits.TRISC5 = 0;
  1918  0018E6  9A94               	bcf	3988,5,c	;volatile
  1919                           
  1920                           ; BSR set to: 15
  1921                           ;main.c: 113: TRISCbits.TRISC6 = 0;
  1922  0018E8  9C94               	bcf	3988,6,c	;volatile
  1923                           
  1924                           ; BSR set to: 15
  1925                           ;main.c: 114: TRISCbits.TRISC7 = 0;
  1926  0018EA  9E94               	bcf	3988,7,c	;volatile
  1927                           
  1928                           ;main.c: 115: ANSELC = 0x00;
  1929  0018EC  0E00               	movlw	0
  1930  0018EE  010F               	movlb	15	; () banked
  1931  0018F0  010F               	movlb	15	; () banked
  1932  0018F2  6F3A               	movwf	58,b	;volatile
  1933                           
  1934                           ; BSR set to: 15
  1935  0018F4  0012               	return	
  1936  0018F6                     __end_of_init_io:
  1937                           	opt stack 0
  1938                           tblptru	equ	0xFF8
  1939                           tblptrh	equ	0xFF7
  1940                           tblptrl	equ	0xFF6
  1941                           tablat	equ	0xFF5
  1942                           prodh	equ	0xFF4
  1943                           prodl	equ	0xFF3
  1944                           intcon	equ	0xFF2
  1945                           postinc0	equ	0xFEE
  1946                           wreg	equ	0xFE8
  1947                           postdec1	equ	0xFE5
  1948                           fsr1l	equ	0xFE1
  1949                           indf2	equ	0xFDF
  1950                           postinc2	equ	0xFDE
  1951                           postdec2	equ	0xFDD
  1952                           fsr2h	equ	0xFDA
  1953                           fsr2l	equ	0xFD9
  1954                           status	equ	0xFD8
  1955                           
  1956 ;; *************** function ___lmul *****************
  1957 ;; Defined at:
  1958 ;;		line 2 in file "C:\Program Files\Microchip\xc8\v1.30\sources\common\lmul.c"
  1959 ;; Parameters:    Size  Location     Type
  1960 ;;  multiplier      4   14[COMRAM] unsigned long 
  1961 ;;  multiplicand    4   18[COMRAM] unsigned long 
  1962 ;; Auto vars:     Size  Location     Type
  1963 ;;  product         4   22[COMRAM] unsigned long 
  1964 ;; Return value:  Size  Location     Type
  1965 ;;                  4   14[COMRAM] unsigned long 
  1966 ;; Registers used:
  1967 ;;		wreg, status,2, status,0
  1968 ;; Tracked objects:
  1969 ;;		On entry : 0/0
  1970 ;;		On exit  : 0/0
  1971 ;;		Unchanged: 0/0
  1972 ;; Data sizes:     COMRAM   BANK0   BANK1   BANK2   BANK3   BANK4   BANK5   BANK6   BANK7   BANK8   BANK9  BANK10  BANK1
      +1  BANK12  BANK13  BANK14  BANK15
  1973 ;;      Params:         8       0       0       0       0       0       0       0       0       0       0       0       
      +0       0       0       0       0
  1974 ;;      Locals:         4       0       0       0       0       0       0       0       0       0       0       0       
      +0       0       0       0       0
  1975 ;;      Temps:          0       0       0       0       0       0       0       0       0       0       0       0       
      +0       0       0       0       0
  1976 ;;      Totals:        12       0       0       0       0       0       0       0       0       0       0       0       
      +0       0       0       0       0
  1977 ;;Total ram usage:       12 bytes
  1978 ;; Hardware stack levels used:    1
  1979 ;; Hardware stack levels required when called:    1
  1980 ;; This function calls:
  1981 ;;		Nothing
  1982 ;; This function is called by:
  1983 ;;		_main
  1984 ;; This function uses a non-reentrant model
  1985 ;;
  1986                           
  1987                           	psect	text8
  1988  0017B6                     __ptext8:
  1989                           	opt stack 0
  1990  0017B6                     ___lmul:
  1991                           	opt stack 29
  1992                           
  1993                           ; BSR set to: 15
  1994                           ;incstack = 0
  1995  0017B6  0E00               	movlw	0
  1996  0017B8  6E47               	movwf	___lmul@product,c
  1997  0017BA  0E00               	movlw	0
  1998  0017BC  6E48               	movwf	___lmul@product+1,c
  1999  0017BE  0E00               	movlw	0
  2000  0017C0  6E49               	movwf	___lmul@product+2,c
  2001  0017C2  0E00               	movlw	0
  2002  0017C4  6E4A               	movwf	___lmul@product+3,c
  2003  0017C6                     l1141:
  2004  0017C6  A03F               	btfss	___lmul@multiplier,0,c
  2005  0017C8  D008               	goto	l1145
  2006  0017CA  5043               	movf	___lmul@multiplicand,w,c
  2007  0017CC  2647               	addwf	___lmul@product,f,c
  2008  0017CE  5044               	movf	___lmul@multiplicand+1,w,c
  2009  0017D0  2248               	addwfc	___lmul@product+1,f,c
  2010  0017D2  5045               	movf	___lmul@multiplicand+2,w,c
  2011  0017D4  2249               	addwfc	___lmul@product+2,f,c
  2012  0017D6  5046               	movf	___lmul@multiplicand+3,w,c
  2013  0017D8  224A               	addwfc	___lmul@product+3,f,c
  2014  0017DA                     l1145:
  2015  0017DA  90D8               	bcf	status,0,c
  2016  0017DC  3643               	rlcf	___lmul@multiplicand,f,c
  2017  0017DE  3644               	rlcf	___lmul@multiplicand+1,f,c
  2018  0017E0  3645               	rlcf	___lmul@multiplicand+2,f,c
  2019  0017E2  3646               	rlcf	___lmul@multiplicand+3,f,c
  2020  0017E4  90D8               	bcf	status,0,c
  2021  0017E6  3242               	rrcf	___lmul@multiplier+3,f,c
  2022  0017E8  3241               	rrcf	___lmul@multiplier+2,f,c
  2023  0017EA  3240               	rrcf	___lmul@multiplier+1,f,c
  2024  0017EC  323F               	rrcf	___lmul@multiplier,f,c
  2025  0017EE  5042               	movf	___lmul@multiplier+3,w,c
  2026  0017F0  103F               	iorwf	___lmul@multiplier,w,c
  2027  0017F2  1040               	iorwf	___lmul@multiplier+1,w,c
  2028  0017F4  1041               	iorwf	___lmul@multiplier+2,w,c
  2029  0017F6  A4D8               	btfss	status,2,c
  2030  0017F8  D7E6               	goto	l1141
  2031  0017FA  C047  F03F         	movff	___lmul@product,?___lmul
  2032  0017FE  C048  F040         	movff	___lmul@product+1,?___lmul+1
  2033  001802  C049  F041         	movff	___lmul@product+2,?___lmul+2
  2034  001806  C04A  F042         	movff	___lmul@product+3,?___lmul+3
  2035  00180A  0012               	return	
  2036  00180C                     __end_of___lmul:
  2037                           	opt stack 0
  2038                           tblptru	equ	0xFF8
  2039                           tblptrh	equ	0xFF7
  2040                           tblptrl	equ	0xFF6
  2041                           tablat	equ	0xFF5
  2042                           prodh	equ	0xFF4
  2043                           prodl	equ	0xFF3
  2044                           intcon	equ	0xFF2
  2045                           postinc0	equ	0xFEE
  2046                           wreg	equ	0xFE8
  2047                           postdec1	equ	0xFE5
  2048                           fsr1l	equ	0xFE1
  2049                           indf2	equ	0xFDF
  2050                           postinc2	equ	0xFDE
  2051                           postdec2	equ	0xFDD
  2052                           fsr2h	equ	0xFDA
  2053                           fsr2l	equ	0xFD9
  2054                           status	equ	0xFD8
  2055                           
  2056 ;; *************** function ___almod *****************
  2057 ;; Defined at:
  2058 ;;		line 8 in file "C:\Program Files\Microchip\xc8\v1.30\sources\common\almod.c"
  2059 ;; Parameters:    Size  Location     Type
  2060 ;;  dividend        4   14[COMRAM] long 
  2061 ;;  divisor         4   18[COMRAM] long 
  2062 ;; Auto vars:     Size  Location     Type
  2063 ;;  sign            1   24[COMRAM] unsigned char 
  2064 ;;  counter         1   23[COMRAM] unsigned char 
  2065 ;; Return value:  Size  Location     Type
  2066 ;;                  4   14[COMRAM] long 
  2067 ;; Registers used:
  2068 ;;		wreg, status,2, status,0
  2069 ;; Tracked objects:
  2070 ;;		On entry : 0/0
  2071 ;;		On exit  : 0/0
  2072 ;;		Unchanged: 0/0
  2073 ;; Data sizes:     COMRAM   BANK0   BANK1   BANK2   BANK3   BANK4   BANK5   BANK6   BANK7   BANK8   BANK9  BANK10  BANK1
      +1  BANK12  BANK13  BANK14  BANK15
  2074 ;;      Params:         8       0       0       0       0       0       0       0       0       0       0       0       
      +0       0       0       0       0
  2075 ;;      Locals:         2       0       0       0       0       0       0       0       0       0       0       0       
      +0       0       0       0       0
  2076 ;;      Temps:          1       0       0       0       0       0       0       0       0       0       0       0       
      +0       0       0       0       0
  2077 ;;      Totals:        11       0       0       0       0       0       0       0       0       0       0       0       
      +0       0       0       0       0
  2078 ;;Total ram usage:       11 bytes
  2079 ;; Hardware stack levels used:    1
  2080 ;; Hardware stack levels required when called:    1
  2081 ;; This function calls:
  2082 ;;		Nothing
  2083 ;; This function is called by:
  2084 ;;		_main
  2085 ;; This function uses a non-reentrant model
  2086 ;;
  2087                           
  2088                           	psect	text9
  2089  0015BA                     __ptext9:
  2090                           	opt stack 0
  2091  0015BA                     ___almod:
  2092                           	opt stack 29
  2093                           
  2094                           ;incstack = 0
  2095  0015BA  6E47               	movwf	??___almod& (0+255),c
  2096  0015BC  0E00               	movlw	0
  2097  0015BE  6E49               	movwf	___almod@sign,c
  2098  0015C0  5047               	movf	??___almod& (0+255),w,c
  2099  0015C2  5042               	movf	___almod@dividend+3,w,c
  2100  0015C4  0A80               	xorlw	128
  2101  0015C6  0F80               	addlw	128
  2102  0015C8  E108               	bnz	u245
  2103  0015CA  0E00               	movlw	0
  2104  0015CC  5C41               	subwf	___almod@dividend+2,w,c
  2105  0015CE  E105               	bnz	u245
  2106  0015D0  0E00               	movlw	0
  2107  0015D2  5C40               	subwf	___almod@dividend+1,w,c
  2108  0015D4  E102               	bnz	u245
  2109  0015D6  0E00               	movlw	0
  2110  0015D8  5C3F               	subwf	___almod@dividend,w,c
  2111  0015DA                     u245:
  2112  0015DA  B0D8               	btfsc	status,0,c
  2113  0015DC  D00C               	goto	l1111
  2114  0015DE  1E42               	comf	___almod@dividend+3,f,c
  2115  0015E0  1E41               	comf	___almod@dividend+2,f,c
  2116  0015E2  1E40               	comf	___almod@dividend+1,f,c
  2117  0015E4  6C3F               	negf	___almod@dividend,c
  2118  0015E6  0E00               	movlw	0
  2119  0015E8  2240               	addwfc	___almod@dividend+1,f,c
  2120  0015EA  2241               	addwfc	___almod@dividend+2,f,c
  2121  0015EC  2242               	addwfc	___almod@dividend+3,f,c
  2122  0015EE  6E47               	movwf	??___almod& (0+255),c
  2123  0015F0  0E01               	movlw	1
  2124  0015F2  6E49               	movwf	___almod@sign,c
  2125  0015F4  5047               	movf	??___almod& (0+255),w,c
  2126  0015F6                     l1111:
  2127  0015F6  5046               	movf	___almod@divisor+3,w,c
  2128  0015F8  0A80               	xorlw	128
  2129  0015FA  0F80               	addlw	128
  2130  0015FC  E108               	bnz	u255
  2131  0015FE  0E00               	movlw	0
  2132  001600  5C45               	subwf	___almod@divisor+2,w,c
  2133  001602  E105               	bnz	u255
  2134  001604  0E00               	movlw	0
  2135  001606  5C44               	subwf	___almod@divisor+1,w,c
  2136  001608  E102               	bnz	u255
  2137  00160A  0E00               	movlw	0
  2138  00160C  5C43               	subwf	___almod@divisor,w,c
  2139  00160E                     u255:
  2140  00160E  B0D8               	btfsc	status,0,c
  2141  001610  D008               	goto	l1115
  2142  001612  1E46               	comf	___almod@divisor+3,f,c
  2143  001614  1E45               	comf	___almod@divisor+2,f,c
  2144  001616  1E44               	comf	___almod@divisor+1,f,c
  2145  001618  6C43               	negf	___almod@divisor,c
  2146  00161A  0E00               	movlw	0
  2147  00161C  2244               	addwfc	___almod@divisor+1,f,c
  2148  00161E  2245               	addwfc	___almod@divisor+2,f,c
  2149  001620  2246               	addwfc	___almod@divisor+3,f,c
  2150  001622                     l1115:
  2151  001622  5046               	movf	___almod@divisor+3,w,c
  2152  001624  1043               	iorwf	___almod@divisor,w,c
  2153  001626  1044               	iorwf	___almod@divisor+1,w,c
  2154  001628  1045               	iorwf	___almod@divisor+2,w,c
  2155  00162A  B4D8               	btfsc	status,2,c
  2156  00162C  D026               	goto	l1131
  2157  00162E  6E47               	movwf	??___almod& (0+255),c
  2158  001630  0E01               	movlw	1
  2159  001632  6E48               	movwf	___almod@counter,c
  2160  001634  5047               	movf	??___almod& (0+255),w,c
  2161  001636  D006               	goto	l1121
  2162  001638                     l1119:
  2163  001638  90D8               	bcf	status,0,c
  2164  00163A  3643               	rlcf	___almod@divisor,f,c
  2165  00163C  3644               	rlcf	___almod@divisor+1,f,c
  2166  00163E  3645               	rlcf	___almod@divisor+2,f,c
  2167  001640  3646               	rlcf	___almod@divisor+3,f,c
  2168  001642  2A48               	incf	___almod@counter,f,c
  2169  001644                     l1121:
  2170  001644  AE46               	btfss	___almod@divisor+3,7,c
  2171  001646  D7F8               	goto	l1119
  2172  001648                     l1123:
  2173  001648  5043               	movf	___almod@divisor,w,c
  2174  00164A  5C3F               	subwf	___almod@dividend,w,c
  2175  00164C  5044               	movf	___almod@divisor+1,w,c
  2176  00164E  5840               	subwfb	___almod@dividend+1,w,c
  2177  001650  5045               	movf	___almod@divisor+2,w,c
  2178  001652  5841               	subwfb	___almod@dividend+2,w,c
  2179  001654  5046               	movf	___almod@divisor+3,w,c
  2180  001656  5842               	subwfb	___almod@dividend+3,w,c
  2181  001658  A0D8               	btfss	status,0,c
  2182  00165A  D008               	goto	l1127
  2183  00165C  5043               	movf	___almod@divisor,w,c
  2184  00165E  5E3F               	subwf	___almod@dividend,f,c
  2185  001660  5044               	movf	___almod@divisor+1,w,c
  2186  001662  5A40               	subwfb	___almod@dividend+1,f,c
  2187  001664  5045               	movf	___almod@divisor+2,w,c
  2188  001666  5A41               	subwfb	___almod@dividend+2,f,c
  2189  001668  5046               	movf	___almod@divisor+3,w,c
  2190  00166A  5A42               	subwfb	___almod@dividend+3,f,c
  2191  00166C                     l1127:
  2192  00166C  90D8               	bcf	status,0,c
  2193  00166E  3246               	rrcf	___almod@divisor+3,f,c
  2194  001670  3245               	rrcf	___almod@divisor+2,f,c
  2195  001672  3244               	rrcf	___almod@divisor+1,f,c
  2196  001674  3243               	rrcf	___almod@divisor,f,c
  2197  001676  2E48               	decfsz	___almod@counter,f,c
  2198  001678  D7E7               	goto	l1123
  2199  00167A                     l1131:
  2200  00167A  5049               	movf	___almod@sign,w,c
  2201  00167C  B4D8               	btfsc	status,2,c
  2202  00167E  D008               	goto	l1135
  2203  001680  1E42               	comf	___almod@dividend+3,f,c
  2204  001682  1E41               	comf	___almod@dividend+2,f,c
  2205  001684  1E40               	comf	___almod@dividend+1,f,c
  2206  001686  6C3F               	negf	___almod@dividend,c
  2207  001688  0E00               	movlw	0
  2208  00168A  2240               	addwfc	___almod@dividend+1,f,c
  2209  00168C  2241               	addwfc	___almod@dividend+2,f,c
  2210  00168E  2242               	addwfc	___almod@dividend+3,f,c
  2211  001690                     l1135:
  2212  001690  C03F  F03F         	movff	___almod@dividend,?___almod
  2213  001694  C040  F040         	movff	___almod@dividend+1,?___almod+1
  2214  001698  C041  F041         	movff	___almod@dividend+2,?___almod+2
  2215  00169C  C042  F042         	movff	___almod@dividend+3,?___almod+3
  2216  0016A0  0012               	return	
  2217  0016A2                     __end_of___almod:
  2218                           	opt stack 0
  2219                           tblptru	equ	0xFF8
  2220                           tblptrh	equ	0xFF7
  2221                           tblptrl	equ	0xFF6
  2222                           tablat	equ	0xFF5
  2223                           prodh	equ	0xFF4
  2224                           prodl	equ	0xFF3
  2225                           intcon	equ	0xFF2
  2226                           postinc0	equ	0xFEE
  2227                           wreg	equ	0xFE8
  2228                           postdec1	equ	0xFE5
  2229                           fsr1l	equ	0xFE1
  2230                           indf2	equ	0xFDF
  2231                           postinc2	equ	0xFDE
  2232                           postdec2	equ	0xFDD
  2233                           fsr2h	equ	0xFDA
  2234                           fsr2l	equ	0xFD9
  2235                           status	equ	0xFD8
  2236                           
  2237 ;; *************** function ___aldiv *****************
  2238 ;; Defined at:
  2239 ;;		line 8 in file "C:\Program Files\Microchip\xc8\v1.30\sources\common\aldiv.c"
  2240 ;; Parameters:    Size  Location     Type
  2241 ;;  dividend        4   14[COMRAM] long 
  2242 ;;  divisor         4   18[COMRAM] long 
  2243 ;; Auto vars:     Size  Location     Type
  2244 ;;  quotient        4    2[BANK0 ] long 
  2245 ;;  sign            1    1[BANK0 ] unsigned char 
  2246 ;;  counter         1    0[BANK0 ] unsigned char 
  2247 ;; Return value:  Size  Location     Type
  2248 ;;                  4   14[COMRAM] long 
  2249 ;; Registers used:
  2250 ;;		wreg, status,2, status,0
  2251 ;; Tracked objects:
  2252 ;;		On entry : 0/0
  2253 ;;		On exit  : 0/0
  2254 ;;		Unchanged: 0/0
  2255 ;; Data sizes:     COMRAM   BANK0   BANK1   BANK2   BANK3   BANK4   BANK5   BANK6   BANK7   BANK8   BANK9  BANK10  BANK1
      +1  BANK12  BANK13  BANK14  BANK15
  2256 ;;      Params:         8       0       0       0       0       0       0       0       0       0       0       0       
      +0       0       0       0       0
  2257 ;;      Locals:         0       6       0       0       0       0       0       0       0       0       0       0       
      +0       0       0       0       0
  2258 ;;      Temps:          1       0       0       0       0       0       0       0       0       0       0       0       
      +0       0       0       0       0
  2259 ;;      Totals:         9       6       0       0       0       0       0       0       0       0       0       0       
      +0       0       0       0       0
  2260 ;;Total ram usage:       15 bytes
  2261 ;; Hardware stack levels used:    1
  2262 ;; Hardware stack levels required when called:    1
  2263 ;; This function calls:
  2264 ;;		Nothing
  2265 ;; This function is called by:
  2266 ;;		_main
  2267 ;; This function uses a non-reentrant model
  2268 ;;
  2269                           
  2270                           	psect	text10
  2271  00146E                     __ptext10:
  2272                           	opt stack 0
  2273  00146E                     ___aldiv:
  2274                           	opt stack 29
  2275                           
  2276                           ;incstack = 0
  2277  00146E  6E47               	movwf	??___aldiv& (0+255),c
  2278  001470  0E00               	movlw	0
  2279  001472  0100               	movlb	0	; () banked
  2280  001474  0100               	movlb	0	; () banked
  2281  001476  6F7D               	movwf	___aldiv@sign& (0+255),b
  2282  001478  5047               	movf	??___aldiv& (0+255),w,c
  2283                           
  2284                           ; BSR set to: 0
  2285  00147A  5046               	movf	___aldiv@divisor+3,w,c
  2286  00147C  0A80               	xorlw	128
  2287  00147E  0F80               	addlw	128
  2288  001480  E108               	bnz	u745
  2289  001482  0E00               	movlw	0
  2290  001484  5C45               	subwf	___aldiv@divisor+2,w,c
  2291  001486  E105               	bnz	u745
  2292  001488  0E00               	movlw	0
  2293  00148A  5C44               	subwf	___aldiv@divisor+1,w,c
  2294  00148C  E102               	bnz	u745
  2295  00148E  0E00               	movlw	0
  2296  001490  5C43               	subwf	___aldiv@divisor,w,c
  2297  001492                     u745:
  2298  001492  B0D8               	btfsc	status,0,c
  2299  001494  D00E               	goto	l1597
  2300                           
  2301                           ; BSR set to: 0
  2302  001496  1E46               	comf	___aldiv@divisor+3,f,c
  2303  001498  1E45               	comf	___aldiv@divisor+2,f,c
  2304  00149A  1E44               	comf	___aldiv@divisor+1,f,c
  2305  00149C  6C43               	negf	___aldiv@divisor,c
  2306  00149E  0E00               	movlw	0
  2307  0014A0  2244               	addwfc	___aldiv@divisor+1,f,c
  2308  0014A2  2245               	addwfc	___aldiv@divisor+2,f,c
  2309  0014A4  2246               	addwfc	___aldiv@divisor+3,f,c
  2310                           
  2311                           ; BSR set to: 0
  2312  0014A6  6E47               	movwf	??___aldiv& (0+255),c
  2313  0014A8  0E01               	movlw	1
  2314  0014AA  0100               	movlb	0	; () banked
  2315  0014AC  0100               	movlb	0	; () banked
  2316  0014AE  6F7D               	movwf	___aldiv@sign& (0+255),b
  2317  0014B0  5047               	movf	??___aldiv& (0+255),w,c
  2318  0014B2                     l1597:
  2319                           
  2320                           ; BSR set to: 0
  2321  0014B2  5042               	movf	___aldiv@dividend+3,w,c
  2322  0014B4  0A80               	xorlw	128
  2323  0014B6  0F80               	addlw	128
  2324  0014B8  E108               	bnz	u755
  2325  0014BA  0E00               	movlw	0
  2326  0014BC  5C41               	subwf	___aldiv@dividend+2,w,c
  2327  0014BE  E105               	bnz	u755
  2328  0014C0  0E00               	movlw	0
  2329  0014C2  5C40               	subwf	___aldiv@dividend+1,w,c
  2330  0014C4  E102               	bnz	u755
  2331  0014C6  0E00               	movlw	0
  2332  0014C8  5C3F               	subwf	___aldiv@dividend,w,c
  2333  0014CA                     u755:
  2334  0014CA  B0D8               	btfsc	status,0,c
  2335  0014CC  D00C               	goto	l1603
  2336                           
  2337                           ; BSR set to: 0
  2338  0014CE  1E42               	comf	___aldiv@dividend+3,f,c
  2339  0014D0  1E41               	comf	___aldiv@dividend+2,f,c
  2340  0014D2  1E40               	comf	___aldiv@dividend+1,f,c
  2341  0014D4  6C3F               	negf	___aldiv@dividend,c
  2342  0014D6  0E00               	movlw	0
  2343  0014D8  2240               	addwfc	___aldiv@dividend+1,f,c
  2344  0014DA  2241               	addwfc	___aldiv@dividend+2,f,c
  2345  0014DC  2242               	addwfc	___aldiv@dividend+3,f,c
  2346                           
  2347                           ; BSR set to: 0
  2348  0014DE  0E01               	movlw	1
  2349  0014E0  0100               	movlb	0	; () banked
  2350  0014E2  0100               	movlb	0	; () banked
  2351  0014E4  1B7D               	xorwf	___aldiv@sign& (0+255),f,b
  2352  0014E6                     l1603:
  2353                           
  2354                           ; BSR set to: 0
  2355  0014E6  0E00               	movlw	0
  2356  0014E8  0100               	movlb	0	; () banked
  2357  0014EA  0100               	movlb	0	; () banked
  2358  0014EC  6F7E               	movwf	___aldiv@quotient& (0+255),b
  2359  0014EE  0E00               	movlw	0
  2360  0014F0  0100               	movlb	0	; () banked
  2361  0014F2  6F7F               	movwf	(___aldiv@quotient+1)& (0+255),b
  2362  0014F4  0E00               	movlw	0
  2363  0014F6  0100               	movlb	0	; () banked
  2364  0014F8  6F80               	movwf	(___aldiv@quotient+2)& (0+255),b
  2365  0014FA  0E00               	movlw	0
  2366  0014FC  0100               	movlb	0	; () banked
  2367  0014FE  6F81               	movwf	(___aldiv@quotient+3)& (0+255),b
  2368                           
  2369                           ; BSR set to: 0
  2370  001500  5046               	movf	___aldiv@divisor+3,w,c
  2371  001502  1043               	iorwf	___aldiv@divisor,w,c
  2372  001504  1044               	iorwf	___aldiv@divisor+1,w,c
  2373  001506  1045               	iorwf	___aldiv@divisor+2,w,c
  2374  001508  B4D8               	btfsc	status,2,c
  2375  00150A  D039               	goto	l1625
  2376                           
  2377                           ; BSR set to: 0
  2378  00150C  6E47               	movwf	??___aldiv& (0+255),c
  2379  00150E  0E01               	movlw	1
  2380  001510  0100               	movlb	0	; () banked
  2381  001512  0100               	movlb	0	; () banked
  2382  001514  6F7C               	movwf	___aldiv@counter& (0+255),b
  2383  001516  5047               	movf	??___aldiv& (0+255),w,c
  2384  001518  D008               	goto	l1611
  2385  00151A                     l1609:
  2386                           
  2387                           ; BSR set to: 0
  2388  00151A  90D8               	bcf	status,0,c
  2389  00151C  3643               	rlcf	___aldiv@divisor,f,c
  2390  00151E  3644               	rlcf	___aldiv@divisor+1,f,c
  2391  001520  3645               	rlcf	___aldiv@divisor+2,f,c
  2392  001522  3646               	rlcf	___aldiv@divisor+3,f,c
  2393  001524  0100               	movlb	0	; () banked
  2394  001526  0100               	movlb	0	; () banked
  2395  001528  2B7C               	incf	___aldiv@counter& (0+255),f,b
  2396  00152A                     l1611:
  2397                           
  2398                           ; BSR set to: 0
  2399  00152A  AE46               	btfss	___aldiv@divisor+3,7,c
  2400  00152C  D7F6               	goto	l1609
  2401  00152E                     l1613:
  2402                           
  2403                           ; BSR set to: 0
  2404  00152E  0100               	movlb	0	; () banked
  2405  001530  90D8               	bcf	status,0,c
  2406  001532  0100               	movlb	0	; () banked
  2407  001534  377E               	rlcf	___aldiv@quotient& (0+255),f,b
  2408  001536  0100               	movlb	0	; () banked
  2409  001538  377F               	rlcf	(___aldiv@quotient+1)& (0+255),f,b
  2410  00153A  0100               	movlb	0	; () banked
  2411  00153C  3780               	rlcf	(___aldiv@quotient+2)& (0+255),f,b
  2412  00153E  0100               	movlb	0	; () banked
  2413  001540  3781               	rlcf	(___aldiv@quotient+3)& (0+255),f,b
  2414                           
  2415                           ; BSR set to: 0
  2416  001542  5043               	movf	___aldiv@divisor,w,c
  2417  001544  5C3F               	subwf	___aldiv@dividend,w,c
  2418  001546  5044               	movf	___aldiv@divisor+1,w,c
  2419  001548  5840               	subwfb	___aldiv@dividend+1,w,c
  2420  00154A  5045               	movf	___aldiv@divisor+2,w,c
  2421  00154C  5841               	subwfb	___aldiv@dividend+2,w,c
  2422  00154E  5046               	movf	___aldiv@divisor+3,w,c
  2423  001550  5842               	subwfb	___aldiv@dividend+3,w,c
  2424  001552  A0D8               	btfss	status,0,c
  2425  001554  D00B               	goto	l1621
  2426                           
  2427                           ; BSR set to: 0
  2428  001556  5043               	movf	___aldiv@divisor,w,c
  2429  001558  5E3F               	subwf	___aldiv@dividend,f,c
  2430  00155A  5044               	movf	___aldiv@divisor+1,w,c
  2431  00155C  5A40               	subwfb	___aldiv@dividend+1,f,c
  2432  00155E  5045               	movf	___aldiv@divisor+2,w,c
  2433  001560  5A41               	subwfb	___aldiv@dividend+2,f,c
  2434  001562  5046               	movf	___aldiv@divisor+3,w,c
  2435  001564  5A42               	subwfb	___aldiv@dividend+3,f,c
  2436                           
  2437                           ; BSR set to: 0
  2438  001566  0100               	movlb	0	; () banked
  2439  001568  0100               	movlb	0	; () banked
  2440  00156A  817E               	bsf	___aldiv@quotient& (0+255),0,b
  2441  00156C                     l1621:
  2442                           
  2443                           ; BSR set to: 0
  2444  00156C  90D8               	bcf	status,0,c
  2445  00156E  3246               	rrcf	___aldiv@divisor+3,f,c
  2446  001570  3245               	rrcf	___aldiv@divisor+2,f,c
  2447  001572  3244               	rrcf	___aldiv@divisor+1,f,c
  2448  001574  3243               	rrcf	___aldiv@divisor,f,c
  2449                           
  2450                           ; BSR set to: 0
  2451  001576  0100               	movlb	0	; () banked
  2452  001578  0100               	movlb	0	; () banked
  2453  00157A  2F7C               	decfsz	___aldiv@counter& (0+255),f,b
  2454  00157C  D7D8               	goto	l1613
  2455  00157E                     l1625:
  2456                           
  2457                           ; BSR set to: 0
  2458  00157E  0100               	movlb	0	; () banked
  2459  001580  0100               	movlb	0	; () banked
  2460  001582  517D               	movf	___aldiv@sign& (0+255),w,b
  2461  001584  B4D8               	btfsc	status,2,c
  2462  001586  D010               	goto	l1629
  2463                           
  2464                           ; BSR set to: 0
  2465  001588  0100               	movlb	0	; () banked
  2466  00158A  0100               	movlb	0	; () banked
  2467  00158C  1F81               	comf	(___aldiv@quotient+3)& (0+255),f,b
  2468  00158E  0100               	movlb	0	; () banked
  2469  001590  1F80               	comf	(___aldiv@quotient+2)& (0+255),f,b
  2470  001592  0100               	movlb	0	; () banked
  2471  001594  1F7F               	comf	(___aldiv@quotient+1)& (0+255),f,b
  2472  001596  0100               	movlb	0	; () banked
  2473  001598  6D7E               	negf	___aldiv@quotient& (0+255),b
  2474  00159A  0E00               	movlw	0
  2475  00159C  0100               	movlb	0	; () banked
  2476  00159E  237F               	addwfc	(___aldiv@quotient+1)& (0+255),f,b
  2477  0015A0  0100               	movlb	0	; () banked
  2478  0015A2  2380               	addwfc	(___aldiv@quotient+2)& (0+255),f,b
  2479  0015A4  0100               	movlb	0	; () banked
  2480  0015A6  2381               	addwfc	(___aldiv@quotient+3)& (0+255),f,b
  2481  0015A8                     l1629:
  2482                           
  2483                           ; BSR set to: 0
  2484  0015A8  C07E  F03F         	movff	___aldiv@quotient,?___aldiv
  2485  0015AC  C07F  F040         	movff	___aldiv@quotient+1,?___aldiv+1
  2486  0015B0  C080  F041         	movff	___aldiv@quotient+2,?___aldiv+2
  2487  0015B4  C081  F042         	movff	___aldiv@quotient+3,?___aldiv+3
  2488  0015B8  0012               	return	
  2489  0015BA                     __end_of___aldiv:
  2490                           	opt stack 0
  2491                           tblptru	equ	0xFF8
  2492                           tblptrh	equ	0xFF7
  2493                           tblptrl	equ	0xFF6
  2494                           tablat	equ	0xFF5
  2495                           prodh	equ	0xFF4
  2496                           prodl	equ	0xFF3
  2497                           intcon	equ	0xFF2
  2498                           postinc0	equ	0xFEE
  2499                           wreg	equ	0xFE8
  2500                           postdec1	equ	0xFE5
  2501                           fsr1l	equ	0xFE1
  2502                           indf2	equ	0xFDF
  2503                           postinc2	equ	0xFDE
  2504                           postdec2	equ	0xFDD
  2505                           fsr2h	equ	0xFDA
  2506                           fsr2l	equ	0xFD9
  2507                           status	equ	0xFD8
  2508                           
  2509 ;; *************** function _ISR *****************
  2510 ;; Defined at:
  2511 ;;		line 72 in file "main.c"
  2512 ;; Parameters:    Size  Location     Type
  2513 ;;		None
  2514 ;; Auto vars:     Size  Location     Type
  2515 ;;		None
  2516 ;; Return value:  Size  Location     Type
  2517 ;;		None               void
  2518 ;; Registers used:
  2519 ;;		None
  2520 ;; Tracked objects:
  2521 ;;		On entry : 0/0
  2522 ;;		On exit  : 0/0
  2523 ;;		Unchanged: 0/0
  2524 ;; Data sizes:     COMRAM   BANK0   BANK1   BANK2   BANK3   BANK4   BANK5   BANK6   BANK7   BANK8   BANK9  BANK10  BANK1
      +1  BANK12  BANK13  BANK14  BANK15
  2525 ;;      Params:         0       0       0       0       0       0       0       0       0       0       0       0       
      +0       0       0       0       0
  2526 ;;      Locals:         0       0       0       0       0       0       0       0       0       0       0       0       
      +0       0       0       0       0
  2527 ;;      Temps:         14       0       0       0       0       0       0       0       0       0       0       0       
      +0       0       0       0       0
  2528 ;;      Totals:        14       0       0       0       0       0       0       0       0       0       0       0       
      +0       0       0       0       0
  2529 ;;Total ram usage:       14 bytes
  2530 ;; Hardware stack levels used:    1
  2531 ;; This function calls:
  2532 ;;		Nothing
  2533 ;; This function is called by:
  2534 ;;		Interrupt level 2
  2535 ;; This function uses a non-reentrant model
  2536 ;;
  2537                           
  2538                           	psect	intcode
  2539  000008                     __pintcode:
  2540                           	opt stack 0
  2541  000008                     _ISR:
  2542                           	opt stack 28
  2543                           
  2544                           ; BSR set to: 0
  2545                           ;incstack = 0
  2546  000008  CFFA F031          	movff	pclath,??_ISR
  2547  00000C  CFFB F032          	movff	pclatu,??_ISR+1
  2548  000010  CFE9 F033          	movff	fsr0l,??_ISR+2
  2549  000014  CFEA F034          	movff	fsr0h,??_ISR+3
  2550  000018  CFE1 F035          	movff	fsr1l,??_ISR+4
  2551  00001C  CFE2 F036          	movff	fsr1h,??_ISR+5
  2552  000020  CFD9 F037          	movff	fsr2l,??_ISR+6
  2553  000024  CFDA F038          	movff	fsr2h,??_ISR+7
  2554  000028  CFF3 F039          	movff	prodl,??_ISR+8
  2555  00002C  CFF4 F03A          	movff	prodh,??_ISR+9
  2556  000030  CFF6 F03B          	movff	tblptrl,??_ISR+10
  2557  000034  CFF7 F03C          	movff	tblptrh,??_ISR+11
  2558  000038  CFF8 F03D          	movff	tblptru,??_ISR+12
  2559  00003C  CFF5 F03E          	movff	tablat,??_ISR+13
  2560                           
  2561                           ;main.c: 74: if (PIR1bits.RCIF)
  2562  000040  AA9E               	btfss	3998,5,c	;volatile
  2563  000042  D004               	goto	i2l92
  2564                           
  2565                           ;main.c: 75: {
  2566                           ;main.c: 76: uart_data = RCREG;
  2567  000044  CFAE F02B          	movff	4014,_uart_data	;volatile
  2568  000048  6A2C               	clrf	_uart_data+1,c	;volatile
  2569                           
  2570                           ;main.c: 77: PIR1bits.RCIF = 0;
  2571  00004A  9A9E               	bcf	3998,5,c	;volatile
  2572  00004C                     i2l92:
  2573  00004C  C03E  FFF5         	movff	??_ISR+13,tablat
  2574  000050  C03D  FFF8         	movff	??_ISR+12,tblptru
  2575  000054  C03C  FFF7         	movff	??_ISR+11,tblptrh
  2576  000058  C03B  FFF6         	movff	??_ISR+10,tblptrl
  2577  00005C  C03A  FFF4         	movff	??_ISR+9,prodh
  2578  000060  C039  FFF3         	movff	??_ISR+8,prodl
  2579  000064  C038  FFDA         	movff	??_ISR+7,fsr2h
  2580  000068  C037  FFD9         	movff	??_ISR+6,fsr2l
  2581  00006C  C036  FFE2         	movff	??_ISR+5,fsr1h
  2582  000070  C035  FFE1         	movff	??_ISR+4,fsr1l
  2583  000074  C034  FFEA         	movff	??_ISR+3,fsr0h
  2584  000078  C033  FFE9         	movff	??_ISR+2,fsr0l
  2585  00007C  C032  FFFB         	movff	??_ISR+1,pclatu
  2586  000080  C031  FFFA         	movff	??_ISR,pclath
  2587  000084  0011               	retfie		f
  2588  000086                     __end_of_ISR:
  2589                           	opt stack 0
  2590                           pclatu	equ	0xFFB
  2591                           pclath	equ	0xFFA
  2592                           tblptru	equ	0xFF8
  2593                           tblptrh	equ	0xFF7
  2594                           tblptrl	equ	0xFF6
  2595                           tablat	equ	0xFF5
  2596                           prodh	equ	0xFF4
  2597                           prodl	equ	0xFF3
  2598                           intcon	equ	0xFF2
  2599                           postinc0	equ	0xFEE
  2600                           fsr0h	equ	0xFEA
  2601                           fsr0l	equ	0xFE9
  2602                           wreg	equ	0xFE8
  2603                           postdec1	equ	0xFE5
  2604                           fsr1h	equ	0xFE2
  2605                           fsr1l	equ	0xFE1
  2606                           indf2	equ	0xFDF
  2607                           postinc2	equ	0xFDE
  2608                           postdec2	equ	0xFDD
  2609                           fsr2h	equ	0xFDA
  2610                           fsr2l	equ	0xFD9
  2611                           status	equ	0xFD8
  2612                           pclatu	equ	0xFFB
  2613                           pclath	equ	0xFFA
  2614                           tblptru	equ	0xFF8
  2615                           tblptrh	equ	0xFF7
  2616                           tblptrl	equ	0xFF6
  2617                           tablat	equ	0xFF5
  2618                           prodh	equ	0xFF4
  2619                           prodl	equ	0xFF3
  2620                           intcon	equ	0xFF2
  2621                           postinc0	equ	0xFEE
  2622                           fsr0h	equ	0xFEA
  2623                           fsr0l	equ	0xFE9
  2624                           wreg	equ	0xFE8
  2625                           postdec1	equ	0xFE5
  2626                           fsr1h	equ	0xFE2
  2627                           fsr1l	equ	0xFE1
  2628                           indf2	equ	0xFDF
  2629                           postinc2	equ	0xFDE
  2630                           postdec2	equ	0xFDD
  2631                           fsr2h	equ	0xFDA
  2632                           fsr2l	equ	0xFD9
  2633                           status	equ	0xFD8
  2634                           
  2635                           	psect	rparam
  2636  0000                     pclatu	equ	0xFFB
  2637                           pclath	equ	0xFFA
  2638                           tblptru	equ	0xFF8
  2639                           tblptrh	equ	0xFF7
  2640                           tblptrl	equ	0xFF6
  2641                           tablat	equ	0xFF5
  2642                           prodh	equ	0xFF4
  2643                           prodl	equ	0xFF3
  2644                           intcon	equ	0xFF2
  2645                           postinc0	equ	0xFEE
  2646                           fsr0h	equ	0xFEA
  2647                           fsr0l	equ	0xFE9
  2648                           wreg	equ	0xFE8
  2649                           postdec1	equ	0xFE5
  2650                           fsr1h	equ	0xFE2
  2651                           fsr1l	equ	0xFE1
  2652                           indf2	equ	0xFDF
  2653                           postinc2	equ	0xFDE
  2654                           postdec2	equ	0xFDD
  2655                           fsr2h	equ	0xFDA
  2656                           fsr2l	equ	0xFD9
  2657                           status	equ	0xFD8


Data Sizes:
    Strings     0
    Constant    1
    Data        34
    BSS         48
    Persistent  0
    Stack       0

Auto Spaces:
    Space          Size  Autos    Used
    COMRAM           95     26      80
    BANK0           160     12      40
    BANK1           256      0       0
    BANK2           256      0       0
    BANK3           256      0       0
    BANK4           256      0       0
    BANK5           256      0       0
    BANK6           256      0       0
    BANK7           256      0       0
    BANK8           256      0       0
    BANK9           256      0       0
    BANK10          256      0       0
    BANK11          256      0       0
    BANK12          256      0       0
    BANK13          256      0       0
    BANK14          256      0       0
    BANK15           56      0       0

Pointer List with Targets:

    None.

Critical Paths under _main in COMRAM

    _main->___lmul
    _main->_moveMotor
    _zeroMotor->_t0Delay
    _serial_init->_uart_xmit
    _moveMotor->_t0Delay

Critical Paths under _ISR in COMRAM

    None.

Critical Paths under _main in BANK0

    _main->_moveMotor

Critical Paths under _ISR in BANK0

    None.

Critical Paths under _main in BANK1

    None.

Critical Paths under _ISR in BANK1

    None.

Critical Paths under _main in BANK2

    None.

Critical Paths under _ISR in BANK2

    None.

Critical Paths under _main in BANK3

    None.

Critical Paths under _ISR in BANK3

    None.

Critical Paths under _main in BANK4

    None.

Critical Paths under _ISR in BANK4

    None.

Critical Paths under _main in BANK5

    None.

Critical Paths under _ISR in BANK5

    None.

Critical Paths under _main in BANK6

    None.

Critical Paths under _ISR in BANK6

    None.

Critical Paths under _main in BANK7

    None.

Critical Paths under _ISR in BANK7

    None.

Critical Paths under _main in BANK8

    None.

Critical Paths under _ISR in BANK8

    None.

Critical Paths under _main in BANK9

    None.

Critical Paths under _ISR in BANK9

    None.

Critical Paths under _main in BANK10

    None.

Critical Paths under _ISR in BANK10

    None.

Critical Paths under _main in BANK11

    None.

Critical Paths under _ISR in BANK11

    None.

Critical Paths under _main in BANK12

    None.

Critical Paths under _ISR in BANK12

    None.

Critical Paths under _main in BANK13

    None.

Critical Paths under _ISR in BANK13

    None.

Critical Paths under _main in BANK14

    None.

Critical Paths under _ISR in BANK14

    None.

Critical Paths under _main in BANK15

    None.

Critical Paths under _ISR in BANK15

    None.

Call Graph Tables:

 ---------------------------------------------------------------------------------
 (Depth) Function   	        Calls       Base Space   Used Autos Params    Refs
 ---------------------------------------------------------------------------------
 (0) _main                                                 4     4      0    4028
                                              8 BANK0      4     4      0
                            ___aldiv
                            ___almod
                             ___lmul
                            _init_io
                          _moveMotor
                        _serial_init
                          _uart_xmit
                          _zeroMotor
 ---------------------------------------------------------------------------------
 (1) _zeroMotor                                            3     3      0    1066
                                             22 COMRAM     3     3      0
                            ___awmod
                            _t0Delay
 ---------------------------------------------------------------------------------
 (1) _serial_init                                          1     1      0      83
                                             16 COMRAM     1     1      0
                          _uart_xmit
 ---------------------------------------------------------------------------------
 (1) _uart_xmit                                            2     0      2      83
                                             14 COMRAM     2     0      2
 ---------------------------------------------------------------------------------
 (1) _moveMotor                                           12    10      2    1783
                                             22 COMRAM     4     2      2
                                              0 BANK0      8     8      0
                            ___awmod
                            _t0Delay
 ---------------------------------------------------------------------------------
 (2) _t0Delay                                              8     6      2     241
                                             14 COMRAM     8     6      2
 ---------------------------------------------------------------------------------
 (2) ___awmod                                              7     3      4     757
                                             14 COMRAM     7     3      4
 ---------------------------------------------------------------------------------
 (1) _init_io                                              0     0      0       0
 ---------------------------------------------------------------------------------
 (1) ___lmul                                              12     4      8     180
                                             14 COMRAM    12     4      8
 ---------------------------------------------------------------------------------
 (1) ___almod                                             11     3      8     263
                                             14 COMRAM    11     3      8
 ---------------------------------------------------------------------------------
 (1) ___aldiv                                             15     7      8     570
                                             14 COMRAM     9     1      8
                                              0 BANK0      6     6      0
 ---------------------------------------------------------------------------------
 Estimated maximum stack depth 2
 ---------------------------------------------------------------------------------
 (Depth) Function   	        Calls       Base Space   Used Autos Params    Refs
 ---------------------------------------------------------------------------------
 (3) _ISR                                                 14    14      0       0
                                              0 COMRAM    14    14      0
 ---------------------------------------------------------------------------------
 Estimated maximum stack depth 3
 ---------------------------------------------------------------------------------

 Call Graph Graphs:

 _main (ROOT)
   ___aldiv
   ___almod
   ___lmul
   _init_io
   _moveMotor
     ___awmod
     _t0Delay
   _serial_init
     _uart_xmit
   _uart_xmit
   _zeroMotor
     ___awmod
     _t0Delay

 _ISR (ROOT)

 Address spaces:
Name               Size   Autos  Total    Cost      Usage
BIGRAM             F37      0       0      37        0.0%
EEDATA             400      0       0       0        0.0%
BITBANK14          100      0       0      33        0.0%
BANK14             100      0       0      34        0.0%
BITBANK13          100      0       0      31        0.0%
BANK13             100      0       0      32        0.0%
BITBANK12          100      0       0      29        0.0%
BANK12             100      0       0      30        0.0%
BITBANK11          100      0       0      27        0.0%
BANK11             100      0       0      28        0.0%
BITBANK10          100      0       0      25        0.0%
BANK10             100      0       0      26        0.0%
BITBANK9           100      0       0      23        0.0%
BANK9              100      0       0      24        0.0%
BITBANK8           100      0       0      21        0.0%
BANK8              100      0       0      22        0.0%
BITBANK7           100      0       0      19        0.0%
BANK7              100      0       0      20        0.0%
BITBANK6           100      0       0      17        0.0%
BANK6              100      0       0      18        0.0%
BITBANK5           100      0       0      15        0.0%
BANK5              100      0       0      16        0.0%
BITBANK4           100      0       0      13        0.0%
BANK4              100      0       0      14        0.0%
BITBANK3           100      0       0      10        0.0%
BANK3              100      0       0      11        0.0%
BITBANK2           100      0       0       8        0.0%
BANK2              100      0       0       9        0.0%
BITBANK1           100      0       0       6        0.0%
BANK1              100      0       0       7        0.0%
BITBANK0            A0      0       0       4        0.0%
BANK0               A0      C      28       5       25.0%
BITCOMRAM           5F      0       0       0        0.0%
COMRAM              5F     1A      50       1       84.2%
BITBANK15           38      0       0      35        0.0%
BANK15              38      0       0      36        0.0%
BITSFR_1             0      0       0      40        0.0%
SFR_1                0      0       0      40        0.0%
BITSFR               0      0       0      40        0.0%
SFR                  0      0       0      40        0.0%
STACK                0      0       0       2        0.0%
NULL                 0      0       0       0        0.0%
ABS                  0      0      78      12        0.0%
DATA                 0      0      78       3        0.0%
CODE                 0      0       0       0        0.0%


Microchip Technology PIC18 Macro Assembler V1.30 build 55553 
Symbol Table                                                                                   Fri Apr 04 20:48:30 2014

                       _GO 007E11                         l98 194C               __CFG_CP0$OFF 000000  
             __CFG_CP1$OFF 000000                        l120 12FC                        l108 1892  
                      l132 1446                        l124 1356                        l109 18A4  
                      l138 116A                        u245 15DA                        u255 160E  
                      _ISR 0008                        u605 1880                        u745 1492  
                      u755 14CA                        u907 10B2                        u917 10C4  
                      u927 10E2                        u937 10F4                        u947 1106  
                      u867 106A                        u957 1118                        u877 107C  
                      u967 112A                        u887 108E                        u977 113C  
                      u897 10A0                        u987 1918                        _buf 0001  
             ___awmod@sign 0045                        prod 000FF3                        wreg 000FE8  
               _TXSTA1bits 000FAC               __CFG_LVP$OFF 000000                       ?_ISR 0031  
                     l1111 15F6                       l1121 1644                       l1123 1648  
                     l1131 167A                       l1115 1622                       l1141 17C6  
                     l1135 1690                       l1127 166C                       l1119 1638  
                     l1145 17DA                       l1425 1874                       l1611 152A  
                     l1603 14E6                       l1621 156C                       l1613 152E  
                     l1463 132A                       l1447 17A0                       l1609 151A  
                     l1625 157E                       l1641 16CE                       l1651 1704  
                     l1483 13BC                       l1629 15A8                       l1653 1708  
                     l1661 1726                       l1645 16EA                       l1567 115E  
                     l1665 1734                       l1657 171C                       l1649 16FC  
                     l1489 1402                       l1499 1460                       l1597 14B2  
                     _LATC 000F8B                       i2l92 004C                       _TMR0 000FD6  
                     _decm 0015                       _main 1004                       _fvar 0019  
                     _tens 001D                       fsr0h 000FEA                       fsr1h 000FE2  
                     fsr0l 000FE9                       fsr2h 000FDA                       fsr1l 000FE1  
                     indf2 000FDF                       fsr2l 000FD9                       pclat 000FFA  
            __CFG_BOREN$ON 000000                       prodh 000FF4                       prodl 000FF3  
                     start 0086              __CFG_IESO$OFF 000000                      ??_ISR 0031  
          __end_of_t0Delay 18AA            __end_of___aldiv 15BA            __end_of___almod 16A2  
                    ?_main 0031            __end_of___awmod 173E                      _RCREG 000FAE  
                    _TXREG 000FAD        ___lmul@multiplicand 0043             __CFG_FCMEN$OFF 000000  
          __end_of_init_io 18F6                      _tempi 0029                      tablat 000FF5  
                    status 000FD8          moveMotor@curDelay 007C            __initialization 180C  
             __end_of_main 12AC                     ??_main 0084              __activetblptr 000003  
                   _ADCON0 000FC2                     _ADCON1 000FC1                     _ADCON2 000FC0  
                   _ADRESH 000FC4                     _ANSELA 000F38                     _ANSELB 000F39  
                   _ANSELC 000F3A             __CFG_WDTEN$OFF 000000                t0Delay@usec 003F  
                   _SPBRG1 000FAF                  ??_t0Delay 0041               ?_serial_init 0031  
                   ___lmul 17B6                  ??___aldiv 0047                  ??___almod 0047  
           __CFG_STVREN$ON 000000                  ??___awmod 0043                     clear_0 1812  
          ___awmod@divisor 0041            ___awmod@counter 0044                  ??_init_io 003F  
             __pdataCOMRAM 004B               __mediumconst 0000                     tblptrh 000FF7  
                   tblptrl 000FF6                     tblptru 000FF8            __CFG_HFOFST$OFF 000000  
               __accesstop 0060    __end_of__initialization 1858             __pcstackCOMRAM 0031  
             __pidataBANK0 1930         moveMotor@stepsLeft 0080                    ?___lmul 003F  
       __size_of_moveMotor 01C2             ___lmul@product 0047         __size_of_uart_xmit 000A  
                  _SPBRGH1 000FB0         __size_of_zeroMotor 0078            __CFG_PWRTEN$OFF 000000  
                  _t0Delay 185E                    __Hparam 0000                    __Lparam 0000  
                  ___aldiv 146E                    ___almod 15BA            __size_of___lmul 0056  
                  ___awmod 16A2       __size_of_serial_init 003A               __psmallconst 1000  
                  __pcinit 180C                    __ramtop 1000                    __ptext0 1004  
                  __ptext1 173E                    __ptext2 18F6                    __ptext3 194C  
                  __ptext4 12AC                    __ptext5 185E                    __ptext6 16A2  
                  __ptext7 18AA                    __ptext8 17B6                    __ptext9 15BA  
                _T0CONbits 000FD5               __size_of_ISR 007E                    _init_io 18AA  
         ___awmod@dividend 003F           ___aldiv@dividend 003F                    _itxdata 0027  
     end_of_initialization 1858             t0Delay@t0ticks 0045                    _vtxdata 002D  
        __end_of_moveMotor 146E          __end_of_uart_xmit 1956           ___aldiv@quotient 007E  
                  postdec1 000FE5                    postdec2 000FDD                    postinc0 000FEE  
                  postinc2 000FDE          __end_of_zeroMotor 17B6                  _PORTAbits 000F80  
                _TRISAbits 000F92                  _TRISBbits 000F93                  _TRISCbits 000F94  
               _stateCount 1001       uart_xmit@mydata_byte 003F             __end_of___lmul 180C  
            __pidataCOMRAM 1956        start_initialization 180C                __end_of_ISR 0086  
        _defaultAccelTable 0060        moveMotor@targetStep 0047                   ??___lmul 0047  
              __pdataBANK0 0060        moveMotor@speedIndex 0083                  _an8_value 0021  
                _an9_value 0023                __pbssCOMRAM 0001              __pcstackBANK0 007C  
             _currentState 002F                   ?_t0Delay 003F                  __pintcode 0008  
                 ?___aldiv 003F                   ?___almod 003F                   ?___awmod 003F  
         ___almod@dividend 003F                __smallconst 1000                   ?_init_io 0031  
          ___aldiv@divisor 0043            ___aldiv@counter 007C                   _LATAbits 000F89  
                 _PIE1bits 000F9D                  _moveMotor 12AC                   _PIR1bits 000F9E  
            ??_serial_init 0041                  _uart_data 002B                  _uart_xmit 194C  
         t0Delay@t0Preload 0044                  _zeroMotor 173E          ___lmul@multiplier 003F  
                copy_data0 182C                  copy_data1 184C               moveMotor@dir 007E  
               ?_moveMotor 0047                   __Hrparam 0000           __size_of_t0Delay 004C  
                 __Lrparam 0000                 ?_uart_xmit 003F           __size_of___aldiv 014C  
         __size_of___almod 00E8           __size_of___awmod 009C        __end_of_serial_init 1930  
              _currentStep 0025                 ?_zeroMotor 0031           __size_of_init_io 004C  
               zeroMotor@i 0048                   __ptext10 146E            ___almod@divisor 0043  
          ___almod@counter 0048              __size_of_main 02A8               _serialBuffer 000B  
          _serialByteCount 0030  moveMotor@stepsAtThisSpeed 0082                   _stateMap 004B  
               _INTCONbits 000FF2                   intlevel2 0000                 _RCSTA1bits 000FAB  
              ??_moveMotor 0049                 _OSCCONbits 000FD3                _serial_init 18F6  
              ??_uart_xmit 0041         __end_of_stateCount 1002                ??_zeroMotor 0047  
             ___aldiv@sign 007D               ___almod@sign 0049          __CFG_FOSC$INTIO67 000000  
