" Product"," Status"," Volume Pricing"," Architecture"," Memory Type"," Program Memory KBytes"," Program Memory KWords"," Self-write"," EEPROM Data Memory"," RAM"," I/O Pins"," Pin count"," Max. CPU Speed MHz"," CPU Speed MIPS"," Internal Oscillator"," # of A/D Ch."," Cap Touch Channels"," Digital Communication"," Timers"," Temperature Range"," Operation Voltage Range"," Packages"
"  MTR6618"," In Production "," Call for pricing"," 8"," Flash"," 128"," 64"," Yes"," 0"," 3904"," 50"," 64"," 48"," 12","  ","  ","  ","  "," 0 - 8-bit   0 - 16-bit    0 - 32-bit  "," -40 to 85"," 2V - 3.6V"," 64/TQFP"
"  MTR6618-I/PT"," In Production "," Call for pricing"," 8"," Flash"," 128"," 64"," Yes"," 0"," 3904"," 50"," 64"," 48"," 12","  ","  ","  ","  "," 0 - 8-bit   0 - 16-bit    0 - 32-bit  "," -40 to 85"," 2V - 3.6V"," Please call for package information"
"  PIC10F200"," In Production "," $0.30"," 8"," Flash"," 0.375"," 0.25"," No"," 0"," 16"," 4"," 6"," 4"," 1"," 4 MHz "," 0","  "," 0 -UART    0 -A/E/USART    0 -SPI    0 -I2C   "," 1 - 8-bit   0 - 16-bit    0 - 32-bit  "," -40 to 125"," 2V - 5.5V"," 6/SOT-23 8/DFN 8/PDIP"
"  PIC10F202"," In Production "," $0.33"," 8"," Flash"," 0.75"," 0.5"," No"," 0"," 24"," 4"," 6"," 4"," 1"," 4 MHz "," 0","  "," 0 -UART    0 -A/E/USART    0 -SPI    0 -I2C   "," 1 - 8-bit   0 - 16-bit    0 - 32-bit  "," -40 to 125"," 2V - 5.5V"," 6/SOT-23 8/DFN 8/PDIP"
"  PIC10F204"," In Production "," $0.33"," 8"," Flash"," 0.375"," 0.25"," No"," 0"," 16"," 4"," 6"," 4"," 1"," 4 MHz "," 0"," 1"," 0 -UART    0 -A/E/USART    0 -SPI    0 -I2C   "," 1 - 8-bit   0 - 16-bit    0 - 32-bit  "," -40 to 125"," 2V - 5.5V"," 6/SOT-23 8/DFN 8/PDIP"
"  PIC10F206"," In Production "," $0.36"," 8"," Flash"," 0.75"," 0.5"," No"," 0"," 24"," 4"," 6"," 4"," 1"," 4 MHz "," 0"," 1"," 0 -UART    0 -A/E/USART    0 -SPI    0 -I2C   "," 1 - 8-bit   0 - 16-bit    0 - 32-bit  "," -40 to 125"," 2V - 5.5V"," 6/SOT-23 8/DFN 8/PDIP"
"  PIC10F220"," In Production "," $0.34"," 8"," Flash"," 0.375"," 0.25"," No"," 0"," 16"," 4"," 6"," 8"," 2"," 4 MHz, 8 MHz "," 2"," 2"," 0 -UART    0 -A/E/USART    0 -SPI    0 -I2C   "," 1 - 8-bit   0 - 16-bit    0 - 32-bit  "," -40 to 125"," 2V - 5.5V"," 6/SOT-23 8/DFN 8/PDIP"
"  PIC10F222"," In Production "," $0.36"," 8"," Flash"," 0.75"," 0.5"," No"," 0"," 23"," 4"," 6"," 8"," 2"," 4 MHz, 8 MHz "," 2"," 2"," 0 -UART    0 -A/E/USART    0 -SPI    0 -I2C   "," 1 - 8-bit   0 - 16-bit    0 - 32-bit  "," -40 to 125"," 2V - 5.5V"," 6/SOT-23 8/DFN 8/PDIP"
"  PIC10F320"," In Production "," $0.36"," 8"," Flash"," 0.448"," 0.256"," Yes"," 0"," 64"," 4"," 6"," 16"," 5"," 16 MHz, 32 kHz "," 3","  "," 0 -UART   "," 2 - 8-bit   0 - 16-bit    0 - 32-bit  "," -40 to 125"," 1.8V - 5.5V"," 6/SOT-23 8/DFN 8/PDIP"
"  PIC10F322"," In Production "," $0.39"," 8"," Flash"," 0.896"," 0.512"," Yes"," 0"," 64"," 4"," 6"," 16"," 4"," 16 MHz, 32 kHz "," 3","  ","  "," 2 - 8-bit   0 - 16-bit    0 - 32-bit  "," -40 to 125"," 1.8V - 5.5V"," 6/SOT-23 8/DFN 8/PDIP 14/PDIP"
"  PIC12F1501"," In Production "," $0.49"," 8"," Flash"," 1.75"," 1"," Yes"," 0"," 64"," 6"," 8"," 20"," 5"," 16 MHz, 32 kHz "," 4","  ","  "," 2 - 8-bit   1 - 16-bit    0 - 32-bit  "," -40 to 125"," 1.8V - 5.5V"," 8/DFN 8/MSOP 8/PDIP 8/SOIC 150mil"
"  PIC12F1822"," In Production "," $0.73"," 8"," Flash"," 3.5"," 2"," Yes"," 256"," 128"," 6"," 8"," 32"," 8"," 32 MHz, 32 kHz "," 4"," 4"," 1 -A/E/USART    1 -MSSP(SPI/I2C)   "," 2 - 8-bit   1 - 16-bit    0 - 32-bit  "," -40 to 125"," 1.8V - 5.5V"," 8/DFN 8/PDIP 8/SOIC 150mil"
"  PIC12F1840"," In Production "," $0.78"," 8"," Flash"," 7"," 4"," Yes"," 256"," 256"," 6"," 8"," 32"," 8"," 32 MHz, 32 kHz "," 4"," 4"," 1 -A/E/USART    1 -MSSP(SPI/I2C)   "," 2 - 8-bit   1 - 16-bit    0 - 32-bit  "," -40 to 125"," 1.8V - 5.5V"," 8/DFN 8/PDIP 8/SOIC 150mil"
"  PIC12F508"," In Production "," $0.41"," 8"," Flash"," 0.75"," 0.5"," No"," 0"," 25"," 6"," 8"," 4"," 1"," 4 MHz "," 0","  "," 0 -UART    0 -A/E/USART    0 -SPI    0 -I2C   "," 1 - 8-bit   0 - 16-bit    0 - 32-bit  "," -40 to 125"," 2V - 5.5V"," 8/DFN 8/MSOP 8/PDIP 8/SOIC 150mil"
"  PIC12F509"," In Production "," $0.45"," 8"," Flash"," 1.5"," 1"," No"," 0"," 41"," 6"," 8"," 4"," 1"," 4 MHz "," 0","  "," 0 -UART    0 -A/E/USART    0 -SPI    0 -I2C   "," 1 - 8-bit   0 - 16-bit    0 - 32-bit  "," -40 to 125"," 2V - 5.5V"," 8/DFN 8/MSOP 8/PDIP 8/SOIC 150mil 8/SOIC 208mil"
"  PIC12F510"," In Production "," $0.49"," 8"," Flash"," 1.5"," 1"," No"," 0"," 38"," 6"," 8"," 8"," 2"," 4 MHz, 8 MHz "," 3"," 3"," 0 -UART    0 -A/E/USART    0 -SPI    0 -I2C   "," 1 - 8-bit   0 - 16-bit    0 - 32-bit  "," -40 to 125"," 2V - 5.5V"," 8/DFN 8/MSOP 8/PDIP 8/SOIC 150mil"
"  PIC12F519"," In Production "," $0.49"," 8"," Flash"," 1.5"," 1"," No"," 64"," 41"," 6"," 8"," 8"," 2"," 4 MHz, 8 MHz "," 0","  "," 0 -UART    0 -A/E/USART    0 -SPI    0 -I2C   "," 1 - 8-bit   0 - 16-bit    0 - 32-bit  "," -40 to 125"," 2V - 5.5V"," 8/DFN 8/MSOP 8/PDIP 8/SOIC 150mil"
"  PIC12F529T39A"," In Production "," $0.95"," 8"," Flash"," 2.3"," 1.5"," No"," 64"," 201"," 6","  "," 8"," 2"," 8 MHz ","  ","  ","  "," 1 - 8-bit   0 - 16-bit    0 - 32-bit  "," -40 to 85"," 2V - 3.7V"," 14/TSSOP"
"  PIC12F609"," In Production "," $0.52"," 8"," Flash"," 1.75"," 1"," No"," 0"," 64"," 6"," 8"," 20"," 5"," 4 MHz, 8 MHz "," 0","  "," 0 -UART    0 -A/E/USART    0 -SPI    0 -I2C   "," 1 - 8-bit   1 - 16-bit    0 - 32-bit  "," -40 to 125"," 2V - 15V"," 8/DFN 8/MSOP 8/PDIP 8/SOIC 150mil"
"  PIC12F615"," In Production "," $0.55"," 8"," Flash"," 1.75"," 1"," No"," 0"," 64"," 6"," 8"," 20"," 5"," 4 MHz, 8 MHz "," 4"," 4"," 0 -UART    0 -A/E/USART    0 -SPI    0 -I2C   "," 2 - 8-bit   1 - 16-bit    0 - 32-bit  "," -40 to 150"," 2V - 15V"," 8/DFN 8/MSOP 8/PDIP 8/SOIC 150mil"
"  PIC12F617"," In Production "," $0.59"," 8"," Flash"," 3.5"," 2"," Yes"," 0"," 128"," 6"," 8"," 20"," 5"," 4 MHz, 8 MHz "," 4"," 4","  "," 2 - 8-bit   1 - 16-bit    0 - 32-bit  "," -40 to 125"," 2V - 5.5V"," 8/DFN 8/MSOP 8/PDIP 8/SOIC 150mil"
"  PIC12F629"," In Production "," $0.70"," 8"," Flash"," 1.75"," 1"," No"," 128"," 64"," 6"," 8"," 20"," 5"," 4 MHz "," 0","  "," 0 -UART    0 -A/E/USART    0 -SPI    0 -I2C   "," 1 - 8-bit   1 - 16-bit    0 - 32-bit  "," -40 to 125"," 2V - 5.5V"," 8/DFN 8/DFN-S 8/PDIP 8/SOIC 150mil"
"  PIC12F635"," In Production "," $0.84"," 8"," Flash"," 1.75"," 1"," No"," 128"," 64"," 6"," 8"," 20"," 5"," 8 MHz, 32 kHz "," 0","  "," 0 -UART    0 -A/E/USART    0 -SPI    0 -I2C   "," 1 - 8-bit   1 - 16-bit    0 - 32-bit  "," -40 to 125"," 2V - 5.5V"," 8/DFN 8/DFN-S 8/PDIP 8/SOIC 150mil"
"  PIC12F675"," In Production "," $0.77"," 8"," Flash"," 1.75"," 1"," No"," 128"," 64"," 6"," 8"," 20"," 5"," 4 MHz "," 4","  "," 0 -UART    0 -A/E/USART    0 -SPI    0 -I2C   "," 1 - 8-bit   1 - 16-bit    0 - 32-bit  "," -40 to 125"," 2V - 5.5V"," 8/DFN 8/DFN-S 8/PDIP 8/SOIC 150mil"
"  PIC12F683"," In Production "," $0.91"," 8"," Flash"," 3.5"," 2"," No"," 256"," 128"," 6"," 8"," 20"," 5"," 8 MHz, 32 kHz "," 4"," 3"," 0 -UART    0 -A/E/USART    0 -SPI    0 -I2C   "," 2 - 8-bit   1 - 16-bit    0 - 32-bit  "," -40 to 125"," 2V - 5.5V"," 8/DFN 8/DFN-S 8/PDIP 8/SOIC 150mil 14/PDIP"
"  PIC12F752"," In Production "," $0.59"," 8"," Flash"," 1.75"," 1"," Yes"," 0"," 64"," 6"," 8"," 20"," 5"," 8 MHz "," 4","  ","  "," 2 - 8-bit   1 - 16-bit    0 - 32-bit  "," -40 to 125"," 2V - 5.5V"," 8/DFN 8/PDIP 8/SOIC 150mil 14/PDIP"
"  PIC12LF1552"," Samples Available "," $0.49"," 8"," Flash"," 3.5"," 2"," Yes"," 0"," 256"," 6"," 8"," 32"," 8"," 16 MHz, 32 kHz "," 4"," 4"," 0 -I2C    1 -MSSP(SPI/I2C)   "," 1 - 8-bit   0 - 16-bit    0 - 32-bit  "," -40 to 85"," 1.8V - 3.6V"," 8/MSOP 8/PDIP 8/SOIC 150mil"
"  PIC12LF1840T48A"," In Production "," $1.12"," 8"," Flash"," 7"," 4"," Yes"," 256"," 256"," 6"," 14"," 32"," 8"," 32 MHz, 32 kHz "," 4"," 4"," 1 -A/E/USART    1 -MSSP(SPI/I2C)   "," 2 - 8-bit   1 - 16-bit    0 - 32-bit  "," 0 to 85"," 1.8V - 3.6V"," 14/TSSOP"
"  PIC16F1454"," Samples Available "," $0.91"," 8"," Flash"," 14"," 8"," Yes"," 0"," 1024"," 12"," 14"," 48"," 12","  ","  ","  "," 1 -A/E/USART    0 -I2C    1 -MSSP(SPI/I2C)   "," 1 - 8-bit   1 - 16-bit    0 - 32-bit  "," -40 to 125"," 1.8V - 5.5V"," 14/PDIP 14/SOIC 150mil 14/TSSOP 16/QFN"
"  PIC16F1455"," In Production "," $1.04"," 8"," Flash"," 14"," 8"," Yes"," 0"," 1024"," 12"," 14"," 48"," 12","  "," 5","  "," 1 -A/E/USART    1 -MSSP(SPI/I2C)   "," 2 - 8-bit   1 - 16-bit    0 - 32-bit  "," -40 to 125"," 1.8V - 5.5V"," 14/PDIP 14/SOIC 150mil 14/TSSOP 16/QFN"
"  PIC16F1459"," In Production "," $1.18"," 8"," Flash"," 14"," 8"," Yes"," 0"," 1024"," 18"," 20"," 48"," 12","  "," 9"," 9"," 1 -A/E/USART    1 -MSSP(SPI/I2C)   "," 2 - 8-bit   1 - 16-bit    0 - 32-bit  "," -40 to 125"," 1.8V - 5.5V"," 20/PDIP 20/QFN 20/SOIC 300mil 20/SSOP 208mil"
"  PIC16F1503"," In Production "," $0.55"," 8"," Flash"," 3.5"," 2"," Yes"," 0"," 128"," 12"," 14"," 20"," 5"," 16 MHz, 32 kHz "," 8","  "," 1 -MSSP(SPI/I2C)   "," 2 - 8-bit   1 - 16-bit    0 - 32-bit  "," -40 to 125"," 1.8V - 5.5V"," 14/PDIP 14/SOIC 150mil 14/TSSOP 16/QFN"
"  PIC16F1507"," In Production "," $0.69"," 8"," Flash"," 3.5"," 2"," Yes"," 0"," 128"," 18"," 20"," 20"," 5"," 16 MHz, 32 kHz "," 12","  ","  "," 2 - 8-bit   1 - 16-bit    0 - 32-bit  "," -40 to 125"," 1.8V - 5.5V"," 20/PDIP 20/QFN 20/SOIC 300mil 20/SSOP 208mil"
"  PIC16F1508"," In Production "," $0.77"," 8"," Flash"," 7"," 4"," Yes"," 0"," 256"," 18"," 20"," 20"," 5"," 16 MHz, 32 kHz "," 12","  "," 1 -A/E/USART    1 -MSSP(SPI/I2C)   "," 2 - 8-bit   1 - 16-bit    0 - 32-bit  "," -40 to 125"," 1.8V - 5.5V"," 20/PDIP 20/QFN 20/SOIC 300mil 20/SSOP 208mil"
"  PIC16F1509"," In Production "," $0.81"," 8"," Flash"," 14"," 8"," Yes"," 0"," 512"," 18"," 20"," 20"," 5"," 16 MHz, 32 kHz "," 12","  "," 1 -A/E/USART    1 -MSSP(SPI/I2C)   "," 2 - 8-bit   1 - 16-bit    0 - 32-bit  "," -40 to 125"," 1.8V - 5.5V"," 20/PDIP 20/QFN 20/SOIC 300mil 20/SSOP 208mil 28/SPDIP"
"  PIC16F1512"," Future Product "," $0.81"," 8"," Flash"," 3.5"," 2"," Yes"," 0"," 128"," 25"," 28"," 20"," 5"," 16 MHz, 32 kHz "," 17"," 17"," 1 -A/E/USART    1 -MSSP(SPI/I2C)   "," 2 - 8-bit   1 - 16-bit    0 - 32-bit  "," -40 to 125"," 1.8V - 5.5V"," 28/SOIC 300mil 28/SPDIP 28/SSOP 208mil 28/UQFN"
"  PIC16F1513"," Samples Available "," $0.88"," 8"," Flash"," 7"," 4"," Yes"," 0"," 256"," 25"," 28"," 20"," 5"," 16 MHz, 32 kHz "," 17","  "," 1 -A/E/USART    1 -MSSP(SPI/I2C)   "," 2 - 8-bit   1 - 16-bit    0 - 32-bit  "," -40 to 125"," 1.8V - 5.5V"," 28/SOIC 300mil 28/SPDIP 28/SSOP 208mil 28/UQFN"
"  PIC16F1516"," In Production "," $0.95"," 8"," Flash"," 14"," 8"," Yes"," 0"," 512"," 25"," 28"," 20"," 5"," 16 MHz, 32 kHz "," 17"," 17"," 1 -A/E/USART    1 -MSSP(SPI/I2C)   "," 2 - 8-bit   1 - 16-bit    0 - 32-bit  "," -40 to 125"," 1.8V - 5.5V"," 28/SOIC 300mil 28/SPDIP 28/SSOP 208mil 28/UQFN"
"  PIC16F1517"," In Production "," $1.32"," 8"," Flash"," 14"," 8"," Yes"," 0"," 512"," 36"," 40"," 20"," 5"," 16 MHz, 32 kHz "," 28"," 28"," 1 -A/E/USART    1 -MSSP(SPI/I2C)   "," 2 - 8-bit   1 - 16-bit    0 - 32-bit  "," -40 to 125"," 1.8V - 5.5V"," 40/PDIP 40/UQFN 44/TQFP"
"  PIC16F1518"," In Production "," $1.01"," 8"," Flash"," 28"," 16"," Yes"," 0"," 1024"," 25"," 28"," 20"," 5"," 16 MHz, 32 kHz "," 17"," 17"," 1 -A/E/USART    1 -MSSP(SPI/I2C)   "," 2 - 8-bit   1 - 16-bit    0 - 32-bit  "," -40 to 125"," 1.8V - 5.5V"," 28/SOIC 300mil 28/SPDIP 28/SSOP 208mil 28/UQFN"
"  PIC16F1519"," In Production "," $1.37"," 8"," Flash"," 28"," 16"," Yes"," 0"," 1024"," 36"," 40"," 20"," 5"," 16 MHz, 32 kHz "," 28"," 28"," 1 -A/E/USART    1 -MSSP(SPI/I2C)   "," 2 - 8-bit   1 - 16-bit    0 - 32-bit  "," -40 to 125"," 1.8V - 5.5V"," 40/PDIP 40/UQFN 44/TQFP"
"  PIC16F1526"," In Production "," $1.47"," 8"," Flash"," 14"," 8"," Yes"," 0"," 768"," 55"," 64"," 20"," 5"," 16 MHz, 32 kHz "," 30"," 30"," 2 -A/E/USART    2 -MSSP(SPI/I2C)   "," 6 - 8-bit   3 - 16-bit    0 - 32-bit  "," -40 to 125"," 1.8V - 5.5V"," 64/QFN 64/TQFP"
"  PIC16F1527"," In Production "," $1.54"," 8"," Flash"," 28"," 16"," Yes"," 0"," 1536"," 55"," 64"," 20"," 5"," 16 MHz, 32 kHz "," 30"," 30"," 2 -A/E/USART    2 -MSSP(SPI/I2C)   "," 6 - 8-bit   3 - 16-bit    0 - 32-bit  "," -40 to 125"," 1.8V - 5.5V"," 64/QFN 64/TQFP"
"  PIC16F1782"," In Production "," $1.23"," 8"," Flash"," 3.5"," 2"," Yes"," 256"," 256"," 25"," 28"," 32"," 8"," 32 MHz, 32 kHz "," 11","  "," 1 -A/E/USART    1 -MSSP(SPI/I2C)   "," 4 - 8-bit   1 - 16-bit    0 - 32-bit  "," -40 to 125"," 1.8V - 5.5V"," 28/QFN 28/SOIC 300mil 28/SPDIP 28/SSOP 208mil 28/UQFN"
"  PIC16F1783"," In Production "," $1.30"," 8"," Flash"," 7"," 4"," Yes"," 256"," 512"," 25"," 28"," 32"," 8"," 32 MHz, 32 kHz "," 11","  "," 1 -A/E/USART    1 -MSSP(SPI/I2C)   "," 4 - 8-bit   1 - 16-bit    0 - 32-bit  "," -40 to 125"," 1.8V - 5.5V"," 28/QFN 28/SOIC 300mil 28/SPDIP 28/SSOP 208mil 28/UQFN"
"  PIC16F1784"," Future Product "," Call for pricing"," 8"," Flash"," 7"," 4"," Yes"," 256"," 512"," 36"," 40"," 32"," 8"," 32 MHz, 32 kHz "," 14","  "," 1 -A/E/USART    1 -MSSP(SPI/I2C)   "," 4 - 8-bit   1 - 16-bit    0 - 32-bit  "," -40 to 125"," 1.8V - 5.5V"," Please call for package information"
"  PIC16F1786"," Future Product "," Call for pricing"," 8"," Flash"," 14"," 8"," Yes"," 256"," 1024"," 25"," 28"," 32"," 8"," 32 MHz, 32 kHz "," 11","  "," 1 -A/E/USART    1 -MSSP(SPI/I2C)   "," 4 - 8-bit   1 - 16-bit    0 - 32-bit  "," -40 to 125"," 1.8V - 3.6V"," Please call for package information"
"  PIC16F1787"," Future Product "," Call for pricing"," 8"," Flash"," 14"," 8"," Yes"," 256"," 1024"," 36"," 40"," 32"," 8"," 32 MHz, 32 kHz "," 14","  "," 1 -A/E/USART    1 -MSSP(SPI/I2C)   "," 4 - 8-bit   1 - 16-bit    0 - 32-bit  "," -40 to 125"," 1.8V - 5.5V"," Please call for package information"
"  PIC16F1788"," Future Product "," Call for pricing"," 8"," Flash"," 28"," 16"," Yes"," 256"," 2048"," 25"," 28"," 32"," 8"," 32 MHz, 32 kHz "," 11","  "," 1 -A/E/USART    1 -MSSP(SPI/I2C)   "," 4 - 8-bit   1 - 16-bit    0 - 32-bit  "," -40 to 125"," 1.8V - 5.5V"," Please call for package information"
"  PIC16F1789"," Future Product "," Call for pricing"," 8"," Flash"," 28"," 16"," Yes"," 256"," 2048"," 36"," 40"," 32"," 8"," 32 MHz, 32 kHz "," 14","  "," 1 -A/E/USART    1 -MSSP(SPI/I2C)   "," 4 - 8-bit   1 - 16-bit    0 - 32-bit  "," -40 to 125"," 1.8V - 5.5V"," Please call for package information"
"  PIC16F1823"," In Production "," $0.78"," 8"," Flash"," 3.5"," 2"," Yes"," 256"," 128"," 12"," 14"," 32"," 8"," 32 MHz, 32 kHz "," 8"," 8"," 1 -A/E/USART    1 -MSSP(SPI/I2C)   "," 2 - 8-bit   1 - 16-bit    0 - 32-bit  "," -40 to 125"," 1.8V - 5.5V"," 14/PDIP 14/SOIC 150mil 14/TSSOP 16/QFN"
"  PIC16F1824"," In Production "," $0.84"," 8"," Flash"," 7"," 4"," Yes"," 256"," 256"," 12"," 14"," 32"," 8"," 32 MHz, 32 kHz "," 8"," 8"," 1 -A/E/USART    1 -MSSP(SPI/I2C)   "," 4 - 8-bit   1 - 16-bit    0 - 32-bit  "," -40 to 125"," 1.8V - 5.5V"," 14/PDIP 14/SOIC 150mil 14/TSSOP 16/QFN"
"  PIC16F1825"," In Production "," $0.92"," 8"," Flash"," 14"," 8"," Yes"," 256"," 1024"," 12"," 14"," 32"," 8"," 32 MHz, 32 kHz "," 8"," 12"," 1 -A/E/USART    1 -MSSP(SPI/I2C)   "," 4 - 8-bit   1 - 16-bit    0 - 32-bit  "," -40 to 125"," 1.8V - 5.5V"," 14/PDIP 14/SOIC 150mil 14/TSSOP 16/QFN"
"  PIC16F1826"," In Production "," $0.97"," 8"," Flash"," 3.5"," 2"," Yes"," 256"," 256"," 16"," 18"," 32"," 8"," 32 MHz, 32 kHz "," 12"," 12"," 1 -A/E/USART    1 -MSSP(SPI/I2C)   "," 2 - 8-bit   1 - 16-bit    0 - 32-bit  "," -40 to 125"," 1.8V - 5.5V"," 18/PDIP 18/SOIC 300mil 20/SSOP 208mil 28/QFN 28/UQFN"
"  PIC16F1827"," In Production "," $1.04"," 8"," Flash"," 7"," 4"," Yes"," 256"," 384"," 16"," 18"," 32"," 8"," 32 MHz, 32 kHz "," 12"," 12"," 1 -A/E/USART    2 -MSSP(SPI/I2C)   "," 4 - 8-bit   1 - 16-bit    0 - 32-bit  "," -40 to 125"," 1.8V - 5.5V"," 18/PDIP 18/SOIC 300mil 20/SSOP 208mil 28/QFN 28/UQFN"
"  PIC16F1828"," In Production "," $0.99"," 8"," Flash"," 7"," 4"," Yes"," 256"," 256"," 18"," 20"," 32"," 8"," 32 MHz, 32 kHz "," 12"," 12"," 1 -A/E/USART    1 -MSSP(SPI/I2C)   "," 4 - 8-bit   1 - 16-bit    0 - 32-bit  "," -40 to 125"," 1.8V - 5.5V"," 20/PDIP 20/QFN 20/SOIC 300mil 20/SSOP 208mil"
"  PIC16F1829"," In Production "," $1.06"," 8"," Flash"," 14"," 8"," Yes"," 256"," 1024"," 18"," 20"," 32"," 8"," 32 MHz, 32 kHz "," 12"," 12"," 1 -A/E/USART    2 -MSSP(SPI/I2C)   "," 4 - 8-bit   1 - 16-bit    0 - 32-bit  "," -40 to 125"," 1.8V - 5.5V"," 20/PDIP 20/QFN 20/SOIC 300mil 20/SSOP 208mil 28/SPDIP"
"  PIC16F1829LIN"," Future Product "," Call for pricing"," 8"," Flash"," 14"," 8"," Yes"," 256"," 1024"," 12"," 20"," 32"," 8"," 32 MHz, 32 kHz "," 8"," 12"," 1 -A/E/USART    1 -MSSP(SPI/I2C)   "," 4 - 8-bit   1 - 16-bit    0 - 32-bit  "," -40 to 125"," 2.3V - 5.5V"," Please call for package information"
"  PIC16F1847"," In Production "," $1.09"," 8"," Flash"," 14"," 8"," Yes"," 256"," 1024"," 16"," 18"," 32"," 8"," 32 MHz, 32 kHz "," 12"," 12"," 1 -A/E/USART    2 -MSSP(SPI/I2C)   "," 4 - 8-bit   1 - 16-bit    0 - 32-bit  "," -40 to 125"," 1.8V - 5.5V"," 18/PDIP 18/SOIC 300mil 20/SSOP 208mil 28/QFN 28/SPDIP 28/UQFN"
"  PIC16F1933"," In Production "," $1.23"," 8"," Flash"," 7"," 4"," Yes"," 256"," 256"," 25"," 28"," 32"," 8"," 32 MHz, 32 kHz "," 11"," 8"," 1 -A/E/USART    1 -MSSP(SPI/I2C)   "," 4 - 8-bit   1 - 16-bit    0 - 32-bit  "," -40 to 125"," 1.8V - 5.5V"," 28/QFN 28/SOIC 300mil 28/SPDIP 28/SSOP 208mil 28/UQFN"
"  PIC16F1934"," In Production "," $1.46"," 8"," Flash"," 7"," 4"," Yes"," 256"," 256"," 36"," 40"," 32"," 8"," 32 MHz, 32 kHz "," 14"," 16"," 1 -A/E/USART    1 -MSSP(SPI/I2C)   "," 4 - 8-bit   1 - 16-bit    0 - 32-bit  "," -40 to 125"," 1.8V - 5.5V"," 40/PDIP 40/UQFN 44/QFN 44/TQFP"
"  PIC16F1936"," In Production "," $1.30"," 8"," Flash"," 14"," 8"," Yes"," 256"," 512"," 25"," 28"," 32"," 8"," 32 MHz, 32 kHz "," 11"," 8"," 1 -A/E/USART    1 -MSSP(SPI/I2C)   "," 4 - 8-bit   1 - 16-bit    0 - 32-bit  "," -40 to 125"," 1.8V - 5.5V"," 28/QFN 28/SOIC 300mil 28/SPDIP 28/SSOP 208mil 28/UQFN"
"  PIC16F1937"," In Production "," $1.53"," 8"," Flash"," 14"," 8"," Yes"," 256"," 512"," 36"," 40"," 32"," 8"," 32 MHz, 32 kHz "," 14"," 16"," 1 -A/E/USART    1 -MSSP(SPI/I2C)   "," 4 - 8-bit   1 - 16-bit    0 - 32-bit  "," -40 to 125"," 1.8V - 5.5V"," 40/PDIP 40/UQFN 44/QFN 44/TQFP"
"  PIC16F1938"," In Production "," $1.37"," 8"," Flash"," 28"," 16"," Yes"," 256"," 1024"," 25"," 28"," 32"," 8"," 32 MHz, 32 kHz "," 11"," 8"," 1 -A/E/USART    1 -MSSP(SPI/I2C)   "," 4 - 8-bit   1 - 16-bit    0 - 32-bit  "," -40 to 125"," 1.8V - 5.5V"," 28/QFN 28/SOIC 300mil 28/SPDIP 28/SSOP 208mil 28/UQFN"
"  PIC16F1939"," In Production "," $1.61"," 8"," Flash"," 28"," 16"," Yes"," 256"," 1024"," 36"," 40"," 32"," 8"," 32 MHz, 32 kHz "," 14"," 16"," 1 -A/E/USART    1 -MSSP(SPI/I2C)   "," 4 - 8-bit   1 - 16-bit    0 - 32-bit  "," -40 to 125"," 1.8V - 5.5V"," 40/PDIP 40/UQFN 44/QFN 44/TQFP"
"  PIC16F1946"," In Production "," $1.75"," 8"," Flash"," 14"," 8"," Yes"," 256"," 512"," 53"," 64"," 32"," 8"," 32 MHz, 32 kHz "," 17"," 17"," 2 -A/E/USART    2 -MSSP(SPI/I2C)   "," 4 - 8-bit   1 - 16-bit    0 - 32-bit  "," -40 to 125"," 1.8V - 5.5V"," 64/QFN 64/TQFP"
"  PIC16F1947"," In Production "," $1.82"," 8"," Flash"," 28"," 16"," Yes"," 256"," 1024"," 53"," 64"," 32"," 8"," 32 MHz, 32 kHz "," 17"," 17"," 2 -A/E/USART    2 -MSSP(SPI/I2C)   "," 4 - 8-bit   1 - 16-bit    0 - 32-bit  "," -40 to 125"," 1.8V - 5.5V"," 64/QFN 64/TQFP"
"  PIC16F505"," In Production "," $0.48"," 8"," Flash"," 1.5"," 1"," No"," 0"," 72"," 12"," 14"," 20"," 5"," 4 MHz "," 0","  "," 0 -UART    0 -A/E/USART    0 -SPI    0 -I2C   "," 1 - 8-bit   0 - 16-bit    0 - 32-bit  "," -40 to 125"," 2V - 5.5V"," 14/PDIP 14/SOIC 150mil 14/TSSOP 16/QFN"
"  PIC16F506"," In Production "," $0.52"," 8"," Flash"," 1.5"," 1"," No"," 0"," 67"," 12"," 14"," 20"," 5"," 4 MHz, 8 MHz "," 3","  "," 0 -UART    0 -A/E/USART    0 -SPI    0 -I2C   "," 1 - 8-bit   0 - 16-bit    0 - 32-bit  "," -40 to 125"," 2V - 5.5V"," 14/PDIP 14/SOIC 150mil 14/TSSOP 16/QFN 20/PDIP"
"  PIC16F526"," In Production "," $0.55"," 8"," Flash"," 1.5"," 1"," No"," 64"," 67"," 12"," 14"," 20"," 5"," 4 MHz, 8 MHz "," 3","  "," 0 -UART    0 -A/E/USART    0 -SPI    0 -I2C   "," 1 - 8-bit   0 - 16-bit    0 - 32-bit  "," -40 to 125"," 2V - 5.5V"," 14/PDIP 14/SOIC 150mil 14/TSSOP 16/QFN"
"  PIC16F527"," In Production "," $0.49"," 8"," Flash"," 1.5"," 1"," Yes"," 64"," 68"," 17"," 20"," 20"," 5"," 4 MHz, 8 MHz "," 8","  ","  "," 1 - 8-bit   0 - 16-bit    0 - 32-bit  "," -40 to 125"," 2V - 5.5V"," 20/PDIP 20/QFN 20/SOIC 300mil 20/SSOP 208mil"
"  PIC16F54"," In Production "," $0.39"," 8"," Flash"," 0.75"," 0.5"," No"," 0"," 25"," 12"," 18"," 20"," 5","  "," 0","  "," 0 -UART    0 -A/E/USART    0 -SPI    0 -I2C   "," 1 - 8-bit   0 - 16-bit    0 - 32-bit  "," -40 to 125"," 2V - 5.5V"," 18/PDIP 18/SOIC 300mil 20/SSOP 208mil"
"  PIC16F57"," In Production "," $0.52"," 8"," Flash"," 3"," 2"," No"," 0"," 72"," 20"," 28"," 20"," 5","  "," 0","  "," 0 -UART    0 -A/E/USART    0 -SPI    0 -I2C   "," 1 - 8-bit   0 - 16-bit    0 - 32-bit  "," -40 to 125"," 2V - 5.5V"," 28/PDIP 28/SOIC 300mil 28/SPDIP 28/SSOP 208mil"
"  PIC16F570"," Samples Available "," Call for pricing"," 8"," Flash"," 3"," 2"," Yes"," 132"," 64"," 24"," 28"," 20"," 5"," 8 MHz "," 8","  ","  "," 1 - 8-bit   0 - 16-bit    0 - 32-bit  "," -40 to 125"," 2V - 5.5V"," Please call for package information"
"  PIC16F59"," In Production "," $0.85"," 8"," Flash"," 3"," 2"," No"," 0"," 134"," 32"," 40"," 20"," 5","  "," 0","  "," 0 -UART    0 -A/E/USART    0 -SPI    0 -I2C   "," 1 - 8-bit   0 - 16-bit    0 - 32-bit  "," -40 to 125"," 2V - 5.5V"," 40/PDIP 600mil 44/TQFP  "
"  PIC16F610"," In Production "," $0.59"," 8"," Flash"," 1.75"," 1"," No"," 0"," 64"," 12"," 14"," 20"," 5"," 4 MHz, 8 MHz "," 0"," 4"," 0 -UART    0 -A/E/USART    0 -SPI    0 -I2C   "," 1 - 8-bit   1 - 16-bit    0 - 32-bit  "," -40 to 125"," 2V - 15V"," 14/PDIP 14/SOIC 150mil 14/TSSOP 16/QFN"
"  PIC16F616"," In Production "," $0.69"," 8"," Flash"," 3.5"," 2"," No"," 0"," 128"," 12"," 14"," 20"," 5"," 4 MHz, 8 MHz "," 8"," 4"," 0 -UART    0 -A/E/USART    0 -SPI    0 -I2C   "," 2 - 8-bit   1 - 16-bit    0 - 32-bit  "," -40 to 150"," 2V - 15V"," 14/PDIP 14/SOIC 150mil 14/TSSOP 16/QFN 28/SPDIP 80/LQFP"
"  PIC16F627A"," In Production "," $1.30"," 8"," Flash"," 1.75"," 1"," No"," 128"," 224"," 16"," 18"," 20"," 5"," 4 MHz "," 0","  "," 0 -UART    1 -A/E/USART    0 -SPI    0 -I2C   "," 2 - 8-bit   1 - 16-bit    0 - 32-bit  "," -40 to 125"," 2V - 5.5V"," 18/PDIP 18/SOIC 300mil 20/SSOP 208mil 28/QFN"
"  PIC16F628A"," In Production "," $1.47"," 8"," Flash"," 3.5"," 2"," No"," 128"," 224"," 16"," 18"," 20"," 5"," 4 MHz "," 0","  "," 0 -UART    1 -A/E/USART    0 -SPI    0 -I2C   "," 2 - 8-bit   1 - 16-bit    0 - 32-bit  "," -40 to 125"," 2V - 5.5V"," 18/PDIP 18/SOIC 300mil 20/SSOP 208mil 28/QFN"
"  PIC16F630"," In Production "," $0.91"," 8"," Flash"," 1.75"," 1"," No"," 128"," 64"," 12"," 14"," 20"," 5"," 4 MHz "," 0","  "," 0 -UART    0 -A/E/USART    0 -SPI    0 -I2C   "," 1 - 8-bit   1 - 16-bit    0 - 32-bit  "," -40 to 125"," 2V - 5.5V"," 14/PDIP 14/SOIC 150mil 14/TSSOP 16/QFN"
"  PIC16F631"," In Production "," $0.91"," 8"," Flash"," 1.75"," 1"," No"," 128"," 64"," 18"," 20"," 20"," 5"," 8 MHz, 32 kHz "," 0","  "," 0 -UART    0 -A/E/USART    0 -SPI    0 -I2C   "," 1 - 8-bit   1 - 16-bit    0 - 32-bit  "," -40 to 125"," 2V - 5.5V"," 20/PDIP 20/QFN 20/SOIC 300mil 20/SSOP 208mil"
"  PIC16F636"," In Production "," $0.92"," 8"," Flash"," 3.5"," 2"," No"," 256"," 128"," 12"," 14"," 20"," 5"," 8 MHz, 32 kHz "," 0","  "," 0 -UART    0 -A/E/USART    0 -SPI    0 -I2C   "," 1 - 8-bit   1 - 16-bit    0 - 32-bit  "," -40 to 125"," 2V - 5.5V"," 14/PDIP 14/SOIC 150mil 14/TSSOP  16/QFN 20/PDIP"
"  PIC16F639"," In Production "," $2.27"," 8"," Flash"," 3.5"," 2"," No"," 256"," 128"," 12"," 20"," 20"," 5"," 8 MHz, 32 kHz "," 0","  "," 0 -UART    0 -A/E/USART    0 -SPI    0 -I2C   "," 1 - 8-bit   1 - 16-bit    0 - 32-bit  "," -40 to 125"," 2V - 5.5V"," 20/SSOP 208mil"
"  PIC16F648A"," In Production "," $1.67"," 8"," Flash"," 7"," 4"," No"," 256"," 256"," 16"," 18"," 20"," 5"," 4 MHz "," 0","  "," 0 -UART    1 -A/E/USART    0 -SPI    0 -I2C   "," 2 - 8-bit   1 - 16-bit    0 - 32-bit  "," -40 to 125"," 2V - 5.5V"," 18/PDIP 18/SOIC 300mil 20/SSOP 208mil 28/QFN 28/SPDIP"
"  PIC16F676"," In Production "," $0.98"," 8"," Flash"," 1.75"," 1"," No"," 128"," 64"," 12"," 14"," 20"," 5"," 4 MHz "," 8","  "," 0 -UART    0 -A/E/USART    0 -SPI    0 -I2C   "," 1 - 8-bit   1 - 16-bit    0 - 32-bit  "," -40 to 125"," 2V - 5.5V"," 14/PDIP 14/SOIC 150mil 14/TSSOP 16/QFN 20/PDIP"
"  PIC16F677"," In Production "," $0.99"," 8"," Flash"," 3.5"," 2"," No"," 256"," 128"," 18"," 20"," 20"," 5"," 8 MHz, 32 kHz "," 12"," 12"," 0 -UART    0 -A/E/USART    0 -SPI    0 -I2C    1 -SSP(SPI/I2C)    "," 1 - 8-bit   1 - 16-bit    0 - 32-bit  "," -40 to 125"," 2V - 5.5V"," 20/PDIP 20/QFN 20/SOIC 300mil 20/SSOP 208mil"
"  PIC16F684"," In Production "," $0.98"," 8"," Flash"," 3.5"," 2"," No"," 256"," 128"," 12"," 14"," 20"," 5"," 8 MHz, 32 kHz "," 8","  "," 0 -UART    0 -A/E/USART    0 -SPI    0 -I2C   "," 2 - 8-bit   1 - 16-bit    0 - 32-bit  "," -40 to 125"," 2V - 5.5V"," 14/PDIP 14/SOIC 150mil 14/TSSOP 16/QFN 20/PDIP"
"  PIC16F685"," In Production "," $1.13"," 8"," Flash"," 7"," 4"," No"," 256"," 256"," 18"," 20"," 20"," 5"," 8 MHz, 32 kHz "," 12"," 12"," 0 -UART    0 -A/E/USART    0 -SPI    0 -I2C   "," 2 - 8-bit   1 - 16-bit    0 - 32-bit  "," -40 to 125"," 2V - 5.5V"," 20/PDIP 20/QFN 20/SOIC 300mil 20/SSOP 208mil"
"  PIC16F687"," In Production "," $1.07"," 8"," Flash"," 3.5"," 2"," No"," 256"," 128"," 18"," 20"," 20"," 5"," 8 MHz, 32 kHz "," 12"," 12"," 0 -UART    1 -A/E/USART    0 -SPI    0 -I2C    1 -SSP(SPI/I2C)    "," 1 - 8-bit   1 - 16-bit    0 - 32-bit  "," -40 to 125"," 2V - 5.5V"," 20/PDIP 20/QFN 20/SOIC 300mil 20/SSOP 208mil"
"  PIC16F688"," In Production "," $1.04"," 8"," Flash"," 7"," 4"," No"," 256"," 256"," 12"," 14"," 20"," 5"," 8 MHz, 32 kHz "," 8","  "," 0 -UART    1 -A/E/USART    0 -SPI    0 -I2C   "," 1 - 8-bit   1 - 16-bit    0 - 32-bit  "," -40 to 125"," 2V - 5.5V"," 14/PDIP 14/SOIC 150mil 14/TSSOP 16/QFN 20/PDIP"
"  PIC16F689"," In Production "," $1.13"," 8"," Flash"," 7"," 4"," No"," 256"," 256"," 18"," 20"," 20"," 5"," 8 MHz, 32 kHz "," 12"," 12"," 0 -UART    1 -A/E/USART    0 -SPI    0 -I2C    1 -SSP(SPI/I2C)    "," 1 - 8-bit   1 - 16-bit    0 - 32-bit  "," -40 to 125"," 2V - 5.5V"," 20/PDIP 20/QFN 20/SOIC 300mil 20/SSOP 208mil"
"  PIC16F690"," In Production "," $1.20"," 8"," Flash"," 7"," 4"," No"," 256"," 256"," 18"," 20"," 20"," 5"," 8 MHz, 32 kHz "," 12"," 12"," 0 -UART    1 -A/E/USART    0 -SPI    0 -I2C    1 -SSP(SPI/I2C)    "," 2 - 8-bit   1 - 16-bit    0 - 32-bit  "," -40 to 125"," 2V - 5.5V"," 20/PDIP 20/QFN 20/SOIC 300mil 20/SSOP 208mil 44/TQFP 80/LQFP"
"  PIC16F707"," Samples Available "," $1.68"," 8"," Flash"," 14"," 8"," No"," 0"," 368"," 36"," 40"," 20"," 5"," 16 MHz "," 14"," 32"," 1 -A/E/USART    1 -SSP(SPI/I2C)    "," 3 - 8-bit   1 - 16-bit    0 - 32-bit  "," -40 to 125"," 1.8V - 5.5V"," 40/PDIP 40/UQFN 44/QFN 44/TQFP"
"  PIC16F716"," In Production "," $0.77"," 8"," Flash"," 3.5"," 2"," No"," 0"," 128"," 13"," 18"," 20"," 5","  "," 4","  "," 0 -UART    0 -A/E/USART    0 -SPI    0 -I2C   "," 2 - 8-bit   1 - 16-bit    0 - 32-bit  "," -40 to 125"," 2V - 5.5V"," 18/PDIP 18/SOIC 300mil 20/SSOP 208mil 28/QFN 28/SPDIP 64/TQFP"
"  PIC16F72"," In Production "," $1.91"," 8"," Flash"," 3.5"," 2"," No"," 0"," 128"," 22"," 28"," 20"," 5","  "," 5","  "," 0 -UART    0 -A/E/USART    0 -SPI    0 -I2C    0 -MSSP(SPI/I2C)    1 -SSP(SPI/I2C)    "," 2 - 8-bit   1 - 16-bit "," -40 to 125"," 2V - 5.5V"," 28/QFN 28/SOIC 300mil 28/SPDIP 28/SSOP 208mil"
"  PIC16F720"," In Production "," $0.71"," 8"," Flash"," 3.5"," 2"," Yes"," 0"," 128"," 18"," 20"," 16"," 4"," 16 MHz "," 12","  "," 1 -A/E/USART    1 -SSP(SPI/I2C)    "," 2 - 8-bit   1 - 16-bit    0 - 32-bit  "," -40 to 125"," 1.8V - 5.5V"," 20/PDIP 20/QFN 20/SOIC 300mil 20/SSOP 208mil"
"  PIC16F721"," In Production "," $0.74"," 8"," Flash"," 7"," 4"," Yes"," 0"," 256"," 18"," 20"," 16"," 4"," 16 MHz "," 12","  "," 1 -A/E/USART    1 -SSP(SPI/I2C)    "," 2 - 8-bit   1 - 16-bit    0 - 32-bit  "," -40 to 125"," 1.8V - 5.5V"," 20/PDIP 20/QFN 20/SOIC 300mil 20/SSOP 208mil"
"  PIC16F722"," In Production Consider: PIC16F722A"," $0.95"," 8"," Flash"," 3.5"," 2"," No"," 0"," 128"," 25"," 28"," 20"," 5"," 16 MHz "," 11"," 8"," 1 -A/E/USART    1 -SSP(SPI/I2C)    "," 2 - 8-bit   1 - 16-bit    0 - 32-bit  "," -40 to 125"," 1.8V - 5.5V"," 28/QFN 28/SOIC 300mil 28/SPDIP 28/SSOP 208mil 28/UQFN"
"  PIC16F722A"," In Production "," $0.78"," 8"," Flash"," 3.5"," 2"," No"," 0"," 128"," 25"," 28"," 20"," 5"," 16 MHz "," 11"," 8"," 1 -A/E/USART    1 -SSP(SPI/I2C)    "," 2 - 8-bit   1 - 16-bit    0 - 32-bit  "," -40 to 125"," 1.8V - 5.5V"," 28/QFN 28/SOIC 300mil 28/SPDIP 28/SSOP 208mil 28/UQFN"
"  PIC16F723"," In Production Consider: PIC16F723A"," $1.09"," 8"," Flash"," 7"," 4"," No"," 0"," 192"," 25"," 28"," 20"," 5"," 16 MHz "," 11"," 8"," 1 -A/E/USART    1 -SSP(SPI/I2C)    "," 2 - 8-bit   1 - 16-bit    0 - 32-bit  "," -40 to 125"," 1.8V - 5.5V"," 28/QFN 28/SOIC 300mil 28/SPDIP 28/SSOP 208mil 28/UQFN"
"  PIC16F723A"," In Production "," $0.85"," 8"," Flash"," 7"," 14"," No"," 0"," 192"," 25"," 28"," 20"," 5"," 16 MHz "," 11"," 8"," 1 -A/E/USART    1 -SSP(SPI/I2C)    "," 2 - 8-bit   1 - 16-bit    0 - 32-bit  "," -40 to 125"," 1.8V - 5.5V"," 28/QFN 28/SOIC 300mil 28/SPDIP 28/SSOP 208mil 28/UQFN"
"  PIC16F724"," In Production "," $1.38"," 8"," Flash"," 7"," 4"," No"," 0"," 192"," 36"," 40"," 20"," 5"," 16 MHz "," 14"," 16"," 1 -A/E/USART    1 -SSP(SPI/I2C)    "," 2 - 8-bit   1 - 16-bit    0 - 32-bit  "," -40 to 125"," 1.8V - 5.5V"," 40/PDIP 40/UQFN 44/QFN 44/TQFP"
"  PIC16F726"," In Production "," $1.23"," 8"," Flash"," 14"," 8"," No"," 0"," 368"," 25"," 28"," 20"," 5"," 16 MHz "," 11"," 8"," 1 -A/E/USART    1 -SSP(SPI/I2C)    "," 2 - 8-bit   1 - 16-bit    0 - 32-bit  "," -40 to 125"," 1.8V - 5.5V"," 28/QFN 28/SOIC 300mil 28/SPDIP 28/SSOP 208mil 28/UQFN"
"  PIC16F727"," In Production "," $1.53"," 8"," Flash"," 14"," 8"," No"," 0"," 368"," 36"," 40"," 20"," 5"," 16 MHz "," 14"," 16"," 1 -A/E/USART    1 -SSP(SPI/I2C)    "," 2 - 8-bit   1 - 16-bit    0 - 32-bit  "," -40 to 125"," 1.8V - 5.5V"," 40/PDIP 40/UQFN 44/QFN 44/TQFP"
"  PIC16F73"," In Production "," $2.97"," 8"," Flash"," 7"," 4"," No"," 0"," 192"," 22"," 28"," 20"," 5","  "," 5","  "," 0 -UART    1 -A/E/USART    0 -SPI    0 -I2C    0 -MSSP(SPI/I2C)    1 -SSP(SPI/I2C)    "," 2 - 8-bit   1 - 16-bit "," -40 to 125"," 2V - 5.5V"," 28/QFN 28/SOIC 300mil 28/SPDIP 28/SSOP 208mil"
"  PIC16F737"," In Production "," $3.13"," 8"," Flash"," 7"," 4"," No"," 0"," 368"," 25"," 28"," 20"," 5"," 8 MHz "," 11","  "," 0 -UART    1 -A/E/USART    0 -SPI    0 -I2C    1 -MSSP(SPI/I2C)   "," 2 - 8-bit   1 - 16-bit    0 - 32-bit  "," -40 to 125"," 2V - 5.5V"," 28/QFN 28/SOIC 300mil 28/SPDIP 28/SSOP 208mil"
"  PIC16F74"," In Production "," $3.61"," 8"," Flash"," 7"," 4"," No"," 0"," 192"," 33"," 40"," 20"," 5","  "," 8","  "," 0 -UART    1 -A/E/USART    0 -SPI    0 -I2C    0 -MSSP(SPI/I2C)    1 -SSP(SPI/I2C)    "," 2 - 8-bit   1 - 16-bit "," -40 to 125"," 2V - 5.5V"," 40/PDIP 44/PLCC 44/TQFP"
"  PIC16F747"," In Production "," $3.61"," 8"," Flash"," 7"," 4"," No"," 0"," 368"," 36"," 40"," 20"," 5"," 8 MHz "," 14","  "," 0 -UART    1 -A/E/USART    0 -SPI    0 -I2C    1 -MSSP(SPI/I2C)   "," 2 - 8-bit   1 - 16-bit    0 - 32-bit  "," -40 to 125"," 2V - 5.5V"," 40/PDIP 44/QFN 44/TQFP"
"  PIC16F753"," Future Product "," Call for pricing"," 8"," Flash"," 3.5"," 2"," Yes"," 0"," 128"," 11"," 14"," 20"," 5"," 8 MHz "," 8","  ","  "," 3 - 8-bit   1 - 16-bit    0 - 32-bit  "," -40 to 125"," 2V - 5.5V"," Please call for package information"
"  PIC16F76"," In Production "," $3.73"," 8"," Flash"," 14"," 8"," No"," 0"," 368"," 22"," 28"," 20"," 5","  "," 5","  "," 0 -UART    1 -A/E/USART    0 -SPI    0 -I2C    0 -MSSP(SPI/I2C)    1 -SSP(SPI/I2C)    "," 2 - 8-bit   1 - 16-bit "," -40 to 125"," 2V - 5.5V"," 28/QFN 28/SOIC 300mil 28/SPDIP 28/SSOP 208mil"
"  PIC16F767"," In Production "," $3.64"," 8"," Flash"," 14"," 8"," No"," 0"," 368"," 25"," 28"," 20"," 5"," 8 MHz "," 11","  "," 0 -UART    1 -A/E/USART    0 -SPI    0 -I2C    1 -MSSP(SPI/I2C)   "," 2 - 8-bit   1 - 16-bit    0 - 32-bit  "," -40 to 125"," 2V - 5.5V"," 28/QFN 28/SOIC 300mil 28/SPDIP 28/SSOP 208mil"
"  PIC16F77"," In Production "," $4.12"," 8"," Flash"," 14"," 8"," No"," 0"," 368"," 33"," 40"," 20"," 5","  "," 8","  "," 0 -UART    1 -A/E/USART    0 -SPI    0 -I2C    0 -MSSP(SPI/I2C)    1 -SSP(SPI/I2C)    "," 2 - 8-bit   1 - 16-bit "," -40 to 125"," 2V - 5.5V"," 40/PDIP 44/PLCC 44/QFN 44/TQFP  "
"  PIC16F777"," In Production "," $4.00"," 8"," Flash"," 14"," 8"," No"," 0"," 368"," 36"," 40"," 20"," 5"," 8 MHz "," 14","  "," 0 -UART    1 -A/E/USART    0 -SPI    0 -I2C    1 -MSSP(SPI/I2C)   "," 2 - 8-bit   1 - 16-bit    0 - 32-bit  "," -40 to 125"," 2V - 5.5V"," 40/PDIP 44/QFN 44/TQFP"
"  PIC16F785"," In Production "," $1.12"," 8"," Flash"," 3.5"," 2"," No"," 256"," 128"," 18"," 20"," 20"," 5"," 8 MHz, 32 kHz "," 12","  "," 0 -UART    0 -A/E/USART    0 -SPI    0 -I2C   "," 2 - 8-bit   1 - 16-bit    0 - 32-bit  "," -40 to 125"," 2V - 5.5V"," 20/CSP 20/PDIP 20/QFN 20/SOIC 300mil 20/SSOP 208mil"
"  PIC16F818"," In Production "," $1.56"," 8"," Flash"," 1.75"," 1"," Yes"," 128"," 128"," 16"," 18"," 20"," 5","  "," 5","  "," 0 -UART    0 -A/E/USART    0 -SPI    0 -I2C    1 -SSP(SPI/I2C)    "," 2 - 8-bit   1 - 16-bit    0 - 32-bit  "," -40 to 125"," 2V - 5.5V"," 18/PDIP 18/SOIC 300mil 20/SSOP 208mil 28/QFN"
"  PIC16F819"," In Production "," $1.78"," 8"," Flash"," 3.5"," 2"," Yes"," 256"," 256"," 16"," 18"," 20"," 5","  "," 5","  "," 0 -UART    0 -A/E/USART    0 -SPI    0 -I2C    1 -SSP(SPI/I2C)    "," 2 - 8-bit   1 - 16-bit    0 - 32-bit  "," -40 to 125"," 2V - 5.5V"," 18/PDIP  18/SOIC 300mil 20/SSOP 208mil 28/QFN"
"  PIC16F84A"," In Production "," $3.11"," 8"," Flash"," 1.75"," 1"," No"," 64"," 68"," 13"," 18"," 20"," 5","  "," 0","  "," 0 -UART    0 -A/E/USART    0 -SPI    0 -I2C    0 -MSSP(SPI/I2C)    0 -SSP(SPI/I2C)    "," 1 - 8-bit   0 - 16-bit "," -40 to 85"," 2V - 6V"," 18/PDIP 18/SOIC 300mil 20/SSOP 208mil"
"  PIC16F87"," In Production "," $2.06"," 8"," Flash"," 7"," 4"," Yes"," 256"," 368"," 16"," 18"," 20"," 5"," 8 MHz "," 0","  "," 0 -UART    1 -A/E/USART    0 -SPI    0 -I2C    1 -SSP(SPI/I2C)    "," 2 - 8-bit   1 - 16-bit    0 - 32-bit  "," -40 to 125"," 2V - 5.5V"," 18/PDIP 18/SOIC 300mil 20/SSOP 208mil 28/QFN"
"  PIC16F88"," In Production "," $2.20"," 8"," Flash"," 7"," 4"," Yes"," 256"," 368"," 16"," 18"," 20"," 5"," 8MHz "," 7","  "," 0 -UART    1 -A/E/USART    0 -SPI    0 -I2C    0 -MSSP(SPI/I2C)    1 -SSP(SPI/I2C)    "," 2 - 8-bit   1 - 16-bit "," -40 to 125"," 2V - 5.5V"," 18/PDIP 18/SOIC 300mil 20/SSOP 208mil 28/QFN"
"  PIC16F882"," In Production "," $1.16"," 8"," Flash"," 3.5"," 2"," Yes"," 128"," 128"," 25"," 28"," 20"," 5"," 8 MHz, 32 kHz "," 11"," 11"," 0 -UART    1 -A/E/USART    0 -SPI    0 -I2C    1 -MSSP(SPI/I2C)   "," 2 - 8-bit   1 - 16-bit    0 - 32-bit  "," -40 to 125"," 2V - 5.5V"," 28/QFN 28/SOIC 300mil 28/SPDIP 28/SSOP 208mil"
"  PIC16F883"," In Production "," $1.37"," 8"," Flash"," 7"," 4"," Yes"," 256"," 256"," 25"," 28"," 20"," 5"," 8 MHz, 32 kHz "," 11"," 11"," 0 -UART    1 -A/E/USART    0 -SPI    0 -I2C    1 -MSSP(SPI/I2C)   "," 2 - 8-bit   1 - 16-bit    0 - 32-bit  "," -40 to 125"," 2V - 5.5V"," 28/QFN 28/SOIC 300mil 28/SPDIP 28/SSOP 208mil"
"  PIC16F884"," In Production "," $1.63"," 8"," Flash"," 7"," 4"," Yes"," 256"," 256"," 36"," 40"," 20"," 5"," 8 MHz, 32 kHz "," 14"," 11"," 0 -UART    1 -A/E/USART    0 -SPI    0 -I2C    1 -MSSP(SPI/I2C)   "," 2 - 8-bit   1 - 16-bit    0 - 32-bit  "," -40 to 125"," 2V - 5.5V"," 40/PDIP 44/QFN 44/TQFP"
"  PIC16F886"," In Production "," $1.49"," 8"," Flash"," 14"," 8"," Yes"," 256"," 368"," 25"," 28"," 20"," 5"," 8 MHz, 32 kHz "," 11"," 11"," 0 -UART    1 -A/E/USART    0 -SPI    0 -I2C    1 -MSSP(SPI/I2C)   "," 2 - 8-bit   1 - 16-bit    0 - 32-bit  "," -40 to 125"," 2V - 5.5V"," 28/QFN 28/SOIC 300mil 28/SPDIP 28/SSOP 208mil"
"  PIC16F887"," In Production "," $1.78"," 8"," Flash"," 14"," 8"," Yes"," 256"," 368"," 36"," 40"," 20"," 5"," 8 MHz, 32 kHz "," 14"," 11"," 0 -UART    1 -A/E/USART    0 -SPI    0 -I2C    1 -MSSP(SPI/I2C)   "," 2 - 8-bit   1 - 16-bit    0 - 32-bit  "," -40 to 125"," 2V - 5.5V"," 40/PDIP 44/QFN 44/TQFP"
"  PIC16F913"," In Production "," $1.72"," 8"," Flash"," 7"," 4"," No"," 256"," 256"," 25"," 28"," 20"," 5"," 8 MHz, 32 kHz "," 5","  "," 0 -UART    1 -A/E/USART    0 -SPI    0 -I2C    1 -SSP(SPI/I2C)    "," 2 - 8-bit   1 - 16-bit    0 - 32-bit  "," -40 to 125"," 2V - 5.5V"," 28/QFN 28/SOIC 300mil 28/SPDIP 28/SSOP 208mil"
"  PIC16F914"," In Production "," $2.03"," 8"," Flash"," 7"," 4"," No"," 256"," 256"," 36"," 40"," 20"," 5"," 8 MHz, 32 kHz "," 8","  "," 0 -UART    1 -A/E/USART    0 -SPI    0 -I2C    1 -SSP(SPI/I2C)    "," 2 - 8-bit   1 - 16-bit    0 - 32-bit  "," -40 to 125"," 2V - 5.5V"," 40/PDIP 44/QFN 44/TQFP"
"  PIC16F916"," In Production "," $1.93"," 8"," Flash"," 14"," 8"," No"," 256"," 352"," 25"," 28"," 20"," 5"," 8 MHz, 32 kHz "," 5","  "," 0 -UART    1 -A/E/USART    0 -SPI    0 -I2C    1 -SSP(SPI/I2C)    "," 2 - 8-bit   1 - 16-bit    0 - 32-bit  "," -40 to 125"," 2V - 5.5V"," 28/QFN 28/SOIC 300mil 28/SPDIP 28/SSOP 208mil"
"  PIC16F917"," In Production "," $2.17"," 8"," Flash"," 14"," 8"," No"," 256"," 352"," 36"," 40"," 20"," 5"," 8 MHz, 32 kHz "," 8","  "," 0 -UART    1 -A/E/USART    0 -SPI    0 -I2C    1 -SSP(SPI/I2C)    "," 2 - 8-bit   1 - 16-bit    0 - 32-bit  "," -40 to 125"," 2V - 5.5V"," 40/PDIP 44/QFN 44/TQFP"
"  PIC16F946"," In Production "," $2.31"," 8"," Flash"," 14"," 8"," No"," 256"," 336"," 54"," 64"," 20"," 5"," 8 MHz, 32 kHz "," 8","  "," 0 -UART    1 -A/E/USART    0 -SPI    0 -I2C    1 -SSP(SPI/I2C)    "," 2 - 8-bit   1 - 16-bit    0 - 32-bit  "," -40 to 125"," 2V - 5.5V"," 64/TQFP"
"  PIC16LF1902"," In Production "," $0.78"," 8"," Flash"," 3.5"," 2"," Yes"," 0"," 128"," 25"," 28"," 20"," 5"," 16 MHz, 32 kHz "," 11","  ","  "," 1 - 8-bit   1 - 16-bit    0 - 32-bit  "," -40 to 125"," 1.8V - 3.6V"," 28/SOIC 300mil 28/SPDIP 28/SSOP 208mil 28/UQFN"
"  PIC16LF1903"," In Production "," $0.85"," 8"," Flash"," 7"," 4"," Yes"," 0"," 256"," 25"," 28"," 20"," 5"," 16 MHz, 32 kHz "," 11","  ","  "," 1 - 8-bit   1 - 16-bit    0 - 32-bit  "," -40 to 125"," 1.8V - 3.6V"," 28/SOIC 300mil 28/SPDIP 28/SSOP 208mil 28/UQFN"
"  PIC16LF1904"," In Production "," $1.18"," 8"," Flash"," 7"," 4"," Yes"," 0"," 256"," 36"," 40"," 20"," 5"," 16 MHz, 32 kHz "," 14","  "," 1 -A/E/USART   "," 1 - 8-bit   1 - 16-bit    0 - 32-bit  "," -40 to 125"," 1.8V - 3.6V"," 40/PDIP 40/UQFN 44/TQFP"
"  PIC16LF1906"," In Production "," $0.91"," 8"," Flash"," 14"," 8"," Yes"," 0"," 512"," 25"," 28"," 20"," 5"," 16 MHz, 32 kHz "," 11","  "," 1 -A/E/USART   "," 1 - 8-bit   1 - 16-bit    0 - 32-bit  "," -40 to 125"," 1.8V - 3.6V"," 28/SOIC 300mil 28/SPDIP 28/SSOP 208mil 28/UQFN"
"  PIC16LF1907"," In Production "," $1.23"," 8"," Flash"," 14"," 8"," Yes"," 0"," 512"," 36"," 40"," 20"," 5"," 16 MHz, 32 kHz "," 14","  "," 1 -A/E/USART   "," 1 - 8-bit   1 - 16-bit    0 - 32-bit  "," -40 to 125"," 1.8V - 3.6V"," 40/PDIP 40/UQFN 44/TQFP"
"  PIC18F1220"," In Production "," $1.96"," 8"," Flash"," 4"," 2"," Yes"," 256"," 256"," 16"," 18"," 40"," 10"," 8 MHz, 32 kHz "," 7","  "," 0 -UART    1 -A/E/USART    0 -SPI    0 -I2C   "," 1 - 8-bit   3 - 16-bit    0 - 32-bit  "," -40 to 150"," 2V - 5.5V"," 18/PDIP 18/SOIC 300mil 20/SSOP 208mil 28/QFN"
"  PIC18F1230"," In Production "," $2.03"," 8"," Flash"," 4"," 2"," Yes"," 128"," 256"," 16"," 18"," 40"," 10"," 8 MHz, 32 kHz "," 4","  "," 0 -UART    1 -A/E/USART    0 -SPI    0 -I2C    0 -MSSP(SPI/I2C)    0 -SSP(SPI/I2C)    "," 2 - 16-bit "," -40 to 125"," 2V - 5.5V"," 18/PDIP 18/SOIC 300mil 20/SSOP 208mil 28/QFN"
"  PIC18F1320"," In Production "," $2.17"," 8"," Flash"," 8"," 4"," Yes"," 256"," 256"," 16"," 18"," 40"," 10"," 8 MHz, 32 kHz "," 7","  "," 0 -UART    1 -A/E/USART    0 -SPI    0 -I2C   "," 1 - 8-bit   3 - 16-bit    0 - 32-bit  "," -40 to 150"," 2V - 5.5V"," 18/PDIP 18/SOIC 300mil 20/SSOP 208mil 28/QFN"
"  PIC18F1330"," In Production "," $2.24"," 8"," Flash"," 8"," 4"," Yes"," 128"," 256"," 16"," 18"," 40"," 10"," 8 MHz, 32 kHz "," 4","  "," 0 -UART    1 -A/E/USART    0 -SPI    0 -I2C    0 -MSSP(SPI/I2C)    0 -SSP(SPI/I2C)    "," 2 - 16-bit "," -40 to 125"," 2V - 5.5V"," 18/PDIP 18/SOIC 300mil 20/SSOP 208mil 28/QFN"
"  PIC18F13K22"," In Production "," $1.16"," 8"," Flash"," 8"," 4"," Yes"," 256"," 256"," 18"," 20"," 64"," 16"," 16 MHz, 32 kHz "," 12"," 12"," 1 -A/E/USART    1 -MSSP(SPI/I2C)   "," 1 - 8-bit   3 - 16-bit    0 - 32-bit  "," -40 to 125"," 1.8V - 5.5V"," 20/PDIP 20/QFN 20/SOIC 300mil 20/SSOP 208mil"
"  PIC18F13K50"," In Production "," $1.32"," 8"," Flash"," 8"," 4"," Yes"," 256"," 512"," 15"," 20"," 48"," 12"," 16 MHz, 32 kHz "," 9"," 9"," 1 -A/E/USART    1 -MSSP(SPI/I2C)   "," 1 - 8-bit   3 - 16-bit    0 - 32-bit  "," -40 to 125"," 1.8V - 5.5V"," 20/PDIP 20/QFN 20/SOIC 300mil 20/SSOP 208mil"
"  PIC18F14K22"," In Production "," $1.26"," 8"," Flash"," 16"," 8"," Yes"," 256"," 512"," 18"," 20"," 64"," 16"," 16 MHz, 32 kHz "," 12"," 12"," 1 -A/E/USART    1 -MSSP(SPI/I2C)   "," 1 - 8-bit   3 - 16-bit    0 - 32-bit  "," -40 to 125"," 1.8V - 5.5V"," 20/PDIP 20/QFN 20/SOIC 300mil 20/SSOP 208mil 28/SOIC 300mil"
"  PIC18F14K50"," In Production "," $1.53"," 8"," Flash"," 16"," 8"," Yes"," 256"," 768"," 15"," 20"," 48"," 12"," 16 MHz, 32 kHz "," 9"," 9"," 1 -A/E/USART    1 -MSSP(SPI/I2C)   "," 1 - 8-bit   3 - 16-bit    0 - 32-bit  "," -40 to 125"," 1.8V - 5.5V"," 20/PDIP 20/QFN 20/SOIC 300mil 20/SSOP 208mil 28/SOIC 300mil"
"  PIC18F2220"," In Production "," $4.05"," 8"," Flash"," 4"," 2"," Yes"," 256"," 512"," 25"," 28"," 40"," 10"," 8 MHz, 32 kHz "," 10","  "," 0 -UART    1 -A/E/USART    0 -SPI    0 -I2C    1 -MSSP(SPI/I2C)   "," 1 - 8-bit   3 - 16-bit    0 - 32-bit  "," -40 to 125"," 2V - 5.5V"," 28/SOIC 300mil 28/SPDIP"
"  PIC18F2221"," In Production "," $1.93"," 8"," Flash"," 4"," 2"," Yes"," 256"," 512"," 25"," 28"," 40"," 10"," 8 MHz, 32 kHz "," 10","  "," 0 -UART    1 -A/E/USART    0 -SPI    0 -I2C    1 -MSSP(SPI/I2C)   "," 1 - 8-bit   3 - 16-bit    0 - 32-bit  "," -40 to 125"," 2V - 5.5V"," 28/QFN 28/SOIC 300mil 28/SPDIP 28/SSOP 208mil"
"  PIC18F2320"," In Production "," $4.38"," 8"," Flash"," 8"," 4"," Yes"," 256"," 512"," 25"," 28"," 40"," 10"," 8 MHz, 32 kHz "," 10","  "," 0 -UART    1 -A/E/USART    0 -SPI    0 -I2C    1 -MSSP(SPI/I2C)   "," 1 - 8-bit   3 - 16-bit    0 - 32-bit  "," -40 to 125"," 2V - 5.5V"," 28/SOIC 300mil 28/SPDIP"
"  PIC18F2321"," In Production "," $2.06"," 8"," Flash"," 8"," 4"," Yes"," 256"," 512"," 25"," 28"," 40"," 10"," 8 MHz, 32 kHz "," 10","  "," 0 -UART    1 -A/E/USART    0 -SPI    0 -I2C    1 -MSSP(SPI/I2C)   "," 1 - 8-bit   3 - 16-bit    0 - 32-bit  "," -40 to 125"," 2V - 5.5V"," 28/QFN 28/SOIC 300mil 28/SPDIP 28/SSOP 208mil"
"  PIC18F2331"," In Production "," $3.08"," 8"," Flash"," 8"," 4"," Yes"," 256"," 768"," 24"," 28"," 40"," 10"," 8 MHz, 32 kHz "," 5","  "," 0 -UART    1 -A/E/USART    0 -SPI    0 -I2C    1 -SSP(SPI/I2C)    "," 1 - 8-bit   3 - 16-bit    0 - 32-bit  "," -40 to 125"," 2V - 5.5V"," 28/QFN-S 28/SOIC 300mil 28/SPDIP"
"  PIC18F23K20"," In Production "," $1.23"," 8"," Flash"," 8"," 4"," Yes"," 256"," 512"," 25"," 28"," 64"," 16"," 16 MHz, 32 kHz "," 10","  "," 0 -UART    1 -A/E/USART    0 -SPI    0 -I2C    1 -MSSP(SPI/I2C)   "," 1 - 8-bit   3 - 16-bit    0 - 32-bit  "," -40 to 125"," 1.8V - 3.6V"," 28/QFN 28/SOIC 300mil 28/SPDIP 28/SSOP 208mil 28/UQFN"
"  PIC18F23K22"," In Production "," $1.34"," 8"," Flash"," 8"," 4"," Yes"," 256"," 512"," 25"," 28"," 64"," 16"," 16 MHz, 32 kHz "," 17"," 17"," 2 -A/E/USART    2 -MSSP(SPI/I2C)   "," 1 - 8-bit   3 - 16-bit    0 - 32-bit  "," -40 to 125"," 1.8V - 5.5V"," 28/QFN 28/SOIC 300mil 28/SPDIP 28/SSOP 208mil 28/UQFN"
"  PIC18F2410"," In Production "," $2.52"," 8"," Flash"," 16"," 8"," No"," 0"," 768"," 25"," 28"," 40"," 10"," 8 MHz, 32 kHz "," 10","  "," 0 -UART    1 -A/E/USART    0 -SPI    0 -I2C    1 -MSSP(SPI/I2C)   "," 1 - 8-bit   3 - 16-bit    0 - 32-bit  "," -40 to 125"," 2V - 5.5V"," 28/PDIP 300mil 28/QFN 28/SOIC 300mil 28/SPDIP"
"  PIC18F2420"," In Production "," $2.73"," 8"," Flash"," 16"," 8"," Yes"," 256"," 768"," 25"," 28"," 40"," 10"," 8 MHz, 32 kHz "," 10","  "," 0 -UART    1 -A/E/USART    0 -SPI    0 -I2C    1 -MSSP(SPI/I2C)   "," 1 - 8-bit   3 - 16-bit    0 - 32-bit  "," -40 to 125"," 2V - 5.5V"," 28/QFN 28/SOIC 300mil 28/SPDIP"
"  PIC18F2423"," In Production "," $3.02"," 8"," Flash"," 16"," 8"," Yes"," 256"," 768"," 25"," 28"," 40"," 10"," 8 MHz, 32 kHz "," 10","  "," 0 -UART    1 -A/E/USART    0 -SPI    0 -I2C    1 -MSSP(SPI/I2C)   "," 1 - 8-bit   3 - 16-bit    0 - 32-bit  "," -40 to 125"," 2V - 5.5V"," 28/QFN 28/SOIC 300mil 28/SPDIP"
"  PIC18F2431"," In Production "," $3.22"," 8"," Flash"," 16"," 8"," Yes"," 256"," 768"," 24"," 28"," 40"," 10"," 8 MHz, 32 kHz "," 5","  "," 0 -UART    1 -A/E/USART    0 -SPI    0 -I2C    1 -SSP(SPI/I2C)    "," 1 - 8-bit   3 - 16-bit    0 - 32-bit  "," -40 to 125"," 2V - 5.5V"," 28/QFN-S 28/SOIC 300mil 28/SPDIP"
"  PIC18F2450"," In Production "," $2.23"," 8"," Flash"," 16"," 8"," Yes"," 0"," 768"," 23"," 28"," 48"," 12"," 32 kHz "," 10","  "," 0 -UART    1 -A/E/USART    0 -SPI    0 -I2C   "," 1 - 8-bit   2 - 16-bit    0 - 32-bit  "," -40 to 85"," 2V - 5.5V"," 28/QFN 28/SOIC 300mil 28/SPDIP"
"  PIC18F2455"," In Production "," $3.30"," 8"," Flash"," 24"," 12"," Yes"," 256"," 2048"," 24"," 28"," 48"," 12"," 8 MHz, 32 kHz "," 10","  "," 0 -UART    1 -A/E/USART    0 -SPI    0 -I2C    1 -MSSP(SPI/I2C)   "," 1 - 8-bit   3 - 16-bit    0 - 32-bit  "," -40 to 85"," 2V - 5.5V"," 28/PDIP 300mil 28/SOIC 300mil 28/SPDIP"
"  PIC18F2458"," In Production "," $3.58"," 8"," Flash"," 24"," 12"," Yes"," 256"," 2048"," 24"," 28"," 48"," 12"," 8 MHz, 32 kHz "," 10","  "," 0 -UART    1 -A/E/USART    0 -SPI    0 -I2C    1 -MSSP(SPI/I2C)   "," 1 - 8-bit   3 - 16-bit    0 - 32-bit  "," -40 to 85"," 2V - 5.5V"," 28/SOIC 300mil 28/SPDIP"
"  PIC18F2480"," In Production "," $3.72"," 8"," Flash"," 16"," 8"," Yes"," 256"," 768"," 25"," 28"," 40"," 10"," 8 MHz, 32 kHz "," 8","  "," 0 -UART    1 -A/E/USART    0 -SPI    0 -I2C    1 -MSSP(SPI/I2C)   "," 1 - 8-bit   3 - 16-bit    0 - 32-bit  "," -40 to 125"," 2V - 5.5V"," 28/QFN-S 28/SOIC 300mil 28/SPDIP"
"  PIC18F24J10"," In Production "," $1.20"," 8"," Flash"," 16"," 8"," Yes"," 0"," 1024"," 21"," 28"," 40"," 10"," 32 kHz "," 10","  "," 0 -UART    1 -A/E/USART    0 -SPI    0 -I2C    1 -MSSP(SPI/I2C)   "," 1 - 8-bit   2 - 16-bit    0 - 32-bit  "," -40 to 85"," 2V - 3.6V"," 28/QFN 28/SOIC 300mil 28/SPDIP 28/SSOP 208mil"
"  PIC18F24J11"," In Production "," $1.65"," 8"," Flash"," 16"," 8"," Yes"," 0"," 3800"," 21"," 28"," 48"," 12"," 8 MHz, 32 kHz "," 10"," 10"," 0 -UART    2 -A/E/USART    0 -SPI    0 -I2C    2 -MSSP(SPI/I2C)    0 -SSP(SPI/I2C)    "," 2 - 8-bit   3 - 16-bit    0 - 32-bit  "," -40 to 85"," 2V - 3.6V"," 28/QFN 28/SOIC 300mil 28/SPDIP 28/SSOP 208mil"
"  PIC18F24J50"," In Production "," $1.86"," 8"," Flash"," 16"," 8"," Yes"," 0"," 3800"," 22"," 28"," 48"," 12"," 8 MHz, 32 kHz "," 10"," 10"," 0 -UART    2 -A/E/USART    0 -SPI    0 -I2C    2 -MSSP(SPI/I2C)    0 -SSP(SPI/I2C)    "," 2 - 8-bit   3 - 16-bit    0 - 32-bit  "," -40 to 85"," 2V - 3.6V"," 28/QFN 28/SOIC 300mil 28/SPDIP 28/SSOP 208mil"
"  PIC18F24K20"," In Production "," $1.30"," 8"," Flash"," 16"," 8"," Yes"," 256"," 768"," 25"," 28"," 64"," 16"," 16 MHz, 32 kHz "," 10","  "," 0 -UART    1 -A/E/USART    0 -SPI    0 -I2C    1 -MSSP(SPI/I2C)   "," 1 - 8-bit   3 - 16-bit    0 - 32-bit  "," -40 to 125"," 1.8V - 3.6V"," 28/QFN 28/SOIC 300mil 28/SPDIP 28/SSOP 208mil"
"  PIC18F24K22"," In Production "," $1.48"," 8"," Flash"," 16"," 8"," Yes"," 256"," 768"," 25"," 28"," 64"," 16"," 16 MHz, 32 kHz "," 17"," 17"," 2 -A/E/USART    2 -MSSP(SPI/I2C)   "," 1 - 8-bit   3 - 16-bit    0 - 32-bit  "," -40 to 125"," 1.8V - 5.5V"," 28/QFN 28/SOIC 300mil 28/SPDIP 28/SSOP 208mil 28/UQFN"
"  PIC18F24K50"," In Production "," $1.65"," 8"," Flash"," 16"," 8"," Yes"," 256"," 2048"," 25"," 28"," 48"," 12"," 16 MHz, 32 kHz "," 14"," 14"," 1 -A/E/USART    1 -MSSP(SPI/I2C)   "," 2 - 8-bit   2 - 16-bit    0 - 32-bit  "," -40 to 125"," 1.8V - 5.5V"," 28/QFN 28/SOIC 300mil 28/SPDIP 28/SSOP 208mil"
"  PIC18F2510"," In Production "," $2.97"," 8"," Flash"," 32"," 16"," No"," 0"," 1536"," 25"," 28"," 40"," 10"," 8 MHz, 32 kHz "," 10","  "," 0 -UART    1 -A/E/USART    0 -SPI    0 -I2C    1 -MSSP(SPI/I2C)   "," 1 - 8-bit   3 - 16-bit    0 - 32-bit  "," -40 to 125"," 2V - 5.5V"," 28/QFN 28/SOIC 300mil 28/SPDIP"
"  PIC18F2515"," In Production "," $3.40"," 8"," Flash"," 48"," 24"," No"," 0"," 3968"," 25"," 28"," 40"," 10"," 8 MHz, 32 kHz "," 10","  "," 0 -UART    1 -A/E/USART    0 -SPI    0 -I2C    1 -MSSP(SPI/I2C)   "," 1 - 8-bit   3 - 16-bit    0 - 32-bit  "," -40 to 125"," 2V - 5.5V"," 28/PDIP 300mil 28/SOIC 300mil 28/SPDIP"
"  PIC18F2520"," In Production "," $3.18"," 8"," Flash"," 32"," 16"," Yes"," 256"," 1536"," 25"," 28"," 40"," 10"," 8 MHz, 32 kHz "," 10","  "," 0 -UART    1 -A/E/USART    0 -SPI    0 -I2C    1 -MSSP(SPI/I2C)   "," 1 - 8-bit   3 - 16-bit    0 - 32-bit  "," -40 to 125"," 2V - 5.5V"," 28/QFN 28/SOIC 300mil 28/SPDIP"
"  PIC18F2523"," In Production "," $3.46"," 8"," Flash"," 32"," 16"," Yes"," 256"," 1536"," 25"," 28"," 40"," 10"," 8 MHz, 32 kHz "," 10","  "," 0 -UART    1 -A/E/USART    0 -SPI    0 -I2C    1 -MSSP(SPI/I2C)   "," 1 - 8-bit   3 - 16-bit    0 - 32-bit  "," -40 to 125"," 2V - 5.5V"," 28/QFN 28/SOIC 300mil 28/SPDIP"
"  PIC18F2525"," In Production "," $3.61"," 8"," Flash"," 48"," 24"," Yes"," 1024"," 3968"," 25"," 28"," 40"," 10"," 8 MHz, 32 kHz "," 10","  "," 0 -UART    1 -A/E/USART    0 -SPI    0 -I2C    1 -MSSP(SPI/I2C)   "," 1 - 8-bit   3 - 16-bit    0 - 32-bit  "," -40 to 125"," 2V - 5.5V"," 28/PDIP 300mil 28/SOIC 300mil 28/SPDIP"
"  PIC18F2550"," In Production "," $3.44"," 8"," Flash"," 32"," 16"," Yes"," 256"," 2048"," 24"," 28"," 48"," 12"," 8 MHz, 32 kHz "," 10","  "," 0 -UART    1 -A/E/USART    0 -SPI    0 -I2C    1 -MSSP(SPI/I2C)   "," 1 - 8-bit   3 - 16-bit    0 - 32-bit  "," -40 to 85"," 2V - 5.5V"," 28/PDIP 300mil 28/SOIC 300mil 28/SPDIP"
"  PIC18F2553"," In Production "," $4.12"," 8"," Flash"," 32"," 16"," Yes"," 256"," 2048"," 24"," 28"," 48"," 12"," 8 MHz, 32 kHz "," 10","  "," 0 -UART    1 -A/E/USART    0 -SPI    0 -I2C    1 -MSSP(SPI/I2C)   "," 1 - 8-bit   3 - 16-bit    0 - 32-bit  "," -40 to 85"," 2V - 5.5V"," 28/SOIC 300mil 28/SPDIP"
"  PIC18F2580"," In Production "," $4.17"," 8"," Flash"," 32"," 16"," Yes"," 256"," 1536"," 25"," 28"," 40"," 10"," 8 MHz, 32 kHz "," 8","  "," 0 -UART    1 -A/E/USART    0 -SPI    0 -I2C    1 -MSSP(SPI/I2C)   "," 1 - 8-bit   3 - 16-bit    0 - 32-bit  "," -40 to 125"," 2V - 5.5V"," 28/QFN-S 28/SOIC 300mil 28/SPDIP"
"  PIC18F2585"," In Production "," $4.77"," 8"," Flash"," 48"," 24"," Yes"," 1024"," 3328"," 25"," 28"," 40"," 10"," 8 MHz, 32 kHz "," 8","  "," 0 -UART    1 -A/E/USART    0 -SPI    0 -I2C    1 -MSSP(SPI/I2C)   "," 1 - 8-bit   3 - 16-bit    0 - 32-bit  "," -40 to 150"," 2V - 5.5V"," 28/SOIC 300mil 28/SPDIP"
"  PIC18F25J10"," In Production "," $1.27"," 8"," Flash"," 32"," 16"," Yes"," 0"," 1024"," 21"," 28"," 40"," 10"," 32 kHz "," 10","  "," 0 -UART    1 -A/E/USART    0 -SPI    0 -I2C    1 -MSSP(SPI/I2C)   "," 1 - 8-bit   2 - 16-bit    0 - 32-bit  "," -40 to 85"," 2V - 3.6V"," 28/QFN 28/SOIC 300mil 28/SPDIP 28/SSOP 208mil"
"  PIC18F25J11"," In Production "," $1.79"," 8"," Flash"," 32"," 16"," Yes"," 0"," 3800"," 21"," 28"," 48"," 12"," 8 MHz, 32 kHz "," 10"," 10"," 0 -UART    2 -A/E/USART    0 -SPI    0 -I2C    2 -MSSP(SPI/I2C)    0 -SSP(SPI/I2C)    "," 2 - 8-bit   3 - 16-bit    0 - 32-bit  "," -40 to 85"," 2V - 3.6V"," 28/QFN 28/SOIC 300mil 28/SPDIP 28/SSOP 208mil"
"  PIC18F25J50"," In Production "," $2.00"," 8"," Flash"," 32"," 16"," Yes"," 0"," 3800"," 22"," 28"," 48"," 12"," 8 MHz, 32 kHz "," 10"," 10"," 0 -UART    2 -A/E/USART    0 -SPI    0 -I2C    2 -MSSP(SPI/I2C)    0 -SSP(SPI/I2C)    "," 2 - 8-bit   3 - 16-bit    0 - 32-bit  "," -40 to 85"," 2V - 3.6V"," 28/QFN 28/SOIC 300mil 28/SPDIP 28/SSOP 208mil"
"  PIC18F25K20"," In Production "," $1.37"," 8"," Flash"," 32"," 16"," Yes"," 256"," 1536"," 25"," 28"," 64"," 16"," 16 MHz, 32 kHz "," 10","  "," 0 -UART    1 -A/E/USART    0 -SPI    0 -I2C    1 -MSSP(SPI/I2C)   "," 1 - 8-bit   3 - 16-bit    0 - 32-bit  "," -40 to 125"," 1.8V - 3.6V"," 28/QFN 28/SOIC 300mil 28/SPDIP 28/SSOP 208mil"
"  PIC18F25K22"," In Production "," $1.62"," 8"," Flash"," 32"," 16"," Yes"," 256"," 1536"," 25"," 28"," 64"," 16"," 16 MHz, 32 kHz "," 17","  "," 2 -A/E/USART    2 -MSSP(SPI/I2C)   "," 3 - 8-bit   4 - 16-bit    0 - 32-bit  "," -40 to 125"," 1.8V - 5.5V"," 28/QFN 28/SOIC 300mil 28/SPDIP 28/SSOP 208mil"
"  PIC18F25K50"," In Production "," $1.76"," 8"," Flash"," 32"," 16"," Yes"," 256"," 2048"," 25"," 28"," 48"," 12"," 16 MHz "," 14"," 14"," 1 -A/E/USART    1 -MSSP(SPI/I2C)   "," 2 - 8-bit   2 - 16-bit    0 - 32-bit  "," -40 to 125"," 1.8V - 5.5V"," 28/QFN 28/SOIC 300mil 28/SPDIP 28/SSOP 208mil"
"  PIC18F25K80"," In Production "," $1.90"," 8"," Flash"," 32"," 16"," Yes"," 1024"," 3648"," 24"," 28"," 64"," 16"," 16 MHz, 32 kHz "," 8"," 8"," 2 -A/E/USART    1 -MSSP(SPI/I2C)   "," 2 - 8-bit   3 - 16-bit    0 - 32-bit  "," -40 to 125"," 1.8V - 5.5V"," 28/QFN-S 28/SOIC 300mil 28/SPDIP 28/SSOP 208mil"
"  PIC18F2610"," In Production "," $3.85"," 8"," Flash"," 64"," 32"," No"," 0"," 3968"," 25"," 28"," 40"," 10"," 8 MHz, 32 kHz "," 10","  "," 0 -UART    1 -A/E/USART    0 -SPI    0 -I2C    1 -MSSP(SPI/I2C)    0 -SSP(SPI/I2C)    "," 1 - 8-bit   3 - 16-bit "," -40 to 125"," 2V - 5.5V"," 28/PDIP 300mil 28/SOIC 300mil"
"  PIC18F2620"," In Production "," $4.06"," 8"," Flash"," 64"," 32"," Yes"," 1024"," 3968"," 25"," 28"," 40"," 10"," 8 MHz, 32 kHz "," 10","  "," 0 -UART    1 -A/E/USART    0 -SPI    0 -I2C    1 -MSSP(SPI/I2C)   "," 1 - 8-bit   3 - 16-bit    0 - 32-bit  "," -40 to 125"," 2V - 5.5V"," 28/PDIP 300mil 28/SOIC 300mil 28/SPDIP"
"  PIC18F2680"," In Production "," $5.05"," 8"," Flash"," 64"," 32"," Yes"," 1024"," 3328"," 25"," 28"," 40"," 10"," 8 MHz, 32 kHz "," 8","  "," 0 -UART    1 -A/E/USART    0 -SPI    0 -I2C    1 -MSSP(SPI/I2C)   "," 1 - 8-bit   3 - 16-bit    0 - 32-bit  "," -40 to 150"," 2V - 5.5V"," 28/SOIC 300mil 28/SPDIP"
"  PIC18F2682"," In Production "," $5.50"," 8"," Flash"," 80"," 40"," Yes"," 1024"," 3328"," 25"," 28"," 40"," 10"," 8 MHz, 32 kHz "," 8","  "," 0 -UART    1 -A/E/USART    0 -SPI    0 -I2C    1 -MSSP(SPI/I2C)    0 -SSP(SPI/I2C)    "," 1 - 8-bit   3 - 16-bit "," -40 to 125"," 2V - 5.5V"," 28/SOIC 300mil 28/SPDIP"
"  PIC18F2685"," In Production "," $5.87"," 8"," Flash"," 96"," 48"," Yes"," 1024"," 3328"," 25"," 28"," 40"," 10"," 8 MHz, 32 kHz "," 8","  "," 0 -UART    1 -A/E/USART    0 -SPI    0 -I2C    1 -MSSP(SPI/I2C)    0 -SSP(SPI/I2C)    "," 1 - 8-bit   3 - 16-bit "," -40 to 125"," 2V - 5.5V"," 28/SOIC 300mil 28/SPDIP"
"  PIC18F26J11"," In Production "," $2.07"," 8"," Flash"," 64"," 32"," Yes"," 0"," 3800"," 21"," 28"," 48"," 12"," 8 MHz, 32 kHz "," 10"," 10"," 0 -UART    2 -A/E/USART    0 -SPI    0 -I2C    2 -MSSP(SPI/I2C)    0 -SSP(SPI/I2C)    "," 2 - 8-bit   3 - 16-bit    0 - 32-bit  "," -40 to 85"," 2V - 3.6V"," 28/QFN 28/SOIC 300mil 28/SPDIP 28/SSOP 208mil"
"  PIC18F26J13"," In Production "," $2.21"," 8"," Flash"," 64"," 32"," Yes"," 0"," 3800"," 22"," 28"," 48"," 12"," 8 MHz, 32 kHz "," 10"," 10"," 2 -A/E/USART    2 -MSSP(SPI/I2C)   "," 4 - 8-bit   4 - 16-bit    0 - 32-bit  "," -40 to 85"," 2V - 3.6V"," 28/QFN 28/SOIC 300mil 28/SPDIP 28/SSOP 208mil"
"  PIC18F26J50"," In Production "," $2.28"," 8"," Flash"," 64"," 32"," Yes"," 0"," 3800"," 22"," 28"," 48"," 12"," 8 MHz, 32 kHz "," 10"," 10"," 0 -UART    2 -A/E/USART    0 -SPI    0 -I2C    2 -MSSP(SPI/I2C)    0 -SSP(SPI/I2C)    "," 2 - 8-bit   3 - 16-bit    0 - 32-bit  "," -40 to 85"," 2V - 3.6V"," 28/QFN 28/SOIC 300mil 28/SPDIP 28/SSOP 208mil"
"  PIC18F26J53"," In Production "," $2.42"," 8"," Flash"," 64"," 32"," Yes"," 0"," 3800"," 22"," 28"," 48"," 12"," 8 MHz, 32 kHz "," 13"," 10"," 2 -A/E/USART    2 -MSSP(SPI/I2C)   "," 4 - 8-bit   4 - 16-bit    0 - 32-bit  "," -40 to 85"," 2V - 3.6V"," 28/QFN 28/SOIC 300mil 28/SPDIP 28/SSOP 208mil"
"  PIC18F26K20"," In Production "," $1.65"," 8"," Flash"," 64"," 32"," Yes"," 1024"," 3936"," 25"," 28"," 64"," 16"," 16 MHz, 32 kHz "," 10","  "," 0 -UART    1 -A/E/USART    0 -SPI    0 -I2C    1 -MSSP(SPI/I2C)   "," 1 - 8-bit   3 - 16-bit    0 - 32-bit  "," -40 to 125"," 1.8V - 3.6V"," 28/QFN 28/SOIC 300mil 28/SPDIP 28/SSOP 208mil"
"  PIC18F26K22"," In Production "," $1.90"," 8"," Flash"," 64"," 32"," Yes"," 1024"," 3896"," 25"," 28"," 64"," 16"," 16 MHz, 32 kHz "," 17"," 17"," 0 -UART    2 -A/E/USART    2 -MSSP(SPI/I2C)   "," 3 - 8-bit   4 - 16-bit    0 - 32-bit  "," -40 to 125"," 1.8V - 5.5V"," 28/QFN 28/SOIC 300mil 28/SPDIP 28/SSOP 208mil"
"  PIC18F26K80"," In Production "," $2.18"," 8"," Flash"," 64"," 32"," Yes"," 1024"," 3648"," 24"," 28"," 64"," 16"," 16 MHz, 32 kHz "," 8"," 8"," 2 -A/E/USART    0 -SPI    1 -MSSP(SPI/I2C)   "," 2 - 8-bit   3 - 16-bit    0 - 32-bit  "," -40 to 125"," 1.8V - 5.5V"," 28/QFN-S 28/SOIC 300mil 28/SPDIP 28/SSOP 208mil"
"  PIC18F27J13"," In Production "," $2.45"," 8"," Flash"," 128"," 64"," Yes"," 0"," 3800"," 22"," 28"," 48"," 12"," 8 MHz, 32 kHz "," 10"," 10"," 2 -A/E/USART    2 -MSSP(SPI/I2C)   "," 4 - 8-bit   4 - 16-bit    0 - 32-bit  "," -40 to 85"," 2V - 3.6V"," 28/QFN 28/SOIC 300mil 28/SPDIP 28/SSOP 208mil"
"  PIC18F27J53"," In Production "," $2.66"," 8"," Flash"," 128"," 64"," Yes"," 0"," 3800"," 22"," 28"," 48"," 12"," 8 MHz, 32 kHz "," 10"," 10"," 2 -A/E/USART    2 -MSSP(SPI/I2C)   "," 4 - 8-bit   4 - 16-bit    0 - 32-bit  "," -40 to 85"," 2V - 3.6V"," 28/QFN 28/SOIC 300mil 28/SPDIP 28/SSOP 208mil"
"  PIC18F4220"," In Production "," $4.46"," 8"," Flash"," 4"," 2"," Yes"," 256"," 512"," 36"," 40"," 40"," 10"," 8 MHz, 32 kHz "," 13","  "," 0 -UART    1 -A/E/USART    0 -SPI    0 -I2C    1 -MSSP(SPI/I2C)    0 -SSP(SPI/I2C)    "," 1 - 8-bit   3 - 16-bit "," -40 to 125"," 2V - 5.5V"," 40/PDIP 44/QFN 44/TQFP"
"  PIC18F4221"," In Production "," $2.17"," 8"," Flash"," 4"," 2"," Yes"," 256"," 512"," 36"," 40"," 40"," 10"," 8 MHz, 32 kHz "," 13","  "," 0 -UART    1 -A/E/USART    0 -SPI    0 -I2C    1 -MSSP(SPI/I2C)   "," 1 - 8-bit   3 - 16-bit    0 - 32-bit  "," -40 to 85"," 2V - 5.5V"," 40/PDIP 44/QFN 44/TQFP"
"  PIC18F4320"," In Production "," $4.81"," 8"," Flash"," 8"," 4"," Yes"," 256"," 512"," 36"," 40"," 40"," 10"," 8 MHz, 32 kHz "," 13","  "," 0 -UART    1 -A/E/USART    0 -SPI    0 -I2C    1 -MSSP(SPI/I2C)   "," 1 - 8-bit   3 - 16-bit    0 - 32-bit  "," -40 to 125"," 2V - 5.5V"," 40/PDIP 44/QFN 44/TQFP"
"  PIC18F4321"," In Production "," $2.30"," 8"," Flash"," 8"," 4"," Yes"," 256"," 512"," 36"," 40"," 40"," 10"," 8 MHz, 32 kHz "," 13","  "," 0 -UART    1 -A/E/USART    0 -SPI    0 -I2C    1 -MSSP(SPI/I2C)   "," 1 - 8-bit   3 - 16-bit    0 - 32-bit  "," -40 to 85"," 2V - 5.5V"," 40/PDIP 44/QFN 44/TQFP"
"  PIC18F4331"," In Production "," $3.46"," 8"," Flash"," 8"," 4"," Yes"," 256"," 768"," 36"," 40"," 40"," 10"," 8 MHz, 32 kHz "," 9","  "," 0 -UART    1 -A/E/USART    0 -SPI    0 -I2C    1 -SSP(SPI/I2C)    "," 1 - 8-bit   3 - 16-bit    0 - 32-bit  "," -40 to 125"," 2V - 5.5V"," 40/PDIP 44/QFN 44/TQFP"
"  PIC18F43K20"," In Production "," $1.46"," 8"," Flash"," 8"," 4"," Yes"," 256"," 512"," 36"," 40"," 64"," 16"," 16 MHz, 32 kHz "," 13"," 14"," 0 -UART    1 -A/E/USART    0 -SPI    0 -I2C    1 -MSSP(SPI/I2C)   "," 1 - 8-bit   3 - 16-bit    0 - 32-bit  "," -40 to 125"," 1.8V - 3.6V"," 40/PDIP 40/UQFN 44/QFN 44/TQFP"
"  PIC18F43K22"," In Production "," $1.67"," 8"," Flash"," 8"," 4"," Yes"," 256"," 512"," 36"," 40"," 64"," 16"," 16 MHz, 32 kHz "," 28"," 28"," 2 -A/E/USART    2 -MSSP(SPI/I2C)   "," 1 - 8-bit   3 - 16-bit    0 - 32-bit  "," -40 to 125"," 1.8V - 5.5V"," 40/PDIP 40/UQFN 44/QFN 44/TQFP"
"  PIC18F4410"," In Production "," $2.73"," 8"," Flash"," 16"," 8"," No"," 0"," 768"," 36"," 40"," 40"," 10"," 8 MHz, 32 kHz "," 13","  "," 0 -UART    1 -A/E/USART    0 -SPI    0 -I2C    1 -MSSP(SPI/I2C)   "," 1 - 8-bit   3 - 16-bit    0 - 32-bit  "," -40 to 125"," 2V - 5.5V"," 40/PDIP 40/PDIP 600mil 44/QFN 44/TQFP"
"  PIC18F4420"," In Production "," $2.94"," 8"," Flash"," 16"," 8"," Yes"," 256"," 768"," 36"," 40"," 40"," 10"," 8 MHz, 32 kHz "," 13","  "," 0 -UART    1 -A/E/USART    0 -SPI    0 -I2C    1 -MSSP(SPI/I2C)   "," 1 - 8-bit   3 - 16-bit    0 - 32-bit  "," -40 to 125"," 2V - 5.5V"," 40/PDIP 44/QFN 44/TQFP"
"  PIC18F4423"," In Production "," $3.23"," 8"," Flash"," 16"," 8"," Yes"," 256"," 768"," 36"," 40"," 40"," 10"," 8 MHz, 32 kHz "," 13","  "," 0 -UART    1 -A/E/USART    0 -SPI    0 -I2C    1 -MSSP(SPI/I2C)    0 -SSP(SPI/I2C)    "," 1 - 8-bit   3 - 16-bit "," -40 to 125"," 2V - 5.5V"," 40/PDIP 44/QFN 44/TQFP"
"  PIC18F4431"," In Production "," $3.61"," 8"," Flash"," 16"," 8"," Yes"," 256"," 768"," 36"," 40"," 40"," 10"," 8 MHz, 32 kHz "," 9","  "," 0 -UART    1 -A/E/USART    0 -SPI    0 -I2C    1 -SSP(SPI/I2C)    "," 1 - 8-bit   3 - 16-bit    0 - 32-bit  "," -40 to 125"," 2V - 5.5V"," 40/PDIP 44/QFN 44/TQFP"
"  PIC18F4450"," In Production "," $2.39"," 8"," Flash"," 16"," 8"," Yes"," 0"," 768"," 34"," 40"," 48"," 12"," 32 kHz "," 13","  "," 0 -UART    1 -A/E/USART    0 -SPI    0 -I2C   "," 1 - 8-bit   2 - 16-bit    0 - 32-bit  "," -40 to 85"," 2V - 5.5V"," 40/PDIP 44/QFN 44/TQFP"
"  PIC18F4455"," In Production "," $3.51"," 8"," Flash"," 24"," 12"," Yes"," 256"," 2048"," 35"," 40"," 48"," 12"," 8 MHz, 32 kHz "," 13","  "," 0 -UART    1 -A/E/USART    0 -SPI    0 -I2C    1 -MSSP(SPI/I2C)   "," 1 - 8-bit   3 - 16-bit    0 - 32-bit  "," -40 to 85"," 2V - 5.5V"," 40/PDIP 40/PDIP 600mil 44/QFN 44/TQFP  "
"  PIC18F4458"," In Production "," $3.79"," 8"," Flash"," 24"," 12"," Yes"," 256"," 2048"," 35"," 40"," 48"," 12"," 8 MHz, 32 kHz "," 13","  "," 0 -UART    1 -A/E/USART    0 -SPI    0 -I2C    1 -MSSP(SPI/I2C)   "," 1 - 8-bit   3 - 16-bit    0 - 32-bit  "," -40 to 85"," 2V - 5.5V"," 40/PDIP 44/QFN 44/TQFP"
"  PIC18F4480"," In Production "," $3.93"," 8"," Flash"," 16"," 8"," Yes"," 256"," 768"," 36"," 40"," 40"," 10"," 8 MHz, 32 kHz "," 11","  "," 0 -UART    1 -A/E/USART    0 -SPI    0 -I2C    1 -MSSP(SPI/I2C)   "," 1 - 8-bit   3 - 16-bit    0 - 32-bit  "," -40 to 125"," 2V - 5.5V"," 40/PDIP 44/QFN 44/TQFP"
"  PIC18F44J10"," In Production "," $1.44"," 8"," Flash"," 16"," 8"," Yes"," 0"," 1024"," 32"," 40"," 40"," 10"," 32 kHz "," 13","  "," 0 -UART    1 -A/E/USART    0 -SPI    0 -I2C    2 -MSSP(SPI/I2C)   "," 1 - 8-bit   2 - 16-bit    0 - 32-bit  "," -40 to 85"," 2V - 3.6V"," 40/PDIP 44/QFN 44/TQFP"
"  PIC18F44J11"," In Production "," $1.95"," 8"," Flash"," 16"," 8"," Yes"," 0"," 3800"," 34"," 44"," 48"," 12"," 8 MHz, 32 kHz "," 13"," 13"," 0 -UART    2 -A/E/USART    0 -SPI    0 -I2C    2 -MSSP(SPI/I2C)    0 -SSP(SPI/I2C)    "," 2 - 8-bit   3 - 16-bit    0 - 32-bit  "," -40 to 85"," 2V - 3.6V"," 44/QFN 44/TQFP"
"  PIC18F44J50"," In Production "," $2.16"," 8"," Flash"," 16"," 8"," Yes"," 0"," 3800"," 34"," 44"," 48"," 12"," 8 MHz, 32 kHz "," 13"," 13"," 0 -UART    2 -A/E/USART    0 -SPI    0 -I2C    2 -MSSP(SPI/I2C)    0 -SSP(SPI/I2C)    "," 2 - 8-bit   3 - 16-bit    0 - 32-bit  "," -40 to 85"," 2V - 3.6V"," 44/QFN 44/TQFP"
"  PIC18F44K20"," In Production "," $1.53"," 8"," Flash"," 16"," 8"," Yes"," 256"," 768"," 36"," 40"," 64"," 16"," 16 MHz, 32 kHz "," 13"," 14"," 0 -UART    1 -A/E/USART    0 -SPI    0 -I2C    1 -MSSP(SPI/I2C)   "," 1 - 8-bit   3 - 16-bit    0 - 32-bit  "," -40 to 125"," 1.8V - 3.6V"," 40/PDIP 40/UQFN 44/QFN 44/TQFP"
"  PIC18F44K22"," In Production "," $1.74"," 8"," Flash"," 16"," 8"," Yes"," 256"," 768"," 36"," 40"," 64"," 16"," 16 MHz, 32 kHz "," 28"," 28"," 2 -A/E/USART    2 -MSSP(SPI/I2C)   "," 1 - 8-bit   3 - 16-bit    0 - 32-bit  "," -40 to 125"," 1.8V - 5.5V"," 40/PDIP 40/UQFN 44/QFN 44/TQFP"
"  PIC18F4510"," In Production "," $3.18"," 8"," Flash"," 32"," 16"," No"," 0"," 1536"," 36"," 40"," 40"," 10"," 8 MHz, 32 kHz "," 13","  "," 0 -UART    1 -A/E/USART    0 -SPI    0 -I2C    1 -MSSP(SPI/I2C)    0 -SSP(SPI/I2C)    "," 1 - 8-bit   3 - 16-bit "," -40 to 125"," 2V - 5.5V"," 40/PDIP 44/QFN 44/TQFP"
"  PIC18F4515"," In Production "," $3.61"," 8"," Flash"," 48"," 24"," No"," 0"," 3968"," 36"," 40"," 40"," 10"," 8 MHz, 32 kHz "," 13","  "," 0 -UART    1 -A/E/USART    0 -SPI    0 -I2C    1 -MSSP(SPI/I2C)   "," 1 - 8-bit   3 - 16-bit    0 - 32-bit  "," -40 to 125"," 2V - 5.5V"," 40/PDIP 600mil 44/QFN  44/TQFP  "
"  PIC18F4520"," In Production "," $3.39"," 8"," Flash"," 32"," 16"," Yes"," 256"," 1536"," 36"," 40"," 40"," 10"," 8 MHz, 32 kHz "," 13","  "," 0 -UART    1 -A/E/USART    0 -SPI    0 -I2C    1 -MSSP(SPI/I2C)   "," 1 - 8-bit   3 - 16-bit    0 - 32-bit  "," -40 to 125"," 2V - 5.5V"," 40/PDIP 44/QFN 44/TQFP"
"  PIC18F4523"," In Production "," $3.67"," 8"," Flash"," 32"," 16"," Yes"," 256"," 1536"," 36"," 40"," 40"," 10"," 8 MHz, 32 kHz "," 13","  "," 0 -UART    1 -A/E/USART    0 -SPI    0 -I2C    1 -MSSP(SPI/I2C)   "," 1 - 8-bit   3 - 16-bit    0 - 32-bit  "," -40 to 125"," 2V - 5.5V"," 40/PDIP 44/QFN 44/TQFP"
"  PIC18F4525"," In Production "," $3.82"," 8"," Flash"," 48"," 24"," Yes"," 1024"," 3968"," 36"," 40"," 40"," 10"," 8 MHz, 32 kHz "," 13","  "," 0 -UART    1 -A/E/USART    0 -SPI    0 -I2C    1 -MSSP(SPI/I2C)   "," 1 - 8-bit   3 - 16-bit    0 - 32-bit  "," -40 to 125"," 2V - 5.5V"," 40/PDIP 600mil 44/QFN  44/TQFP  "
"  PIC18F4550"," In Production "," $3.65"," 8"," Flash"," 32"," 16"," Yes"," 256"," 2048"," 35"," 40"," 48"," 12"," 8 MHz, 32 kHz "," 13","  "," 0 -UART    1 -A/E/USART    0 -SPI    0 -I2C    1 -MSSP(SPI/I2C)   "," 1 - 8-bit   3 - 16-bit    0 - 32-bit  "," -40 to 85"," 2V - 5.5V"," 40/PDIP 40/PDIP 600mil 44/QFN 44/TQFP  "
"  PIC18F4553"," In Production "," $4.33"," 8"," Flash"," 32"," 16"," Yes"," 256"," 2048"," 35"," 40"," 48"," 12"," 8 MHz, 32 kHz "," 13","  "," 0 -UART    1 -A/E/USART    0 -SPI    0 -I2C    1 -MSSP(SPI/I2C)   "," 1 - 8-bit   3 - 16-bit    0 - 32-bit  "," -40 to 85"," 2V - 5.5V"," 40/PDIP 44/QFN 44/TQFP"
"  PIC18F4580"," In Production "," $4.38"," 8"," Flash"," 32"," 16"," Yes"," 256"," 1536"," 36"," 40"," 40"," 10"," 8 MHz, 32 kHz "," 11","  "," 0 -UART    1 -A/E/USART    0 -SPI    0 -I2C    1 -MSSP(SPI/I2C)    0 -SSP(SPI/I2C)    "," 1 - 8-bit   3 - 16-bit "," -40 to 125"," 2V - 5.5V"," 40/PDIP 44/QFN 44/TQFP"
"  PIC18F4585"," In Production "," $4.98"," 8"," Flash"," 48"," 24"," Yes"," 1024"," 3328"," 36"," 40"," 40"," 10"," 8 MHz, 32 kHz "," 11","  "," 0 -UART    1 -A/E/USART    0 -SPI    0 -I2C    1 -MSSP(SPI/I2C)   "," 1 - 8-bit   3 - 16-bit    0 - 32-bit  "," -40 to 150"," 2V - 5.5V"," 40/PDIP 44/QFN 44/TQFP"
"  PIC18F45J10"," In Production "," $1.51"," 8"," Flash"," 32"," 16"," Yes"," 0"," 1024"," 32"," 40"," 40"," 10"," 32 kHz "," 13","  "," 0 -UART    1 -A/E/USART    0 -SPI    0 -I2C    2 -MSSP(SPI/I2C)    0 -SSP(SPI/I2C)    "," 1 - 8-bit   2 - 16-bit "," -40 to 85"," 2V - 3.6V"," 40/PDIP 44/QFN 44/TQFP 128/LQFP"
"  PIC18F45J11"," In Production "," $2.09"," 8"," Flash"," 32"," 16"," Yes"," 0"," 3800"," 34"," 44"," 48"," 12"," 8 MHz, 32 kHz "," 13"," 13"," 0 -UART    2 -A/E/USART    0 -SPI    0 -I2C    2 -MSSP(SPI/I2C)    0 -SSP(SPI/I2C)    "," 2 - 8-bit   3 - 16-bit    0 - 32-bit  "," -40 to 85"," 2V - 3.6V"," 44/QFN 44/TQFP"
"  PIC18F45J50"," In Production "," $2.30"," 8"," Flash"," 32"," 16"," Yes"," 0"," 3800"," 34"," 44"," 48"," 12"," 8 MHz, 32 kHz "," 13"," 13"," 0 -UART    2 -A/E/USART    0 -SPI    0 -I2C    2 -MSSP(SPI/I2C)    0 -SSP(SPI/I2C)    "," 2 - 8-bit   3 - 16-bit    0 - 32-bit  "," -40 to 85"," 2V - 3.6V"," 44/QFN 44/TQFP"
"  PIC18F45K20"," In Production "," $1.60"," 8"," Flash"," 32"," 16"," Yes"," 256"," 1536"," 36"," 40"," 64"," 16"," 16 MHz, 32 kHz "," 13"," 14"," 0 -UART    1 -A/E/USART    0 -SPI    0 -I2C    1 -MSSP(SPI/I2C)   "," 1 - 8-bit   3 - 16-bit    0 - 32-bit  "," -40 to 125"," 1.8V - 3.6V"," 40/PDIP 40/UQFN 44/QFN 44/TQFP"
"  PIC18F45K22"," In Production "," $1.88"," 8"," Flash"," 32"," 16"," Yes"," 256"," 1536"," 36"," 40"," 64"," 16"," 16 MHz, 32 kHz "," 28"," 28"," 2 -A/E/USART    2 -MSSP(SPI/I2C)   "," 3 - 8-bit   4 - 16-bit    0 - 32-bit  "," -40 to 125"," 1.8V - 5.5V"," 40/PDIP 40/UQFN 44/QFN 44/TQFP"
"  PIC18F45K50"," In Production "," $1.67"," 8"," Flash"," 32"," 16"," No"," 256"," 2048"," 36"," 40"," 48"," 12"," 16 MHz "," 25"," 25"," 1 -A/E/USART    1 -MSSP(SPI/I2C)   "," 2 - 8-bit   2 - 16-bit    0 - 32-bit  "," -40 to 125"," 1.8V - 5.5V"," 28/SSOP 208mil 40/PDIP 40/UQFN 44/TQFP"
"  PIC18F45K80"," In Production "," $2.17"," 8"," Flash"," 32"," 16"," Yes"," 1024"," 3648"," 35"," 44"," 64"," 16"," 16 MHz, 32 kHz "," 11"," 11"," 2 -A/E/USART    1 -MSSP(SPI/I2C)    0 -SSP(SPI/I2C)    "," 2 - 8-bit   3 - 16-bit    0 - 32-bit  "," -40 to 125"," 1.8V - 5.5V"," 40/PDIP 44/QFN 44/TQFP"
"  PIC18F4610"," In Production "," $4.06"," 8"," Flash"," 64"," 32"," No"," 0"," 3968"," 36"," 40"," 40"," 10"," 8 MHz, 32 kHz "," 13","  "," 0 -UART    1 -A/E/USART    0 -SPI    0 -I2C    1 -MSSP(SPI/I2C)   "," 1 - 8-bit   3 - 16-bit    0 - 32-bit  "," -40 to 125"," 2V - 5.5V"," 40/PDIP 600mil 44/QFN  44/TQFP  "
"  PIC18F4620"," In Production "," $4.27"," 8"," Flash"," 64"," 32"," Yes"," 1024"," 3968"," 36"," 40"," 40"," 10"," 8 MHz, 32 kHz "," 13","  "," 0 -UART    1 -A/E/USART    0 -SPI    0 -I2C    1 -MSSP(SPI/I2C)   "," 1 - 8-bit   3 - 16-bit    0 - 32-bit  "," -40 to 125"," 2V - 5.5V"," 40/PDIP 40/PDIP 600mil 44/QFN 44/TQFP  "
"  PIC18F4680"," In Production "," $5.26"," 8"," Flash"," 64"," 32"," Yes"," 1024"," 3328"," 36"," 40"," 40"," 10"," 8 MHz, 32 kHz "," 11","  "," 0 -UART    1 -A/E/USART    0 -SPI    0 -I2C    1 -MSSP(SPI/I2C)   "," 1 - 8-bit   3 - 16-bit    0 - 32-bit  "," -40 to 150"," 2V - 5.5V"," 40/PDIP 44/QFN 44/TQFP  "
"  PIC18F4682"," In Production "," $5.71"," 8"," Flash"," 80"," 40"," Yes"," 1024"," 3328"," 36"," 40"," 40"," 10"," 8 MHz, 32 kHz "," 11","  "," 0 -UART    1 -A/E/USART    0 -SPI    0 -I2C    1 -MSSP(SPI/I2C)    0 -SSP(SPI/I2C)    "," 1 - 8-bit   3 - 16-bit "," -40 to 125"," 2V - 5.5V"," 40/PDIP 44/QFN 44/TQFP"
"  PIC18F4685"," In Production "," $6.08"," 8"," Flash"," 96"," 48"," Yes"," 1024"," 3328"," 36"," 40"," 40"," 10"," 8 MHz, 32 kHz "," 11","  "," 0 -UART    1 -A/E/USART    0 -SPI    0 -I2C    1 -MSSP(SPI/I2C)    0 -SSP(SPI/I2C)    "," 1 - 8-bit   3 - 16-bit "," -40 to 125"," 2V - 5.5V"," 40/PDIP 44/QFN 44/TQFP"
"  PIC18F46J11"," In Production "," $2.37"," 8"," Flash"," 64"," 32"," Yes"," 0"," 3800"," 34"," 44"," 48"," 12"," 8 MHz, 32 kHz "," 13"," 13"," 0 -UART    2 -A/E/USART    0 -SPI    0 -I2C    2 -MSSP(SPI/I2C)    0 -SSP(SPI/I2C)    "," 2 - 8-bit   3 - 16-bit    0 - 32-bit  "," -40 to 85"," 2V - 3.6V"," 44/QFN 44/TQFP"
"  PIC18F46J13"," In Production "," $2.52"," 8"," Flash"," 64"," 32"," Yes"," 0"," 3800"," 34"," 44"," 48"," 12"," 8 MHz, 32 kHz "," 13"," 13"," 2 -A/E/USART    2 -MSSP(SPI/I2C)   "," 4 - 8-bit   4 - 16-bit    0 - 32-bit  "," -40 to 85"," 2V - 3.6V"," 44/QFN 44/TQFP"
"  PIC18F46J50"," In Production "," $2.58"," 8"," Flash"," 64"," 32"," Yes"," 0"," 3800"," 34"," 44"," 48"," 12"," 8 MHz, 32 kHz "," 13"," 13"," 2 -A/E/USART    2 -MSSP(SPI/I2C)   "," 2 - 8-bit   3 - 16-bit    0 - 32-bit  "," -40 to 85"," 2V - 3.6V"," 44/QFN 44/TQFP"
"  PIC18F46J53"," In Production "," $2.73"," 8"," Flash"," 64"," 32"," Yes"," 0"," 3800"," 34"," 44"," 48"," 12"," 8 MHz, 32 kHz "," 13"," 13"," 2 -A/E/USART    0 -SPI    2 -MSSP(SPI/I2C)   "," 4 - 8-bit   4 - 16-bit    0 - 32-bit  "," -40 to 85"," 2V - 3.6V"," 44/QFN 44/TQFP"
"  PIC18F46K20"," In Production "," $1.81"," 8"," Flash"," 64"," 32"," Yes"," 1024"," 3936"," 36"," 40"," 64"," 16"," 16 MHz, 32 kHz "," 13"," 14"," 0 -UART    1 -A/E/USART    0 -SPI    0 -I2C    1 -MSSP(SPI/I2C)   "," 1 - 8-bit   3 - 16-bit    0 - 32-bit  "," -40 to 125"," 1.8V - 3.6V"," 40/PDIP 40/UQFN 44/QFN 44/TQFP"
"  PIC18F46K22"," In Production "," $2.16"," 8"," Flash"," 64"," 32"," Yes"," 1024"," 3896"," 36"," 40"," 64"," 16"," 16 MHz, 32 kHz "," 28"," 28"," 2 -A/E/USART    2 -MSSP(SPI/I2C)   "," 3 - 8-bit   4 - 16-bit    0 - 32-bit  "," -40 to 125"," 1.8V - 5.5V"," 40/PDIP 40/UQFN 44/QFN 44/TQFP"
"  PIC18F46K80"," In Production "," $2.45"," 8"," Flash"," 64"," 32"," Yes"," 1024"," 3648"," 35"," 44"," 64"," 16"," 16 MHz, 32 kHz "," 11"," 11"," 2 -A/E/USART    1 -SSP(SPI/I2C)    "," 2 - 8-bit   3 - 16-bit    0 - 32-bit  "," -40 to 125"," 1.8V - 5.5V"," 40/PDIP 44/QFN 44/TQFP"
"  PIC18F47J13"," In Production "," $2.76"," 8"," Flash"," 128"," 64"," Yes"," 0"," 3800"," 34"," 44"," 48"," 12"," 8 MHz, 32 kHz "," 13"," 13"," 2 -A/E/USART    2 -MSSP(SPI/I2C)   "," 4 - 8-bit   4 - 16-bit    0 - 32-bit  "," -40 to 85"," 2V - 3.6V"," 44/QFN 44/TQFP"
"  PIC18F47J53"," In Production "," $2.97"," 8"," Flash"," 128"," 64"," Yes"," 0"," 3800"," 34"," 44"," 48"," 12"," 8 MHz, 32 kHz "," 13"," 13"," 2 -A/E/USART    2 -MSSP(SPI/I2C)   "," 4 - 8-bit   4 - 16-bit    0 - 32-bit  "," -40 to 85"," 2V - 3.6V"," 44/QFN 44/TQFP"
"  PIC18F6310"," In Production "," $2.52"," 8"," Flash"," 8"," 4"," No"," 0"," 768"," 54"," 64"," 40"," 10"," 8 MHz, 32 kHz "," 12","  "," 0 -UART    2 -A/E/USART    0 -SPI    0 -I2C    1 -MSSP(SPI/I2C)    0 -SSP(SPI/I2C)    "," 1 - 8-bit   3 - 16-bit "," -40 to 125"," 2V - 5.5V"," 64/TQFP"
"  PIC18F6390"," In Production "," $2.66"," 8"," Flash"," 8"," 4"," No"," 0"," 768"," 50"," 64"," 40"," 10"," 8 MHz, 32 kHz "," 12","  "," 0 -UART    2 -A/E/USART    0 -SPI    0 -I2C    1 -MSSP(SPI/I2C)   "," 1 - 8-bit   3 - 16-bit    0 - 32-bit  "," -40 to 125"," 2V - 5.5V"," 64/TQFP"
"  PIC18F6393"," In Production "," $2.94"," 8"," Flash"," 8"," 4"," No"," 0"," 768"," 50"," 64"," 40"," 10"," 8 MHz, 32 kHz "," 12","  "," 0 -UART    2 -A/E/USART    0 -SPI    0 -I2C    1 -MSSP(SPI/I2C)   "," 1 - 8-bit   3 - 16-bit    0 - 32-bit  "," -40 to 85"," 2V - 5.5V"," 64/TQFP"
"  PIC18F63J11"," In Production "," $1.85"," 8"," Flash"," 8"," 4"," Yes"," 0"," 1024"," 54"," 64"," 40"," 10"," 8 MHz, 32 kHz "," 12","  "," 0 -UART    2 -A/E/USART    0 -SPI    0 -I2C    1 -MSSP(SPI/I2C)   "," 1 - 8-bit   3 - 16-bit    0 - 32-bit  "," -40 to 85"," 2V - 3.6V"," 64/TQFP"
"  PIC18F63J90"," In Production "," $2.00"," 8"," Flash"," 8"," 4"," Yes"," 0"," 1024"," 51"," 64"," 40"," 10"," 8 MHz, 32 kHz "," 12","  "," 0 -UART    2 -A/E/USART    0 -SPI    0 -I2C    1 -MSSP(SPI/I2C)   "," 1 - 8-bit   3 - 16-bit    0 - 32-bit  "," -40 to 85"," 2V - 3.6V"," 64/TQFP"
"  PIC18F6410"," In Production "," $2.87"," 8"," Flash"," 16"," 8"," No"," 0"," 768"," 54"," 64"," 40"," 10"," 8 MHz, 32 kHz "," 12","  "," 0 -UART    2 -A/E/USART    0 -SPI    0 -I2C    1 -MSSP(SPI/I2C)   "," 1 - 8-bit   3 - 16-bit    0 - 32-bit  "," -40 to 125"," 2V - 5.5V"," 64/TQFP"
"  PIC18F6490"," In Production "," $3.01"," 8"," Flash"," 16"," 8"," No"," 0"," 768"," 50"," 64"," 40"," 10"," 8 MHz, 32 kHz "," 12","  "," 0 -UART    2 -A/E/USART    0 -SPI    0 -I2C    1 -MSSP(SPI/I2C)   "," 1 - 8-bit   3 - 16-bit    0 - 32-bit  "," -40 to 125"," 2V - 5.5V"," 64/TQFP"
"  PIC18F6493"," Future Product "," $3.29"," 8"," Flash"," 16"," 8"," No"," 0"," 768"," 50"," 64"," 32"," 8"," 8 MHz, 32 kHz "," 12","  "," 0 -UART    2 -A/E/USART    0 -SPI    0 -I2C    1 -MSSP(SPI/I2C)   "," 1 - 8-bit   3 - 16-bit    0 - 32-bit  "," -40 to 85"," 2V - 5.5V"," 64/TQFP"
"  PIC18F64J11"," In Production "," $1.92"," 8"," Flash"," 16"," 8"," Yes"," 0"," 1024"," 54"," 64"," 40"," 10"," 8 MHz, 32 kHz "," 12","  "," 0 -UART    2 -A/E/USART    0 -SPI    0 -I2C    1 -MSSP(SPI/I2C)   "," 1 - 8-bit   3 - 16-bit    0 - 32-bit  "," -40 to 85"," 2V - 3.6V"," 64/TQFP"
"  PIC18F64J90"," In Production "," $2.06"," 8"," Flash"," 16"," 8"," Yes"," 0"," 1024"," 51"," 64"," 40"," 10"," 8 MHz, 32 kHz "," 12","  "," 0 -UART    2 -A/E/USART    0 -SPI    0 -I2C    1 -MSSP(SPI/I2C)   "," 1 - 8-bit   3 - 16-bit    0 - 32-bit  "," -40 to 85"," 2V - 3.6V"," 64/TQFP"
"  PIC18F6520"," In Production "," $5.93"," 8"," Flash"," 32"," 16"," Yes"," 1024"," 2048"," 52"," 64"," 40"," 10","  "," 12","  "," 0 -UART    2 -A/E/USART    0 -SPI    0 -I2C    1 -MSSP(SPI/I2C)   "," 2 - 8-bit   3 - 16-bit    0 - 32-bit  "," -40 to 125"," 2V - 5.5V"," 64/TQFP"
"  PIC18F6527"," In Production "," $4.62"," 8"," Flash"," 48"," 24"," Yes"," 1024"," 3936"," 54"," 64"," 40"," 10"," 8 MHz, 32 kHz "," 12","  "," 0 -UART    2 -A/E/USART    0 -SPI    0 -I2C    2 -MSSP(SPI/I2C)   "," 2 - 8-bit   3 - 16-bit    0 - 32-bit  "," -40 to 85"," 2V - 5.5V"," 64/TQFP"
"  PIC18F65J10"," In Production "," $1.82"," 8"," Flash"," 32"," 16"," Yes"," 0"," 2048"," 50"," 64"," 40"," 10"," 32 kHz "," 11","  "," 0 -UART    2 -A/E/USART    0 -SPI    0 -I2C    2 -MSSP(SPI/I2C)   "," 2 - 8-bit   3 - 16-bit    0 - 32-bit  "," -40 to 85"," 2V - 3.6V"," 64/TQFP"
"  PIC18F65J11"," In Production "," $2.02"," 8"," Flash"," 32"," 16"," Yes"," 0"," 2048"," 54"," 64"," 40"," 10"," 8 MHz, 32 kHz "," 12","  "," 0 -UART    2 -A/E/USART    0 -SPI    0 -I2C    1 -MSSP(SPI/I2C)   "," 1 - 8-bit   3 - 16-bit    0 - 32-bit  "," -40 to 85"," 2V - 3.6V"," 64/TQFP"
"  PIC18F65J15"," In Production "," $1.96"," 8"," Flash"," 48"," 24"," Yes"," 0"," 2048"," 50"," 64"," 40"," 10"," 32 kHz "," 11","  "," 0 -UART    2 -A/E/USART    0 -SPI    0 -I2C    2 -MSSP(SPI/I2C)   "," 2 - 8-bit   3 - 16-bit    0 - 32-bit  "," -40 to 85"," 2V - 3.6V"," 64/TQFP"
"  PIC18F65J50"," In Production "," $2.32"," 8"," Flash"," 32"," 16"," Yes"," 0"," 3904"," 49"," 64"," 48"," 12"," 8 MHz, 32 kHz "," 8","  "," 0 -UART    2 -A/E/USART    0 -SPI    0 -I2C    2 -MSSP(SPI/I2C)   "," 2 - 8-bit   3 - 16-bit    0 - 32-bit  "," -40 to 85"," 2V - 3.6V"," 64/TQFP"
"  PIC18F65J90"," In Production "," $2.17"," 8"," Flash"," 32"," 16"," Yes"," 0"," 2048"," 50"," 64"," 40"," 10"," 8 MHz, 32 kHz "," 12","  "," 0 -UART    2 -A/E/USART    0 -SPI    0 -I2C    1 -MSSP(SPI/I2C)   "," 1 - 8-bit   3 - 16-bit    0 - 32-bit  "," -40 to 85"," 2V - 3.6V"," 64/TQFP"
"  PIC18F65J94"," In Production "," $2.38"," 8"," Flash"," 32"," 12"," Yes"," 0"," 3862"," 53"," 64"," 64"," 16"," 8 MHz, 32 kHz "," 16","  "," 4 -A/E/USART    3 -MSSP(SPI/I2C)   "," 0 - 8-bit   4 - 16-bit    0 - 32-bit  "," -40 to 85"," 2V - 3.6V"," 64/QFN 64/TQFP"
"  PIC18F65K22"," In Production "," $2.39"," 8"," Flash"," 32"," 16"," Yes"," 1024"," 2048"," 53"," 64"," 64"," 16"," 16 MHz, 32 kHz "," 16"," 16"," 2 -A/E/USART    2 -MSSP(SPI/I2C)   "," 4 - 8-bit   4 - 16-bit    0 - 32-bit  "," -40 to 125"," 1.8V - 5.5V"," 64/QFN 64/TQFP"
"  PIC18F65K80"," In Production "," $2.70"," 8"," Flash"," 32"," 16"," Yes"," 1024"," 3648"," 54"," 64"," 64"," 16"," 16 MHz, 32 kHz "," 11"," 11"," 2 -A/E/USART    0 -MSSP(SPI/I2C)    1 -SSP(SPI/I2C)    "," 2 - 8-bit   3 - 16-bit    0 - 32-bit  "," -40 to 125"," 1.8V - 5.5V"," 64/QFN 64/TQFP"
"  PIC18F65K90"," In Production "," $2.53"," 8"," Flash"," 32"," 16"," Yes"," 1024"," 2048"," 53"," 64"," 64"," 16"," 16 MHz, 32 kHz "," 16"," 16"," 0 -UART    2 -A/E/USART    2 -MSSP(SPI/I2C)   "," 4 - 8-bit   4 - 16-bit    0 - 32-bit  "," -40 to 125"," 1.8V - 5.5V"," 64/QFN 64/TQFP"
"  PIC18F6622"," In Production "," $5.11"," 8"," Flash"," 64"," 32"," Yes"," 1024"," 3936"," 54"," 64"," 40"," 10"," 8 MHz, 32 kHz "," 12","  "," 0 -UART    2 -A/E/USART    0 -SPI    0 -I2C    2 -MSSP(SPI/I2C)    0 -SSP(SPI/I2C)    "," 2 - 8-bit   3 - 16-bit "," -40 to 85"," 2V - 5.5V"," 64/TQFP"
"  PIC18F6627"," In Production "," $6.02"," 8"," Flash"," 96"," 48"," Yes"," 1024"," 3936"," 54"," 64"," 40"," 10"," 8 MHz, 32 kHz "," 12","  "," 0 -UART    2 -A/E/USART    0 -SPI    0 -I2C    2 -MSSP(SPI/I2C)   "," 2 - 8-bit   3 - 16-bit    0 - 32-bit  "," -40 to 125"," 2V - 5.5V"," 64/TQFP"
"  PIC18F6628"," In Production "," $7.10"," 8"," Flash"," 96"," 48"," Yes"," 1024"," 3936"," 54"," 64"," 40"," 10"," 8 MHz, 32 kHz "," 12","  "," 0 -UART    2 -A/E/USART    0 -SPI    0 -I2C    2 -MSSP(SPI/I2C)    0 -SSP(SPI/I2C)    "," 2 - 8-bit   3 - 16-bit "," -40 to 125"," 2V - 5.5V"," 64/TQFP"
"  PIC18F66J10"," In Production "," $2.10"," 8"," Flash"," 64"," 32"," Yes"," 0"," 2048"," 50"," 64"," 40"," 10"," 32 kHz "," 11","  "," 0 -UART    2 -A/E/USART    0 -SPI    0 -I2C    2 -MSSP(SPI/I2C)    0 -SSP(SPI/I2C)    "," 2 - 8-bit   3 - 16-bit "," -40 to 85"," 2V - 3.6V"," 64/TQFP"
"  PIC18F66J11"," In Production "," $1.74"," 8"," Flash"," 64"," 32"," Yes"," 0"," 3904"," 50"," 64"," 48"," 12"," 8 MHz, 32 kHz "," 11","  "," 0 -UART    2 -A/E/USART    0 -SPI    0 -I2C    2 -MSSP(SPI/I2C)   "," 2 - 8-bit   3 - 16-bit    0 - 32-bit  "," -40 to 85"," 2V - 3.6V"," 64/TQFP"
"  PIC18F66J15"," In Production "," $2.20"," 8"," Flash"," 96"," 48"," Yes"," 0"," 3936"," 50"," 64"," 40"," 10"," 32 kHz "," 11","  "," 0 -UART    2 -A/E/USART    0 -SPI    0 -I2C    2 -MSSP(SPI/I2C)    0 -SSP(SPI/I2C)    "," 2 - 8-bit   3 - 16-bit "," -40 to 85"," 2V - 3.6V"," 64/TQFP"
"  PIC18F66J16"," In Production "," $1.86"," 8"," Flash"," 96"," 48"," Yes"," 0"," 3904"," 50"," 64"," 48"," 12"," 8 MHz, 32 kHz "," 11","  "," 0 -UART    2 -A/E/USART    0 -SPI    0 -I2C    2 -MSSP(SPI/I2C)   "," 2 - 8-bit   3 - 16-bit    0 - 32-bit  "," -40 to 85"," 2V - 3.6V"," 64/TQFP"
"  PIC18F66J50"," In Production "," $2.59"," 8"," Flash"," 64"," 32"," Yes"," 0"," 3904"," 49"," 64"," 48"," 12"," 8 MHz, 32 kHz "," 8","  "," 0 -UART    2 -A/E/USART    0 -SPI    0 -I2C    2 -MSSP(SPI/I2C)   "," 2 - 8-bit   3 - 16-bit    0 - 32-bit  "," -40 to 85"," 2V - 3.6V"," 64/TQFP"
"  PIC18F66J55"," In Production "," $2.72"," 8"," Flash"," 96"," 48"," Yes"," 0"," 3904"," 49"," 64"," 48"," 12"," 8 MHz, 32 kHz "," 8","  "," 0 -UART    2 -A/E/USART    0 -SPI    0 -I2C    2 -MSSP(SPI/I2C)   "," 2 - 8-bit   3 - 16-bit    0 - 32-bit  "," -40 to 85"," 2V - 3.6V"," 64/TQFP"
"  PIC18F66J60"," In Production "," $3.07"," 8"," Flash"," 64"," 32"," Yes"," 0"," 3808"," 39"," 64"," 42"," 10.5"," 32 kHz "," 11","  "," 0 -UART    1 -A/E/USART    0 -SPI    0 -I2C    1 -MSSP(SPI/I2C)   "," 2 - 8-bit   3 - 16-bit    0 - 32-bit  "," -40 to 85"," 2V - 3.6V"," 64/TQFP"
"  PIC18F66J65"," In Production "," $3.19"," 8"," Flash"," 96"," 48"," Yes"," 0"," 3808"," 39"," 64"," 42"," 10.5"," 32 kHz "," 11","  "," 0 -UART    1 -A/E/USART    0 -SPI    0 -I2C    1 -MSSP(SPI/I2C)   "," 2 - 8-bit   3 - 16-bit    0 - 32-bit  "," -40 to 85"," 2V - 3.6V"," 64/TQFP"
"  PIC18F66J90"," In Production "," $2.48"," 8"," Flash"," 64"," 32"," Yes"," 0"," 3900"," 51"," 64"," 48"," 12"," 8 MHz, 32 kHz "," 12"," 12"," 2 -A/E/USART    1 -MSSP(SPI/I2C)   "," 1 - 8-bit   3 - 16-bit    0 - 32-bit  "," -40 to 85"," 2V - 3.6V"," 64/TQFP"
"  PIC18F66J93"," In Production "," $2.62"," 8"," Flash"," 64"," 32"," Yes"," 0"," 3900"," 51"," 64"," 48"," 12"," 8 MHz, 32 kHz "," 12"," 12"," 2 -A/E/USART    0 -SPI    1 -MSSP(SPI/I2C)   "," 1 - 8-bit   3 - 16-bit    0 - 32-bit  "," -40 to 85"," 2V - 3.6V"," 64/TQFP"
"  PIC18F66J94"," In Production "," $2.69"," 8"," Flash"," 64"," 32"," Yes"," 0"," 3862"," 53"," 64"," 64"," 16"," 8 MHz, 32 kHz "," 16","  "," 4 -A/E/USART    3 -MSSP(SPI/I2C)   "," 0 - 8-bit   4 - 16-bit    0 - 32-bit  "," -40 to 85"," 2V - 3.6V"," 64/QFN 64/TQFP"
"  PIC18F66K22"," In Production "," $2.70"," 8"," Flash"," 64"," 32"," Yes"," 1024"," 3862"," 53"," 64"," 64"," 16"," 16 MHz, 32 kHz "," 16"," 16"," 2 -A/E/USART    2 -MSSP(SPI/I2C)   "," 6 - 8-bit   5 - 16-bit    0 - 32-bit  "," -40 to 125"," 1.8V - 5.5V"," 64/QFN 64/TQFP"
"  PIC18F66K80"," In Production "," $2.98"," 8"," Flash"," 64"," 32"," Yes"," 1024"," 3648"," 54"," 64"," 64"," 16"," 16 MHz, 32 kHz "," 11"," 11"," 2 -A/E/USART    1 -MSSP(SPI/I2C)   "," 2 - 8-bit   3 - 16-bit    0 - 32-bit  "," -40 to 125"," 1.8V - 5.5V"," 64/QFN 64/TQFP"
"  PIC18F66K90"," In Production "," $2.84"," 8"," Flash"," 64"," 32"," Yes"," 1024"," 3828"," 53"," 64"," 64"," 16"," 16 MHz, 32 kHz "," 16"," 16"," 0 -UART    2 -A/E/USART    2 -MSSP(SPI/I2C)   "," 6 - 8-bit   5 - 16-bit    0 - 32-bit  "," -40 to 125"," 1.8V - 5.5V"," 64/QFN 64/TQFP"
"  PIC18F6722"," In Production "," $6.86"," 8"," Flash"," 128"," 64"," Yes"," 1024"," 3936"," 54"," 64"," 40"," 10"," 8 MHz, 32 kHz "," 12","  "," 0 -UART    2 -A/E/USART    0 -SPI    0 -I2C    2 -MSSP(SPI/I2C)    0 -SSP(SPI/I2C)    "," 2 - 8-bit   3 - 16-bit "," -40 to 125"," 2V - 5.5V"," 64/TQFP"
"  PIC18F6723"," In Production "," $7.99"," 8"," Flash"," 128"," 64"," Yes"," 1024"," 3936"," 54"," 64"," 40"," 10"," 8 MHz, 32 kHz "," 12","  "," 0 -UART    2 -A/E/USART    0 -SPI    0 -I2C    2 -MSSP(SPI/I2C)    0 -SSP(SPI/I2C)    "," 2 - 8-bit   3 - 16-bit "," -40 to 125"," 2V - 5.5V"," 64/TQFP"
"  PIC18F67J10"," In Production "," $2.31"," 8"," Flash"," 128"," 64"," Yes"," 0"," 3936"," 50"," 64"," 40"," 10"," 32 kHz "," 11","  "," 0 -UART    2 -A/E/USART    0 -SPI    0 -I2C    2 -MSSP(SPI/I2C)    0 -SSP(SPI/I2C)    "," 2 - 8-bit   3 - 16-bit "," -40 to 85"," 2V - 3.6V"," 64/TQFP"
"  PIC18F67J11"," In Production "," $1.95"," 8"," Flash"," 128"," 64"," Yes"," 0"," 3904"," 50"," 64"," 48"," 12"," 8 MHz, 32 kHz "," 11","  "," 0 -UART    2 -A/E/USART    0 -SPI    0 -I2C    2 -MSSP(SPI/I2C)   "," 2 - 8-bit   3 - 16-bit    0 - 32-bit  "," -40 to 85"," 2V - 3.6V"," 64/TQFP"
"  PIC18F67J50"," In Production "," $2.83"," 8"," Flash"," 128"," 64"," Yes"," 0"," 3904"," 49"," 64"," 48"," 12"," 8 MHz, 32 kHz "," 8","  "," 0 -UART    2 -A/E/USART    0 -SPI    0 -I2C    2 -MSSP(SPI/I2C)   "," 2 - 8-bit   3 - 16-bit    0 - 32-bit  "," -40 to 85"," 2V - 3.6V"," 64/TQFP"
"  PIC18F67J60"," In Production "," $3.30"," 8"," Flash"," 128"," 64"," Yes"," 0"," 3808"," 39"," 64"," 42"," 10.5"," 32 kHz "," 11","  "," 0 -UART    1 -A/E/USART    0 -SPI    0 -I2C    1 -MSSP(SPI/I2C)   "," 2 - 8-bit   3 - 16-bit    0 - 32-bit  "," -40 to 85"," 2V - 3.6V"," 64/TQFP"
"  PIC18F67J90"," In Production "," $2.72"," 8"," Flash"," 128"," 64"," Yes"," 0"," 3900"," 51"," 64"," 48"," 12"," 8 MHz, 32 kHz "," 12"," 12"," 2 -A/E/USART    1 -MSSP(SPI/I2C)   "," 1 - 8-bit   3 - 16-bit    0 - 32-bit  "," -40 to 85"," 2V - 3.6V"," 64/TQFP"
"  PIC18F67J93"," In Production "," $2.86"," 8"," Flash"," 128"," 64"," Yes"," 0"," 3900"," 51"," 64"," 48"," 12"," 8 MHz, 32 kHz "," 12"," 12"," 2 -A/E/USART    1 -MSSP(SPI/I2C)   "," 3 - 8-bit   1 - 16-bit    0 - 32-bit  "," -40 to 85"," 2V - 3.6V"," 64/TQFP"
"  PIC18F67J94"," In Production "," $2.93"," 8"," Flash"," 128"," 64"," Yes"," 0"," 3862"," 53"," 64"," 64"," 16"," 8 MHz, 32 kHz "," 16","  "," 4 -A/E/USART    3 -MSSP(SPI/I2C)   "," 0 - 8-bit   4 - 16-bit    0 - 32-bit  "," -40 to 85"," 2V - 3.6V"," 64/QFN 64/TQFP"
"  PIC18F67K22"," In Production "," $2.94"," 8"," Flash"," 128"," 64"," Yes"," 1024"," 3862"," 53"," 64"," 64"," 16"," 16 MHz, 32 kHz "," 16"," 16"," 2 -A/E/USART    2 -MSSP(SPI/I2C)   "," 6 - 8-bit   5 - 16-bit    0 - 32-bit  "," -40 to 125"," 1.8V - 5.5V"," 64/QFN 64/TQFP"
"  PIC18F67K90"," In Production "," $3.08"," 8"," Flash"," 128"," 64"," Yes"," 1024"," 3828"," 53"," 64"," 64"," 16"," 16 MHz, 32 kHz "," 16"," 16"," 2 -A/E/USART    2 -MSSP(SPI/I2C)   "," 6 - 8-bit   5 - 16-bit    0 - 32-bit  "," -40 to 125"," 1.8V - 5.5V"," 64/QFN 64/TQFP"
"  PIC18F8310"," In Production "," $3.01"," 8"," Flash"," 8"," 4"," No"," 0"," 768"," 70"," 80"," 40"," 10"," 8 MHz, 32 kHz "," 12","  "," 0 -UART    2 -A/E/USART    0 -SPI    0 -I2C    1 -MSSP(SPI/I2C)    0 -SSP(SPI/I2C)    "," 1 - 8-bit   3 - 16-bit "," -40 to 125"," 2V - 5.5V"," 80/TQFP"
"  PIC18F8390"," In Production "," $3.15"," 8"," Flash"," 8"," 4"," No"," 0"," 768"," 66"," 80"," 40"," 10"," 8 MHz, 32 kHz "," 12","  "," 0 -UART    2 -A/E/USART    0 -SPI    0 -I2C    1 -MSSP(SPI/I2C)   "," 1 - 8-bit   3 - 16-bit    0 - 32-bit  "," -40 to 125"," 2V - 5.5V"," 80/TQFP"
"  PIC18F8393"," In Production "," $3.43"," 8"," Flash"," 8"," 4"," No"," 0"," 768"," 66"," 80"," 40"," 10"," 8 MHz, 32 kHz "," 12","  "," 0 -UART    2 -A/E/USART    0 -SPI    0 -I2C    1 -MSSP(SPI/I2C)   "," 1 - 8-bit   3 - 16-bit    0 - 32-bit  "," -40 to 85"," 2V - 5.5V"," 80/TQFP"
"  PIC18F83J11"," In Production "," $2.11"," 8"," Flash"," 8"," 4"," Yes"," 0"," 1024"," 70"," 80"," 40"," 10"," 8 MHz, 32 kHz "," 12","  "," 0 -UART    2 -A/E/USART    0 -SPI    0 -I2C    1 -MSSP(SPI/I2C)   "," 1 - 8-bit   3 - 16-bit    0 - 32-bit  "," -40 to 85"," 2V - 3.6V"," 80/TQFP"
"  PIC18F83J90"," In Production "," $2.27"," 8"," Flash"," 8"," 4"," Yes"," 0"," 1024"," 66"," 80"," 40"," 10"," 8 MHz, 32 kHz "," 12","  "," 0 -UART    2 -A/E/USART    0 -SPI    0 -I2C    1 -MSSP(SPI/I2C)   "," 1 - 8-bit   3 - 16-bit    0 - 32-bit  "," -40 to 85"," 2V - 3.6V"," 80/TQFP"
"  PIC18F8410"," In Production "," $3.36"," 8"," Flash"," 16"," 8"," No"," 0"," 768"," 70"," 80"," 40"," 10"," 8 MHz, 32 kHz "," 12","  "," 0 -UART    2 -A/E/USART    0 -SPI    0 -I2C    1 -MSSP(SPI/I2C)   "," 2 - 8-bit   3 - 16-bit    0 - 32-bit  "," -40 to 125"," 2V - 5.5V"," 80/TQFP"
"  PIC18F8490"," In Production "," $3.50"," 8"," Flash"," 16"," 8"," No"," 0"," 768"," 66"," 80"," 40"," 10"," 8 MHz, 32 kHz "," 12","  "," 0 -UART    2 -A/E/USART    0 -SPI    0 -I2C    1 -MSSP(SPI/I2C)   "," 1 - 8-bit   3 - 16-bit    0 - 32-bit  "," -40 to 125"," 2V - 5.5V"," 80/TQFP"
"  PIC18F8493"," Future Product "," $3.78"," 8"," Flash"," 16"," 8"," No"," 0"," 768"," 66"," 80"," 32"," 8"," 8 MHz, 32 kHz "," 12","  "," 0 -UART    2 -A/E/USART    0 -SPI    0 -I2C    1 -MSSP(SPI/I2C)   "," 1 - 8-bit   3 - 16-bit    0 - 32-bit  "," -40 to 85"," 2V - 5.5V"," 80/TQFP"
"  PIC18F84J11"," In Production "," $2.18"," 8"," Flash"," 16"," 8"," Yes"," 0"," 1024"," 70"," 80"," 40"," 10"," 8 MHz, 32 kHz "," 12","  "," 0 -UART    2 -A/E/USART    0 -SPI    0 -I2C    1 -MSSP(SPI/I2C)   "," 1 - 8-bit   3 - 16-bit    0 - 32-bit  "," -40 to 85"," 2V - 3.6V"," 80/TQFP"
"  PIC18F84J90"," In Production "," $2.32"," 8"," Flash"," 16"," 8"," Yes"," 0"," 1024"," 66"," 80"," 40"," 10"," 8 MHz, 32 kHz "," 12","  "," 0 -UART    2 -A/E/USART    0 -SPI    0 -I2C    1 -MSSP(SPI/I2C)   "," 1 - 8-bit   3 - 16-bit    0 - 32-bit  "," -40 to 85"," 2V - 3.6V"," 80/TQFP"
"  PIC18F8520"," In Production "," $6.23"," 8"," Flash"," 32"," 16"," Yes"," 1024"," 2048"," 68"," 80"," 40"," 10","  "," 16","  "," 0 -UART    2 -A/E/USART    0 -SPI    0 -I2C    1 -MSSP(SPI/I2C)    0 -SSP(SPI/I2C)    "," 2 - 8-bit   3 - 16-bit "," -40 to 125"," 2V - 5.5V"," 80/TQFP"
"  PIC18F8527"," In Production "," $5.04"," 8"," Flash"," 48"," 24"," Yes"," 1024"," 3936"," 70"," 80"," 40"," 10"," 8 MHz, 32 kHz "," 16","  "," 0 -UART    2 -A/E/USART    0 -SPI    0 -I2C    2 -MSSP(SPI/I2C)   "," 2 - 8-bit   3 - 16-bit    0 - 32-bit  "," -40 to 85"," 2V - 5.5V"," 80/TQFP"
"  PIC18F85J10"," In Production "," $2.06"," 8"," Flash"," 32"," 32"," Yes"," 0"," 2048"," 66"," 80"," 40"," 10"," 32 kHz "," 15","  "," 0 -UART    2 -A/E/USART    0 -SPI    0 -I2C    2 -MSSP(SPI/I2C)   "," 2 - 8-bit   3 - 16-bit    0 - 32-bit  "," -40 to 85"," 2V - 3.6V"," 80/TQFP"
"  PIC18F85J11"," In Production "," $2.28"," 8"," Flash"," 32"," 16"," Yes"," 0"," 2048"," 70"," 80"," 40"," 10"," 8 MHz, 32 kHz "," 12","  "," 0 -UART    2 -A/E/USART    0 -SPI    0 -I2C    1 -MSSP(SPI/I2C)   "," 1 - 8-bit   3 - 16-bit    0 - 32-bit  "," -40 to 85"," 2V - 3.6V"," 80/TQFP"
"  PIC18F85J15"," In Production "," $2.20"," 8"," Flash"," 48"," 24"," Yes"," 0"," 2048"," 66"," 80"," 40"," 10"," 32 kHz "," 15","  "," 0 -UART    2 -A/E/USART    0 -SPI    0 -I2C    2 -MSSP(SPI/I2C)   "," 2 - 8-bit   3 - 16-bit    0 - 32-bit  "," -40 to 85"," 2V - 3.6V"," 80/TQFP"
"  PIC18F85J50"," In Production "," $2.59"," 8"," Flash"," 32"," 16"," Yes"," 0"," 3904"," 65"," 80"," 48"," 12"," 8 MHz, 32 kHz "," 12","  "," 0 -UART    2 -A/E/USART    0 -SPI    0 -I2C    2 -MSSP(SPI/I2C)   "," 2 - 8-bit   3 - 16-bit    0 - 32-bit  "," -40 to 85"," 2V - 3.6V"," 80/TQFP"
"  PIC18F85J90"," In Production "," $2.44"," 8"," Flash"," 32"," 16"," Yes"," 0"," 2048"," 66"," 80"," 40"," 10"," 8 MHz, 32 kHz "," 12","  "," 0 -UART    2 -A/E/USART    0 -SPI    0 -I2C    1 -MSSP(SPI/I2C)   "," 1 - 8-bit   3 - 16-bit    0 - 32-bit  "," -40 to 85"," 2V - 3.6V"," 80/TQFP 128/LQFP"
"  PIC18F85J94"," In Production "," $2.65"," 8"," Flash"," 32"," 16"," Yes"," 0"," 3862"," 69"," 80"," 64"," 16"," 8 MHz, 32 kHz "," 24","  "," 4 -A/E/USART    2 -MSSP(SPI/I2C)   "," 0 - 8-bit   4 - 16-bit    0 - 32-bit  "," -40 to 85"," 2V - 3.6V"," 80/TQFP"
"  PIC18F85K22"," In Production "," $2.66"," 8"," Flash"," 32"," 16"," Yes"," 1024"," 2048"," 69"," 80"," 64"," 16"," 16 MHz, 32 kHz "," 24"," 24"," 2 -A/E/USART    2 -MSSP(SPI/I2C)   "," 4 - 8-bit   4 - 16-bit    0 - 32-bit  "," -40 to 125"," 1.8V - 5.5V"," 80/TQFP"
"  PIC18F85K90"," In Production "," $2.80"," 8"," Flash"," 32"," 16"," Yes"," 1024"," 2048"," 69"," 80"," 64"," 16"," 16 MHz, 32 kHz "," 24"," 24"," 2 -A/E/USART    2 -MSSP(SPI/I2C)   "," 4 - 8-bit   4 - 16-bit    0 - 32-bit  "," -40 to 125"," 1.8V - 5.5V"," 80/TQFP"
"  PIC18F8622"," In Production "," $5.53"," 8"," Flash"," 64"," 32"," Yes"," 1024"," 3936"," 70"," 80"," 40"," 10"," 8 MHz, 32 kHz "," 16","  "," 0 -UART    2 -A/E/USART    0 -SPI    0 -I2C    2 -MSSP(SPI/I2C)   "," 2 - 8-bit   3 - 16-bit    0 - 32-bit  "," -40 to 85"," 2V - 5.5V"," 80/TQFP"
"  PIC18F8627"," In Production "," $6.44"," 8"," Flash"," 96"," 48"," Yes"," 1024"," 3936"," 70"," 80"," 40"," 10"," 8 MHz, 32 kHz "," 16","  "," 0 -UART    2 -A/E/USART    0 -SPI    0 -I2C    2 -MSSP(SPI/I2C)   "," 2 - 8-bit   3 - 16-bit    0 - 32-bit  "," -40 to 125"," 2V - 5.5V"," 80/TQFP"
"  PIC18F8628"," Future Product "," $7.55"," 8"," Flash"," 96"," 48"," Yes"," 1024"," 3936"," 70"," 80"," 40"," 10"," 8 MHz, 32 kHz "," 16","  "," 0 -UART    2 -A/E/USART    0 -SPI    0 -I2C    2 -MSSP(SPI/I2C)   "," 2 - 8-bit   3 - 16-bit    0 - 32-bit  "," -40 to 125"," 2V - 5.5V"," 80/TQFP"
"  PIC18F86J10"," In Production "," $2.32"," 8"," Flash"," 64"," 32"," Yes"," 0"," 2048"," 66"," 80"," 40"," 10"," 32 kHz "," 15","  "," 0 -UART    2 -A/E/USART    0 -SPI    0 -I2C    2 -MSSP(SPI/I2C)    0 -SSP(SPI/I2C)    "," 2 - 8-bit   3 - 16-bit "," -40 to 85"," 2V - 3.6V"," 80/TQFP"
"  PIC18F86J11"," In Production "," $2.59"," 8"," Flash"," 64"," 32"," Yes"," 0"," 3904"," 66"," 80"," 48"," 12"," 8 MHz, 32 kHz "," 12","  "," 0 -UART    2 -A/E/USART    0 -SPI    0 -I2C    2 -MSSP(SPI/I2C)   "," 2 - 8-bit   3 - 16-bit    0 - 32-bit  "," -40 to 85"," 2V - 3.6V"," 80/TQFP"
"  PIC18F86J15"," In Production "," $2.44"," 8"," Flash"," 96"," 48"," Yes"," 0"," 3936"," 66"," 80"," 40"," 10"," 32 kHz "," 15","  "," 0 -UART    2 -A/E/USART    0 -SPI    0 -I2C    2 -MSSP(SPI/I2C)   "," 2 - 8-bit   3 - 16-bit    0 - 32-bit  "," -40 to 85"," 2V - 3.6V"," 80/TQFP"
"  PIC18F86J16"," In Production "," $2.70"," 8"," Flash"," 96"," 48"," Yes"," 0"," 3904"," 66"," 80"," 48"," 12"," 8 MHz, 32 kHz "," 12","  "," 0 -UART    2 -A/E/USART    0 -SPI    0 -I2C    2 -MSSP(SPI/I2C)    0 -SSP(SPI/I2C)    "," 2 - 8-bit   3 - 16-bit "," -40 to 85"," 2V - 3.6V"," 80/TQFP"
"  PIC18F86J50"," In Production "," $2.86"," 8"," Flash"," 64"," 32"," Yes"," 0"," 3904"," 65"," 80"," 48"," 12"," 8 MHz, 32 kHz "," 12","  "," 0 -UART    2 -A/E/USART    0 -SPI    0 -I2C    2 -MSSP(SPI/I2C)   "," 2 - 8-bit   3 - 16-bit    0 - 32-bit  "," -40 to 85"," 2V - 3.6V"," 80/TQFP"
"  PIC18F86J55"," In Production "," $2.98"," 8"," Flash"," 96"," 48"," Yes"," 0"," 3904"," 66"," 80"," 48"," 12"," 8 MHz, 32 kHz "," 12","  "," 0 -UART    2 -A/E/USART    0 -SPI    0 -I2C    2 -MSSP(SPI/I2C)   "," 2 - 8-bit   3 - 16-bit    0 - 32-bit  "," -40 to 85"," 2V - 3.6V"," 80/TQFP"
"  PIC18F86J60"," In Production "," $3.32"," 8"," Flash"," 64"," 32"," Yes"," 0"," 3808"," 55"," 80"," 42"," 10.5"," 32 kHz "," 15","  "," 0 -UART    2 -A/E/USART    0 -SPI    0 -I2C    1 -MSSP(SPI/I2C)   "," 2 - 8-bit   3 - 16-bit    0 - 32-bit  "," -40 to 85"," 2V - 3.6V"," 80/TQFP"
"  PIC18F86J65"," In Production "," $3.44"," 8"," Flash"," 96"," 48"," Yes"," 0"," 3808"," 55"," 80"," 42"," 10.5"," 32 kHz "," 15","  "," 0 -UART    2 -A/E/USART    0 -SPI    0 -I2C    1 -MSSP(SPI/I2C)   "," 2 - 8-bit   3 - 16-bit    0 - 32-bit  "," -40 to 85"," 2V - 3.6V"," 80/TQFP"
"  PIC18F86J72"," In Production "," $4.12"," 8"," Flash"," 64"," 32"," Yes"," 0"," 3923"," 51"," 80"," 48"," 12"," 8 MHz, 32 kHz "," 2","  "," 2 -A/E/USART    1 -MSSP(SPI/I2C)   "," 3 - 8-bit   1 - 16-bit    0 - 32-bit  "," -40 to 85"," 2V - 3.6V"," 80/TQFP"
"  PIC18F86J90"," In Production "," $2.73"," 8"," Flash"," 64"," 32"," Yes"," 0"," 3900"," 67"," 80"," 48"," 12"," 8 MHz, 32 kHz "," 12"," 12"," 2 -A/E/USART    1 -MSSP(SPI/I2C)   "," 1 - 8-bit   3 - 16-bit    0 - 32-bit  "," -40 to 85"," 2V - 3.6V"," 80/TQFP"
"  PIC18F86J93"," In Production "," $2.88"," 8"," Flash"," 64"," 32"," Yes"," 0"," 3900"," 67"," 80"," 48"," 12"," 8 MHz, 32 kHz "," 12"," 12"," 2 -A/E/USART    1 -MSSP(SPI/I2C)   "," 1 - 8-bit   3 - 16-bit    0 - 32-bit  "," -40 to 85"," 2V - 3.6V"," 80/TQFP"
"  PIC18F86J94"," In Production "," $2.95"," 8"," Flash"," 64"," 32"," Yes"," 0"," 3862"," 69"," 80"," 64"," 16"," 8 MHz, 32 kHz "," 24","  "," 4 -A/E/USART    2 -MSSP(SPI/I2C)   "," 0 - 8-bit   4 - 16-bit    0 - 32-bit  "," -40 to 85"," 2V - 3.6V"," 80/TQFP"
"  PIC18F86K22"," In Production "," $2.97"," 8"," Flash"," 64"," 32"," Yes"," 1024"," 3862"," 69"," 80"," 64"," 16"," 16 MHz, 32 kHz "," 24"," 24"," 2 -A/E/USART    2 -MSSP(SPI/I2C)   "," 6 - 8-bit   5 - 16-bit    0 - 32-bit  "," -40 to 125"," 1.8V - 5.5V"," 80/TQFP"
"  PIC18F86K90"," In Production "," $3.11"," 8"," Flash"," 64"," 32"," Yes"," 1024"," 3828"," 69"," 80"," 64"," 16"," 16 MHz, 32 kHz "," 24"," 24"," 2 -A/E/USART    0 -I2C    2 -MSSP(SPI/I2C)   "," 6 - 8-bit   5 - 16-bit    0 - 32-bit  "," -40 to 125"," 1.8V - 5.5V"," 80/TQFP"
"  PIC18F8722"," In Production "," $7.28"," 8"," Flash"," 128"," 64"," Yes"," 1024"," 3936"," 70"," 80"," 40"," 10"," 8 MHz, 32 kHz "," 16","  "," 0 -UART    2 -A/E/USART    0 -SPI    0 -I2C    2 -MSSP(SPI/I2C)   "," 2 - 8-bit   3 - 16-bit    0 - 32-bit  "," -40 to 125"," 2V - 5.5V"," 80/TQFP 128/LQFP"
"  PIC18F8723"," In Production "," $8.44"," 8"," Flash"," 128"," 64"," Yes"," 1024"," 3936"," 70"," 80"," 40"," 10"," 8 MHz, 32 kHz "," 16","  "," 0 -UART    2 -A/E/USART    0 -SPI    0 -I2C    2 -MSSP(SPI/I2C)    0 -SSP(SPI/I2C)    "," 2 - 8-bit   3 - 16-bit "," -40 to 125"," 2V - 5.5V"," 80/TQFP"
"  PIC18F87J10"," In Production "," $2.55"," 8"," Flash"," 128"," 64"," Yes"," 0"," 3936"," 66"," 80"," 40"," 10"," 32 kHz "," 15","  "," 0 -UART    2 -A/E/USART    0 -SPI    0 -I2C    2 -MSSP(SPI/I2C)   "," 2 - 8-bit   3 - 16-bit    0 - 32-bit  "," -40 to 85"," 2V - 3.6V"," 80/TQFP 128/LQFP"
"  PIC18F87J11"," In Production "," $2.83"," 8"," Flash"," 128"," 64"," Yes"," 0"," 3904"," 66"," 80"," 48"," 12"," 8 MHz, 32 kHz "," 12","  "," 0 -UART    2 -A/E/USART    0 -SPI    0 -I2C    2 -MSSP(SPI/I2C)   "," 2 - 8-bit   3 - 16-bit    0 - 32-bit  "," -40 to 85"," 2V - 3.6V"," 80/TQFP"
"  PIC18F87J50"," In Production "," $3.09"," 8"," Flash"," 128"," 64"," Yes"," 0"," 3904"," 65"," 80"," 48"," 12"," 8 MHz, 32 kHz "," 12","  "," 0 -UART    2 -A/E/USART    0 -SPI    0 -I2C    2 -MSSP(SPI/I2C)   "," 2 - 8-bit   3 - 16-bit    0 - 32-bit  "," -40 to 85"," 2V - 3.6V"," 80/TQFP"
"  PIC18F87J60"," In Production "," $3.56"," 8"," Flash"," 128"," 64"," Yes"," 0"," 3808"," 55"," 80"," 42"," 10.5"," 32 kHz "," 15","  "," 0 -UART    2 -A/E/USART    0 -SPI    0 -I2C    1 -MSSP(SPI/I2C)   "," 2 - 8-bit   3 - 16-bit    0 - 32-bit  "," -40 to 85"," 2V - 3.6V"," 80/TQFP"
"  PIC18F87J72"," In Production "," $4.35"," 8"," Flash"," 128"," 64"," Yes"," 0"," 3923"," 51"," 80"," 48"," 12"," 8 MHz, 32 kHz "," 2"," 12"," 2 -A/E/USART    1 -MSSP(SPI/I2C)   "," 3 - 8-bit   1 - 16-bit    0 - 32-bit  "," -40 to 85"," 2V - 3.6V"," 80/TQFP"
"  PIC18F87J90"," In Production "," $2.98"," 8"," Flash"," 128"," 64"," Yes"," 0"," 3900"," 67"," 80"," 48"," 12"," 8 MHz, 32 kHz "," 12"," 12"," 2 -A/E/USART    1 -MSSP(SPI/I2C)   "," 1 - 8-bit   3 - 16-bit    0 - 32-bit  "," -40 to 85"," 2V - 3.6V"," 80/TQFP"
"  PIC18F87J93"," In Production "," $3.12"," 8"," Flash"," 128"," 64"," Yes"," 0"," 3900"," 67"," 80"," 48"," 12"," 8 MHz, 32 kHz "," 12"," 12"," 2 -A/E/USART    1 -MSSP(SPI/I2C)   "," 1 - 8-bit   3 - 16-bit    0 - 32-bit  "," -40 to 85"," 2V - 3.6V"," 80/TQFP"
"  PIC18F87J94"," In Production "," $3.19"," 8"," Flash"," 128"," 64"," Yes"," 0"," 3862"," 69"," 80"," 64"," 16"," 8 MHz, 32 kHz "," 24","  "," 4 -A/E/USART    2 -MSSP(SPI/I2C)   "," 0 - 8-bit   4 - 16-bit    0 - 32-bit  "," -40 to 85"," 2V - 3.6V"," 80/TQFP"
"  PIC18F87K22"," In Production "," $3.21"," 8"," Flash"," 128"," 64"," Yes"," 1024"," 3862"," 69"," 80"," 64"," 16"," 16 MHz, 32 kHz "," 24"," 24"," 0 -UART    2 -A/E/USART    2 -MSSP(SPI/I2C)    0 -SSP(SPI/I2C)    "," 6 - 8-bit   5 - 16-bit    0 - 32-bit  "," -40 to 125"," 1.8V - 5.5V"," 80/TQFP"
"  PIC18F87K90"," In Production "," $3.35"," 8"," Flash"," 128"," 64"," Yes"," 1024"," 4096"," 69"," 80"," 64"," 16"," 16 MHz, 32 kHz "," 24","  "," 2 -A/E/USART    2 -MSSP(SPI/I2C)   "," 6 - 8-bit   5 - 16-bit    0 - 32-bit  "," -40 to 125"," 1.8V - 5.5V"," 80/TQFP"
"  PIC18F95J94"," In Production "," $2.83"," 8"," Flash"," 32"," 16"," Yes"," 0"," 3862"," 87"," 100"," 64"," 16"," 8 MHz, 32 kHz "," 24","  "," 4 -A/E/USART    2 -MSSP(SPI/I2C)   "," 0 - 8-bit   4 - 16-bit    0 - 32-bit  "," -40 to 85"," 2V - 3.6V"," 100/TQFP"
"  PIC18F96J60"," In Production "," $3.53"," 8"," Flash"," 64"," 32"," Yes"," 0"," 3808"," 70"," 100"," 42"," 10.5"," 32 kHz "," 16","  "," 0 -UART    2 -A/E/USART    0 -SPI    0 -I2C    2 -MSSP(SPI/I2C)   "," 2 - 8-bit   3 - 16-bit    0 - 32-bit  "," -40 to 85"," 2V - 3.6V"," 100/TQFP"
"  PIC18F96J65"," In Production "," $3.65"," 8"," Flash"," 96"," 48"," Yes"," 0"," 3808"," 70"," 100"," 42"," 10.5"," 32 kHz "," 16","  "," 0 -UART    2 -A/E/USART    0 -SPI    0 -I2C    2 -MSSP(SPI/I2C)   "," 2 - 8-bit   3 - 16-bit    0 - 32-bit  "," -40 to 85"," 2V - 3.6V"," 100/TQFP"
"  PIC18F96J94"," In Production "," $3.14"," 8"," Flash"," 64"," 32"," Yes"," 0"," 3862"," 87"," 100"," 64"," 16"," 8 MHz, 32 kHz "," 24","  "," 4 -A/E/USART    2 -MSSP(SPI/I2C)   "," 0 - 8-bit   4 - 16-bit    0 - 32-bit  "," -40 to 85"," 2V - 3.6V"," 100/TQFP"
"  PIC18F97J60"," In Production "," $3.77"," 8"," Flash"," 128"," 64"," Yes"," 0"," 3808"," 70"," 100"," 42"," 10.5"," 32 kHz "," 16","  "," 0 -UART    2 -A/E/USART    0 -SPI    0 -I2C    2 -MSSP(SPI/I2C)   "," 2 - 8-bit   3 - 16-bit    0 - 32-bit  "," -40 to 85"," 2V - 3.6V"," 100/TQFP 128/LQFP"
"  PIC18F97J94"," In Production "," $3.37"," 8"," Flash"," 128"," 64"," Yes"," 0"," 3862"," 87"," 100"," 64"," 16"," 8 MHz, 32 kHz "," 24","  "," 0 -UART    4 -A/E/USART    2 -MSSP(SPI/I2C)   "," 0 - 8-bit   4 - 16-bit    0 - 32-bit  "," -40 to 85"," 2V - 3.6V"," 100/TQFP"
"  SST89E516P"," Samples Available "," Call for pricing"," 8"," Flash"," 0"," 0"," No"," 0"," 0"," 0","  "," 0"," 0","  ","  ","  ","  "," 0 - 8-bit   0 - 16-bit    0 - 32-bit  "," 0 to 0"," 0V - 0V"," 44/PLCC 44/TQFP"
"  SST89E516RD"," In Production "," $1.67"," 8"," Flash"," 72"," 38"," No"," 64"," 1024"," 32","  "," 40"," 10","  ","  ","  ","  "," 0 - 8-bit   0 - 16-bit    0 - 32-bit  "," -40 to 85"," 4.4V - 5.5V"," 40/PDIP 40/TQFN"
"  SST89E516RD2"," In Production "," $1.52"," 8"," Flash"," 72"," 38"," No"," 64"," 1024"," 32","  "," 40"," 10","  ","  ","  "," 1 -UART    1 -SPI   "," 0 - 8-bit   3 - 16-bit    0 - 32-bit  "," -40 to 85"," 4.4V - 5.5V"," 44/PLCC 44/TQFP"
"  SST89E52RC"," In Production "," $1.22"," 8"," Flash"," 9"," 4"," No"," 0"," 512"," 32","  "," 33"," 16","  ","  ","  "," 1 -UART   "," 0 - 8-bit   3 - 16-bit    0 - 32-bit  "," 0 to 70"," 4.4V - 5.5V"," 40/PDIP 44/PLCC"
"  SST89E54C"," Samples Available "," Call for pricing"," 8"," Flash"," 0"," 0"," No"," 0"," 0"," 0","  "," 0"," 0","  ","  ","  ","  "," 0 - 8-bit   0 - 16-bit    0 - 32-bit  "," 0 to 0"," 0V - 0V"," 44/PLCC 44/TQFP"
"  SST89E54P"," Samples Available "," Call for pricing"," 8"," Flash"," 0"," 0"," No"," 0"," 0"," 0","  "," 0"," 0","  ","  ","  ","  "," 0 - 8-bit   0 - 16-bit    0 - 32-bit  "," 0 to 0"," 0V - 0V"," 44/PLCC 44/TQFP"
"  SST89E54RC"," In Production "," $1.22"," 8"," Flash"," 17"," 8"," No"," 16"," 512"," 32","  "," 33"," 16","  ","  ","  "," 1 -UART   "," 0 - 8-bit   0 - 16-bit    0 - 32-bit  "," 0 to 70"," 4.4V - 5.5V"," 40/PDIP 44/PLCC"
"  SST89E54RD2A"," In Production "," $1.42"," 8"," Flash"," 24"," 12"," No"," 8192"," 1024"," 36","  "," 40"," 10","  ","  ","  "," 1 -UART   "," 0 - 8-bit   3 - 16-bit    0 - 32-bit  "," 0 to 70"," 4.5V - 5.5V"," 44/PLCC 44/TQFP"
"  SST89E54RDA"," In Production "," $1.57"," 8"," Flash"," 24"," 12"," No"," 32"," 1"," 32","  "," 40"," 10","  ","  ","  "," 1 -UART   "," 0 - 8-bit   3 - 16-bit    0 - 32-bit  "," 0 to 70"," 4.5V - 5.5V"," 40/PDIP"
"  SST89E58P"," Samples Available "," Call for pricing"," 8"," Flash"," 0"," 0"," No"," 0"," 0"," 0","  "," 0"," 0","  ","  ","  ","  "," 0 - 8-bit   0 - 16-bit    0 - 32-bit  "," 0 to 0"," 0V - 0V"," 44/PLCC 44/TQFP"
"  SST89E58RD2A"," In Production "," $1.42"," 8"," Flash"," 40"," 20"," No"," 8192"," 1024"," 36","  "," 40"," 10","  ","  ","  "," 1 -UART   "," 0 - 8-bit   3 - 16-bit    0 - 32-bit  "," 0 to 70"," 4.5V - 5.5V"," 44/PLCC 44/TQFP"
"  SST89E58RDA"," In Production "," $1.57"," 8"," Flash"," 40"," 20"," No"," 8192"," 1024"," 32","  "," 40"," 10","  ","  ","  "," 1 -UART   "," 0 - 8-bit   3 - 16-bit    0 - 32-bit  "," 0 to 70"," 4.5V - 5.5V"," 40/PDIP"
"  SST89V516RD"," In Production "," $1.63"," 8"," Flash"," 72"," 38"," No"," 64"," 1024"," 32","  "," 33"," 10","  ","  ","  "," 1 -UART   "," 0 - 8-bit   3 - 16-bit    0 - 32-bit  "," -40 to 85"," 2.7V - 3.6V"," 40/PDIP"
"  SST89V516RD2"," In Production "," $1.49"," 8"," Flash"," 72"," 36"," No"," 65536"," 1024"," 32","  "," 33"," 10","  ","  ","  "," 1 -UART   "," 0 - 8-bit   3 - 16-bit    0 - 32-bit  "," -40 to 85"," 2.7V - 3.6V"," 44/PLCC 44/TQFP"
"  SST89V54RD"," In Production "," $1.60"," 8"," Flash"," 24"," 12"," No"," 32768"," 1024"," 32","  "," 33"," 10","  ","  ","  "," 1 -UART   "," 0 - 8-bit   3 - 16-bit    0 - 32-bit  "," 0 to 70"," 2.7V - 3.6V"," 40/PDIP"
"  SST89V54RD2"," In Production "," $1.40"," 8"," Flash"," 24"," 12"," No"," 32768"," 1024"," 32","  "," 33"," 10","  ","  ","  "," 1 -UART   "," 0 - 8-bit   3 - 16-bit    0 - 32-bit  "," -40 to 85"," 2.7V - 3.6V"," 44/PLCC 44/TQFP"
"  dsPIC30F1010"," In Production "," $2.82"," 16"," Flash"," 6"," 2"," Yes"," 0"," 256"," 21"," 28"," 120"," 30","  "," 6","  "," 1 -UART    0 -A/E/USART    1 -SPI    1 -I2C   "," 0 - 8-bit   2 - 16-bit    0 - 32-bit  "," -40 to 125"," 3V - 5.5V"," 28/QFN-S 28/SOIC 300mil 28/SPDIP"
"  dsPIC30F2010"," In Production "," $2.43"," 16"," Flash"," 12"," 3"," Yes"," 1024"," 512"," 20"," 28"," 120"," 30"," 7.37 MHz, 512 kHz "," 6","  "," 1 -UART    0 -A/E/USART    1 -SPI    1 -I2C   "," 0 - 8-bit   3 - 16-bit    1 - 32-bit  "," -40 to 125"," 2.5V - 5.5V"," 28/PDIP 300mil 28/QFN-S 28/SOIC 300mil 28/SPDIP"
"  dsPIC30F2011"," In Production "," $2.23"," 16"," Flash"," 12"," 3"," Yes"," 0"," 1024"," 12"," 18"," 120"," 30"," 7.37 MHz, 512 kHz "," 8","  "," 1 -UART    0 -A/E/USART    1 -SPI    1 -I2C   "," 0 - 8-bit   3 - 16-bit    1 - 32-bit  "," -40 to 125"," 2.5V - 5.5V"," 18/PDIP 18/SOIC 300mil 28/QFN"
"  dsPIC30F2012"," In Production "," $2.32"," 16"," Flash"," 12"," 3"," Yes"," 0"," 1024"," 20"," 28"," 120"," 30"," 7.37 MHz, 512 kHz "," 10","  "," 1 -UART    0 -A/E/USART    1 -SPI    1 -I2C    0 -MSSP(SPI/I2C)   "," 3 - 16-bit    1 - 32-bit  "," -40 to 125"," 2.5V - 5.5V"," 28/QFN 28/SOIC 300mil 28/SPDIP"
"  dsPIC30F2020"," In Production "," $3.62"," 16"," Flash"," 12"," 3"," Yes"," 0"," 512"," 21"," 28"," 120"," 30","  "," 8","  "," 1 -UART    0 -A/E/USART    1 -SPI    1 -I2C   "," 0 - 8-bit   3 - 16-bit    1 - 32-bit  "," -40 to 125"," 3V - 5.5V"," 28/QFN-S 28/SOIC 300mil 28/SPDIP"
"  dsPIC30F2023"," In Production "," $4.02"," 16"," Flash"," 12"," 3"," Yes"," 0"," 512"," 35"," 44"," 120"," 30","  "," 12","  "," 1 -UART    0 -A/E/USART    1 -SPI    1 -I2C   "," 0 - 8-bit   3 - 16-bit    1 - 32-bit  "," -40 to 125"," 3V - 5.5V"," 44/QFN 44/TQFP"
"  dsPIC30F3010"," In Production "," $3.02"," 16"," Flash"," 24"," 8"," Yes"," 1024"," 1024"," 20"," 28"," 120"," 30"," 7.37 MHz, 512 kHz "," 6","  "," 1 -UART    0 -A/E/USART    1 -SPI    1 -I2C   "," 0 - 8-bit   5 - 16-bit    2 - 32-bit  "," -40 to 125"," 2.5V - 5.5V"," 28/SOIC 300mil 28/SPDIP 44/QFN"
"  dsPIC30F3011"," In Production "," $3.32"," 16"," Flash"," 24"," 8"," Yes"," 1024"," 1024"," 30"," 40"," 120"," 30"," 7.37 MHz, 512 kHz "," 9","  "," 2 -UART    0 -A/E/USART    1 -SPI    1 -I2C   "," 0 - 8-bit   5 - 16-bit    2 - 32-bit  "," -40 to 125"," 2.5V - 5.5V"," 40/PDIP 44/QFN 44/TQFP"
"  dsPIC30F3012"," In Production "," $2.68"," 16"," Flash"," 24"," 8"," Yes"," 1024"," 2048"," 12"," 18"," 120"," 30"," 7.37 MHz, 512 kHz "," 8","  "," 1 -UART    0 -A/E/USART    1 -SPI    1 -I2C   "," 0 - 8-bit   3 - 16-bit    1 - 32-bit  "," -40 to 125"," 2.5V - 5.5V"," 18/PDIP 18/SOIC 300mil 44/QFN"
"  dsPIC30F3013"," In Production "," $2.77"," 16"," Flash"," 24"," 8"," Yes"," 1024"," 2048"," 20"," 28"," 120"," 30"," 7.37 MHz, 512 kHz "," 10","  "," 2 -UART    0 -A/E/USART    1 -SPI    1 -I2C   "," 0 - 8-bit   3 - 16-bit    1 - 32-bit  "," -40 to 125"," 2.5V - 5.5V"," 28/SOIC 300mil 28/SPDIP 44/QFN"
"  dsPIC30F3014"," In Production "," $3.24"," 16"," Flash"," 24"," 8"," Yes"," 1024"," 2048"," 30"," 40"," 120"," 30"," 7.37 MHz, 512 kHz "," 13","  "," 2 -UART    0 -A/E/USART    1 -SPI    1 -I2C   "," 0 - 8-bit   3 - 16-bit    1 - 32-bit  "," -40 to 125"," 2.5V - 5.5V"," 40/PDIP 44/QFN 44/TQFP"
"  dsPIC30F4011"," In Production "," $4.02"," 16"," Flash"," 48"," 16"," Yes"," 1024"," 2048"," 30"," 40"," 120"," 30"," 7.37 MHz, 512 kHz "," 9","  "," 2 -UART    0 -A/E/USART    1 -SPI    1 -I2C   "," 0 - 8-bit   5 - 16-bit    2 - 32-bit  "," -40 to 125"," 2.5V - 5.5V"," 40/PDIP 44/QFN 44/TQFP"
"  dsPIC30F4012"," In Production "," $3.71"," 16"," Flash"," 48"," 16"," Yes"," 1024"," 2048"," 20"," 28"," 120"," 30"," 7.37 MHz, 512 kHz "," 6","  "," 1 -UART    0 -A/E/USART    1 -SPI    1 -I2C   "," 0 - 8-bit   5 - 16-bit    2 - 32-bit  "," -40 to 125"," 2.5V - 5.5V"," 28/SOIC 300mil 28/SPDIP 44/QFN"
"  dsPIC30F4013"," In Production "," $3.91"," 16"," Flash"," 48"," 16"," Yes"," 1024"," 2048"," 30"," 40"," 120"," 30"," 7.37 MHz, 512 kHz "," 13","  "," 2 -UART    0 -A/E/USART    1 -SPI    1 -I2C   "," 0 - 8-bit   5 - 16-bit    2 - 32-bit  "," -40 to 125"," 2.5V - 5.5V"," 40/PDIP 44/QFN 44/TQFP"
"  dsPIC30F5011"," In Production "," $4.96"," 16"," Flash"," 66"," 22"," Yes"," 1024"," 4096"," 52"," 64"," 120"," 30"," 7.37 MHz, 512 kHz "," 16","  "," 2 -UART    0 -A/E/USART    2 -SPI    1 -I2C   "," 0 - 8-bit   5 - 16-bit    2 - 32-bit  "," -40 to 125"," 2.5V - 5.5V"," 64/TQFP"
"  dsPIC30F5013"," In Production "," $5.47"," 16"," Flash"," 66"," 22"," Yes"," 1024"," 4096"," 68"," 80"," 120"," 30"," 7.37 MHz, 512 kHz "," 16","  "," 2 -UART    0 -A/E/USART    2 -SPI    1 -I2C   "," 0 - 8-bit   5 - 16-bit    2 - 32-bit  "," -40 to 125"," 2.5V - 5.5V"," 80/TQFP"
"  dsPIC30F5015"," In Production "," $5.08"," 16"," Flash"," 66"," 22"," Yes"," 1024"," 2048"," 52"," 64"," 120"," 30"," 7.37 MHz, 512 kHz "," 16","  "," 1 -UART    0 -A/E/USART    2 -SPI    1 -I2C   "," 0 - 8-bit   5 - 16-bit    2 - 32-bit  "," -40 to 125"," 2.5V - 5.5V"," 64/TQFP"
"  dsPIC30F5016"," In Production "," $5.59"," 16"," Flash"," 66"," 22"," Yes"," 1024"," 2048"," 68"," 80"," 120"," 30"," 7.37 MHz, 512 kHz "," 16","  "," 1 -UART    0 -A/E/USART    2 -SPI    1 -I2C   "," 0 - 8-bit   5 - 16-bit    2 - 32-bit  "," -40 to 125"," 2.5V - 5.5V"," 80/TQFP"
"  dsPIC30F6010A"," In Production "," $7.01"," 16"," Flash"," 144"," 48"," Yes"," 4096"," 8192"," 68"," 80"," 120"," 30"," 7.37 MHz, 512 kHz "," 16","  "," 2 -UART    0 -A/E/USART    2 -SPI    1 -I2C   "," 0 - 8-bit   5 - 16-bit    2 - 32-bit  "," -40 to 125"," 2.5V - 5.5V"," 80/TQFP"
"  dsPIC30F6011A"," In Production "," $6.89"," 16"," Flash"," 132"," 44"," Yes"," 2048"," 6144"," 52"," 64"," 120"," 30"," 7.37 MHz, 512 kHz "," 16","  "," 2 -UART    0 -A/E/USART    2 -SPI    1 -I2C   "," 0 - 8-bit   5 - 16-bit    2 - 32-bit  "," -40 to 125"," 2.5V - 5.5V"," 64/TQFP"
"  dsPIC30F6012A"," In Production "," $6.96"," 16"," Flash"," 144"," 48"," Yes"," 4096"," 8192"," 52"," 64"," 120"," 30"," 7.37 MHz, 512 kHz "," 16","  "," 2 -UART    0 -A/E/USART    2 -SPI    1 -I2C   "," 0 - 8-bit   5 - 16-bit    2 - 32-bit  "," -40 to 125"," 2.5V - 5.5V"," 64/TQFP"
"  dsPIC30F6013A"," In Production "," $7.14"," 16"," Flash"," 132"," 44"," Yes"," 2048"," 6144"," 68"," 80"," 120"," 30"," 7.37 MHz, 512 kHz "," 16","  "," 2 -UART    0 -A/E/USART    2 -SPI    1 -I2C    0 -MSSP(SPI/I2C)   "," 5 - 16-bit    2 - 32-bit  "," -40 to 125"," 2.5V - 5.5V"," 80/TQFP"
"  dsPIC30F6014A"," In Production "," $7.25"," 16"," Flash"," 144"," 48"," Yes"," 4096"," 8192"," 68"," 80"," 120"," 30"," 7.37 MHz, 512 kHz "," 16","  "," 2 -UART    0 -A/E/USART    2 -SPI    1 -I2C   "," 0 - 8-bit   5 - 16-bit    2 - 32-bit  "," -40 to 125"," 2.5V - 5.5V"," 80/TQFP"
"  dsPIC30F6015"," In Production "," $7.18"," 16"," Flash"," 144"," 48"," Yes"," 4096"," 8192"," 52"," 64"," 120"," 30"," 7.37 MHz, 512 kHz "," 16","  "," 2 -UART    0 -A/E/USART    2 -SPI    1 -I2C   "," 0 - 8-bit   5 - 16-bit    2 - 32-bit  "," -40 to 125"," 2.5V - 5.5V"," 64/TQFP"
"  dsPIC33EP128GP502"," In Production "," $2.84"," 16"," Flash"," 128"," 42"," Yes"," 0"," 16384"," 21"," 28"," 70"," 70"," 7.37 MHz, 32 kHz "," 6"," 6"," 2 -UART    2 -SPI    2 -I2C   "," 0 - 8-bit   5 - 16-bit    2 - 32-bit  "," -40 to 125"," 3V - 3.6V"," 28/QFN-S 28/SOIC 300mil 28/SPDIP 28/SSOP 208mil"
"  dsPIC33EP128GP503"," Future Product "," Call for pricing"," 16"," Flash"," 128"," 42"," Yes"," 0"," 16384"," 25"," 36"," 70"," 70"," 7.37 MHz, 32 kHz "," 6"," 6"," 2 -UART    2 -SPI    2 -I2C   "," 0 - 8-bit   5 - 16-bit    2 - 32-bit  "," -40 to 125"," 3V - 3.6V"," Please call for package information"
"  dsPIC33EP128GP504"," In Production "," $3.01"," 16"," Flash"," 128"," 42"," Yes"," 0"," 16384"," 35"," 44"," 70"," 70"," 7.37 MHz, 32 kHz "," 9"," 9"," 2 -UART    2 -SPI    2 -I2C   "," 0 - 8-bit   5 - 16-bit    2 - 32-bit  "," -40 to 125"," 3V - 3.6V"," 44/QFN 44/TQFP 44/VLAP"
"  dsPIC33EP128GP506"," In Production "," $3.15"," 16"," Flash"," 128"," 42"," Yes"," 0"," 16384"," 53"," 64"," 70"," 70"," 7.37 MHz, 32 kHz "," 16"," 16"," 2 -UART    2 -SPI    2 -I2C   "," 0 - 8-bit   5 - 16-bit    2 - 32-bit  "," -40 to 125"," 3V - 3.6V"," 64/QFN 64/TQFP"
"  dsPIC33EP128MC202"," In Production "," $2.63"," 16"," Flash"," 128"," 42"," Yes"," 0"," 16384"," 21"," 28"," 70"," 70"," 7.37 MHz, 32 kHz "," 6"," 6"," 2 -UART    2 -SPI    2 -I2C   "," 0 - 8-bit   5 - 16-bit    2 - 32-bit  "," -40 to 125"," 3V - 3.6V"," 28/QFN-S 28/SOIC 300mil 28/SPDIP 28/SSOP 208mil"
"  dsPIC33EP128MC203"," Future Product "," Call for pricing"," 16"," Flash"," 128"," 42"," Yes"," 0"," 16384"," 25"," 36"," 70"," 70"," 7.37 MHz, 32 kHz "," 6"," 6"," 2 -UART    2 -SPI    2 -I2C   "," 0 - 8-bit   5 - 16-bit    2 - 32-bit  "," -40 to 125"," 3V - 3.6V"," Please call for package information"
"  dsPIC33EP128MC204"," In Production "," $2.80"," 16"," Flash"," 128"," 42"," Yes"," 0"," 16384"," 35"," 44"," 70"," 70"," 7.37 MHz, 32 kHz "," 9"," 9"," 2 -UART    2 -SPI    2 -I2C   "," 0 - 8-bit   5 - 16-bit    2 - 32-bit  "," -40 to 125"," 3V - 3.6V"," 44/QFN 44/TQFP 44/VLAP"
"  dsPIC33EP128MC206"," In Production "," $2.94"," 16"," Flash"," 128"," 42"," Yes"," 0"," 16384"," 53"," 64"," 70"," 70"," 7.37 MHz, 32 kHz "," 16"," 16"," 2 -UART    2 -SPI    2 -I2C   "," 0 - 8-bit   5 - 16-bit    2 - 32-bit  "," -40 to 125"," 3V - 3.6V"," 64/QFN 64/TQFP"
"  dsPIC33EP128MC502"," In Production "," $2.84"," 16"," Flash"," 128"," 42"," Yes"," 0"," 16384"," 21","  "," 70"," 70"," 7.37 MHz, 32 kHz "," 6"," 6"," 2 -UART    2 -SPI    2 -I2C   "," 0 - 8-bit   5 - 16-bit    2 - 32-bit  "," -40 to 85"," 3V - 3.6V"," 28/QFN-S 28/SOIC 300mil 28/SPDIP 28/SSOP 208mil"
"  dsPIC33EP128MC503"," Future Product "," Call for pricing"," 16"," Flash"," 128"," 42"," Yes"," 0"," 16384"," 25"," 36"," 70"," 70"," 7.37 MHz, 32 kHz "," 6"," 6"," 2 -UART    2 -SPI    2 -I2C   "," 0 - 8-bit   5 - 16-bit    2 - 32-bit  "," -40 to 125"," 3V - 3.6V"," Please call for package information"
"  dsPIC33EP128MC504"," In Production "," $3.01"," 16"," Flash"," 128"," 42"," Yes"," 0"," 16384"," 35"," 44"," 70"," 70"," 7.37 MHz, 32 kHz "," 9"," 9"," 2 -UART    2 -SPI    2 -I2C   "," 0 - 8-bit   5 - 16-bit    2 - 32-bit  "," -40 to 125"," 3V - 3.6V"," 44/QFN 44/TQFP 44/VLAP"
"  dsPIC33EP128MC506"," In Production "," $3.15"," 16"," Flash"," 128"," 42"," Yes"," 0"," 16384"," 53"," 64"," 70"," 70"," 7.37 MHz, 32 kHz "," 16"," 16"," 2 -UART    2 -SPI    2 -I2C   "," 0 - 8-bit   5 - 16-bit    2 - 32-bit  "," -40 to 125"," 3V - 3.6V"," 64/QFN 64/TQFP"
"  dsPIC33EP256GP502"," In Production "," $3.32"," 16"," Flash"," 256"," 84"," Yes"," 0"," 32768"," 21"," 28"," 70"," 70"," 7.37 MHz, 32 kHz "," 6"," 6"," 2 -UART    2 -SPI    2 -I2C   "," 0 - 8-bit   5 - 16-bit    2 - 32-bit  "," -40 to 125"," 3V - 3.6V"," 28/QFN-S 28/SOIC 300mil 28/SPDIP 28/SSOP 208mil"
"  dsPIC33EP256GP503"," Future Product "," Call for pricing"," 16"," Flash"," 256"," 84"," Yes"," 0"," 32768"," 25"," 36"," 70"," 70"," 7.37 MHz, 32 kHz "," 6"," 6"," 2 -UART    2 -SPI    2 -I2C   "," 0 - 8-bit   5 - 16-bit    2 - 32-bit  "," -40 to 125"," 3V - 3.6V"," Please call for package information"
"  dsPIC33EP256GP504"," In Production "," $3.49"," 16"," Flash"," 256"," 84"," Yes"," 0"," 32768"," 35"," 44"," 70"," 70"," 7.37 MHz, 32 kHz "," 9"," 9"," 2 -UART    2 -SPI    2 -I2C   "," 0 - 8-bit   5 - 16-bit    2 - 32-bit  "," -40 to 125"," 3V - 3.6V"," 44/QFN 44/TQFP 44/VLAP"
"  dsPIC33EP256GP506"," In Production "," $3.63"," 16"," Flash"," 256"," 84"," Yes"," 0"," 32768"," 53"," 64"," 70"," 70"," 7.37 MHz, 32 kHz "," 16"," 16"," 2 -UART    2 -SPI    2 -I2C   "," 0 - 8-bit   5 - 16-bit    2 - 32-bit  "," -40 to 125"," 3V - 3.6V"," 64/QFN 64/TQFP"
"  dsPIC33EP256MC202"," In Production "," $3.11"," 16"," Flash"," 256"," 84"," Yes"," 0"," 32768"," 21"," 28"," 70"," 70"," 7.37 MHz, 32 kHz "," 6"," 6"," 2 -UART    2 -SPI    2 -I2C   "," 0 - 8-bit   5 - 16-bit    2 - 32-bit  "," -40 to 125"," 3V - 3.6V"," 28/QFN-S 28/SOIC 300mil 28/SPDIP 28/SSOP 208mil"
"  dsPIC33EP256MC203"," Future Product "," Call for pricing"," 16"," Flash"," 256"," 84"," Yes"," 0"," 32768"," 25"," 36"," 70"," 70"," 7.37 MHz, 32 kHz "," 6"," 6"," 2 -UART    2 -SPI    2 -I2C   "," 0 - 8-bit   5 - 16-bit    2 - 32-bit  "," -40 to 125"," 3V - 3.6V"," Please call for package information"
"  dsPIC33EP256MC204"," In Production "," $3.28"," 16"," Flash"," 256"," 84"," Yes"," 0"," 32768"," 35"," 44"," 70"," 70"," 7.37 MHz, 32 kHz "," 9"," 9"," 2 -UART    2 -SPI    2 -I2C   "," 0 - 8-bit   5 - 16-bit    2 - 32-bit  "," -40 to 125"," 3V - 3.6V"," 44/QFN 44/TQFP 44/VLAP"
"  dsPIC33EP256MC206"," In Production "," $3.42"," 16"," Flash"," 256"," 84"," Yes"," 0"," 32768"," 53"," 64"," 70"," 70"," 7.37 MHz, 32 kHz "," 16"," 16"," 2 -UART    2 -SPI    2 -I2C   "," 0 - 8-bit   5 - 16-bit    2 - 32-bit  "," -40 to 125"," 3V - 3.6V"," 64/QFN 64/TQFP"
"  dsPIC33EP256MC502"," In Production "," $3.32"," 16"," Flash"," 256"," 84"," Yes"," 0"," 32768"," 21"," 28"," 70"," 70"," 7.37 MHz, 32 kHz "," 6"," 6"," 2 -UART    2 -SPI    2 -I2C   "," 0 - 8-bit   5 - 16-bit    2 - 32-bit  "," -40 to 125"," 3V - 3.6V"," 28/QFN-S 28/SOIC 300mil 28/SPDIP 28/SSOP 208mil"
"  dsPIC33EP256MC503"," Future Product "," Call for pricing"," 16"," Flash"," 256"," 84"," Yes"," 0"," 32768"," 25"," 36"," 70"," 70"," 7.37 MHz, 32 kHz "," 6"," 6"," 2 -UART    2 -SPI    2 -I2C   "," 0 - 8-bit   5 - 16-bit    2 - 32-bit  "," -40 to 125"," 3V - 3.6V"," Please call for package information"
"  dsPIC33EP256MC504"," In Production "," $3.49"," 16"," Flash"," 256"," 84"," Yes"," 0"," 32768"," 35"," 44"," 70"," 70"," 7.37 MHz, 32 kHz "," 9"," 9"," 2 -UART    2 -SPI    2 -I2C   "," 0 - 8-bit   5 - 16-bit    2 - 32-bit  "," -40 to 125"," 3V - 3.6V"," 44/QFN 44/TQFP 44/VLAP"
"  dsPIC33EP256MC506"," In Production "," $3.63"," 16"," Flash"," 256"," 84"," Yes"," 0"," 32768"," 53"," 64"," 70"," 70"," 7.37 MHz, 32 kHz "," 16"," 16"," 2 -UART    2 -SPI    2 -I2C   "," 0 - 8-bit   5 - 16-bit    2 - 32-bit  "," -40 to 125"," 3V - 3.6V"," 64/QFN 64/TQFP"
"  dsPIC33EP256MU806"," In Production "," $5.22"," 16"," Flash"," 256"," 128"," Yes"," 0"," 28672"," 53"," 64"," 70"," 70"," 7.37 MHz, 32 kHz "," 24","  "," 4 -UART    4 -SPI    2 -I2C   "," 0 - 8-bit   9 - 16-bit    4 - 32-bit  "," -40 to 125"," 3V - 3.6V"," 64/QFN 64/TQFP"
"  dsPIC33EP256MU810"," In Production "," $5.70"," 16"," Flash"," 256"," 128"," Yes"," 0"," 28672"," 83"," 100"," 70"," 70"," 7.37 MHz, 32 kHz "," 32","  "," 4 -UART    0 -A/E/USART    4 -SPI    2 -I2C   "," 0 - 8-bit   9 - 16-bit    4 - 32-bit  "," -40 to 125"," 3V - 3.6V"," 100/TQFP 121/XBGA"
"  dsPIC33EP256MU814"," In Production "," $6.31"," 16"," Flash"," 256"," 128"," Yes"," 0"," 28672"," 122"," 144"," 70"," 70"," 7.37 MHz, 32 kHz "," 32","  "," 4 -UART    4 -SPI    2 -I2C   "," 0 - 8-bit   9 - 16-bit    4 - 32-bit  "," -40 to 125"," 3V - 3.6V"," 144/LQFP 144/TQFP"
"  dsPIC33EP32GP502"," In Production "," $2.07"," 16"," Flash"," 32"," 10"," Yes"," 0"," 4096"," 21"," 28"," 70"," 70"," 7.37 MHz, 32 kHz "," 6"," 6"," 2 -UART    2 -SPI    2 -I2C   "," 0 - 8-bit   5 - 16-bit    2 - 32-bit  "," -40 to 125"," 3V - 3.6V"," 28/QFN-S 28/SOIC 300mil 28/SPDIP 28/SSOP 208mil"
"  dsPIC33EP32GP503"," In Production "," $2.24"," 16"," Flash"," 32"," 10"," Yes"," 0"," 4096"," 25"," 36"," 70"," 70"," 7.37 MHz, 32 kHz "," 8"," 8"," 2 -UART    2 -SPI    2 -I2C   "," 0 - 8-bit   5 - 16-bit    2 - 32-bit  "," -40 to 125"," 3V - 3.6V"," 36/VTLA"
"  dsPIC33EP32GP504"," In Production "," $2.24"," 16"," Flash"," 32"," 10"," Yes"," 0"," 4096"," 35"," 44"," 70"," 70"," 7.37 MHz, 32 kHz "," 9"," 9"," 2 -UART    2 -SPI    2 -I2C   "," 0 - 8-bit   5 - 16-bit    2 - 32-bit  "," -40 to 125"," 3V - 3.6V"," 44/QFN 44/TQFP 44/VLAP"
"  dsPIC33EP32MC202"," In Production "," $1.86"," 16"," Flash"," 32"," 10"," Yes"," 0"," 4096"," 21"," 28"," 70"," 70"," 7.37 MHz, 32 kHz "," 6"," 6"," 2 -UART    2 -SPI    2 -I2C   "," 0 - 8-bit   5 - 16-bit    2 - 32-bit  "," -40 to 125"," 3V - 3.6V"," 28/QFN-S 28/SOIC 300mil 28/SPDIP 28/SSOP 208mil"
"  dsPIC33EP32MC203"," In Production "," $2.03"," 16"," Flash"," 32"," 10"," Yes"," 0"," 4096"," 25"," 36"," 70"," 70"," 7.37 MHz, 32 kHz "," 8"," 8"," 2 -UART    2 -SPI    2 -I2C   "," 0 - 8-bit   5 - 16-bit    2 - 32-bit  "," -40 to 125"," 3V - 3.6V"," 36/VTLA"
"  dsPIC33EP32MC204"," In Production "," $2.03"," 16"," Flash"," 32"," 10"," Yes"," 0"," 4096"," 35"," 44"," 70"," 70"," 7.37 MHz, 32 kHz "," 9"," 9"," 2 -UART    2 -SPI    2 -I2C   "," 0 - 8-bit   5 - 16-bit    2 - 32-bit  "," -40 to 125"," 3V - 3.6V"," 44/QFN 44/TQFP 44/VLAP"
"  dsPIC33EP32MC502"," In Production "," $2.07"," 16"," Flash"," 32"," 10"," Yes"," 0"," 4096"," 21"," 28"," 70"," 70"," 7.37 MHz, 32 kHz "," 6"," 6"," 2 -UART    2 -SPI    2 -I2C   "," 0 - 8-bit   5 - 16-bit    2 - 32-bit  "," -40 to 125"," 3V - 3.6V"," 28/QFN-S 28/SOIC 300mil 28/SPDIP 28/SSOP 208mil"
"  dsPIC33EP32MC503"," In Production "," $2.24"," 16"," Flash"," 32"," 10"," Yes"," 0"," 4096"," 25"," 36"," 70"," 70"," 7.37 MHz, 32 kHz "," 8"," 8"," 2 -UART    2 -SPI    2 -I2C   "," 0 - 8-bit   5 - 16-bit    2 - 32-bit  "," -40 to 125"," 3V - 3.6V"," 36/VTLA"
"  dsPIC33EP32MC504"," In Production "," $2.24"," 16"," Flash"," 32"," 10"," Yes"," 0"," 4096"," 35"," 44"," 70"," 70"," 7.37 MHz, 32 kHz "," 9"," 9"," 2 -UART    2 -SPI    2 -I2C   "," 0 - 8-bit   5 - 16-bit    2 - 32-bit  "," -40 to 125"," 3V - 3.6V"," 44/QFN 44/TQFP 44/VLAP"
"  dsPIC33EP512GP806"," In Production "," $5.60"," 16"," Flash"," 512"," 256"," Yes"," 0"," 53248"," 53"," 64"," 70"," 70"," 7.37 MHz, 32 kHz "," 24","  "," 4 -UART    4 -SPI    2 -I2C   "," 9 - 16-bit    4 - 32-bit  "," -40 to 125"," 3V - 3.6V"," 64/QFN 64/TQFP"
"  dsPIC33EP512MC806"," In Production "," $5.60"," 16"," Flash"," 512"," 256"," Yes"," 0"," 53248"," 53"," 64"," 70"," 70"," 7.37 MHz, 32 kHz "," 24","  "," 4 -UART    4 -SPI    2 -I2C   "," 9 - 16-bit    4 - 32-bit  "," -45 to 125"," 3V - 3.6V"," 64/QFN 64/TQFP"
"  dsPIC33EP512MU810"," In Production "," $6.37"," 16"," Flash"," 512"," 256"," Yes"," 0"," 53248"," 83"," 100"," 70"," 70"," 7.37 MHz, 32 kHz "," 32","  "," 4 -UART    4 -SPI    2 -I2C   "," 0 - 8-bit   9 - 16-bit    4 - 32-bit  "," -40 to 125"," 3V - 3.6V"," 100/TQFP 121/XBGA"
"  dsPIC33EP512MU814"," In Production "," $6.99"," 16"," Flash"," 512"," 256"," Yes"," 0"," 53248"," 122"," 144"," 70"," 70"," 7.37 MHz, 32 kHz "," 32","  "," 4 -UART    4 -SPI    2 -I2C   "," 0 - 8-bit   9 - 16-bit    4 - 32-bit  "," -40 to 125"," 3V - 3.6V"," 144/LQFP 144/TQFP"
"  dsPIC33EP64GP502"," In Production "," $2.63"," 16"," Flash"," 64"," 21"," Yes"," 0"," 8192"," 21"," 28"," 70"," 70"," 7.37 MHz, 32 kHz "," 6"," 6"," 2 -UART    2 -SPI    2 -I2C   "," 0 - 8-bit   5 - 16-bit    2 - 32-bit  "," -40 to 125"," 3V - 3.6V"," 28/QFN-S 28/SOIC 300mil 28/SPDIP 28/SSOP 208mil"
"  dsPIC33EP64GP503"," In Production "," $2.80"," 16"," Flash"," 64"," 21"," Yes"," 0"," 8192"," 25"," 36"," 70"," 70"," 7.37 MHz, 32 kHz "," 8"," 8"," 2 -UART    2 -SPI    2 -I2C   "," 0 - 8-bit   5 - 16-bit    2 - 32-bit  "," -40 to 125"," 3V - 3.6V"," 36/VTLA"
"  dsPIC33EP64GP504"," In Production "," $2.80"," 16"," Flash"," 64"," 21"," Yes"," 0"," 8192"," 35"," 44"," 70"," 70"," 7.37 MHz, 32 kHz "," 9"," 9"," 2 -UART    2 -SPI    2 -I2C   "," 0 - 8-bit   5 - 16-bit    2 - 32-bit  "," -40 to 125"," 3V - 3.6V"," 44/QFN 44/TQFP 44/VLAP"
"  dsPIC33EP64GP506"," In Production "," $2.94"," 16"," Flash"," 64"," 21"," Yes"," 0"," 8192"," 53"," 64"," 70"," 70"," 7.37 MHz, 32 kHz "," 16"," 16"," 2 -UART    2 -SPI    2 -I2C   "," 0 - 8-bit   5 - 16-bit    2 - 32-bit  "," -40 to 125"," 3V - 3.6V"," 64/QFN 64/TQFP"
"  dsPIC33EP64MC202"," In Production "," $2.42"," 16"," Flash"," 64"," 21"," Yes"," 0"," 8192"," 21"," 28"," 70"," 70"," 7.37 MHz, 32 kHz "," 6"," 6"," 2 -UART    2 -SPI    2 -I2C   "," 0 - 8-bit   5 - 16-bit    2 - 32-bit  "," -40 to 125"," 3V - 3.6V"," 28/QFN-S 28/SOIC 300mil 28/SPDIP 28/SSOP 208mil"
"  dsPIC33EP64MC203"," In Production "," $2.59"," 16"," Flash"," 64"," 21"," Yes"," 0"," 8192"," 25"," 36"," 70"," 70"," 7.37 MHz, 32 kHz "," 8"," 8"," 2 -UART    2 -SPI    2 -I2C   "," 0 - 8-bit   5 - 16-bit    2 - 32-bit  "," -40 to 125"," 3V - 3.6V"," 36/VTLA"
"  dsPIC33EP64MC204"," In Production "," $2.59"," 16"," Flash"," 64"," 21"," Yes"," 0"," 8192"," 35"," 44"," 70"," 70"," 7.37 MHz, 32 kHz "," 9"," 9"," 2 -UART    2 -SPI    2 -I2C   "," 0 - 8-bit   5 - 16-bit    2 - 32-bit  "," -40 to 125"," 3V - 3.6V"," 44/QFN 44/TQFP 44/VLAP"
"  dsPIC33EP64MC206"," In Production "," $2.73"," 16"," Flash"," 64"," 21"," Yes"," 0"," 8192"," 53"," 64"," 70"," 70"," 7.37 MHz, 32 kHz "," 16"," 16"," 2 -UART    2 -SPI    2 -I2C   "," 0 - 8-bit   5 - 16-bit    2 - 32-bit  "," -40 to 125"," 3V - 3.6V"," 64/QFN 64/TQFP"
"  dsPIC33EP64MC502"," In Production "," $2.63"," 16"," Flash"," 64"," 21"," Yes"," 0"," 8192"," 21"," 28"," 70"," 70"," 7.37 MHz, 32 kHz "," 6"," 6"," 2 -UART    2 -SPI    2 -I2C   "," 0 - 8-bit   5 - 16-bit    2 - 32-bit  "," -40 to 125"," 3V - 3.6V"," 28/QFN-S 28/SOIC 300mil 28/SPDIP 28/SSOP 208mil"
"  dsPIC33EP64MC503"," In Production "," $2.80"," 16"," Flash"," 64"," 21"," Yes"," 0"," 8192"," 25"," 36"," 70"," 70"," 7.37 MHz, 32 kHz "," 8"," 8"," 2 -UART    2 -SPI    2 -I2C   "," 0 - 8-bit   5 - 16-bit    2 - 32-bit  "," -40 to 125"," 3V - 3.6V"," 36/VTLA"
"  dsPIC33EP64MC504"," In Production "," $2.80"," 16"," Flash"," 64"," 21"," Yes"," 0"," 8192"," 35"," 44"," 70"," 70"," 7.37 MHz, 32 kHz "," 9"," 9"," 2 -UART    2 -SPI    2 -I2C   "," 0 - 8-bit   5 - 16-bit    2 - 32-bit  "," -40 to 125"," 3V - 3.6V"," 44/QFN 44/TQFP 44/VLAP"
"  dsPIC33EP64MC506"," In Production "," $2.94"," 16"," Flash"," 64"," 21"," Yes"," 0"," 8192"," 53"," 64"," 70"," 70"," 7.37 MHz, 32 kHz "," 16"," 16"," 2 -UART    2 -SPI    2 -I2C   "," 0 - 8-bit   5 - 16-bit    2 - 32-bit  "," -40 to 125"," 3V - 3.6V"," 64/QFN 64/TQFP"
"  dsPIC33FJ06GS001"," In Production "," $1.61"," 16"," Flash"," 6"," 2"," Yes"," 0"," 256"," 13"," 18"," 120"," 40"," 7.37 MHz, 32 kHz "," 6","  "," 1 -UART    1 -SPI    1 -I2C   "," 0 - 8-bit   2 - 16-bit    0 - 32-bit  "," -40 to 125"," 3V - 3.6V"," 18/PDIP 18/SOIC 300mil 20/SSOP 208mil"
"  dsPIC33FJ06GS101"," In Production "," $1.96"," 16"," Flash"," 6"," 2"," Yes"," 0"," 256"," 13"," 18"," 120"," 40"," 7.37 MHz, 32 kHz "," 6","  "," 1 -UART    1 -SPI    1 -I2C   "," 0 - 8-bit   2 - 16-bit    0 - 32-bit  "," -40 to 125"," 3V - 3.6V"," 18/SOIC 300mil"
"  dsPIC33FJ06GS101A"," Samples Available "," $1.75"," 16"," Flash"," 6"," 2"," Yes"," 0"," 256"," 13"," 18"," 120"," 40"," 7.37 MHz, 32 kHz "," 6","  "," 1 -UART    1 -SPI    1 -I2C   "," 0 - 8-bit   2 - 16-bit    0 - 32-bit  "," -40 to 125"," 3V - 3.6V"," 18/PDIP 18/SOIC 300mil 20/SSOP 208mil"
"  dsPIC33FJ06GS102"," In Production "," $2.20"," 16"," Flash"," 6"," 2"," Yes"," 0"," 256"," 21"," 28"," 120"," 40"," 7.37 MHz, 32 kHz "," 6","  "," 1 -UART    1 -SPI    1 -I2C   "," 0 - 8-bit   2 - 16-bit    0 - 32-bit  "," -40 to 125"," 3V - 3.6V"," 28/QFN-S 28/SOIC 300mil 28/SPDIP"
"  dsPIC33FJ06GS102A"," In Production "," $1.95"," 16"," Flash"," 6"," 2"," Yes"," 0"," 256"," 21"," 28"," 120"," 40"," 7.37 MHz, 32 kHz "," 6","  "," 1 -UART    1 -SPI    1 -I2C   "," 0 - 8-bit   2 - 16-bit    0 - 32-bit  "," -40 to 125"," 3V - 3.6V"," 28/QFN-S 28/SOIC 300mil 28/SPDIP 28/SSOP 208mil 36/VTLA"
"  dsPIC33FJ06GS202"," In Production "," $2.38"," 16"," Flash"," 6"," 2"," Yes"," 0"," 1028"," 21"," 28"," 120"," 40"," 7.37 MHz, 32 kHz "," 6","  "," 1 -UART    1 -SPI    1 -I2C   "," 0 - 8-bit   2 - 16-bit    0 - 32-bit  "," -40 to 125"," 3V - 3.6V"," 28/QFN-S 28/SOIC 300mil 28/SPDIP"
"  dsPIC33FJ06GS202A"," In Production "," $2.06"," 16"," Flash"," 6"," 2"," Yes"," 0"," 1024"," 21"," 28"," 120"," 40"," 7.37 MHz, 32 kHz "," 6","  "," 1 -UART    1 -SPI    1 -I2C   "," 0 - 8-bit   2 - 16-bit    0 - 32-bit  "," -40 to 125"," 3V - 3.6V"," 28/QFN-S 28/SOIC 300mil 28/SPDIP 28/SSOP 208mil 36/VTLA"
"  dsPIC33FJ09GS302"," In Production "," $2.17"," 16"," Flash"," 9"," 3"," Yes"," 0"," 1024"," 21"," 28"," 120"," 40"," 7.37 MHz, 32 kHz "," 8","  "," 1 -UART    1 -SPI    1 -I2C   "," 0 - 8-bit   2 - 16-bit    0 - 32-bit  "," -40 to 125"," 3V - 3.6V"," 28/QFN-S 28/SOIC 300mil 28/SPDIP 28/SSOP 208mil 36/VTLA"
"  dsPIC33FJ128GP202"," In Production "," $3.44"," 16"," Flash"," 128"," 43"," Yes"," 0"," 8192"," 21"," 28"," 80"," 40"," 7.37 MHz, 512 kHz "," 10","  "," 2 -UART    0 -A/E/USART    2 -SPI    1 -I2C   "," 0 - 8-bit   5 - 16-bit    2 - 32-bit  "," -40 to 125"," 3V - 3.6V"," 28/QFN-S 28/SOIC 300mil 28/SPDIP"
"  dsPIC33FJ128GP204"," In Production "," $3.58"," 16"," Flash"," 128"," 43"," Yes"," 0"," 8192"," 35"," 44"," 80"," 40"," 7.37 MHz, 512 kHz "," 13","  "," 2 -UART    0 -A/E/USART    2 -SPI    1 -I2C   "," 0 - 8-bit   5 - 16-bit    2 - 32-bit  "," -40 to 125"," 3V - 3.6V"," 44/QFN 44/TQFP"
"  dsPIC33FJ128GP206A"," In Production "," $3.63"," 16"," Flash"," 128"," 43"," Yes"," 0"," 8192"," 53"," 64"," 80"," 40"," 7.37 MHz, 512 kHz "," 18","  "," 2 -UART    2 -SPI    1 -I2C   "," 0 - 8-bit   9 - 16-bit    4 - 32-bit  "," -40 to 125"," 3V - 3.6V"," 64/QFN 64/TQFP"
"  dsPIC33FJ128GP306A"," In Production "," $3.79"," 16"," Flash"," 128"," 43"," Yes"," 0"," 16384"," 53"," 64"," 80"," 40"," 7.37 MHz, 512 kHz "," 18","  "," 2 -UART    2 -SPI    2 -I2C   "," 0 - 8-bit   9 - 16-bit    4 - 32-bit  "," -40 to 125"," 3V - 3.6V"," 64/QFN 64/TQFP"
"  dsPIC33FJ128GP310A"," In Production "," $4.26"," 16"," Flash"," 128"," 43"," Yes"," 0"," 16384"," 85"," 100"," 80"," 40"," 7.37 MHz, 512 kHz "," 32","  "," 2 -UART    2 -SPI    2 -I2C   "," 0 - 8-bit   9 - 16-bit    4 - 32-bit  "," -40 to 125"," 3V - 3.6V"," 100/TQFP"
"  dsPIC33FJ128GP706A"," In Production "," $4.40"," 16"," Flash"," 128"," 43"," Yes"," 0"," 16384"," 53"," 64"," 80"," 40"," 7.37 MHz, 512 kHz "," 18","  "," 2 -UART    2 -SPI    2 -I2C   "," 0 - 8-bit   9 - 16-bit    4 - 32-bit  "," -40 to 150"," 3V - 3.6V"," 64/QFN 64/TQFP"
"  dsPIC33FJ128GP708A"," In Production "," $4.69"," 16"," Flash"," 128"," 43"," Yes"," 0"," 16384"," 69"," 80"," 80"," 40"," 7.37 MHz, 512 kHz "," 24","  "," 2 -UART    2 -SPI    2 -I2C   "," 0 - 8-bit   9 - 16-bit    4 - 32-bit  "," -40 to 125"," 3V - 3.6V"," 80/TQFP"
"  dsPIC33FJ128GP710A"," In Production "," $4.86"," 16"," Flash"," 128"," 43"," Yes"," 0"," 16384"," 85"," 100"," 80"," 40"," 7.37 MHz, 512 kHz "," 32","  "," 2 -UART    2 -SPI    2 -I2C   "," 0 - 8-bit   9 - 16-bit    4 - 32-bit  "," -40 to 150"," 3V - 3.6V"," 100/TQFP"
"  dsPIC33FJ128GP802"," In Production "," $3.72"," 16"," Flash"," 128"," 43"," Yes"," 0"," 16384"," 21"," 28"," 80"," 40"," 7.37 MHz, 512 kHz "," 10","  "," 2 -UART    0 -A/E/USART    2 -SPI    1 -I2C   "," 0 - 8-bit   5 - 16-bit    2 - 32-bit  "," -40 to 125"," 3V - 3.6V"," 28/QFN-S 28/SOIC 300mil 28/SPDIP"
"  dsPIC33FJ128GP804"," In Production "," $3.96"," 16"," Flash"," 128"," 43"," Yes"," 0"," 16384"," 35"," 44"," 80"," 40"," 7.37 MHz, 512 kHz "," 13","  "," 2 -UART    0 -A/E/USART    2 -SPI    1 -I2C   "," 0 - 8-bit   5 - 16-bit    2 - 32-bit  "," -40 to 150"," 3V - 3.6V"," 44/QFN 44/TQFP"
"  dsPIC33FJ128MC202"," In Production "," $3.57"," 16"," Flash"," 128"," 43"," Yes"," 0"," 8192"," 21"," 28"," 80"," 40"," 7.37 MHz, 512 kHz "," 6","  "," 2 -UART    0 -A/E/USART    2 -SPI    1 -I2C   "," 0 - 8-bit   5 - 16-bit    2 - 32-bit  "," -40 to 125"," 3V - 3.6V"," 28/QFN-S 28/SOIC 300mil 28/SPDIP"
"  dsPIC33FJ128MC204"," In Production "," $3.68"," 16"," Flash"," 128"," 43"," Yes"," 0"," 8192"," 35"," 44"," 80"," 40"," 7.37 MHz, 512 kHz "," 9","  "," 2 -UART    0 -A/E/USART    2 -SPI    1 -I2C   "," 0 - 8-bit   5 - 16-bit    2 - 32-bit  "," -40 to 125"," 3V - 3.6V"," 44/QFN 44/TQFP"
"  dsPIC33FJ128MC506A"," In Production "," $4.10"," 16"," Flash"," 128"," 43"," Yes"," 0"," 8192"," 53"," 64"," 80"," 40"," 7.37 MHz, 512 kHz "," 16","  "," 2 -UART    2 -SPI    2 -I2C   "," 0 - 8-bit   9 - 16-bit    4 - 32-bit  "," -40 to 150"," 3V - 3.6V"," 64/QFN 64/TQFP"
"  dsPIC33FJ128MC510A"," In Production "," $4.59"," 16"," Flash"," 128"," 43"," Yes"," 0"," 8192"," 85"," 100"," 80"," 40"," 7.37 MHz, 512 kHz "," 24","  "," 2 -UART    2 -SPI    2 -I2C   "," 0 - 8-bit   9 - 16-bit    4 - 32-bit  "," -40 to 125"," 3V - 3.6V"," 100/TQFP"
"  dsPIC33FJ128MC706A"," In Production "," $4.49"," 16"," Flash"," 128"," 43"," Yes"," 0"," 16384"," 53"," 64"," 80"," 40"," 7.37 MHz, 512 kHz "," 16","  "," 2 -UART    2 -SPI    2 -I2C   "," 0 - 8-bit   9 - 16-bit    4 - 32-bit  "," -40 to 150"," 3V - 3.3V"," 64/QFN 64/TQFP"
"  dsPIC33FJ128MC708A"," In Production "," $5.00"," 16"," Flash"," 128"," 43"," Yes"," 0"," 16384"," 69"," 80"," 80"," 40"," 7.37 MHz, 512 kHz "," 18","  "," 2 -UART    2 -SPI    2 -I2C   "," 0 - 8-bit   9 - 16-bit    4 - 32-bit  "," -40 to 125"," 3V - 3.6V"," 80/TQFP"
"  dsPIC33FJ128MC710A"," In Production "," $5.18"," 16"," Flash"," 128"," 43"," Yes"," 0"," 16384"," 85"," 100"," 80"," 40"," 7.37 MHz, 512 kHz "," 24","  "," 2 -UART    2 -SPI    2 -I2C   "," 0 - 8-bit   9 - 16-bit    4 - 32-bit  "," -40 to 150"," 3V - 3.6V"," 100/TQFP"
"  dsPIC33FJ128MC802"," In Production "," $3.82"," 16"," Flash"," 128"," 43"," Yes"," 0"," 16384"," 21"," 28"," 80"," 40"," 7.37 MHz, 512 kHz "," 6","  "," 2 -UART    0 -A/E/USART    2 -SPI    1 -I2C   "," 0 - 8-bit   5 - 16-bit    2 - 32-bit  "," -40 to 150"," 3V - 3.6V"," 28/QFN-S 28/SOIC 300mil 28/SPDIP"
"  dsPIC33FJ128MC804"," In Production "," $4.23"," 16"," Flash"," 128"," 43"," Yes"," 0"," 16384"," 35"," 44"," 80"," 40"," 7.37 MHz, 512 kHz "," 9","  "," 2 -UART    0 -A/E/USART    2 -SPI    1 -I2C   "," 0 - 8-bit   5 - 16-bit    2 - 32-bit  "," -40 to 150"," 3V - 3.6V"," 44/QFN 44/TQFP"
"  dsPIC33FJ12GP201"," In Production "," $2.09"," 16"," Flash"," 12"," 4"," Yes"," 0"," 1024"," 13"," 18"," 80"," 40"," 7.37 MHz, 512 kHz "," 6","  "," 1 -UART    0 -A/E/USART    1 -SPI    1 -I2C    0 -MSSP(SPI/I2C)   "," 3 - 16-bit    1 - 32-bit  "," -40 to 125"," 3V - 3.6V"," 18/PDIP 18/SOIC 300mil"
"  dsPIC33FJ12GP202"," In Production "," $2.24"," 16"," Flash"," 12"," 4"," Yes"," 0"," 1024"," 21"," 28"," 80"," 40"," 7.37 MHz, 512 kHz "," 10","  "," 1 -UART    0 -A/E/USART    1 -SPI    1 -I2C   "," 0 - 8-bit   3 - 16-bit    1 - 32-bit  "," -40 to 125"," 3V - 3.6V"," 28/QFN 28/SOIC 300mil 28/SPDIP 28/SSOP 208mil"
"  dsPIC33FJ12MC201"," In Production "," $2.09"," 16"," Flash"," 12"," 4"," Yes"," 0"," 1024"," 15"," 20"," 80"," 40"," 7.37 MHz, 512 kHz "," 4","  "," 1 -UART    0 -A/E/USART    1 -SPI    1 -I2C   "," 0 - 8-bit   3 - 16-bit    1 - 32-bit  "," -40 to 125"," 3V - 3.6V"," 20/PDIP 20/SOIC 300mil 20/SSOP 208mil"
"  dsPIC33FJ12MC202"," In Production "," $2.31"," 16"," Flash"," 12"," 4"," Yes"," 0"," 1024"," 21"," 28"," 80"," 40"," 7.37 MHz, 512 kHz "," 6","  "," 1 -UART    0 -A/E/USART    1 -SPI    1 -I2C   "," 0 - 8-bit   3 - 16-bit    1 - 32-bit  "," -40 to 125"," 3V - 3.6V"," 28/QFN 28/SOIC 300mil 28/SPDIP 28/SSOP 208mil"
"  dsPIC33FJ16GP101"," In Production "," $1.57"," 16"," Flash"," 16"," 8"," Yes"," 0"," 1024"," 13"," 18"," 40"," 16"," 7.37 MHz, 32 kHz "," 4","  "," 1 -UART    1 -SPI    1 -I2C   "," 0 - 8-bit   3 - 16-bit    1 - 32-bit  "," -40 to 125"," 3V - 3.6V"," 18/PDIP 18/SOIC 300mil 20/SSOP 208mil"
"  dsPIC33FJ16GP102"," In Production "," $1.68"," 16"," Flash"," 16"," 8"," Yes"," 0"," 1024"," 21"," 28"," 40"," 16"," 7.37 MHz, 32 kHz "," 6","  "," 1 -UART    1 -SPI    1 -I2C   "," 0 - 8-bit   3 - 16-bit    1 - 32-bit  "," -40 to 125"," 3V - 3.6V"," 28/QFN 28/SOIC 300mil 28/SPDIP 28/SSOP 208mil"
"  dsPIC33FJ16GP304"," In Production "," $2.58"," 16"," Flash"," 16"," 5.3"," Yes"," 0"," 2048"," 35"," 44"," 80"," 40","  "," 13","  "," 1 -UART    1 -SPI    1 -I2C   "," 0 - 8-bit   3 - 16-bit    1 - 32-bit  "," -40 to 125"," 3V - 3.6V"," 44/QFN 44/TQFP"
"  dsPIC33FJ16GS402"," In Production "," $2.52"," 16"," Flash"," 16"," 5"," Yes"," 0"," 2048"," 21"," 28"," 120"," 50"," 7.37 MHz, 32 kHz "," 8","  "," 1 -UART    1 -SPI    1 -I2C   "," 0 - 8-bit   3 - 16-bit    1 - 32-bit  "," -40 to 150"," 3V - 3.6V"," 28/QFN-S 28/SOIC 300mil 28/SPDIP"
"  dsPIC33FJ16GS404"," In Production "," $2.77"," 16"," Flash"," 16"," 5"," Yes"," 0"," 2048"," 35"," 44"," 120"," 50"," 7.37 MHz, 32 kHz "," 8","  "," 1 -UART    1 -SPI    1 -I2C   "," 0 - 8-bit   3 - 16-bit    1 - 32-bit  "," -40 to 150"," 3V - 3.6V"," 44/QFN 44/TQFP 44/VLAP"
"  dsPIC33FJ16GS502"," In Production "," $3.04"," 16"," Flash"," 16"," 5"," Yes"," 0"," 2048"," 21"," 28"," 120"," 50"," 7.37 MHz, 32 kHz "," 8","  "," 1 -UART    1 -SPI    1 -I2C   "," 0 - 8-bit   3 - 16-bit    1 - 32-bit  "," -40 to 150"," 3V - 3.6V"," 28/QFN-S 28/SOIC 300mil 28/SPDIP"
"  dsPIC33FJ16GS504"," In Production "," $3.42"," 16"," Flash"," 16"," 5"," Yes"," 0"," 2048"," 35"," 44"," 120"," 50"," 7.37 MHz, 32 kHz "," 12","  "," 1 -UART    1 -SPI    1 -I2C   "," 0 - 8-bit   3 - 16-bit    1 - 32-bit  "," -40 to 150"," 3V - 3.6V"," 44/QFN 44/TQFP 44/VLAP"
"  dsPIC33FJ16MC101"," In Production "," $1.57"," 16"," Flash"," 16"," 8"," Yes"," 0"," 1024"," 15"," 20"," 40"," 16"," 7.37 MHz, 32 kHz "," 4","  "," 1 -UART    1 -SPI    1 -I2C   "," 0 - 8-bit   3 - 16-bit    1 - 32-bit  "," -40 to 125"," 3V - 3.6V"," 20/PDIP 20/SOIC 300mil 20/SSOP 208mil"
"  dsPIC33FJ16MC102"," In Production "," $1.68"," 16"," Flash"," 16"," 8"," Yes"," 0"," 1024"," 21"," 28"," 40"," 16"," 7.37 MHz, 32 kHz "," 6","  "," 1 -UART    1 -SPI    1 -I2C   "," 0 - 8-bit   3 - 16-bit    1 - 32-bit  "," -40 to 125"," 3V - 3.6V"," 28/QFN 28/SOIC 300mil 28/SPDIP 28/SSOP 208mil"
"  dsPIC33FJ16MC304"," In Production "," $2.65"," 16"," Flash"," 16"," 5.3"," Yes"," 0"," 2048"," 35"," 44"," 80"," 40","  "," 9","  "," 1 -UART    1 -SPI    1 -I2C   "," 0 - 8-bit   3 - 16-bit    1 - 32-bit  "," -40 to 150"," 3V - 3.6V"," 44/QFN 44/TQFP"
"  dsPIC33FJ256GP506A"," In Production "," $4.20"," 16"," Flash"," 256"," 85"," Yes"," 0"," 16384"," 53"," 64"," 80"," 40"," 7.37 MHz, 512 kHz "," 18","  "," 2 -UART    2 -SPI    2 -I2C   "," 0 - 8-bit   9 - 16-bit    4 - 32-bit  "," -40 to 125"," 3V - 3.6V"," 48/CSP 64/QFN 64/TQFP"
"  dsPIC33FJ256GP510A"," In Production "," $4.66"," 16"," Flash"," 256"," 85"," Yes"," 0"," 16384"," 85"," 100"," 80"," 40"," 7.37 MHz, 512 kHz "," 32","  "," 2 -UART    2 -SPI    2 -I2C   "," 0 - 8-bit   9 - 16-bit    4 - 32-bit  "," -40 to 150"," 3V - 3.6V"," 100/TQFP"
"  dsPIC33FJ256GP710A"," In Production "," $5.32"," 16"," Flash"," 256"," 85"," Yes"," 0"," 30720"," 85"," 100"," 80"," 40"," 7.37 MHz, 512 kHz "," 32","  "," 2 -UART    2 -SPI    2 -I2C   "," 0 - 8-bit   9 - 16-bit    4 - 32-bit  "," -40 to 150"," 3V - 3.6V"," 100/TQFP"
"  dsPIC33FJ256MC510A"," In Production "," $4.97"," 16"," Flash"," 256"," 85"," Yes"," 0"," 16384"," 85"," 100"," 80"," 40"," 7.37 MHz, 512 kHz "," 24","  "," 2 -UART    2 -SPI    2 -I2C   "," 0 - 8-bit   9 - 16-bit    4 - 32-bit  "," -40 to 125"," 3V - 3.6V"," 100/TQFP"
"  dsPIC33FJ256MC710A"," In Production "," $5.67"," 16"," Flash"," 256"," 85"," Yes"," 0"," 30720"," 85"," 100"," 80"," 40"," 7.37 MHz, 512 kHz "," 24","  "," 2 -UART    2 -SPI    2 -I2C   "," 0 - 8-bit   9 - 16-bit    4 - 32-bit  "," -40 to 150"," 3V - 3.6V"," 100/TQFP"
"  dsPIC33FJ32GP101"," Samples Available "," $1.68"," 16"," Flash"," 32"," 8"," Yes"," 0"," 2048"," 13"," 18"," 40"," 16"," 7.37 MHz, 32 kHz "," 6","  "," 1 -UART    1 -SPI    1 -I2C   "," 0 - 8-bit   5 - 16-bit    2 - 32-bit  "," -40 to 125"," 3V - 3.6V"," 18/PDIP 18/SOIC 300mil 20/SSOP 208mil"
"  dsPIC33FJ32GP102"," Samples Available "," $1.76"," 16"," Flash"," 32"," 8"," Yes"," 0"," 2048"," 21"," 28"," 40"," 16"," 7.37 MHz, 32 kHz "," 8","  "," 1 -UART    1 -SPI    1 -I2C   "," 0 - 8-bit   5 - 16-bit    2 - 32-bit  "," -40 to 125"," 3V - 0.36V"," 28/QFN 28/SOIC 300mil 28/SPDIP 28/SSOP 208mil 36/VTLA"
"  dsPIC33FJ32GP104"," Future Product "," $2.02"," 16"," Flash"," 32"," 8"," Yes"," 0"," 2048"," 35"," 44"," 40"," 16"," 7.37 MHz, 32 kHz "," 14","  "," 1 -UART    1 -SPI    1 -I2C   "," 0 - 8-bit   5 - 16-bit    2 - 32-bit  "," -40 to 125"," 3V - 3.6V"," 44/QFN 44/TQFP 44/VLAP"
"  dsPIC33FJ32GP202"," In Production "," $2.53"," 16"," Flash"," 32"," 11"," Yes"," 0"," 2048"," 21"," 28"," 80"," 40"," 7.37 MHz, 512 kHz "," 10","  "," 1 -UART    0 -A/E/USART    1 -SPI    1 -I2C   "," 0 - 8-bit   3 - 16-bit    1 - 32-bit  "," -40 to 125"," 3V - 3.6V"," 28/QFN-S 28/SOIC 300mil 28/SPDIP 28/SSOP 208mil"
"  dsPIC33FJ32GP204"," In Production "," $2.66"," 16"," Flash"," 32"," 11"," Yes"," 0"," 2048"," 35"," 44"," 80"," 40"," 7.37 MHz, 512 kHz "," 13","  "," 1 -UART    0 -A/E/USART    1 -SPI    1 -I2C   "," 0 - 8-bit   3 - 16-bit    1 - 32-bit  "," -40 to 150"," 3V - 3.6V"," 44/QFN 44/TQFP"
"  dsPIC33FJ32GP302"," In Production "," $2.76"," 16"," Flash"," 32"," 11"," Yes"," 0"," 4096"," 21"," 28"," 80"," 40"," 7.37 MHz, 512 kHz "," 10","  "," 2 -UART    0 -A/E/USART    2 -SPI    1 -I2C   "," 0 - 8-bit   5 - 16-bit    2 - 32-bit  "," -40 to 125"," 3V - 3.6V"," 28/QFN-S 28/SOIC 300mil 28/SPDIP"
"  dsPIC33FJ32GP304"," In Production "," $3.01"," 16"," Flash"," 32"," 11"," Yes"," 0"," 4096"," 35"," 44"," 80"," 40"," 7.37 MHz, 512 kHz "," 13","  "," 2 -UART    0 -A/E/USART    2 -SPI    1 -I2C   "," 0 - 8-bit   5 - 16-bit    2 - 32-bit  "," -40 to 125"," 3V - 3.6V"," 44/QFN 44/TQFP"
"  dsPIC33FJ32GS406"," In Production "," $3.07"," 16"," Flash"," 32"," 11"," Yes"," 0"," 4096"," 53"," 64"," 120"," 50"," 7.37 MHz, 32 kHz "," 16","  "," 2 -UART    2 -SPI    2 -I2C   "," 0 - 8-bit   4 - 16-bit    1 - 32-bit  "," -40 to 125"," 3V - 3.6V"," 64/QFN 64/TQFP"
"  dsPIC33FJ32GS606"," In Production "," $3.36"," 16"," Flash"," 32"," 11"," Yes"," 0"," 4096"," 53"," 64"," 120"," 50"," 7.37 MHz, 32 kHz "," 16","  "," 2 -UART    2 -SPI    2 -I2C   "," 0 - 8-bit   4 - 16-bit    1 - 32-bit  "," -40 to 125"," 3V - 3.6V"," 64/QFN 64/TQFP"
"  dsPIC33FJ32GS608"," In Production "," $3.85"," 16"," Flash"," 32"," 11"," Yes"," 0"," 4096"," 69"," 80"," 120"," 50"," 7.37 MHz, 32 kHz "," 18","  "," 2 -UART    2 -SPI    2 -I2C   "," 0 - 8-bit   4 - 16-bit    1 - 32-bit  "," -40 to 125"," 3V - 3.6V"," 80/TQFP"
"  dsPIC33FJ32GS610"," In Production "," $4.41"," 16"," Flash"," 32"," 11"," Yes"," 0"," 4096"," 85"," 100"," 120"," 50"," 7.37 MHz, 32 kHz "," 24","  "," 2 -UART    2 -SPI    2 -I2C   "," 0 - 8-bit   4 - 16-bit    1 - 32-bit  "," -40 to 125"," 3V - 3.6V"," 100/TQFP"
"  dsPIC33FJ32MC101"," Samples Available "," $1.68"," 16"," Flash"," 32"," 8"," Yes"," 0"," 2048"," 15"," 20"," 40"," 16"," 7.37 MHz, 32 kHz "," 4","  "," 1 -UART    1 -SPI    1 -I2C   "," 0 - 8-bit   5 - 16-bit    2 - 32-bit  "," -40 to 125"," 3V - 3.6V"," 20/PDIP 20/SOIC 300mil 20/SSOP 208mil"
"  dsPIC33FJ32MC102"," Samples Available "," $1.76"," 16"," Flash"," 32"," 8"," Yes"," 0"," 2048"," 21"," 28"," 40"," 16"," 7.37 MHz, 32 kHz "," 8","  "," 1 -UART    1 -SPI    1 -I2C   "," 0 - 8-bit   5 - 16-bit    2 - 32-bit  "," -40 to 125"," 3V - 3.6V"," 28/QFN 28/SOIC 300mil 28/SPDIP 28/SSOP 208mil 36/VTLA"
"  dsPIC33FJ32MC104"," In Production "," $2.02"," 16"," Flash"," 32"," 8"," Yes"," 0"," 2048"," 35"," 44"," 40"," 16"," 8 MHz, 32 kHz "," 14","  "," 1 -UART    1 -SPI    1 -I2C   "," 0 - 8-bit   5 - 16-bit    2 - 32-bit  "," -40 to 125"," 3V - 3.6V"," 44/QFN 44/TQFP 44/VLAP"
"  dsPIC33FJ32MC202"," In Production "," $2.60"," 16"," Flash"," 32"," 11"," Yes"," 0"," 2048"," 21"," 28"," 80"," 40"," 7.37 MHz, 512 kHz "," 6","  "," 1 -UART    0 -A/E/USART    1 -SPI    1 -I2C   "," 0 - 8-bit   3 - 16-bit    1 - 32-bit  "," -40 to 150"," 3V - 3.6V"," 28/QFN-S 28/SOIC 300mil 28/SPDIP 28/SSOP 208mil"
"  dsPIC33FJ32MC204"," In Production "," $2.76"," 16"," Flash"," 32"," 11"," Yes"," 0"," 2048"," 35"," 44"," 80"," 40"," 7.37 MHz, 512 kHz "," 9","  "," 1 -UART    0 -A/E/USART    1 -SPI    1 -I2C   "," 0 - 8-bit   3 - 16-bit    1 - 32-bit  "," -40 to 150"," 3V - 3.6V"," 44/QFN 44/TQFP"
"  dsPIC33FJ32MC302"," In Production "," $2.87"," 16"," Flash"," 32"," 11"," Yes"," 0"," 4096"," 21"," 28"," 80"," 40"," 7.37 MHz, 512 kHz "," 6","  "," 2 -UART    0 -A/E/USART    2 -SPI    1 -I2C   "," 0 - 8-bit   5 - 16-bit    2 - 32-bit  "," -40 to 125"," 3V - 3.6V"," 28/QFN-S 28/SOIC 300mil 28/SPDIP"
"  dsPIC33FJ32MC304"," In Production "," $3.12"," 16"," Flash"," 32"," 11"," Yes"," 0"," 4096"," 35"," 44"," 80"," 40"," 7.37 MHz, 512 kHz "," 9","  "," 2 -UART    0 -A/E/USART    2 -SPI    1 -I2C   "," 0 - 8-bit   5 - 16-bit    2 - 32-bit  "," -40 to 125"," 3V - 3.6V"," 44/QFN 44/TQFP"
"  dsPIC33FJ64GP202"," In Production "," $3.12"," 16"," Flash"," 64"," 21"," Yes"," 0"," 8192"," 21"," 28"," 80"," 40"," 7.37 MHz, 512 kHz "," 10","  "," 2 -UART    0 -A/E/USART    2 -SPI    1 -I2C   "," 0 - 8-bit   5 - 16-bit    2 - 32-bit  "," -40 to 125"," 3V - 3.6V"," 28/QFN-S 28/SOIC 300mil 28/SPDIP"
"  dsPIC33FJ64GP204"," In Production "," $3.29"," 16"," Flash"," 64"," 21"," Yes"," 0"," 8192"," 35"," 44"," 80"," 40"," 7.37 MHz, 512 kHz "," 13","  "," 2 -UART    0 -A/E/USART    2 -SPI    1 -I2C   "," 0 - 8-bit   5 - 16-bit    2 - 32-bit  "," -40 to 125"," 3V - 3.6V"," 44/QFN 44/TQFP"
"  dsPIC33FJ64GP206A"," In Production "," $3.39"," 16"," Flash"," 64"," 21"," Yes"," 0"," 8192"," 53"," 64"," 80"," 40"," 7.37 MHz, 512 kHz "," 18","  "," 2 -UART    2 -SPI    1 -I2C   "," 0 - 8-bit   9 - 16-bit    4 - 32-bit  "," -40 to 125"," 3V - 3.6V"," 64/QFN 64/TQFP"
"  dsPIC33FJ64GP306A"," In Production "," $3.53"," 16"," Flash"," 64"," 21"," Yes"," 0"," 16384"," 53"," 64"," 80"," 40"," 7.37 MHz, 512 kHz "," 18","  "," 2 -UART    2 -SPI    2 -I2C   "," 0 - 8-bit   9 - 16-bit    4 - 32-bit  "," -40 to 125"," 3V - 3.6V"," 64/QFN 64/TQFP"
"  dsPIC33FJ64GP310A"," In Production "," $3.99"," 16"," Flash"," 64"," 21"," Yes"," 0"," 16384"," 85"," 100"," 80"," 40"," 7.37 MHz, 512 kHz "," 32","  "," 2 -UART    2 -SPI    2 -I2C   "," 0 - 8-bit   9 - 16-bit    4 - 32-bit  "," -40 to 125"," 3V - 3.6V"," 100/TQFP"
"  dsPIC33FJ64GP706A"," In Production "," $4.14"," 16"," Flash"," 64"," 21"," Yes"," 0"," 16384"," 53"," 64"," 80"," 40"," 7.37 MHz, 512 kHz "," 18","  "," 2 -UART    2 -SPI    2 -I2C    0 -MSSP(SPI/I2C)   "," 0 - 8-bit   9 - 16-bit    4 - 32-bit  "," -40 to 125"," 3V - 3.6V"," 64/QFN 64/TQFP"
"  dsPIC33FJ64GP708A"," In Production "," $4.44"," 16"," Flash"," 64"," 21"," Yes"," 0"," 16384"," 69"," 80"," 80"," 40"," 7.37 MHz, 512 kHz "," 24","  "," 2 -UART    2 -SPI    2 -I2C   "," 0 - 8-bit   9 - 16-bit    4 - 32-bit  "," -40 to 125"," 3V - 3.6V"," 80/TQFP"
"  dsPIC33FJ64GP710A"," In Production "," $4.61"," 16"," Flash"," 64"," 21"," Yes"," 0"," 16384"," 85"," 100"," 80"," 40"," 7.37 MHz, 512 kHz "," 32","  "," 2 -UART    2 -SPI    2 -I2C   "," 0 - 8-bit   9 - 16-bit    4 - 32-bit  "," -40 to 125"," 3V - 3.6V"," 100/TQFP"
"  dsPIC33FJ64GP802"," In Production "," $3.42"," 16"," Flash"," 64"," 21"," Yes"," 0"," 16384"," 21"," 28"," 80"," 40"," 7.37 MHz, 512 kHz "," 10","  "," 2 -UART    0 -A/E/USART    2 -SPI    1 -I2C   "," 0 - 8-bit   5 - 16-bit    2 - 32-bit  "," -40 to 150"," 3V - 3.6V"," 28/QFN-S 28/SOIC 300mil 28/SPDIP"
"  dsPIC33FJ64GP804"," In Production "," $3.65"," 16"," Flash"," 64"," 21"," Yes"," 0"," 16384"," 35"," 44"," 80"," 40"," 7.37 MHz, 512 kHz "," 13","  "," 2 -UART    0 -A/E/USART    2 -SPI    1 -I2C   "," 0 - 8-bit   5 - 16-bit    2 - 32-bit  "," -40 to 125"," 3V - 3.6V"," 44/QFN 44/TQFP"
"  dsPIC33FJ64GS406"," In Production "," $3.35"," 16"," Flash"," 64"," 21"," Yes"," 0"," 8192"," 53"," 64"," 120"," 50"," 7.37 MHz, 32 kHz "," 16","  "," 2 -UART    2 -SPI    2 -I2C   "," 0 - 8-bit   4 - 16-bit    1 - 32-bit  "," -40 to 125"," 3V - 3.6V"," 64/QFN 64/TQFP"
"  dsPIC33FJ64GS606"," In Production "," $3.81"," 16"," Flash"," 64"," 21"," Yes"," 0"," 9216"," 53"," 64"," 120"," 50"," 7.37 MHz, 32 kHz "," 16","  "," 2 -UART    2 -SPI    2 -I2C   "," 0 - 8-bit   4 - 16-bit    1 - 32-bit  "," -40 to 125"," 3V - 3.6V"," 64/QFN 64/TQFP"
"  dsPIC33FJ64GS608"," In Production "," $4.34"," 16"," Flash"," 64"," 21"," Yes"," 0"," 9216"," 69"," 80"," 120"," 50"," 7.37 MHz, 32 kHz "," 18","  "," 2 -UART    2 -SPI    2 -I2C   "," 0 - 8-bit   4 - 16-bit    1 - 32-bit  "," -40 to 125"," 3V - 3.6V"," 80/TQFP"
"  dsPIC33FJ64GS610"," In Production "," $4.89"," 16"," Flash"," 64"," 21"," Yes"," 0"," 9216"," 85"," 100"," 120"," 50"," 7.37 MHz, 32 kHz "," 24","  "," 2 -UART    0 -A/E/USART    2 -SPI    2 -I2C   "," 0 - 8-bit   4 - 16-bit    1 - 32-bit  "," -40 to 125"," 3V - 3.6V"," 100/TQFP"
"  dsPIC33FJ64MC202"," In Production "," $3.29"," 16"," Flash"," 64"," 21"," Yes"," 0"," 8192"," 21"," 28"," 80"," 40"," 7.37 MHz, 512 kHz "," 6","  "," 2 -UART    0 -A/E/USART    2 -SPI    1 -I2C   "," 0 - 8-bit   5 - 16-bit    2 - 32-bit  "," -40 to 125"," 3V - 3.6V"," 28/QFN-S 28/SOIC 300mil 28/SPDIP"
"  dsPIC33FJ64MC204"," In Production "," $3.39"," 16"," Flash"," 64"," 21"," Yes"," 0"," 8192"," 35"," 44"," 80"," 40"," 7.37 MHz, 512 kHz "," 9","  "," 2 -UART    0 -A/E/USART    2 -SPI    1 -I2C   "," 0 - 8-bit   5 - 16-bit    2 - 32-bit  "," -40 to 125"," 3V - 3.6V"," 44/QFN 44/TQFP"
"  dsPIC33FJ64MC506A"," In Production "," $3.84"," 16"," Flash"," 64"," 21"," Yes"," 0"," 8192"," 53"," 64"," 80"," 40"," 7.37 MHz, 512 kHz "," 16","  "," 2 -UART    2 -SPI    2 -I2C   "," 0 - 8-bit   9 - 16-bit    4 - 32-bit  "," -40 to 150"," 3V - 3.6V"," 64/QFN 64/TQFP"
"  dsPIC33FJ64MC508A"," In Production "," $4.14"," 16"," Flash"," 64"," 21"," Yes"," 0"," 8192"," 69"," 80"," 80"," 40"," 7.37 MHz, 512 kHz "," 16","  "," 2 -UART    2 -SPI    2 -I2C   "," 0 - 8-bit   9 - 16-bit    4 - 32-bit  "," -40 to 125"," 3V - 3.6V"," 80/TQFP"
"  dsPIC33FJ64MC510A"," In Production "," $4.33"," 16"," Flash"," 64"," 21"," Yes"," 0"," 8192"," 85"," 100"," 80"," 40"," 7.37 MHz, 512 kHz "," 24","  "," 2 -UART    2 -SPI    2 -I2C   "," 0 - 8-bit   9 - 16-bit    4 - 32-bit  "," -40 to 125"," 3V - 3.6V"," 100/TQFP"
"  dsPIC33FJ64MC706A"," In Production "," $4.21"," 16"," Flash"," 64"," 21"," Yes"," 0"," 16384"," 53"," 64"," 80"," 40"," 7.37 MHz, 512 kHz "," 16","  "," 2 -UART    2 -SPI    2 -I2C   "," 0 - 8-bit   9 - 16-bit    4 - 32-bit  "," -40 to 125"," 3V - 3.6V"," 64/QFN 64/TQFP"
"  dsPIC33FJ64MC710A"," In Production "," $4.91"," 16"," Flash"," 64"," 21"," Yes"," 0"," 16384"," 85"," 100"," 80"," 40"," 7.37 MHz, 512 kHz "," 24","  "," 2 -UART    2 -SPI    2 -I2C   "," 0 - 8-bit   9 - 16-bit    4 - 32-bit  "," -40 to 125"," 3V - 3.6V"," 100/TQFP"
"  dsPIC33FJ64MC802"," In Production "," $3.50"," 16"," Flash"," 64"," 21"," Yes"," 0"," 16384"," 21"," 28"," 80"," 40"," 7.37 MHz, 512 kHz "," 6","  "," 2 -UART    0 -A/E/USART    2 -SPI    1 -I2C   "," 0 - 8-bit   5 - 16-bit    2 - 32-bit  "," -40 to 150"," 3V - 3.6V"," 28/QFN-S 28/SOIC 300mil 28/SPDIP"
"  dsPIC33FJ64MC804"," In Production "," $3.89"," 16"," Flash"," 64"," 21"," Yes"," 0"," 16384"," 35"," 44"," 80"," 40"," 7.37 MHz, 512 kHz "," 9","  "," 2 -UART    0 -A/E/USART    2 -SPI    1 -I2C   "," 0 - 8-bit   5 - 16-bit    2 - 32-bit  "," -40 to 150"," 3V - 3.6V"," 44/QFN 44/TQFP"
"  PIC24EP128GP202"," In Production "," $2.63"," 16"," Flash"," 128"," 42"," Yes"," 0"," 16384"," 21"," 28"," 70"," 70"," 7.37 MHz, 32 kHz "," 6"," 6"," 2 -UART    2 -SPI    2 -I2C   "," 0 - 8-bit   5 - 16-bit    2 - 32-bit  "," -40 to 125"," 3V - 3.6V"," 28/QFN-S 28/SOIC 300mil 28/SPDIP 28/SSOP 208mil"
"  PIC24EP128GP203"," Future Product "," Call for pricing"," 16"," Flash"," 128"," 42"," Yes"," 0"," 16384"," 25"," 36"," 70"," 70"," 7.37 MHz, 32 kHz "," 6"," 6"," 2 -UART    2 -SPI    2 -I2C   "," 0 - 8-bit   5 - 16-bit    2 - 32-bit  "," -40 to 125"," 3V - 3.6V"," Please call for package information"
"  PIC24EP128GP204"," In Production "," $2.80"," 16"," Flash"," 128"," 42"," Yes"," 0"," 16384"," 35"," 44"," 70"," 70"," 7.37 MHz, 32 kHz "," 9"," 9"," 2 -UART    2 -SPI    2 -I2C   "," 0 - 8-bit   5 - 16-bit    2 - 32-bit  "," -40 to 125"," 3V - 3.6V"," 44/QFN 44/TQFP 44/VLAP"
"  PIC24EP128GP206"," In Production "," $2.94"," 16"," Flash"," 128"," 42"," Yes"," 0"," 16384"," 53"," 64"," 70"," 70"," 7.37 MHz, 32 kHz "," 16"," 16"," 2 -UART    2 -SPI    2 -I2C   "," 0 - 8-bit   5 - 16-bit    2 - 32-bit  "," -40 to 125"," 3V - 3.6V"," 28/QFN-S 64/QFN 64/TQFP"
"  PIC24EP128MC202"," Samples Available "," $2.63"," 16"," Flash"," 128"," 42"," Yes"," 0"," 16384"," 21"," 28"," 70"," 70"," 7.37 MHz, 32 kHz "," 6"," 6"," 2 -UART    2 -SPI    2 -I2C   "," 0 - 8-bit   5 - 16-bit    2 - 32-bit  "," -40 to 125"," 3V - 3.6V"," 28/QFN-S 28/SOIC 300mil 28/SPDIP 28/SSOP 208mil"
"  PIC24EP128MC202"," In Production "," $2.63"," 16"," Flash"," 128"," 42"," Yes"," 0"," 16384"," 21"," 28"," 70"," 70"," 7.37 MHz, 32 kHz "," 6"," 6"," 2 -UART    2 -SPI    2 -I2C   "," 0 - 8-bit   5 - 16-bit    2 - 32-bit  "," -40 to 125"," 3V - 3.6V"," Please call for package information"
"  PIC24EP128MC203"," Future Product "," Call for pricing"," 16"," Flash"," 128"," 42"," Yes"," 0"," 16384"," 25"," 36"," 70"," 70"," 7.37 MHz, 32 kHz "," 6"," 6"," 2 -UART    2 -SPI    2 -I2C   "," 0 - 8-bit   5 - 16-bit    2 - 32-bit  "," -40 to 125"," 3V - 3.6V"," Please call for package information"
"  PIC24EP128MC204"," In Production "," $2.80"," 16"," Flash"," 128"," 42"," Yes"," 0"," 16384"," 35"," 44"," 70"," 70"," 7.37 MHz, 32 kHz "," 9"," 9"," 2 -UART    2 -SPI    2 -I2C   "," 0 - 8-bit   5 - 16-bit    2 - 32-bit  "," -40 to 125"," 3V - 3.6V"," 44/QFN 44/TQFP 44/VLAP"
"  PIC24EP128MC206"," In Production "," $2.94"," 16"," Flash"," 128"," 42"," Yes"," 0"," 16384"," 53"," 64"," 70"," 70"," 7.37 MHz, 32 kHz "," 16"," 16"," 2 -UART    2 -SPI    2 -I2C   "," 0 - 8-bit   5 - 16-bit    2 - 32-bit  "," -40 to 125"," 3V - 3.6V"," 64/QFN 64/TQFP"
"  PIC24EP256GP202"," In Production "," $3.11"," 16"," Flash"," 256"," 84"," Yes"," 0"," 32768"," 21"," 28"," 70"," 70"," 7.37 MHz, 32 kHz "," 6"," 6"," 2 -UART    2 -SPI    2 -I2C   "," 0 - 8-bit   5 - 16-bit    2 - 32-bit  "," -40 to 125"," 3V - 3.6V"," 28/QFN-S 28/SOIC 300mil 28/SPDIP 28/SSOP 208mil"
"  PIC24EP256GP203"," Future Product "," Call for pricing"," 16"," Flash"," 256"," 84"," Yes"," 0"," 32768"," 25"," 36"," 70"," 70"," 7.37 MHz, 32 kHz "," 6"," 6"," 2 -UART    2 -SPI    2 -I2C   "," 0 - 8-bit   5 - 16-bit    2 - 32-bit  "," -40 to 125"," 3V - 3.6V"," Please call for package information"
"  PIC24EP256GP204"," In Production "," $3.28"," 16"," Flash"," 256"," 84"," Yes"," 0"," 32768"," 35"," 44"," 70"," 70"," 7.37 MHz, 32 kHz "," 9"," 9"," 2 -UART    2 -SPI    2 -I2C   "," 0 - 8-bit   5 - 16-bit    2 - 32-bit  "," -40 to 125"," 3V - 3.6V"," 44/QFN 44/TQFP 44/VLAP"
"  PIC24EP256GP206"," In Production "," $3.42"," 16"," Flash"," 256"," 84"," Yes"," 0"," 32768"," 53"," 64"," 70"," 70"," 7.37 MHz, 32 kHz "," 16"," 16"," 2 -UART    2 -SPI    2 -I2C   "," 0 - 8-bit   5 - 16-bit    2 - 32-bit  "," -40 to 125"," 3V - 3.6V"," 64/QFN 64/TQFP"
"  PIC24EP256GU810"," In Production "," $5.70"," 16"," Flash"," 256"," 128"," Yes"," 0"," 28672"," 83"," 100"," 70"," 70"," 7.37 MHz, 32 kHz "," 32","  "," 4 -UART    4 -SPI    2 -I2C   "," 0 - 8-bit   9 - 16-bit    4 - 32-bit  "," -40 to 125"," 3V - 3.6V"," 100/TQFP 121/XBGA"
"  PIC24EP256GU814"," In Production "," $6.31"," 16"," Flash"," 256"," 128"," Yes"," 0"," 28672"," 122"," 144"," 70"," 70"," 7.37 MHz, 32 kHz "," 32","  "," 4 -UART    4 -SPI    2 -I2C   "," 0 - 8-bit   9 - 16-bit    4 - 32-bit  "," -40 to 125"," 3V - 3.6V"," 144/LQFP 144/TQFP"
"  PIC24EP256MC202"," In Production "," $3.11"," 16"," Flash"," 256"," 84"," Yes"," 0"," 32768"," 21"," 28"," 70"," 70"," 7.37 MHz, 32 kHz "," 6"," 6"," 2 -UART    2 -SPI    2 -I2C   "," 0 - 8-bit   5 - 16-bit    2 - 32-bit  "," -40 to 125"," 3V - 3.6V"," 28/QFN-S 28/SOIC 300mil 28/SPDIP 28/SSOP 208mil"
"  PIC24EP256MC203"," Future Product "," Call for pricing"," 16"," Flash"," 256"," 84"," Yes"," 0"," 32768"," 25"," 36"," 70"," 70"," 7.37 MHz, 32 kHz "," 6"," 6"," 2 -UART    2 -SPI    2 -I2C   "," 0 - 8-bit   5 - 16-bit    2 - 32-bit  "," -40 to 125"," 3V - 3.6V"," Please call for package information"
"  PIC24EP256MC204"," In Production "," $3.28"," 16"," Flash"," 256"," 84"," Yes"," 0"," 32768"," 35"," 44"," 70"," 70"," 7.37 MHz, 32 kHz "," 9"," 9"," 2 -UART    2 -SPI    2 -I2C   "," 0 - 8-bit   5 - 16-bit    2 - 32-bit  "," -40 to 125"," 3V - 3.6V"," 44/QFN 44/TQFP 44/VLAP"
"  PIC24EP256MC206"," In Production "," $3.42"," 16"," Flash"," 256"," 84"," Yes"," 0"," 32768"," 53"," 64"," 70"," 70"," 7.37 MHz, 32 kHz "," 16"," 16"," 2 -UART    2 -SPI    2 -I2C   "," 0 - 8-bit   5 - 16-bit    2 - 32-bit  "," -40 to 125"," 3V - 3.6V"," 64/QFN 64/TQFP"
"  PIC24EP32GP202"," In Production "," $1.86"," 16"," Flash"," 32"," 10"," Yes"," 0"," 4096"," 21"," 28"," 70"," 70"," 7.37 MHz, 32 kHz "," 6"," 6"," 2 -UART    2 -SPI    2 -I2C   "," 0 - 8-bit   5 - 16-bit    2 - 32-bit  "," -40 to 125"," 3V - 3.6V"," 28/QFN-S 28/SOIC 300mil 28/SPDIP 28/SSOP 208mil"
"  PIC24EP32GP203"," In Production "," $2.03"," 16"," Flash"," 32"," 10"," Yes"," 0"," 4096"," 25"," 36"," 70"," 70"," 7.37 MHz, 32 kHz "," 8"," 8"," 2 -UART    2 -SPI    2 -I2C   "," 0 - 8-bit   5 - 16-bit    2 - 32-bit  "," -40 to 125"," 3V - 3.6V"," 36/VTLA"
"  PIC24EP32GP204"," In Production "," $2.03"," 16"," Flash"," 32"," 10"," Yes"," 0"," 4096"," 35"," 44"," 70"," 70"," 7.37 MHz, 32 kHz "," 9"," 9"," 2 -UART    2 -SPI    2 -I2C   "," 0 - 8-bit   5 - 16-bit    2 - 32-bit  "," -40 to 125"," 3V - 3.6V"," 44/QFN 44/TQFP 44/VLAP"
"  PIC24EP32MC202"," In Production "," $1.86"," 16"," Flash"," 32"," 10"," Yes"," 0"," 4096"," 21"," 28"," 70"," 70"," 7.37 MHz, 32 kHz "," 6"," 6"," 2 -UART    2 -SPI    2 -I2C   "," 0 - 8-bit   5 - 16-bit    2 - 32-bit  "," -40 to 125"," 3V - 3.6V"," 28/QFN-S 28/SOIC 300mil 28/SPDIP 28/SSOP 208mil"
"  PIC24EP32MC203"," In Production "," $2.03"," 16"," Flash"," 32"," 10"," Yes"," 0"," 4096"," 25"," 36"," 70"," 70"," 7.37 MHz, 32 kHz "," 8"," 8"," 2 -UART    2 -SPI    2 -I2C   "," 0 - 8-bit   5 - 16-bit    2 - 32-bit  "," -40 to 125"," 3V - 3.6V"," 36/VTLA"
"  PIC24EP32MC204"," In Production "," $2.03"," 16"," Flash"," 32"," 10"," Yes"," 0"," 4096"," 35"," 44"," 70"," 70"," 7.37 MHz, 32 kHz "," 9"," 9"," 2 -UART    2 -SPI    2 -I2C   "," 0 - 8-bit   5 - 16-bit    2 - 32-bit  "," -40 to 125"," 3V - 3.6V"," 44/QFN 44/TQFP 44/VLAP"
"  PIC24EP512GP806"," In Production "," $5.60"," 16"," Flash"," 512"," 256"," Yes"," 0"," 53248"," 53"," 64"," 70"," 70"," 7.37 MHz, 32 kHz "," 24","  "," 4 -UART    4 -SPI    2 -I2C   "," 0 - 8-bit   9 - 16-bit    4 - 32-bit  "," -45 to 125"," 3V - 3.6V"," 64/QFN 64/TQFP"
"  PIC24EP512GU810"," In Production "," $6.37"," 16"," Flash"," 512"," 256"," Yes"," 0"," 53248"," 83"," 100"," 70"," 70"," 7.37 MHz, 32 kHz "," 32","  "," 4 -UART    4 -SPI    2 -I2C   "," 0 - 8-bit   9 - 16-bit    4 - 32-bit  "," -40 to 125"," 3V - 3.6V"," 100/TQFP 121/XBGA"
"  PIC24EP512GU814"," In Production "," $6.99"," 16"," Flash"," 512"," 256"," Yes"," 0"," 53248"," 122"," 144"," 70"," 70"," 7.37 MHz, 32 kHz "," 32","  "," 4 -UART    4 -SPI    2 -I2C   "," 0 - 8-bit   9 - 16-bit    4 - 32-bit  "," -40 to 125"," 3V - 3.6V"," 144/LQFP 144/TQFP"
"  PIC24EP64GP202"," In Production "," $2.42"," 16"," Flash"," 64"," 21.3"," Yes"," 0"," 8192"," 21"," 28"," 70"," 70"," 7.37 MHz, 32 kHz "," 6"," 6"," 2 -UART    2 -SPI    2 -I2C   "," 0 - 8-bit   5 - 16-bit    2 - 32-bit  "," -40 to 125"," 3V - 3.6V"," 28/QFN-S 28/SOIC 300mil 28/SPDIP 28/SSOP 208mil"
"  PIC24EP64GP203"," In Production "," $2.59"," 16"," Flash"," 64"," 21.3"," Yes"," 0"," 8192"," 25"," 36"," 70"," 70"," 7.37 MHz, 32 kHz "," 8"," 8"," 2 -UART    2 -SPI    2 -I2C   "," 0 - 8-bit   5 - 16-bit    2 - 32-bit  "," -40 to 125"," 3V - 3.6V"," 36/VTLA"
"  PIC24EP64GP204"," In Production "," $2.59"," 16"," Flash"," 64"," 21.3"," Yes"," 0"," 8192"," 35"," 44"," 70"," 70"," 7.37 MHz, 32 kHz "," 9"," 9"," 2 -UART    2 -SPI    2 -I2C   "," 0 - 8-bit   5 - 16-bit    2 - 32-bit  "," -40 to 125"," 3V - 3.6V"," 44/QFN 44/TQFP 44/VLAP"
"  PIC24EP64GP206"," In Production "," $2.73"," 16"," Flash"," 64"," 21.3"," Yes"," 0"," 8192"," 53"," 64"," 70"," 70"," 7.37 MHz, 32 kHz "," 16"," 16"," 2 -UART    2 -SPI    2 -I2C   "," 0 - 8-bit   5 - 16-bit    2 - 32-bit  "," -40 to 125"," 3V - 3.6V"," 64/QFN 64/TQFP"
"  PIC24EP64MC202"," In Production "," $2.42"," 16"," Flash"," 64"," 21.3"," Yes"," 0"," 8192"," 21"," 28"," 70"," 70"," 7.37 MHz, 32 kHz "," 6"," 6"," 2 -UART    2 -SPI    2 -I2C   "," 0 - 8-bit   5 - 16-bit    2 - 32-bit  "," -40 to 125"," 3V - 3.6V"," 28/QFN-S 28/SOIC 300mil 28/SPDIP 28/SSOP 208mil"
"  PIC24EP64MC203"," In Production "," $2.59"," 16"," Flash"," 64"," 21.3"," Yes"," 0"," 8192"," 25"," 36"," 70"," 70"," 7.37 MHz, 32 kHz "," 8"," 8"," 2 -UART    2 -SPI    2 -I2C   "," 0 - 8-bit   5 - 16-bit    2 - 32-bit  "," -40 to 125"," 3V - 3.6V"," 36/VTLA"
"  PIC24EP64MC204"," In Production "," $2.59"," 16"," Flash"," 64"," 21.3"," Yes"," 0"," 8192"," 35"," 44"," 70"," 70"," 7.37 MHz, 32 kHz "," 9"," 9"," 2 -UART    2 -SPI    2 -I2C   "," 0 - 8-bit   5 - 16-bit    2 - 32-bit  "," -40 to 125"," 3V - 3.6V"," 44/QFN 44/TQFP 44/VLAP"
"  PIC24EP64MC206"," In Production "," $2.73"," 16"," Flash"," 64"," 21.3"," Yes"," 0"," 8192"," 53"," 64"," 70"," 70"," 7.37 MHz, 32 kHz "," 16"," 16"," 2 -UART    2 -SPI    2 -I2C   "," 0 - 8-bit   5 - 16-bit    2 - 32-bit  "," -40 to 125"," 3V - 3.6V"," 64/QFN 64/TQFP"
"  PIC24F04KA200"," In Production "," $1.00"," 16"," Flash"," 4"," 1.4"," Yes"," 0"," 512"," 12"," 14"," 32"," 16"," 8 MHz, 32 kHz "," 7"," 7"," 1 -UART    1 -SPI    1 -I2C   "," 0 - 8-bit   3 - 16-bit    0 - 32-bit  "," -40 to 125"," 1.8V - 3.6V"," 14/PDIP 14/TSSOP"
"  PIC24F04KA201"," In Production "," $1.06"," 16"," Flash"," 4"," 1.4"," Yes"," 0"," 512"," 18"," 20"," 32"," 16"," 8 MHz, 32 kHz "," 9"," 9"," 1 -UART    1 -SPI    1 -I2C   "," 0 - 8-bit   3 - 16-bit    0 - 32-bit  "," -40 to 125"," 1.8V - 3.6V"," 20/PDIP 20/QFN 20/SOIC 300mil 20/SSOP 208mil"
"  PIC24F04KL100"," In Production "," $1.06"," 16"," Flash"," 4"," 1.4"," Yes"," 0"," 512"," 12"," 14"," 32"," 16"," 8 MHz, 32 kHz ","  "," 12"," 1 -UART    1 -MSSP(SPI/I2C)   "," 1 - 8-bit   2 - 16-bit    0 - 32-bit  "," -40 to 85"," 1.8V - 3.6V"," 14/PDIP 14/TSSOP"
"  PIC24F04KL101"," In Production "," $1.15"," 16"," Flash"," 4"," 1.4"," Yes"," 0"," 512"," 17"," 20"," 32"," 16"," 8 MHz, 32 kHz ","  "," 12"," 1 -UART    1 -MSSP(SPI/I2C)   "," 1 - 8-bit   2 - 16-bit    0 - 32-bit  "," -40 to 85"," 1.8V - 3.6V"," 20/PDIP 20/QFN 20/SOIC 300mil 20/SSOP 208mil"
"  PIC24F08KA101"," In Production "," $1.44"," 16"," Flash"," 8"," 2.8"," Yes"," 512"," 1536"," 18"," 20"," 32"," 16"," 8 MHz, 32 kHz "," 9"," 9"," 2 -UART    1 -SPI    1 -I2C   "," 0 - 8-bit   3 - 16-bit    0 - 32-bit  "," -40 to 125"," 1.8V - 3.6V"," 20/PDIP 20/QFN 20/SOIC 300mil 20/SSOP 208mil"
"  PIC24F08KA102"," In Production "," $1.51"," 16"," Flash"," 8"," 2.8"," Yes"," 512"," 1536"," 24"," 28"," 32"," 16"," 8 MHz, 32 kHz "," 9"," 9"," 2 -UART    0 -A/E/USART    1 -SPI    1 -I2C   "," 0 - 8-bit   3 - 16-bit    0 - 32-bit  "," -40 to 125"," 1.8V - 3.6V"," 28/QFN 28/SOIC 300mil 28/SPDIP 28/SSOP 208mil"
"  PIC24F08KL200"," In Production "," $1.25"," 16"," Flash"," 8"," 2.8"," Yes"," 0"," 512"," 12"," 14"," 32"," 16"," 8 MHz, 32 kHz "," 7"," 12"," 1 -UART    1 -MSSP(SPI/I2C)   "," 1 - 8-bit   2 - 16-bit    0 - 32-bit  "," -40 to 85"," 1.8V - 3.6V"," 14/PDIP 14/TSSOP"
"  PIC24F08KL201"," In Production "," $1.30"," 16"," Flash"," 8"," 2.8"," Yes"," 0"," 512"," 17"," 20"," 32"," 16"," 8 MHz, 32 kHz "," 12"," 12"," 1 -UART    1 -MSSP(SPI/I2C)   "," 1 - 8-bit   2 - 16-bit    0 - 32-bit  "," -40 to 85"," 1.8V - 3.6V"," 20/PDIP 20/QFN 20/SOIC 300mil 20/SSOP 208mil"
"  PIC24F08KL301"," In Production "," $1.27"," 16"," Flash"," 8"," 2.8"," Yes"," 256"," 1024"," 18"," 20"," 32"," 16"," 8 MHz, 32 kHz ","  "," 12"," 2 -UART    2 -MSSP(SPI/I2C)   "," 2 - 8-bit   2 - 16-bit "," -40 to 85"," 1.8V - 3.6V"," 20/PDIP 20/QFN 20/SOIC 300mil 20/SSOP 208mil"
"  PIC24F08KL302"," In Production "," $1.32"," 16"," Flash"," 8"," 2.8"," Yes"," 256"," 1024"," 24"," 28"," 32"," 16"," 8 MHz, 32 kHz ","  "," 12"," 2 -UART    2 -MSSP(SPI/I2C)   "," 2 - 8-bit   2 - 16-bit "," -40 to 85"," 1.8V - 3.6V"," 28/QFN 28/SOIC 300mil 28/SPDIP 28/SSOP 208mil"
"  PIC24F08KL401"," In Production "," $1.36"," 16"," Flash"," 8"," 2.8"," Yes"," 512"," 1024"," 18"," 20"," 32"," 16"," 8 MHz, 32 kHz "," 12"," 12"," 2 -UART    2 -MSSP(SPI/I2C)   "," 2 - 8-bit   2 - 16-bit    0 - 32-bit  "," -40 to 85"," 1.8V - 3.6V"," 20/PDIP 20/QFN 20/SOIC 300mil 20/SSOP 208mil"
"  PIC24F08KL402"," In Production "," $1.40"," 16"," Flash"," 8"," 2.8"," Yes"," 512"," 1024"," 24"," 28"," 32"," 16"," 8 MHz, 32 kHz "," 12"," 12"," 2 -UART    2 -MSSP(SPI/I2C)   "," 2 - 8-bit   2 - 16-bit    0 - 32-bit  "," -40 to 85"," 1.8V - 3.6V"," 28/QFN 28/SOIC 300mil 28/SPDIP 28/SSOP 208mil"
"  PIC24F16KA101"," In Production "," $1.51"," 16"," Flash"," 16"," 5.6"," Yes"," 512"," 1536"," 18"," 20"," 32"," 16"," 8 MHz, 32 kHz "," 9"," 9"," 2 -UART    1 -SPI    1 -I2C   "," 0 - 8-bit   3 - 16-bit    0 - 32-bit  "," -40 to 125"," 1.8V - 3.6V"," 20/PDIP 20/QFN 20/SOIC 300mil 20/SSOP 208mil"
"  PIC24F16KA102"," In Production "," $1.58"," 16"," Flash"," 16"," 5.6"," Yes"," 512"," 1536"," 24"," 28"," 32"," 16"," 8 MHz, 32 kHz "," 9"," 9"," 2 -UART    1 -SPI    1 -I2C   "," 0 - 8-bit   3 - 16-bit    0 - 32-bit  "," -40 to 125"," 1.8V - 3.6V"," 28/QFN 28/SOIC 300mil 28/SPDIP 28/SSOP 208mil 32/CSP 128/LQFP"
"  PIC24F16KA301"," In Production "," $1.86"," 16"," Flash"," 16"," 5.3"," Yes"," 512"," 2048"," 18"," 20"," 32"," 16"," 8 MHz, 32 kHz "," 12"," 12"," 2 -UART    2 -SPI    2 -I2C   "," 0 - 8-bit   5 - 16-bit    0 - 32-bit  "," -40 to 125"," 1.8V - 5.5V"," 20/PDIP 20/SOIC 300mil 20/SSOP 208mil"
"  PIC24F16KA302"," In Production "," $2.03"," 16"," Flash"," 16"," 5.3"," Yes"," 512"," 2048"," 24"," 28"," 32"," 16"," 8 MHz, 32 kHz "," 13"," 13"," 2 -UART    2 -SPI    2 -I2C   "," 0 - 8-bit   5 - 16-bit    0 - 32-bit  "," -40 to 125"," 1.8V - 5.5V"," 28/QFN 28/SOIC 300mil 28/SPDIP 28/SSOP 208mil"
"  PIC24F16KA304"," In Production "," $2.30"," 16"," Flash"," 16"," 5.3"," Yes"," 512"," 2048"," 38"," 44"," 32"," 16"," 8 MHz, 32 kHz "," 16"," 16"," 2 -UART    2 -SPI    2 -I2C   "," 0 - 8-bit   5 - 16-bit    0 - 32-bit  "," -40 to 125"," 1.8V - 5.5V"," 44/QFN 44/TQFP 48/UQFN"
"  PIC24F16KL401"," In Production "," $1.43"," 16"," Flash"," 16"," 5.6"," Yes"," 512"," 1024"," 18"," 20"," 32"," 16"," 8 MHz, 32 kHz "," 12"," 12"," 2 -UART    2 -MSSP(SPI/I2C)   "," 2 - 8-bit   2 - 16-bit    0 - 32-bit  "," -40 to 85"," 1.8V - 3.6V"," 20/PDIP 20/QFN 20/SOIC 300mil 20/SSOP 208mil"
"  PIC24F16KL402"," In Production "," $1.47"," 16"," Flash"," 16"," 5.6"," Yes"," 512"," 1024"," 24"," 28"," 32"," 16"," 8 MHz, 32 kHz "," 12"," 12"," 2 -UART    2 -MSSP(SPI/I2C)   "," 2 - 8-bit   2 - 16-bit    0 - 32-bit  "," -40 to 85"," 1.8V - 3.6V"," 28/QFN 28/SOIC 300mil 28/SPDIP 28/SSOP 208mil"
"  PIC24F32KA301"," In Production "," $2.00"," 16"," Flash"," 32"," 10.7"," Yes"," 512"," 2048"," 18"," 20"," 32"," 16"," 16 MHz, 32 kHz "," 12"," 12"," 2 -UART    2 -SPI    2 -I2C   "," 0 - 8-bit   5 - 16-bit    0 - 32-bit  "," -40 to 125"," 1.8V - 5.5V"," 20/PDIP 20/SOIC 300mil 20/SSOP 208mil"
"  PIC24F32KA302"," In Production "," $2.17"," 16"," Flash"," 32"," 10.7"," Yes"," 512"," 2048"," 24"," 28"," 32"," 16"," 8 MHz, 32 kHz "," 13"," 13"," 2 -UART    2 -SPI    2 -I2C   "," 0 - 8-bit   5 - 16-bit    0 - 32-bit  "," -40 to 125"," 1.8V - 5.5V"," 28/QFN 28/SOIC 300mil 28/SPDIP 28/SSOP 208mil"
"  PIC24F32KA304"," In Production "," $2.44"," 16"," Flash"," 32"," 10.7"," Yes"," 512"," 2048"," 38"," 44"," 32"," 16"," 8 MHz, 32 kHz "," 16"," 16"," 2 -UART    2 -SPI    2 -I2C   "," 0 - 8-bit   5 - 16-bit    0 - 32-bit  "," -40 to 125"," 1.8V - 5.5V"," 44/QFN 44/TQFP 48/UQFN"
"  PIC24FJ128DA106"," In Production "," $4.34"," 16"," Flash"," 128"," 44"," Yes"," 0"," 24576"," 52"," 64"," 32"," 16"," 8 MHz, 32 kHz "," 16"," 16"," 4 -UART    3 -SPI    3 -I2C   "," 0 - 8-bit   5 - 16-bit    0 - 32-bit  "," -40 to 85"," 2.2V - 3.6V"," 64/QFN 64/TQFP"
"  PIC24FJ128DA110"," In Production "," $4.83"," 16"," Flash"," 128"," 87"," Yes"," 0"," 24576"," 84"," 100"," 32"," 16"," 8 MHz, 32 kHz "," 24"," 24"," 4 -UART    3 -SPI    3 -I2C   "," 0 - 8-bit   5 - 16-bit    0 - 32-bit  "," -40 to 85"," 2.2V - 3.6V"," 100/TQFP 121/XBGA"
"  PIC24FJ128DA206"," In Production "," $4.76"," 16"," Flash"," 128"," 44"," Yes"," 0"," 98304"," 52"," 64"," 32"," 16"," 8 MHz, 32 kHz "," 16"," 16"," 4 -UART    3 -SPI    3 -I2C   "," 0 - 8-bit   5 - 16-bit    0 - 32-bit  "," -40 to 85"," 2.2V - 3.6V"," 64/QFN 64/TQFP"
"  PIC24FJ128DA210"," In Production "," $5.25"," 16"," Flash"," 128"," 44"," Yes"," 0"," 98304"," 84"," 100"," 32"," 16"," 8 MHz, 32 kHz "," 24"," 24"," 4 -UART    3 -SPI    3 -I2C   "," 0 - 8-bit   5 - 16-bit    0 - 32-bit  "," -40 to 85"," 2.2V - 3.6V"," 100/TQFP 121/XBGA"
"  PIC24FJ128GA006"," In Production "," $2.70"," 16"," Flash"," 128"," 43"," Yes"," 0"," 8192"," 53"," 64"," 32"," 16"," 8 MHz, 32 kHz "," 16","  "," 2 -UART    0 -A/E/USART    2 -SPI    2 -I2C   "," 0 - 8-bit   5 - 16-bit    0 - 32-bit  "," -40 to 85"," 2V - 3.6V"," 64/QFN 64/TQFP"
"  PIC24FJ128GA008"," In Production "," $2.97"," 16"," Flash"," 128"," 43"," Yes"," 0"," 8192"," 69"," 80"," 32"," 16"," 8 MHz, 32 kHz "," 16","  "," 2 -UART    0 -A/E/USART    2 -SPI    2 -I2C   "," 0 - 8-bit   5 - 16-bit    0 - 32-bit  "," -40 to 85"," 2V - 3.6V"," 80/TQFP"
"  PIC24FJ128GA010"," In Production "," $3.16"," 16"," Flash"," 128"," 43"," Yes"," 0"," 8192"," 85"," 100"," 32"," 16"," 8 MHz, 32 kHz "," 16","  "," 2 -UART    0 -A/E/USART    2 -SPI    2 -I2C   "," 0 - 8-bit   5 - 16-bit    0 - 32-bit  "," -40 to 85"," 2V - 3.6V"," 100/TQFP 128/LQFP"
"  PIC24FJ128GA106"," In Production "," $3.56"," 16"," Flash"," 128"," 0"," Yes"," 0"," 16384"," 53"," 64"," 32"," 16"," 8 MHz, 32 kHz "," 16"," 16"," 4 -UART    3 -SPI    3 -I2C   "," 0 - 8-bit   5 - 16-bit    0 - 32-bit  "," -40 to 125"," 2V - 3.6V"," 64/QFN 64/TQFP"
"  PIC24FJ128GA108"," In Production "," $3.82"," 16"," Flash"," 128"," 43"," Yes"," 0"," 16384"," 69"," 80"," 32"," 16"," 8 MHz, 32 kHz "," 16"," 16"," 4 -UART    3 -SPI    3 -I2C   "," 0 - 8-bit   5 - 16-bit    0 - 32-bit  "," -40 to 125"," 2V - 3.6V"," 80/TQFP"
"  PIC24FJ128GA110"," In Production "," $4.03"," 16"," Flash"," 128"," 43"," Yes"," 0"," 16384"," 85"," 100"," 32"," 16"," 8 MHz, 32 kHz "," 16"," 16"," 4 -UART    3 -SPI    3 -I2C   "," 0 - 8-bit   5 - 16-bit    0 - 32-bit  "," -40 to 125"," 2V - 3.6V"," 100/TQFP"
"  PIC24FJ128GA306"," In Production "," $3.00"," 16"," Flash"," 128"," 43"," Yes"," 0"," 8192"," 53"," 64"," 32"," 16"," 8 MHz, 32 kHz "," 16"," 16"," 4 -UART    2 -SPI    2 -I2C   "," 0 - 8-bit   5 - 16-bit    0 - 32-bit  "," -40 to 85"," 2V - 3.6V"," 64/QFN 64/TQFP"
"  PIC24FJ128GA308"," In Production "," $3.23"," 16"," Flash"," 128"," 43"," Yes"," 0"," 8192"," 69"," 80"," 32"," 16"," 8 MHz, 32 kHz "," 16"," 16"," 4 -UART    2 -SPI    2 -I2C   "," 0 - 8-bit   5 - 16-bit    0 - 32-bit  "," -40 to 85"," 2V - 3.6V"," 80/TQFP"
"  PIC24FJ128GA310"," In Production "," $3.42"," 16"," Flash"," 128"," 43"," Yes"," 0"," 8192"," 85"," 100"," 32"," 16"," 8 MHz, 32 kHz "," 24"," 24"," 4 -UART    2 -SPI    2 -I2C   "," 0 - 8-bit   5 - 16-bit    0 - 32-bit  "," -40 to 85"," 2V - 3.6V"," 100/TQFP 121/XBGA"
"  PIC24FJ128GB106"," In Production "," $3.81"," 16"," Flash"," 128"," 43"," Yes"," 0"," 16384"," 52"," 64"," 32"," 16"," 8 MHz, 32 kHz "," 16"," 16"," 4 -UART    3 -SPI    3 -I2C   "," 0 - 8-bit   5 - 16-bit    0 - 32-bit  "," -40 to 85"," 2V - 3.6V"," 64/QFN 64/TQFP"
"  PIC24FJ128GB108"," In Production "," $4.07"," 16"," Flash"," 128"," 43"," Yes"," 0"," 16384"," 68"," 80"," 32"," 16"," 8 MHz, 32 kHz "," 16"," 16"," 4 -UART    3 -SPI    3 -I2C   "," 0 - 8-bit   5 - 16-bit    0 - 32-bit  "," -40 to 85"," 2V - 3.6V"," 80/TQFP"
"  PIC24FJ128GB110"," In Production "," $4.28"," 16"," Flash"," 128"," 43"," Yes"," 0"," 16384"," 84"," 100"," 32"," 16"," 16 MHz, 32 kHz "," 16"," 16"," 4 -UART    3 -SPI    3 -I2C   "," 0 - 8-bit   5 - 16-bit    0 - 32-bit  "," -40 to 85"," 2V - 3.6V"," 100/TQFP"
"  PIC24FJ128GB206"," In Production "," $4.30"," 16"," Flash"," 128"," 44"," Yes"," 0"," 98304"," 52"," 64"," 32"," 16"," 8 MHz, 32 kHz "," 16","  "," 4 -UART    3 -SPI    3 -I2C   "," 0 - 8-bit   5 - 16-bit    0 - 32-bit  "," -40 to 85"," 2.2V - 3.6V"," 64/QFN 64/TQFP"
"  PIC24FJ128GB210"," In Production "," $4.79"," 16"," Flash"," 128"," 44"," Yes"," 0"," 98304"," 84"," 100"," 32"," 16"," 8 MHz, 32 kHz "," 24"," 24"," 4 -UART    3 -SPI    3 -I2C   "," 0 - 8-bit   5 - 16-bit    0 - 32-bit  "," -40 to 85"," 2.2V - 3.6V"," 100/TQFP 121/XBGA"
"  PIC24FJ16GA002"," In Production "," $1.62"," 16"," Flash"," 16"," 5"," Yes"," 0"," 4096"," 21"," 28"," 32"," 16"," 8 MHz, 32 kHz "," 10","  "," 2 -UART    0 -A/E/USART    2 -SPI    2 -I2C   "," 0 - 8-bit   5 - 16-bit    0 - 32-bit  "," -40 to 125"," 2V - 3.6V"," 28/QFN 28/SOIC 300mil 28/SPDIP 28/SSOP 208mil"
"  PIC24FJ16GA004"," In Production "," $1.88"," 16"," Flash"," 16"," 5"," Yes"," 0"," 4096"," 35"," 44"," 32"," 16"," 8 MHz, 32 kHz "," 13","  "," 2 -UART    0 -A/E/USART    2 -SPI    2 -I2C   "," 0 - 8-bit   5 - 16-bit    0 - 32-bit  "," -40 to 125"," 2V - 3.6V"," 44/QFN 44/TQFP"
"  PIC24FJ16MC101"," In Production "," $1.57"," 16"," Flash"," 16"," 8"," Yes"," 0"," 1024"," 15"," 20"," 16"," 16"," 7.37 MHz, 32 kHz "," 4","  "," 1 -UART    1 -SPI    1 -I2C   "," 0 - 8-bit   3 - 16-bit    1 - 32-bit  "," -40 to 125"," 3V - 3.6V"," 20/PDIP 20/SOIC 300mil 20/SSOP 208mil"
"  PIC24FJ16MC102"," In Production "," $1.68"," 16"," Flash"," 16"," 8"," Yes"," 0"," 1024"," 21"," 28"," 40"," 16"," 7.37 MHz, 32 kHz "," 6","  "," 1 -UART    1 -SPI    1 -I2C   "," 0 - 8-bit   3 - 16-bit    1 - 32-bit  "," -40 to 125"," 3V - 3.6V"," 28/QFN 28/SOIC 300mil 28/SPDIP 28/SSOP 208mil"
"  PIC24FJ192GA106"," In Production "," $3.77"," 16"," Flash"," 192"," 64"," Yes"," 0"," 16384"," 53"," 64"," 32"," 16"," 8 MHz, 32 kHz "," 16"," 16"," 4 -UART    3 -SPI    3 -I2C   "," 0 - 8-bit   5 - 16-bit    0 - 32-bit  "," -40 to 125"," 2V - 3.6V"," 64/QFN 64/TQFP"
"  PIC24FJ192GA108"," In Production "," $4.03"," 16"," Flash"," 192"," 64"," Yes"," 0"," 16384"," 69"," 80"," 32"," 16"," 8 MHz, 32 kHz "," 16"," 16"," 4 -UART    3 -SPI    3 -I2C   "," 0 - 8-bit   5 - 16-bit    0 - 32-bit  "," -40 to 125"," 2V - 3.6V"," 80/TQFP"
"  PIC24FJ192GA110"," In Production "," $4.24"," 16"," Flash"," 192"," 64"," Yes"," 0"," 16384"," 85"," 100"," 32"," 16"," 8 MHz, 32 kHz "," 16"," 16"," 4 -UART    3 -SPI    3 -I2C   "," 0 - 8-bit   5 - 16-bit    0 - 32-bit  "," -40 to 125"," 2V - 3.6V"," 100/TQFP"
"  PIC24FJ192GB106"," In Production "," $4.02"," 16"," Flash"," 192"," 64"," Yes"," 0"," 16384"," 52"," 64"," 32"," 16"," 8 MHz, 32 kHz "," 16"," 16"," 4 -UART    3 -SPI    3 -I2C   "," 0 - 8-bit   5 - 16-bit    0 - 32-bit  "," -40 to 85"," 2V - 3.6V"," 64/QFN 64/TQFP"
"  PIC24FJ192GB108"," In Production "," $4.28"," 16"," Flash"," 192"," 64"," Yes"," 0"," 16384"," 68"," 80"," 32"," 16"," 8 MHz, 32 kHz "," 16"," 16"," 4 -UART    3 -SPI    3 -I2C   "," 0 - 8-bit   5 - 16-bit    0 - 32-bit  "," -40 to 85"," 2V - 3.6V"," 80/TQFP"
"  PIC24FJ192GB110"," In Production "," $4.49"," 16"," Flash"," 192"," 64"," Yes"," 0"," 16384"," 84"," 100"," 32"," 16"," 8 MHz, 32 kHz "," 16"," 16"," 4 -UART    3 -SPI    3 -I2C   "," 0 - 8-bit   5 - 16-bit    0 - 32-bit  "," -40 to 85"," 2V - 3.6V"," 100/TQFP"
"  PIC24FJ256DA106"," In Production "," $4.69"," 16"," Flash"," 256"," 87"," Yes"," 0"," 24576"," 52"," 64"," 32"," 16"," 8 MHz, 32 kHz "," 16"," 16"," 4 -UART    3 -SPI    3 -I2C   "," 0 - 8-bit   5 - 16-bit    0 - 32-bit  "," -40 to 85"," 2.2V - 3.6V"," 64/QFN 64/TQFP"
"  PIC24FJ256DA110"," In Production "," $5.18"," 16"," Flash"," 256"," 87"," Yes"," 0"," 24576"," 84"," 100"," 32"," 16"," 8 MHz, 32 kHz "," 24"," 24"," 4 -UART    3 -SPI    3 -I2C   "," 0 - 8-bit   5 - 16-bit    0 - 32-bit  "," -40 to 85"," 2.2V - 3.6V"," 100/TQFP 121/XBGA"
"  PIC24FJ256DA206"," In Production "," $5.11"," 16"," Flash"," 256"," 87"," Yes"," 0"," 98304"," 52"," 64"," 32"," 16"," 8 MHz, 32 kHz "," 16"," 16"," 4 -UART    3 -SPI    3 -I2C   "," 0 - 8-bit   5 - 16-bit    0 - 32-bit  "," -40 to 85"," 2.2V - 3.6V"," 64/QFN 64/TQFP"
"  PIC24FJ256DA210"," In Production "," $5.60"," 16"," Flash"," 256"," 87"," Yes"," 0"," 98304"," 84"," 100"," 32"," 16"," 8 MHz, 32 kHz "," 24"," 24"," 4 -UART    3 -SPI    3 -I2C   "," 0 - 8-bit   5 - 16-bit    0 - 32-bit  "," -40 to 85"," 2.2V - 3.6V"," 100/TQFP 121/XBGA"
"  PIC24FJ256GA106"," In Production "," $3.98"," 16"," Flash"," 256"," 85"," Yes"," 0"," 16384"," 53"," 64"," 32"," 16"," 8 MHz, 32 kHz "," 16"," 16"," 4 -UART    3 -SPI    3 -I2C   "," 0 - 8-bit   5 - 16-bit    0 - 32-bit  "," -40 to 125"," 2V - 3.6V"," 64/QFN 64/TQFP"
"  PIC24FJ256GA108"," In Production "," $4.24"," 16"," Flash"," 256"," 85"," Yes"," 0"," 16384"," 69"," 80"," 32"," 16"," 8 MHz, 32 kHz "," 16"," 16"," 4 -UART    3 -SPI    3 -I2C   "," 0 - 8-bit   5 - 16-bit    0 - 32-bit  "," -40 to 125"," 2V - 3.6V"," 80/TQFP"
"  PIC24FJ256GA110"," In Production "," $4.45"," 16"," Flash"," 256"," 85"," Yes"," 0"," 16384"," 85"," 100"," 32"," 16"," 8 MHz, 32 kHz "," 16"," 16"," 4 -UART    3 -SPI    3 -I2C   "," 0 - 8-bit   5 - 16-bit    0 - 32-bit  "," -40 to 125"," 2V - 3.6V"," 100/TQFP"
"  PIC24FJ256GB106"," In Production "," $4.23"," 16"," Flash"," 256"," 85"," Yes"," 0"," 16384"," 52"," 64"," 32"," 16"," 8 MHz, 32 kHz "," 16"," 16"," 4 -UART    3 -SPI    3 -I2C   "," 0 - 8-bit   5 - 16-bit    0 - 32-bit  "," -40 to 85"," 2V - 3.6V"," 64/QFN 64/TQFP"
"  PIC24FJ256GB108"," In Production "," $4.49"," 16"," Flash"," 256"," 85"," Yes"," 0"," 16384"," 68"," 80"," 32"," 16"," 8 MHz, 32 kHz "," 16"," 16"," 4 -UART    3 -SPI    3 -I2C   "," 0 - 8-bit   5 - 16-bit    0 - 32-bit  "," -40 to 85"," 2V - 3.6V"," 80/TQFP"
"  PIC24FJ256GB110"," In Production "," $4.70"," 16"," Flash"," 256"," 85"," Yes"," 0"," 16384"," 84"," 100"," 32"," 16"," 8 MHz, 32 kHz "," 16"," 16"," 4 -UART    3 -SPI    3 -I2C   "," 0 - 8-bit   5 - 16-bit    0 - 32-bit  "," -40 to 85"," 2V - 3.6V"," 100/TQFP"
"  PIC24FJ256GB206"," In Production "," $4.65"," 16"," Flash"," 256"," 87"," Yes"," 0"," 98304"," 52"," 64"," 32"," 16"," 8 MHz, 32 kHz "," 16"," 16"," 4 -UART    3 -SPI    3 -I2C   "," 0 - 8-bit   5 - 16-bit    0 - 32-bit  "," -40 to 85"," 2.2V - 3.6V"," 64/QFN 64/TQFP"
"  PIC24FJ256GB210"," In Production "," $5.14"," 16"," Flash"," 256"," 87"," Yes"," 0"," 98304"," 84"," 100"," 32"," 16"," 8 MHz, 32 kHz "," 24"," 24"," 4 -UART    3 -SPI    3 -I2C   "," 0 - 8-bit   5 - 16-bit    0 - 32-bit  "," -40 to 85"," 2.2V - 3.6V"," 100/TQFP 121/XBGA"
"  PIC24FJ32GA002"," In Production "," $1.78"," 16"," Flash"," 32"," 11"," Yes"," 0"," 8192"," 21"," 28"," 32"," 16"," 8 MHz, 32 kHz "," 10","  "," 2 -UART    0 -A/E/USART    2 -SPI    2 -I2C   "," 0 - 8-bit   5 - 16-bit    0 - 32-bit  "," -40 to 125"," 2V - 3.6V"," 28/QFN 28/SOIC 300mil 28/SPDIP 28/SSOP 208mil"
"  PIC24FJ32GA004"," In Production "," $2.02"," 16"," Flash"," 32"," 11"," Yes"," 0"," 8192"," 35"," 44"," 32"," 16"," 8 MHz, 32 kHz "," 13","  "," 2 -UART    0 -A/E/USART    2 -SPI    2 -I2C   "," 0 - 8-bit   5 - 16-bit    0 - 32-bit  "," -40 to 125"," 2V - 3.6V"," 44/QFN 44/TQFP"
"  PIC24FJ32GA102"," In Production "," $1.99"," 16"," Flash"," 32"," 11"," Yes"," 0"," 8192"," 21"," 28"," 32"," 16"," 8 MHz, 32 kHz "," 10"," 10"," 2 -UART    2 -SPI    2 -I2C   "," 0 - 8-bit   5 - 16-bit    0 - 32-bit  "," -40 to 125"," 2V - 3.6V"," 28/QFN 28/SOIC 300mil 28/SPDIP 28/SSOP 208mil"
"  PIC24FJ32GA104"," In Production "," $2.23"," 16"," Flash"," 32"," 11"," Yes"," 0"," 8192"," 35"," 44"," 32"," 16"," 8 MHz, 32 kHz "," 13"," 13"," 2 -UART    2 -SPI    2 -I2C   "," 0 - 8-bit   5 - 16-bit    0 - 32-bit  "," -40 to 125"," 2V - 3.6V"," 44/QFN 44/TQFP"
"  PIC24FJ32GB002"," In Production "," $2.20"," 16"," Flash"," 32"," 11"," Yes"," 0"," 8192"," 21"," 28"," 32"," 16"," 8 MHz, 32 kHz "," 9"," 9"," 2 -UART    2 -SPI    2 -I2C   "," 0 - 8-bit   5 - 16-bit    0 - 32-bit  "," -40 to 125"," 2V - 3.6V"," 28/QFN 28/SOIC 300mil 28/SPDIP 28/SSOP 208mil"
"  PIC24FJ32GB004"," In Production "," $2.44"," 16"," Flash"," 32"," 11"," Yes"," 0"," 8192"," 35"," 44"," 32"," 16"," 8 MHz, 32 kHz "," 13"," 13"," 2 -UART    2 -SPI    2 -I2C   "," 0 - 8-bit   5 - 16-bit    0 - 32-bit  "," -40 to 125"," 2V - 3.6V"," 44/QFN 44/TQFP"
"  PIC24FJ32MC101"," Samples Available "," $1.68"," 16"," Flash"," 32"," 8"," Yes"," 0"," 2048"," 15"," 20"," 16"," 16"," 7.37 MHz, 32 kHz "," 4","  "," 1 -UART    1 -SPI    1 -I2C   "," 0 - 8-bit   5 - 16-bit    2 - 32-bit  "," -40 to 125"," 3V - 3.6V"," 20/PDIP 20/SOIC 300mil 20/SSOP 208mil"
"  PIC24FJ32MC102"," Samples Available "," $1.76"," 16"," Flash"," 32"," 8"," Yes"," 0"," 2048"," 21"," 28"," 40"," 16"," 7.37 MHz, 32 kHz "," 8","  "," 1 -UART    1 -SPI    1 -I2C   "," 0 - 8-bit   5 - 16-bit    2 - 32-bit  "," -40 to 125"," 3V - 3.6V"," 28/QFN 28/SOIC 300mil 28/SPDIP 28/SSOP 208mil 36/VTLA"
"  PIC24FJ32MC104"," Samples Available "," $2.02"," 16"," Flash"," 32"," 8"," Yes"," 0"," 2048"," 35"," 44"," 40"," 16"," 7.37 MHz, 32 kHz "," 14","  "," 1 -UART    0 -A/E/USART    1 -SPI    1 -I2C   "," 5 - 16-bit    2 - 32-bit  "," -40 to 125"," 3V - 3.6V"," 44/QFN 44/TQFP 44/VLAP"
"  PIC24FJ48GA002"," In Production "," $1.92"," 16"," Flash"," 48"," 16"," Yes"," 0"," 8192"," 21"," 28"," 32"," 16"," 8 MHz, 32 kHz "," 10","  "," 2 -UART    0 -A/E/USART    2 -SPI    2 -I2C   "," 0 - 8-bit   5 - 16-bit    0 - 32-bit  "," -40 to 125"," 2V - 3.6V"," 28/QFN 28/SOIC 300mil 28/SPDIP 28/SSOP 208mil"
"  PIC24FJ48GA004"," In Production "," $2.16"," 16"," Flash"," 48"," 16"," Yes"," 0"," 8192"," 35"," 44"," 32"," 16"," 8 MHz, 32 kHz "," 13","  "," 2 -UART    0 -A/E/USART    2 -SPI    2 -I2C   "," 0 - 8-bit   5 - 16-bit    0 - 32-bit  "," -40 to 125"," 2V - 3.6V"," 44/QFN 44/TQFP"
"  PIC24FJ64GA002"," In Production "," $2.06"," 16"," Flash"," 64"," 21"," Yes"," 0"," 8192"," 21"," 28"," 32"," 16"," 8 MHz, 32 kHz "," 10","  "," 2 -UART    0 -A/E/USART    2 -SPI    2 -I2C   "," 0 - 8-bit   5 - 16-bit    0 - 32-bit  "," -40 to 125"," 2V - 3.6V"," 28/CSP 28/QFN 28/SOIC 300mil 28/SPDIP 28/SSOP 208mil"
"  PIC24FJ64GA004"," In Production "," $2.30"," 16"," Flash"," 64"," 21"," Yes"," 0"," 8192"," 35"," 44"," 32"," 16"," 8 MHz, 32 kHz "," 13","  "," 2 -UART    0 -A/E/USART    2 -SPI    2 -I2C   "," 0 - 8-bit   5 - 16-bit    0 - 32-bit  "," -40 to 125"," 2V - 3.6V"," 44/QFN 44/TQFP"
"  PIC24FJ64GA006"," In Production "," $2.46"," 16"," Flash"," 64"," 21"," Yes"," 0"," 8192"," 53"," 64"," 32"," 16"," 8 MHz, 32 kHz "," 16","  "," 2 -UART    0 -A/E/USART    2 -SPI    2 -I2C   "," 0 - 8-bit   5 - 16-bit    0 - 32-bit  "," -40 to 85"," 2V - 3.6V"," 64/QFN 64/TQFP"
"  PIC24FJ64GA008"," In Production "," $2.72"," 16"," Flash"," 64"," 21"," Yes"," 0"," 8192"," 69"," 80"," 32"," 16"," 8 MHz, 32 kHz "," 16","  "," 2 -UART    0 -A/E/USART    2 -SPI    2 -I2C   "," 0 - 8-bit   5 - 16-bit    0 - 32-bit  "," -40 to 85"," 2V - 3.6V"," 80/TQFP"
"  PIC24FJ64GA010"," In Production "," $2.93"," 16"," Flash"," 64"," 21"," Yes"," 0"," 8192"," 85"," 100"," 32"," 16"," 8 MHz, 32 kHz "," 16","  "," 2 -UART    0 -A/E/USART    2 -SPI    2 -I2C   "," 0 - 8-bit   5 - 16-bit    0 - 32-bit  "," -40 to 85"," 2V - 3.6V"," 100/TQFP"
"  PIC24FJ64GA102"," In Production "," $2.27"," 16"," Flash"," 64"," 21"," Yes"," 0"," 8192"," 21"," 28"," 32"," 16"," 8 MHz, 32 kHz "," 10"," 10"," 2 -UART    2 -SPI    2 -I2C   "," 0 - 8-bit   5 - 16-bit    0 - 32-bit  "," -40 to 125"," 2V - 3.6V"," 28/QFN 28/SOIC 300mil 28/SPDIP 28/SSOP 208mil"
"  PIC24FJ64GA104"," In Production "," $2.51"," 16"," Flash"," 64"," 21"," Yes"," 0"," 8192"," 35"," 44"," 32"," 16"," 8 MHz, 32 kHz "," 13"," 13"," 2 -UART    2 -SPI    2 -I2C   "," 0 - 8-bit   5 - 16-bit    0 - 32-bit  "," -40 to 125"," 2V - 3.6V"," 44/CSP 44/QFN 44/TQFP 128/LQFP"
"  PIC24FJ64GA106"," In Production "," $3.32"," 16"," Flash"," 64"," 21"," Yes"," 0"," 16384"," 52"," 64"," 32"," 16"," 8 MHz, 32 kHz "," 16"," 16"," 4 -UART    3 -SPI    3 -I2C   "," 0 - 8-bit   5 - 16-bit    0 - 32-bit  "," -40 to 125"," 2V - 3.6V"," 64/QFN 64/TQFP"
"  PIC24FJ64GA108"," In Production "," $3.35"," 16"," Flash"," 64"," 21"," Yes"," 0"," 16384"," 68"," 80"," 32"," 16"," 8 MHz, 32 kHz "," 16"," 16"," 4 -UART    3 -SPI    3 -I2C   "," 0 - 8-bit   5 - 16-bit    0 - 32-bit  "," -40 to 125"," 2V - 3.6V"," 80/TQFP"
"  PIC24FJ64GA110"," In Production "," $3.79"," 16"," Flash"," 64"," 21"," Yes"," 0"," 16384"," 84"," 100"," 32"," 16"," 8 MHz, 32 kHz "," 16"," 16"," 4 -UART    3 -SPI    3 -I2C   "," 0 - 8-bit   5 - 16-bit    0 - 32-bit  "," -40 to 125"," 2V - 3.6V"," 100/TQFP"
"  PIC24FJ64GA306"," In Production "," $2.77"," 16"," Flash"," 64"," 21"," Yes"," 0"," 8192"," 53"," 64"," 32"," 16"," 8 MHz, 32 kHz "," 16"," 16"," 4 -UART    2 -SPI    2 -I2C   "," 0 - 8-bit   5 - 16-bit    0 - 32-bit  "," -40 to 85"," 2V - 3.6V"," 64/QFN 64/TQFP"
"  PIC24FJ64GA308"," In Production "," $2.98"," 16"," Flash"," 64"," 21"," Yes"," 0"," 8192"," 69"," 80"," 32"," 16"," 8 MHz, 32 kHz "," 16"," 16"," 4 -UART    2 -SPI    2 -I2C   "," 0 - 8-bit   5 - 16-bit    0 - 32-bit  "," -40 to 85"," 2V - 3.6V"," 80/TQFP"
"  PIC24FJ64GA310"," In Production "," $3.16"," 16"," Flash"," 64"," 21"," Yes"," 0"," 8192"," 85"," 100"," 32"," 16"," 8 MHz, 32 kHz "," 24"," 24"," 4 -UART    2 -SPI    2 -I2C   "," 0 - 8-bit   5 - 16-bit    0 - 32-bit  "," -40 to 85"," 2V - 3.6V"," 100/TQFP 121/XBGA"
"  PIC24FJ64GB002"," In Production "," $2.48"," 16"," Flash"," 64"," 21"," Yes"," 0"," 8192"," 21"," 28"," 32"," 16"," 8 MHz, 32 kHz "," 9"," 13"," 2 -UART    2 -SPI    2 -I2C   "," 0 - 8-bit   5 - 16-bit    0 - 32-bit  "," -40 to 125"," 2V - 3.6V"," 28/QFN 28/SOIC 300mil 28/SPDIP 28/SSOP 208mil"
"  PIC24FJ64GB004"," In Production "," $2.72"," 16"," Flash"," 64"," 21"," Yes"," 0"," 8192"," 35"," 44"," 32"," 16"," 8 MHz, 32 kHz "," 13"," 13"," 2 -UART    2 -SPI    2 -I2C   "," 0 - 8-bit   5 - 16-bit    0 - 32-bit  "," -40 to 125"," 2V - 3.6V"," 44/CSP 44/QFN 44/TQFP"
"  PIC24FJ64GB106"," In Production "," $3.57"," 16"," Flash"," 64"," 21"," Yes"," 0"," 16384"," 52"," 64"," 32"," 16"," 8 MHz, 32 kHz "," 16"," 16"," 4 -UART    3 -SPI    3 -I2C   "," 0 - 8-bit   5 - 16-bit    0 - 32-bit  "," -40 to 85"," 2V - 3.6V"," 64/QFN 64/TQFP"
"  PIC24FJ64GB108"," In Production "," $3.84"," 16"," Flash"," 64"," 21"," Yes"," 0"," 16384"," 68"," 80"," 32"," 16"," 8 MHz, 32 kHz "," 16"," 16"," 4 -UART    3 -SPI    3 -I2C   "," 0 - 8-bit   5 - 16-bit    0 - 32-bit  "," -40 to 85"," 2V - 3.6V"," 80/TQFP"
"  PIC24FJ64GB110"," In Production "," $4.05"," 16"," Flash"," 64"," 21"," Yes"," 0"," 16384"," 84"," 100"," 32"," 16"," 8 MHz, 32 kHz "," 16"," 16"," 4 -UART    3 -SPI    3 -I2C   "," 0 - 8-bit   5 - 16-bit    0 - 32-bit  "," -40 to 85"," 2V - 3.6V"," 100/TQFP"
"  PIC24FJ64GB502"," Future Product "," Call for pricing"," 16"," Flash"," 64"," 21"," Yes"," 0"," 8192"," 17"," 28"," 32"," 16"," 8 MHz, 32 kHz "," 9"," 13"," 2 -UART    2 -SPI    2 -I2C   "," 0 - 8-bit   5 - 16-bit    0 - 32-bit  "," -40 to 85"," 2V - 3.6V"," Please call for package information"
"  PIC24FJ96GA006"," In Production "," $2.59"," 16"," Flash"," 96"," 32"," Yes"," 0"," 8192"," 53"," 64"," 32"," 16"," 8 MHz, 32 kHz "," 16","  "," 2 -UART    0 -A/E/USART    2 -SPI    2 -I2C   "," 0 - 8-bit   5 - 16-bit    0 - 32-bit  "," -40 to 85"," 2V - 3.6V"," 64/QFN 64/TQFP"
"  PIC24FJ96GA008"," In Production "," $2.84"," 16"," Flash"," 96"," 32"," Yes"," 0"," 8192"," 69"," 80"," 32"," 16"," 8 MHz, 32 kHz "," 16","  "," 2 -UART    0 -A/E/USART    2 -SPI    2 -I2C   "," 0 - 8-bit   5 - 16-bit    0 - 32-bit  "," -40 to 85"," 2V - 3.6V"," 80/TQFP"
"  PIC24FJ96GA010"," In Production "," $3.09"," 16"," Flash"," 96"," 32"," Yes"," 0"," 8192"," 85"," 100"," 32"," 16"," 8 MHz, 32 kHz "," 16","  "," 2 -UART    0 -A/E/USART    2 -SPI    2 -I2C   "," 0 - 8-bit   5 - 16-bit    0 - 32-bit  "," -40 to 85"," 2V - 3.6V"," 100/TQFP"
"  PIC24HJ128GP202"," In Production "," $3.44"," 16"," Flash"," 128"," 43"," Yes"," 0"," 8192"," 21"," 28"," 80"," 40"," 7.37 MHz, 512 kHz "," 10"," 10"," 2 -UART    2 -SPI    1 -I2C   "," 0 - 8-bit   5 - 16-bit    2 - 32-bit  "," -40 to 125"," 3V - 3.6V"," 28/QFN-S 28/SOIC 300mil 28/SPDIP"
"  PIC24HJ128GP204"," In Production "," $3.58"," 16"," Flash"," 128"," 43"," Yes"," 0"," 8192"," 35"," 44"," 80"," 40"," 7.37 MHz, 512 kHz "," 13"," 13"," 2 -UART    2 -SPI    1 -I2C   "," 0 - 8-bit   5 - 16-bit    2 - 32-bit  "," -40 to 125"," 3V - 3.6V"," 44/QFN 44/TQFP"
"  PIC24HJ128GP206A"," In Production "," $3.63"," 16"," Flash"," 128"," 43"," Yes"," 0"," 8192"," 53"," 64"," 80"," 40"," 7.37 MHz, 512 kHz "," 18"," 18"," 2 -UART    2 -SPI    1 -I2C   "," 0 - 8-bit   9 - 16-bit    4 - 32-bit  "," -40 to 125"," 3V - 3.6V"," 64/QFN 64/TQFP"
"  PIC24HJ128GP210A"," In Production "," $4.14"," 16"," Flash"," 128"," 43"," Yes"," 0"," 8192"," 85"," 100"," 80"," 40"," 7.37 MHz, 512 kHz "," 32"," 32"," 2 -UART    2 -SPI    2 -I2C   "," 0 - 8-bit   9 - 16-bit    4 - 32-bit  "," -40 to 125"," 3V - 3.6V"," 100/TQFP"
"  PIC24HJ128GP306A"," In Production "," $3.79"," 16"," Flash"," 128"," 43"," Yes"," 0"," 16384"," 53"," 64"," 80"," 40"," 7.37 MHz, 512 kHz "," 18","  "," 2 -UART    2 -SPI    2 -I2C   "," 0 - 8-bit   9 - 16-bit    4 - 32-bit  "," -40 to 125"," 3V - 3.6V"," 64/QFN 64/TQFP"
"  PIC24HJ128GP310A"," In Production "," $4.26"," 16"," Flash"," 128"," 43"," Yes"," 0"," 16384"," 85"," 100"," 80"," 40"," 7.37 MHz, 512 kHz "," 32"," 32"," 2 -UART    2 -SPI    2 -I2C   "," 0 - 8-bit   9 - 16-bit    4 - 32-bit  "," -40 to 125"," 3V - 3.6V"," 100/TQFP"
"  PIC24HJ128GP502"," In Production "," $3.65"," 16"," Flash"," 128"," 43"," Yes"," 0"," 8192"," 21"," 28"," 80"," 40"," 7.37 MHz, 512 kHz "," 10"," 10"," 2 -UART    2 -SPI    1 -I2C   "," 0 - 8-bit   5 - 16-bit    2 - 32-bit  "," -40 to 150"," 3V - 3.6V"," 28/QFN-S 28/SOIC 300mil 28/SPDIP"
"  PIC24HJ128GP504"," In Production "," $3.88"," 16"," Flash"," 128"," 43"," Yes"," 0"," 8192"," 35"," 44"," 80"," 40"," 7.37 MHz, 512 kHz "," 13"," 13"," 2 -UART    2 -SPI    1 -I2C   "," 0 - 8-bit   5 - 16-bit    2 - 32-bit  "," -40 to 150"," 3V - 3.6V"," 44/QFN 44/TQFP"
"  PIC24HJ128GP506A"," In Production "," $3.85"," 16"," Flash"," 128"," 43"," Yes"," 0"," 8192"," 53"," 64"," 80"," 40"," 7.37 MHz, 512 kHz "," 18"," 18"," 2 -UART    2 -SPI    2 -I2C   "," 0 - 8-bit   9 - 16-bit    4 - 32-bit  "," -40 to 150"," 3V - 3.6V"," 64/QFN 64/TQFP"
"  PIC24HJ128GP510A"," In Production "," $4.31"," 16"," Flash"," 128"," 43"," Yes"," 0"," 8192"," 85"," 100"," 80"," 40"," 7.37 MHz, 512 kHz "," 32"," 32"," 2 -UART    2 -SPI    2 -I2C   "," 0 - 8-bit   9 - 16-bit    4 - 32-bit  "," -40 to 150"," 3V - 3.6V"," 100/TQFP"
"  PIC24HJ12GP201"," In Production "," $2.09"," 16"," Flash"," 12"," 4"," Yes"," 0"," 1024"," 13"," 18"," 80"," 40"," 7.37 MHz, 512 kHz "," 6"," 6"," 1 -UART    0 -A/E/USART    1 -SPI    1 -I2C   "," 0 - 8-bit   3 - 16-bit    1 - 32-bit  "," -40 to 125"," 3V - 3.6V"," 18/PDIP 18/SOIC 300mil"
"  PIC24HJ12GP202"," In Production "," $2.24"," 16"," Flash"," 12"," 4"," Yes"," 0"," 1024"," 21"," 28"," 80"," 40"," 7.37 MHz, 512 kHz "," 10"," 10"," 1 -UART    0 -A/E/USART    1 -SPI    1 -I2C   "," 0 - 8-bit   3 - 16-bit    1 - 32-bit  "," -40 to 125"," 3V - 3.6V"," 28/QFN 28/SOIC 300mil 28/SPDIP 28/SSOP 208mil"
"  PIC24HJ16GP304"," In Production "," $2.42"," 16"," Flash"," 16"," 5"," Yes"," 0"," 2048"," 35"," 44"," 80"," 40"," 7.37 MHz, 512 kHz "," 13"," 13"," 1 -UART    0 -A/E/USART    1 -SPI    1 -I2C   "," 0 - 8-bit   3 - 16-bit    1 - 32-bit  "," -40 to 150"," 3V - 3.6V"," 44/QFN 44/TQFP"
"  PIC24HJ256GP206A"," In Production "," $4.05"," 16"," Flash"," 256"," 85"," Yes"," 0"," 16384"," 53"," 64"," 80"," 40"," 7.37 MHz, 512 kHz "," 18","  "," 2 -UART    2 -SPI    2 -I2C   "," 0 - 8-bit   9 - 16-bit    4 - 32-bit  "," -40 to 125"," 3V - 3.6V"," 64/QFN 64/TQFP"
"  PIC24HJ256GP210A"," In Production "," $4.63"," 16"," Flash"," 256"," 85"," Yes"," 0"," 16384"," 85"," 100"," 80"," 40"," 7.37 MHz, 512 kHz "," 32"," 32"," 2 -UART    2 -SPI    2 -I2C   "," 0 - 8-bit   9 - 16-bit    4 - 32-bit  "," -40 to 125"," 3V - 3.6V"," 100/TQFP"
"  PIC24HJ256GP610A"," In Production "," $5.08"," 16"," Flash"," 256"," 85"," Yes"," 0"," 16384"," 85"," 100"," 80"," 40"," 7.37 MHz, 512 kHz "," 32"," 32"," 2 -UART    2 -SPI    2 -I2C   "," 0 - 8-bit   9 - 16-bit    4 - 32-bit  "," -40 to 150"," 3V - 3.6V"," 100/TQFP"
"  PIC24HJ32GP202"," In Production "," $2.38"," 16"," Flash"," 32"," 11"," Yes"," 0"," 2048"," 21"," 28"," 80"," 40"," 7.37 MHz, 512 kHz "," 10"," 10"," 1 -UART    0 -A/E/USART    1 -SPI    1 -I2C   "," 0 - 8-bit   3 - 16-bit    1 - 32-bit  "," -40 to 150"," 3V - 3.6V"," 28/QFN-S 28/SOIC 300mil 28/SPDIP 28/SSOP 208mil"
"  PIC24HJ32GP204"," In Production "," $2.49"," 16"," Flash"," 32"," 11"," Yes"," 0"," 2048"," 35"," 44"," 80"," 40"," 7.37 MHz, 512 kHz "," 13"," 13"," 1 -UART    0 -A/E/USART    1 -SPI    1 -I2C   "," 0 - 8-bit   3 - 16-bit    1 - 32-bit  "," -40 to 150"," 3V - 3.6V"," 44/QFN 44/TQFP"
"  PIC24HJ32GP302"," In Production "," $2.76"," 16"," Flash"," 32"," 11"," Yes"," 0"," 4096"," 21"," 28"," 80"," 40"," 7.37 MHz, 512 kHz "," 10"," 10"," 2 -UART    2 -SPI    1 -I2C   "," 0 - 8-bit   5 - 16-bit    2 - 32-bit  "," -40 to 125"," 3V - 3.6V"," 28/QFN-S 28/SOIC 300mil 28/SPDIP"
"  PIC24HJ32GP304"," In Production "," $2.82"," 16"," Flash"," 32"," 11"," Yes"," 0"," 4096"," 35"," 44"," 80"," 40"," 7.37 MHz, 512 kHz "," 13"," 13"," 2 -UART    2 -SPI    1 -I2C   "," 0 - 8-bit   5 - 16-bit    2 - 32-bit  "," -40 to 125"," 3V - 3.6V"," 44/QFN 44/TQFP"
"  PIC24HJ64GP202"," In Production "," $3.12"," 16"," Flash"," 64"," 21"," Yes"," 0"," 4096"," 21"," 28"," 80"," 40"," 7.37 MHz, 512 kHz "," 10"," 10"," 2 -UART    2 -SPI    1 -I2C   "," 0 - 8-bit   5 - 16-bit    2 - 32-bit  "," -40 to 125"," 3V - 3.6V"," 28/QFN-S 28/SOIC 300mil 28/SPDIP"
"  PIC24HJ64GP204"," In Production "," $3.29"," 16"," Flash"," 64"," 21"," Yes"," 0"," 8192"," 35"," 44"," 80"," 40"," 7.37 MHz, 512 kHz "," 13"," 13"," 2 -UART    2 -SPI    1 -I2C   "," 0 - 8-bit   5 - 16-bit    2 - 32-bit  "," -40 to 125"," 3V - 3.6V"," 44/QFN 44/TQFP"
"  PIC24HJ64GP206A"," In Production "," $3.39"," 16"," Flash"," 64"," 21"," Yes"," 0"," 8192"," 53"," 64"," 80"," 40"," 7.37 MHz, 512 kHz "," 18"," 18"," 2 -UART    2 -SPI    1 -I2C   "," 0 - 8-bit   9 - 16-bit    4 - 32-bit  "," -40 to 125"," 3V - 3.6V"," 64/QFN 64/TQFP"
"  PIC24HJ64GP210A"," In Production "," $3.88"," 16"," Flash"," 64"," 21"," Yes"," 0"," 8192"," 85"," 100"," 80"," 40"," 7.37 MHz, 512 kHz "," 32"," 32"," 2 -UART    2 -SPI    2 -I2C   "," 0 - 8-bit   9 - 16-bit    4 - 32-bit  "," -40 to 125"," 3V - 3.6V"," 100/TQFP"
"  PIC24HJ64GP502"," In Production "," $3.33"," 16"," Flash"," 64"," 21"," Yes"," 0"," 4096"," 21"," 28"," 80"," 40"," 7.37 MHz, 512 kHz "," 10"," 10"," 2 -UART    2 -SPI    1 -I2C   "," 0 - 8-bit   5 - 16-bit    2 - 32-bit  "," -40 to 150"," 3V - 3.6V"," 28/QFN-S 28/SOIC 300mil 28/SPDIP"
"  PIC24HJ64GP504"," In Production "," $3.58"," 16"," Flash"," 64"," 21"," Yes"," 0"," 4096"," 35"," 44"," 80"," 40"," 7.37 MHz, 512 kHz "," 13"," 13"," 2 -UART    2 -SPI    1 -I2C   "," 0 - 8-bit   5 - 16-bit    2 - 32-bit  "," -40 to 150"," 3V - 3.6V"," 44/QFN 44/TQFP"
"  PIC24HJ64GP506A"," In Production "," $3.60"," 16"," Flash"," 64"," 21"," Yes"," 0"," 8192"," 53"," 64"," 80"," 40"," 7.37 MHz, 32 kHz "," 18"," 18"," 2 -UART    2 -SPI    2 -I2C   "," 0 - 8-bit   9 - 16-bit    4 - 32-bit  "," -40 to 125"," 3V - 3.6V"," 64/QFN 64/TQFP"
"  PIC24HJ64GP510A"," In Production "," $4.06"," 16"," Flash"," 64"," 21"," Yes"," 0"," 8192"," 85"," 100"," 80"," 40"," 7.37 MHz, 512 kHz "," 32"," 32"," 2 -UART    2 -SPI    2 -I2C   "," 0 - 8-bit   9 - 16-bit    4 - 32-bit  "," -40 to 125"," 3V - 3.6V"," 100/TQFP"
"  PIC32MX110F016B"," In Production "," $1.51"," 32"," Flash"," 16"," 4"," Yes"," 0"," 4096"," 21"," 28"," 40"," 40"," 8 MHz, 32 kHz "," 10"," 13"," 2 -UART    2 -SPI    2 -I2C   "," 0 - 8-bit   5 - 16-bit    2 - 32-bit  "," -40 to 105"," 2.3V - 3.6V"," 28/QFN 28/SOIC 300mil 28/SPDIP 28/SSOP 208mil"
"  PIC32MX110F016C"," In Production "," $1.65"," 32"," Flash"," 16"," 4"," Yes"," 0"," 4096"," 25"," 36"," 40"," 40"," 8 MHz, 32 kHz "," 12"," 13"," 2 -UART    2 -SPI    2 -I2C   "," 0 - 8-bit   5 - 16-bit    2 - 32-bit  "," -40 to 105"," 2.3V - 3.6V"," 36/VTLA"
"  PIC32MX110F016D"," In Production "," $1.75"," 32"," Flash"," 16"," 4"," Yes"," 0"," 4096"," 34"," 44"," 40"," 40"," 8 MHz, 32 kHz "," 13"," 13"," 2 -UART    2 -SPI    2 -I2C   "," 0 - 8-bit   5 - 16-bit    2 - 32-bit  "," -40 to 105"," 2.3V - 3.6V"," 44/QFN 44/TQFP 44/VLAP"
"  PIC32MX120F032B"," In Production "," $1.71"," 32"," Flash"," 32"," 4"," Yes"," 0"," 8192"," 21"," 28"," 50"," 50"," 8 MHz, 32 kHz "," 10"," 13"," 2 -UART    2 -SPI    2 -I2C   "," 0 - 8-bit   5 - 16-bit    2 - 32-bit  "," -40 to 105"," 2.3V - 3.6V"," 28/QFN 28/SOIC 300mil 28/SPDIP 28/SSOP 208mil"
"  PIC32MX120F032C"," In Production "," $1.85"," 32"," Flash"," 32"," 4"," Yes"," 0"," 8192"," 25"," 36"," 50"," 50"," 8 MHz, 32 kHz "," 12"," 13"," 2 -UART    2 -SPI    2 -I2C   "," 0 - 8-bit   5 - 16-bit    2 - 32-bit  "," -40 to 105"," 2.3V - 3.6V"," 36/VTLA"
"  PIC32MX120F032D"," In Production "," $1.95"," 32"," Flash"," 32"," 8"," Yes"," 0"," 8192"," 34"," 44"," 50"," 50"," 8 MHz, 32 kHz "," 13"," 13"," 2 -UART    2 -SPI    2 -I2C   "," 0 - 8-bit   5 - 16-bit    2 - 32-bit  "," -40 to 105"," 2.3V - 3.6V"," 44/QFN 44/TQFP 44/VLAP"
"  PIC32MX130F064B"," In Production "," $2.03"," 32"," Flash"," 64"," 16"," No"," 0"," 16384"," 21"," 28"," 40"," 40"," 8 MHz, 32 kHz "," 10"," 13"," 2 -UART    2 -SPI    2 -I2C   "," 0 - 8-bit   5 - 16-bit    2 - 32-bit  "," -40 to 105"," 2.3V - 3.6V"," 28/QFN 28/SOIC 300mil 28/SPDIP 28/SSOP 208mil"
"  PIC32MX130F064C"," In Production "," $2.17"," 32"," Flash"," 64"," 16"," No"," 0"," 16384"," 25"," 36"," 40"," 40"," 8 MHz, 32 kHz "," 12"," 13"," 2 -UART    2 -SPI    2 -I2C   "," 5 - 16-bit    2 - 32-bit  "," -40 to 105"," 2.3V - 3.6V"," 36/VTLA"
"  PIC32MX130F064D"," In Production "," $2.24"," 32"," Flash"," 64"," 16"," No"," 0"," 16384"," 34"," 44"," 40"," 40"," 8 MHz, 32 kHz "," 13"," 13"," 2 -UART    2 -SPI    2 -I2C   "," 0 - 8-bit   5 - 16-bit    2 - 32-bit  "," -40 to 105"," 2.3V - 3.6V"," 44/QFN 44/TQFP 44/VLAP"
"  PIC32MX150F128B"," In Production "," $2.31"," 32"," Flash"," 128"," 32"," No"," 0"," 32768"," 21"," 28"," 50"," 50"," 8 MHz, 32 kHz "," 10"," 13"," 2 -UART    2 -SPI    2 -I2C   "," 0 - 8-bit   5 - 16-bit    2 - 32-bit  "," -40 to 105"," 2.3V - 3.6V"," 28/QFN 28/SOIC 300mil 28/SPDIP 28/SSOP 208mil"
"  PIC32MX150F128C"," In Production "," $2.45"," 32"," Flash"," 128"," 32"," No"," 0"," 32768"," 25"," 36"," 50"," 50"," 8 MHz, 32 kHz "," 12"," 13"," 2 -UART    2 -SPI    2 -I2C   "," 0 - 8-bit   5 - 16-bit    2 - 32-bit  "," -40 to 105"," 2.3V - 3.6V"," 36/VTLA"
"  PIC32MX150F128D"," In Production "," $2.52"," 32"," Flash"," 128"," 64"," Yes"," 0"," 32768"," 34"," 44"," 50"," 50"," 8 MHz, 32 kHz "," 13"," 13"," 2 -UART    2 -SPI    2 -I2C   "," 0 - 8-bit   5 - 16-bit    2 - 32-bit  "," -40 to 105"," 2.3V - 3.6V"," 44/QFN 44/TQFP 44/VLAP"
"  PIC32MX210F016B"," In Production "," $1.62"," 32"," Flash"," 16"," 4"," Yes"," 0"," 4096"," 19"," 28"," 40"," 40"," 8 MHz, 32 kHz "," 9"," 13"," 2 -UART    2 -SPI    2 -I2C   "," 0 - 8-bit   5 - 16-bit    2 - 32-bit  "," -40 to 105"," 2.3V - 3.6V"," 28/QFN 28/SOIC 300mil 28/SPDIP 28/SSOP 208mil"
"  PIC32MX210F016C"," In Production "," $1.76"," 32"," Flash"," 16"," 4"," Yes"," 0"," 4096"," 23"," 36"," 40"," 40"," 8 MHz, 32 kHz "," 12"," 13"," 2 -UART    2 -SPI    2 -I2C   "," 0 - 8-bit   5 - 16-bit    2 - 32-bit  "," -40 to 105"," 2.3V - 3.6V"," 36/VTLA"
"  PIC32MX210F016D"," In Production "," $1.85"," 32"," Flash"," 16"," 4"," Yes"," 0"," 4096"," 33"," 44"," 40"," 40"," 8 MHz, 32 kHz "," 13"," 13"," 2 -UART    2 -SPI    2 -I2C   "," 0 - 8-bit   5 - 16-bit    2 - 32-bit  "," -40 to 105"," 2.3V - 3.6V"," 44/QFN 44/TQFP 44/VLAP"
"  PIC32MX220F032B"," In Production "," $1.82"," 32"," Flash"," 32"," 8"," Yes"," 0"," 8192"," 19"," 28"," 50"," 50"," 8 MHz, 32 kHz "," 9"," 13"," 2 -UART    2 -SPI    2 -I2C   "," 0 - 8-bit   5 - 16-bit    2 - 32-bit  "," -40 to 105"," 2.3V - 3.6V"," 28/QFN 28/SOIC 300mil 28/SPDIP 28/SSOP 208mil"
"  PIC32MX220F032C"," In Production "," $1.96"," 32"," Flash"," 32"," 8"," Yes"," 0"," 8192"," 23"," 36"," 50"," 50"," 8 MHz, 32 kHz "," 12"," 13"," 2 -UART    2 -SPI    2 -I2C   "," 0 - 8-bit   5 - 16-bit    2 - 32-bit  "," -40 to 105"," 2.3V - 3.6V"," 36/VTLA"
"  PIC32MX220F032D"," In Production "," $2.04"," 32"," Flash"," 32"," 8"," Yes"," 0"," 8192"," 33"," 44"," 50"," 50"," 8 MHz, 32 kHz "," 13"," 13"," 2 -UART    2 -SPI    2 -I2C   "," 0 - 8-bit   5 - 16-bit    2 - 32-bit  "," -40 to 105"," 2.3V - 3.6V"," 44/QFN 44/TQFP 44/VLAP"
"  PIC32MX230F064B"," In Production "," $2.31"," 32"," Flash"," 64"," 16"," Yes"," 0"," 16384"," 19"," 28"," 40"," 40"," 8 MHz, 32 kHz "," 9"," 13"," 2 -UART    2 -SPI    2 -I2C   "," 0 - 8-bit   5 - 16-bit    2 - 32-bit  "," -40 to 105"," 2.3V - 3.6V"," 28/QFN 28/SOIC 300mil 28/SPDIP 28/SSOP 208mil"
"  PIC32MX230F064C"," In Production "," $2.45"," 32"," Flash"," 64"," 16"," Yes"," 0"," 16384"," 23"," 36"," 40"," 40"," 8 MHz, 32 kHz "," 12"," 13"," 2 -UART    2 -SPI    2 -I2C   "," 0 - 8-bit   5 - 16-bit    2 - 32-bit  "," -40 to 105"," 2.3V - 3.6V"," 36/VTLA"
"  PIC32MX230F064D"," In Production "," $2.52"," 32"," Flash"," 64"," 16"," Yes"," 0"," 16384"," 33"," 44"," 40"," 40"," 8 MHz, 32 kHz "," 13"," 13"," 2 -UART    2 -SPI    2 -I2C   "," 0 - 8-bit   5 - 16-bit    2 - 32-bit  "," -40 to 105"," 2.3V - 3.6V"," 44/QFN 44/TQFP 44/VLAP"
"  PIC32MX250F128B"," In Production "," $2.59"," 32"," Flash"," 128"," 64"," Yes"," 0"," 32768"," 19"," 28"," 50"," 50"," 8 MHz, 32 kHz "," 9"," 13"," 2 -UART    2 -SPI    2 -I2C   "," 0 - 8-bit   5 - 16-bit    2 - 32-bit  "," -40 to 105"," 2.3V - 3.6V"," 28/QFN 28/SOIC 300mil 28/SPDIP 28/SSOP 208mil"
"  PIC32MX250F128C"," In Production "," $2.73"," 32"," Flash"," 128"," 32"," Yes"," 0"," 32768"," 23"," 36"," 50"," 50"," 8 MHz, 32 kHz "," 12"," 13"," 2 -UART    2 -SPI    2 -I2C   "," 0 - 8-bit   5 - 16-bit    2 - 32-bit  "," -40 to 105"," 2.3V - 3.6V"," 36/VTLA"
"  PIC32MX250F128D"," In Production "," $2.80"," 32"," Flash"," 128"," 32"," Yes"," 0"," 32768"," 33"," 44"," 50"," 50"," 8 MHz, 32 kHz "," 13"," 13"," 2 -UART    2 -SPI    2 -I2C   "," 0 - 8-bit   5 - 16-bit    2 - 32-bit  "," -40 to 105"," 2.3V - 3.6V"," 44/QFN 44/TQFP 44/VLAP"
"  PIC32MX320F032H"," In Production "," $3.09"," 32"," Flash"," 32"," 8"," Yes"," 0"," 8192"," 53"," 64"," 40"," 40"," 8 MHz, 32 kHz "," 16"," 16"," 2 -UART    2 -SPI    2 -I2C    0 -MSSP(SPI/I2C)    0 -SSP(SPI/I2C)    "," 0 - 8-bit   5 - 16-bit    1 - 32-bit  "," -40 to 105"," 2.3V - 3.6V"," 64/QFN 64/TQFP"
"  PIC32MX320F064H"," In Production "," $3.36"," 32"," Flash"," 64"," 16"," Yes"," 0"," 16384"," 53"," 64"," 80"," 80"," 8 MHz, 32 kHz "," 16"," 16"," 2 -UART    2 -SPI    2 -I2C   "," 0 - 8-bit   5 - 16-bit    1 - 32-bit  "," -40 to 105"," 2.3V - 3.6V"," 64/QFN 64/TQFP"
"  PIC32MX320F128H"," In Production "," $3.57"," 32"," Flash"," 128"," 32"," Yes"," 0"," 16384"," 53"," 64"," 80"," 80"," 8 MHz, 32 kHz "," 16"," 16"," 2 -UART    2 -SPI    2 -I2C   "," 0 - 8-bit   5 - 16-bit    1 - 32-bit  "," -40 to 105"," 2.3V - 3.6V"," 64/QFN 64/TQFP"
"  PIC32MX320F128L"," In Production "," $4.21"," 32"," Flash"," 128"," 32"," Yes"," 0"," 16384"," 85"," 100"," 80"," 80"," 8 MHz, 32 kHz "," 16"," 16"," 2 -UART    2 -SPI    2 -I2C   "," 0 - 8-bit   5 - 16-bit    1 - 32-bit  "," -40 to 105"," 2.3V - 3.6V"," 100/TQFP 121/XBGA"
"  PIC32MX340F128H"," In Production "," $3.77"," 32"," Flash"," 128"," 32"," Yes"," 0"," 32768"," 53"," 64"," 80"," 80"," 8 MHz, 32 kHz "," 16"," 16"," 2 -UART    2 -SPI    2 -I2C   "," 0 - 8-bit   5 - 16-bit    1 - 32-bit  "," -40 to 105"," 2.3V - 3.6V"," 64/QFN 64/TQFP"
"  PIC32MX340F128L"," In Production "," $4.21"," 32"," Flash"," 128"," 32"," Yes"," 0"," 32768"," 85"," 100"," 80"," 80"," 8 MHz, 32 kHz "," 16"," 16"," 2 -UART    2 -SPI    2 -I2C   "," 0 - 8-bit   5 - 16-bit    1 - 32-bit  "," -40 to 105"," 2.3V - 3.6V"," 100/TQFP 121/XBGA"
"  PIC32MX340F256H"," In Production "," $3.88"," 32"," Flash"," 256"," 64"," Yes"," 0"," 32768"," 53"," 64"," 80"," 80"," 8 MHz, 32 kHz "," 16"," 16"," 2 -UART    2 -SPI    2 -I2C   "," 0 - 8-bit   5 - 16-bit    1 - 32-bit  "," -40 to 105"," 2.3V - 3.6V"," 64/QFN 64/TQFP"
"  PIC32MX340F512H"," In Production "," $4.06"," 32"," Flash"," 512"," 128"," Yes"," 0"," 32768"," 51"," 64"," 80"," 80"," 8 MHz, 32 kHz "," 16"," 16"," 2 -UART    2 -SPI    2 -I2C   "," 0 - 8-bit   5 - 16-bit    1 - 32-bit  "," -40 to 105"," 2.3V - 3.6V"," 64/QFN 64/TQFP"
"  PIC32MX360F256L"," In Production "," $4.31"," 32"," Flash"," 256"," 64"," Yes"," 0"," 32768"," 85"," 100"," 80"," 80"," 8 MHz, 32 kHz "," 16"," 16"," 2 -UART    2 -SPI    2 -I2C   "," 0 - 8-bit   5 - 16-bit    1 - 32-bit  "," -40 to 105"," 2.3V - 3.6V"," 100/TQFP 121/XBGA"
"  PIC32MX360F512L"," In Production "," $4.47"," 32"," Flash"," 512"," 128"," Yes"," 0"," 32768"," 85"," 100"," 80"," 80"," 8 MHz, 32 kHz "," 16"," 16"," 2 -UART    2 -SPI    2 -I2C   "," 0 - 8-bit   5 - 16-bit    1 - 32-bit  "," -40 to 105"," 2.3V - 3.6V"," 100/TQFP 121/XBGA"
"  PIC32MX420F032H"," In Production "," $3.36"," 32"," Flash"," 32"," 8"," Yes"," 0"," 8192"," 51"," 64"," 40"," 40"," 8 MHz, 32 kHz "," 16"," 16"," 2 -UART    1 -SPI    2 -I2C   "," 0 - 8-bit   5 - 16-bit    1 - 32-bit  "," -40 to 105"," 2.3V - 3.6V"," 64/QFN 64/TQFP"
"  PIC32MX440F128H"," In Production "," $4.02"," 32"," Flash"," 128"," 32"," Yes"," 0"," 32768"," 51"," 64"," 80"," 80"," 8 MHz, 32 kHz "," 16"," 16"," 2 -UART    1 -SPI    2 -I2C   "," 0 - 8-bit   5 - 16-bit    1 - 32-bit  "," -40 to 105"," 2.3V - 3.6V"," 64/QFN 64/TQFP"
"  PIC32MX440F128L"," In Production "," $4.47"," 32"," Flash"," 128"," 32"," Yes"," 0"," 32768"," 85"," 100"," 80"," 80"," 8 MHz, 32 kHz "," 16"," 16"," 2 -UART    2 -SPI    2 -I2C   "," 0 - 8-bit   5 - 16-bit    1 - 32-bit  "," -40 to 105"," 2.3V - 3.6V"," 100/TQFP 121/XBGA"
"  PIC32MX440F256H"," In Production "," $4.12"," 32"," Flash"," 256"," 64"," Yes"," 0"," 32768"," 51"," 64"," 80"," 80"," 8 MHz, 32 kHz "," 16"," 16"," 2 -UART    1 -SPI    2 -I2C   "," 0 - 8-bit   5 - 16-bit    1 - 32-bit  "," -40 to 105"," 2.3V - 3.6V"," 64/QFN 64/TQFP"
"  PIC32MX440F512H"," In Production "," $4.28"," 32"," Flash"," 512"," 128"," Yes"," 0"," 32768"," 51"," 64"," 80"," 80"," 8 MHz, 32 kHz "," 16"," 16"," 2 -UART    1 -SPI    2 -I2C   "," 0 - 8-bit   5 - 16-bit    1 - 32-bit  "," -40 to 105"," 2.3V - 3.6V"," 64/QFN 64/TQFP"
"  PIC32MX460F256L"," In Production "," $4.55"," 32"," Flash"," 256"," 64"," Yes"," 0"," 32768"," 85"," 100"," 80"," 80"," 8 MHz, 32 kHz "," 16"," 16"," 2 -UART    2 -SPI    2 -I2C   "," 0 - 8-bit   5 - 16-bit    1 - 32-bit  "," -40 to 105"," 2.3V - 3.6V"," 100/TQFP 121/XBGA"
"  PIC32MX460F512L"," In Production "," $4.69"," 32"," Flash"," 512"," 128"," Yes"," 0"," 32768"," 85"," 100"," 80"," 80"," 8 MHz, 32 kHz "," 16"," 16"," 2 -UART    2 -SPI    2 -I2C   "," 0 - 8-bit   5 - 16-bit    1 - 32-bit  "," -40 to 105"," 2.3V - 3.6V"," 100/TQFP 121/XBGA"
"  PIC32MX534F064H"," In Production "," $3.30"," 32"," Flash"," 64"," 16"," Yes"," 0"," 16384"," 53"," 64"," 80"," 80"," 8 MHz, 32 kHz "," 16"," 16"," 6 -UART    3 -SPI    4 -I2C   "," 5 - 16-bit    2 - 32-bit  "," -40 to 85"," 2.3V - 3.6V"," 64/QFN 64/TQFP"
"  PIC32MX534F064L"," In Production "," $3.71"," 32"," Flash"," 64"," 16"," Yes"," 0"," 16384"," 85"," 100"," 80"," 80"," 8 MHz, 32 kHz "," 16"," 16"," 6 -UART    4 -SPI    5 -I2C   "," 0 - 8-bit   5 - 16-bit    2 - 32-bit  "," -40 to 85"," 2.3V - 3.6V"," 100/TQFP 121/XBGA"
"  PIC32MX564F064H"," In Production "," $3.49"," 32"," Flash"," 64"," 16"," Yes"," 0"," 16384"," 53"," 64"," 80"," 80"," 8 MHz, 32 kHz "," 16"," 16"," 6 -UART    3 -SPI    4 -I2C   "," 0 - 8-bit   5 - 16-bit    2 - 32-bit  "," -40 to 85"," 2.3V - 3.6V"," 64/QFN 64/TQFP"
"  PIC32MX564F064L"," In Production "," $3.89"," 32"," Flash"," 64"," 16"," Yes"," 0"," 16384"," 85"," 100"," 80"," 80"," 8 MHz, 32 kHz "," 16"," 16"," 6 -UART    4 -SPI    5 -I2C   "," 0 - 8-bit   5 - 16-bit    2 - 32-bit  "," -40 to 85"," 2.3V - 3.6V"," 100/TQFP 121/XBGA"
"  PIC32MX564F128H"," In Production "," $3.70"," 32"," Flash"," 128"," 32"," Yes"," 0"," 32768"," 53"," 64"," 80"," 80"," 8 MHz, 32 kHz "," 16"," 16"," 6 -UART    3 -SPI    4 -I2C   "," 0 - 8-bit   5 - 16-bit    2 - 32-bit  "," -40 to 85"," 2.3V - 3.6V"," 64/QFN 64/TQFP"
"  PIC32MX564F128L"," In Production "," $4.09"," 32"," Flash"," 128"," 32"," Yes"," 0"," 32768"," 85"," 100"," 80"," 80"," 8 MHz, 32 kHz "," 16"," 16"," 6 -UART    4 -SPI    5 -I2C   "," 0 - 8-bit   5 - 16-bit    2 - 32-bit  "," -40 to 85"," 2.3V - 3.6V"," 100/TQFP 121/XBGA"
"  PIC32MX575F256H"," In Production "," $4.96"," 32"," Flash"," 256"," 64"," Yes"," 0"," 65536"," 53"," 64"," 80"," 80"," 8 MHz, 32 kHz "," 16"," 16"," 6 -UART    3 -SPI    4 -I2C   "," 0 - 8-bit   5 - 16-bit    2 - 32-bit  "," -40 to 105"," 2.3V - 3.6V"," 64/QFN 64/TQFP"
"  PIC32MX575F256L"," In Production "," $5.43"," 32"," Flash"," 256"," 64"," Yes"," 0"," 65536"," 85"," 100"," 80"," 80"," 8 MHz, 32 kHz "," 16"," 16"," 6 -UART    4 -SPI    5 -I2C   "," 0 - 8-bit   5 - 16-bit    2 - 32-bit  "," -40 to 105"," 2.3V - 3.6V"," 100/TQFP 121/XBGA"
"  PIC32MX575F512H"," In Production "," $5.42"," 32"," Flash"," 512"," 128"," Yes"," 0"," 65536"," 53"," 64"," 80"," 80"," 8 MHz, 32 kHz "," 16"," 16"," 6 -UART    3 -SPI    4 -I2C   "," 0 - 8-bit   5 - 16-bit    2 - 32-bit  "," -40 to 105"," 2.3V - 3.6V"," 64/QFN 64/TQFP"
"  PIC32MX575F512L"," In Production "," $5.89"," 32"," Flash"," 512"," 128"," Yes"," 0"," 65536"," 85"," 100"," 80"," 80"," 8 MHz, 32 kHz "," 16"," 16"," 6 -UART    4 -SPI    5 -I2C   "," 0 - 8-bit   5 - 16-bit    2 - 32-bit  "," -40 to 105"," 2.3V - 3.6V"," 100/TQFP 121/XBGA 124/VTLA"
"  PIC32MX664F064H"," In Production "," $3.70"," 32"," Flash"," 64"," 16"," Yes"," 0"," 32768"," 53"," 64"," 80"," 80"," 8 MHz, 32 kHz "," 16"," 16"," 6 -UART    3 -SPI    4 -I2C   "," 0 - 8-bit   5 - 16-bit    2 - 32-bit  "," -40 to 85"," 2.3V - 3.6V"," 64/QFN 64/TQFP"
"  PIC32MX664F064L"," In Production "," $4.09"," 32"," Flash"," 64"," 16"," Yes"," 0"," 32768"," 85"," 100"," 80"," 80"," 8 MHz, 32 kHz "," 16"," 16"," 6 -UART    4 -SPI    5 -I2C   "," 0 - 8-bit   5 - 16-bit    2 - 32-bit  "," -40 to 85"," 2.3V - 3.6V"," 100/TQFP 121/XBGA"
"  PIC32MX664F128H"," In Production "," $3.89"," 32"," Flash"," 128"," 32"," Yes"," 0"," 32768"," 53"," 64"," 80"," 80"," 8 MHz, 32 kHz "," 16"," 16"," 6 -UART    3 -SPI    4 -I2C   "," 0 - 8-bit   5 - 16-bit    2 - 32-bit  "," -40 to 85"," 2.3V - 3.6V"," 64/QFN 64/TQFP"
"  PIC32MX664F128L"," In Production "," $4.30"," 32"," Flash"," 128"," 32"," Yes"," 0"," 32768"," 85"," 100"," 80"," 80"," 8 MHz, 32 kHz "," 16"," 16"," 6 -UART    4 -SPI    5 -I2C   "," 0 - 8-bit   5 - 16-bit    2 - 32-bit  "," -40 to 85"," 2.3V - 3.6V"," 100/TQFP 121/XBGA"
"  PIC32MX675F256H"," In Production "," $5.19"," 32"," Flash"," 256"," 64"," Yes"," 0"," 65536"," 53"," 64"," 80"," 80"," 8 MHz, 32 kHz "," 16"," 16"," 6 -UART    3 -SPI    4 -I2C   "," 5 - 16-bit    2 - 32-bit  "," -40 to 105"," 2.3V - 3.6V"," 64/QFN 64/TQFP"
"  PIC32MX675F256L"," In Production "," $5.67"," 32"," Flash"," 256"," 64"," Yes"," 0"," 65536"," 85"," 100"," 80"," 80"," 8 MHz, 32 kHz "," 16"," 16"," 6 -UART    4 -SPI    5 -I2C   "," 5 - 16-bit    2 - 32-bit  "," -40 to 105"," 2.3V - 3.6V"," 100/TQFP 121/XBGA"
"  PIC32MX675F512H"," In Production "," $5.66"," 32"," Flash"," 512"," 128"," Yes"," 0"," 65536"," 53"," 64"," 80"," 80"," 8 MHz, 32 kHz "," 16"," 16"," 6 -UART    3 -SPI    4 -I2C   "," 0 - 8-bit   5 - 16-bit    2 - 32-bit  "," -40 to 105"," 2.3V - 3.6V"," 64/QFN 64/TQFP"
"  PIC32MX675F512L"," In Production "," $6.13"," 32"," Flash"," 512"," 128"," Yes"," 0"," 65536"," 85"," 100"," 80"," 80"," 8 MHz, 32 kHz "," 16"," 16"," 6 -UART    4 -SPI    5 -I2C   "," 0 - 8-bit   5 - 16-bit    2 - 32-bit  "," -40 to 105"," 2.3V - 3.6V"," 100/TQFP 121/XBGA 124/VTLA"
"  PIC32MX695F512H"," In Production "," $6.13"," 32"," Flash"," 512"," 128"," Yes"," 0"," 131072"," 53"," 64"," 80"," 80"," 8 MHz, 32 kHz "," 16"," 16"," 6 -UART    3 -SPI    4 -I2C   "," 0 - 8-bit   5 - 16-bit    2 - 32-bit  "," -40 to 105"," 2.3V - 3.6V"," 64/QFN 64/TQFP"
"  PIC32MX695F512L"," In Production "," $6.61"," 32"," Flash"," 512"," 128"," Yes"," 0"," 131072"," 85"," 100"," 80"," 80"," 8 MHz, 32 kHz "," 16"," 16"," 6 -UART    4 -SPI    5 -I2C   "," 0 - 8-bit   5 - 16-bit    2 - 32-bit  "," -40 to 105"," 2.3V - 3.6V"," 100/TQFP 121/XBGA 124/VTLA"
"  PIC32MX764F128H"," In Production "," $3.99"," 32"," Flash"," 128"," 32"," Yes"," 0"," 32768"," 53"," 64"," 80"," 80"," 8 MHz, 32 kHz "," 16"," 16"," 6 -UART    3 -SPI    4 -I2C   "," 0 - 8-bit   5 - 16-bit    2 - 32-bit  "," -40 to 85"," 2.3V - 3.6V"," 64/QFN 64/TQFP"
"  PIC32MX764F128L"," In Production "," $4.40"," 32"," Flash"," 128"," 32"," Yes"," 0"," 32768"," 85"," 100"," 80"," 80"," 8 MHz, 32 kHz "," 16"," 16"," 6 -UART    4 -SPI    5 -I2C   "," 0 - 8-bit   5 - 16-bit    2 - 32-bit  "," -40 to 85"," 2.3V - 3.6V"," 100/TQFP 121/XBGA"
"  PIC32MX775F256H"," In Production "," $5.42"," 32"," Flash"," 256"," 64"," Yes"," 0"," 65536"," 53"," 64"," 80"," 80"," 8 MHz, 32 kHz "," 16"," 16"," 6 -UART    3 -SPI    4 -I2C   "," 0 - 8-bit   5 - 16-bit    2 - 32-bit  "," -40 to 105"," 2.3V - 3.6V"," 64/QFN 64/TQFP"
"  PIC32MX775F256L"," In Production "," $5.89"," 32"," Flash"," 256"," 64"," Yes"," 0"," 65536"," 85"," 100"," 80"," 80"," 8 MHz, 32 kHz "," 16"," 16"," 6 -UART    4 -SPI    5 -I2C   "," 0 - 8-bit   5 - 16-bit    2 - 32-bit  "," -40 to 105"," 2.3V - 3.6V"," 100/TQFP 121/XBGA"
"  PIC32MX775F512H"," In Production "," $5.88"," 32"," Flash"," 512"," 128"," Yes"," 0"," 65536"," 53"," 64"," 80"," 80"," 8 MHz, 32 kHz "," 16"," 16"," 6 -UART    3 -SPI    4 -I2C   "," 0 - 8-bit   5 - 16-bit    2 - 32-bit  "," -40 to 105"," 2.3V - 3.6V"," 64/QFN 64/TQFP"
"  PIC32MX775F512L"," In Production "," $6.36"," 32"," Flash"," 512"," 128"," Yes"," 0"," 65536"," 85"," 100"," 80"," 80"," 8 MHz, 32 kHz "," 16"," 16"," 6 -UART    4 -SPI    5 -I2C   "," 0 - 8-bit   5 - 16-bit    2 - 32-bit  "," -40 to 105"," 2.3V - 3.6V"," 100/TQFP 121/XBGA"
"  PIC32MX795F512H"," In Production "," $6.36"," 32"," Flash"," 512"," 128"," Yes"," 0"," 131072"," 53"," 64"," 80"," 80"," 8 MHz, 32 kHz "," 16"," 16"," 6 -UART    3 -SPI    4 -I2C   "," 0 - 8-bit   5 - 16-bit    2 - 32-bit  "," -40 to 105"," 2.3V - 3.6V"," 64/QFN 64/TQFP"
"  PIC32MX795F512L"," In Production "," $6.62"," 32"," Flash"," 512"," 128"," Yes"," 0"," 131072"," 85"," 100"," 80"," 80"," 8 MHz, 32 kHz "," 16"," 16"," 6 -UART    4 -SPI    5 -I2C   "," 0 - 8-bit   5 - 16-bit    2 - 32-bit  "," -40 to 105"," 2.3V - 3.6V"," 100/TQFP 121/XBGA 124/VTLA"