

Microchip Technology PIC18 LITE Macro Assembler V1.33 build 59893 
                                                                                               Fri Jan 02 17:03:34 2015

Microchip Technology Omniscient Code Generator (Lite mode) build 59893
     1                           	processor	18F14K22
     2                           	fnconf	rparam,??,?,0
     3                           	opt	pw 120
     4                           	opt	lm
     5                           	psect	intcode,global,reloc=2,class=CODE,delta=1
     6                           	psect	cinit,global,reloc=2,class=CODE,delta=1
     7                           	psect	bssCOMRAM,global,class=COMRAM,space=1,delta=1
     8                           	psect	bssBANK0,global,class=BANK0,space=1,delta=1
     9                           	psect	cstackBANK0,global,class=BANK0,space=1,delta=1
    10                           	psect	cstackCOMRAM,global,class=COMRAM,space=1,delta=1
    11                           	psect	text0,global,reloc=2,class=CODE,delta=1
    12                           	psect	text1,global,reloc=2,class=CODE,delta=1
    13                           	psect	text2,global,reloc=2,class=CODE,delta=1
    14                           	psect	text3,global,reloc=2,class=CODE,delta=1
    15                           	psect	text4,global,reloc=2,class=CODE,delta=1
    16                           	psect	text5,global,reloc=2,class=CODE,delta=1
    17                           	psect	text6,global,reloc=2,class=CODE,delta=1
    18                           	psect	text7,global,reloc=2,class=CODE,delta=1
    19                           	psect	text8,global,reloc=2,class=CODE,delta=1
    20                           	psect	text9,global,reloc=2,class=CODE,delta=1
    21                           	psect	text10,global,reloc=2,class=CODE,delta=1
    22                           	psect	text11,global,reloc=2,class=CODE,delta=1
    23                           	psect	text12,global,reloc=2,class=CODE,delta=1
    24                           	psect	text13,global,reloc=2,class=CODE,delta=1
    25                           	psect	text14,global,reloc=2,class=CODE,delta=1
    26                           	psect	text15,global,reloc=2,class=CODE,delta=1
    27                           	psect	text16,global,reloc=2,class=CODE,delta=1
    28                           	psect	text17,global,reloc=2,class=CODE,delta=1
    29                           	psect	text18,global,reloc=2,class=CODE,delta=1
    30                           	psect	text19,global,reloc=2,class=CODE,delta=1
    31                           	psect	text20,global,reloc=2,class=CODE,delta=1
    32                           	psect	text21,global,reloc=2,class=CODE,delta=1
    33                           	psect	text22,global,reloc=2,class=CODE,delta=1
    34                           	psect	text23,global,reloc=2,class=CODE,delta=1
    35                           	psect	text24,global,reloc=2,class=CODE,delta=1
    36                           	psect	text25,global,reloc=2,class=CODE,delta=1
    37                           	psect	text26,global,reloc=2,class=CODE,delta=1
    38                           	psect	text27,global,reloc=2,class=CODE,delta=1
    39                           	psect	intsave_regs,global,class=BIGRAM,space=1,delta=1
    40                           	psect	rparam,global,class=COMRAM,space=1,delta=1
    41  0000                     _ADCON0bits	set	4034
    42  0000                     _ADCON1	set	4033
    43  0000                     _ADCON2bits	set	4032
    44  0000                     _ADRESH	set	4036
    45  0000                     _ANSEL	set	3966
    46  0000                     _ANSELH	set	3967
    47  0000                     _ANSELbits	set	3966
    48  0000                     _BAUDCONbits	set	4024
    49  0000                     _INTCONbits	set	4082
    50  0000                     _LATAbits	set	3977
    51  0000                     _LATC	set	3979
    52  0000                     _LATCbits	set	3979
    53  0000                     _OSCCONbits	set	4051
    54  0000                     _PIE1bits	set	3997
    55  0000                     _PIR1bits	set	3998
    56  0000                     _PORTCbits	set	3970
    57  0000                     _RCREG	set	4014
    58  0000                     _RCSTAbits	set	4011
    59  0000                     _SPBRG	set	4015
    60  0000                     _TRISAbits	set	3986
    61  0000                     _TRISBbits	set	3987
    62  0000                     _TRISCbits	set	3988
    63  0000                     _TXREG	set	4013
    64  0000                     _TXSTAbits	set	4012
    65                           
    66 ;; *************** function _ISR *****************
    67 ;; Defined at:
    68 ;;		line 96 in file "main.c"
    69 ;; Parameters:    Size  Location     Type
    70 ;;		None
    71 ;; Auto vars:     Size  Location     Type
    72 ;;		None
    73 ;; Return value:  Size  Location     Type
    74 ;;		None               void
    75 ;; Registers used:
    76 ;;		None
    77 ;; Tracked objects:
    78 ;;		On entry : 0/0
    79 ;;		On exit  : 0/0
    80 ;;		Unchanged: 0/0
    81 ;; Data sizes:     COMRAM   BANK0   BANK1
    82 ;;      Params:         0       0       0
    83 ;;      Locals:         0       0       0
    84 ;;      Temps:         14       0       0
    85 ;;      Totals:        14       0       0
    86 ;;Total ram usage:       14 bytes
    87 ;; Hardware stack levels used:    1
    88 ;; This function calls:
    89 ;;		Nothing
    90 ;; This function is called by:
    91 ;;		Interrupt level 2
    92 ;; This function uses a non-reentrant model
    93 ;;
    94                           
    95                           	psect	intcode
    96  000008                     __pintcode:
    97                           	opt stack 0
    98                           
    99                           ; #config settings
   100  000008                     _ISR:
   101                           	opt stack 27
   102                           
   103                           ;incstack = 0
   104  000008  CFFA F001          	movff	pclath,??_ISR
   105  00000C  CFFB F002          	movff	pclatu,??_ISR+1
   106  000010  CFE9 F003          	movff	fsr0l,??_ISR+2
   107  000014  CFEA F004          	movff	fsr0h,??_ISR+3
   108  000018  CFE1 F005          	movff	fsr1l,??_ISR+4
   109  00001C  CFE2 F006          	movff	fsr1h,??_ISR+5
   110  000020  CFD9 F007          	movff	fsr2l,??_ISR+6
   111  000024  CFDA F008          	movff	fsr2h,??_ISR+7
   112  000028  CFF3 F009          	movff	prodl,??_ISR+8
   113  00002C  CFF4 F00A          	movff	prodh,??_ISR+9
   114  000030  CFF6 F00B          	movff	tblptrl,??_ISR+10
   115  000034  CFF7 F00C          	movff	tblptrh,??_ISR+11
   116  000038  CFF8 F00D          	movff	tblptru,??_ISR+12
   117  00003C  CFF5 F00E          	movff	tablat,??_ISR+13
   118                           
   119                           ;main.c: 98: if (PIR1bits.RCIF)
   120  000040  AA9E               	btfss	3998,5,c	;volatile
   121  000042  D004               	goto	i2l91
   122                           
   123                           ;main.c: 99: {
   124                           ;main.c: 100: uart_data = RCREG;
   125  000044  CFAE F049          	movff	4014,_uart_data	;volatile
   126  000048  6A4A               	clrf	_uart_data+1,c	;volatile
   127                           
   128                           ;main.c: 101: PIR1bits.RCIF = 0;
   129  00004A  9A9E               	bcf	3998,5,c	;volatile
   130  00004C                     i2l91:
   131                           
   132                           ;main.c: 103: }
   133                           ;main.c: 105: if (PIR1bits.TMR1IF)
   134  00004C  B09E               	btfsc	3998,0,c	;volatile
   135                           
   136                           ;main.c: 106: {
   137                           ;main.c: 108: PIR1bits.TMR1IF = 0;
   138  00004E  909E               	bcf	3998,0,c	;volatile
   139  000050  C00E  FFF5         	movff	??_ISR+13,tablat
   140  000054  C00D  FFF8         	movff	??_ISR+12,tblptru
   141  000058  C00C  FFF7         	movff	??_ISR+11,tblptrh
   142  00005C  C00B  FFF6         	movff	??_ISR+10,tblptrl
   143  000060  C00A  FFF4         	movff	??_ISR+9,prodh
   144  000064  C009  FFF3         	movff	??_ISR+8,prodl
   145  000068  C008  FFDA         	movff	??_ISR+7,fsr2h
   146  00006C  C007  FFD9         	movff	??_ISR+6,fsr2l
   147  000070  C006  FFE2         	movff	??_ISR+5,fsr1h
   148  000074  C005  FFE1         	movff	??_ISR+4,fsr1l
   149  000078  C004  FFEA         	movff	??_ISR+3,fsr0h
   150  00007C  C003  FFE9         	movff	??_ISR+2,fsr0l
   151  000080  C002  FFFB         	movff	??_ISR+1,pclatu
   152  000084  C001  FFFA         	movff	??_ISR,pclath
   153  000088  0011               	retfie		f
   154  00008A                     __end_of_ISR:
   155                           	opt stack 0
   156  0000                     pclatu	equ	0xFFB
   157                           pclath	equ	0xFFA
   158                           tblptru	equ	0xFF8
   159                           tblptrh	equ	0xFF7
   160                           tblptrl	equ	0xFF6
   161                           tablat	equ	0xFF5
   162                           prodh	equ	0xFF4
   163                           prodl	equ	0xFF3
   164                           fsr0h	equ	0xFEA
   165                           fsr0l	equ	0xFE9
   166                           fsr1h	equ	0xFE2
   167                           fsr1l	equ	0xFE1
   168                           fsr2h	equ	0xFDA
   169                           fsr2l	equ	0xFD9
   170                           
   171                           	psect	cinit
   172  000EF0                     __pcinit:
   173                           	opt stack 0
   174  000EF0                     start_initialization:
   175                           	opt stack 0
   176  000EF0                     __initialization:
   177                           	opt stack 0
   178                           
   179                           ; Clear objects allocated to BANK0 (14 bytes)
   180  000EF0  EE00  F06F         	lfsr	0,__pbssBANK0
   181  000EF4  0E0E               	movlw	14
   182  000EF6                     clear_0:
   183  000EF6  6AEE               	clrf	postinc0,c
   184  000EF8  06E8               	decf	wreg,f,c
   185  000EFA  E1FD               	bnz	clear_0
   186                           
   187                           ; Clear objects allocated to COMRAM (32 bytes)
   188  000EFC  EE00  F030         	lfsr	0,__pbssCOMRAM
   189  000F00  0E20               	movlw	32
   190  000F02                     clear_1:
   191  000F02  6AEE               	clrf	postinc0,c
   192  000F04  06E8               	decf	wreg,f,c
   193  000F06  E1FD               	bnz	clear_1
   194  000F08                     end_of_initialization:
   195                           	opt stack 0
   196  000F08                     __end_of__initialization:
   197                           	opt stack 0
   198  000F08  0100               	movlb	0
   199  000F0A  EF47  F000         	goto	_main	;jump to C main() function
   200                           pclatu	equ	0xFFB
   201                           pclath	equ	0xFFA
   202                           tblptru	equ	0xFF8
   203                           tblptrh	equ	0xFF7
   204                           tblptrl	equ	0xFF6
   205                           tablat	equ	0xFF5
   206                           prodh	equ	0xFF4
   207                           prodl	equ	0xFF3
   208                           postinc0	equ	0xFEE
   209                           fsr0h	equ	0xFEA
   210                           fsr0l	equ	0xFE9
   211                           wreg	equ	0xFE8
   212                           fsr1h	equ	0xFE2
   213                           fsr1l	equ	0xFE1
   214                           fsr2h	equ	0xFDA
   215                           fsr2l	equ	0xFD9
   216                           
   217                           	psect	bssCOMRAM
   218  000030                     __pbssCOMRAM:
   219                           	opt stack 0
   220  000030                     _decm:
   221                           	opt stack 0
   222  000030                     	ds	4
   223  000034                     _d:
   224                           	opt stack 0
   225  000034                     	ds	3
   226  000037                     _f:
   227                           	opt stack 0
   228  000037                     	ds	3
   229  00003A                     _temperature:
   230                           	opt stack 0
   231  00003A                     	ds	3
   232  00003D                     _an4_value:
   233                           	opt stack 0
   234  00003D                     	ds	2
   235  00003F                     _device_present:
   236                           	opt stack 0
   237  00003F                     	ds	2
   238  000041                     _i:
   239                           	opt stack 0
   240  000041                     	ds	2
   241  000043                     _int_temp:
   242                           	opt stack 0
   243  000043                     	ds	2
   244  000045                     _itxdata:
   245                           	opt stack 0
   246  000045                     	ds	2
   247  000047                     _txdata:
   248                           	opt stack 0
   249  000047                     	ds	2
   250  000049                     _uart_data:
   251                           	opt stack 0
   252  000049                     	ds	2
   253  00004B                     _x:
   254                           	opt stack 0
   255  00004B                     	ds	2
   256  00004D                     _y:
   257                           	opt stack 0
   258  00004D                     	ds	2
   259  00004F                     _z:
   260                           	opt stack 0
   261  00004F                     	ds	1
   262                           pclatu	equ	0xFFB
   263                           pclath	equ	0xFFA
   264                           tblptru	equ	0xFF8
   265                           tblptrh	equ	0xFF7
   266                           tblptrl	equ	0xFF6
   267                           tablat	equ	0xFF5
   268                           prodh	equ	0xFF4
   269                           prodl	equ	0xFF3
   270                           postinc0	equ	0xFEE
   271                           fsr0h	equ	0xFEA
   272                           fsr0l	equ	0xFE9
   273                           wreg	equ	0xFE8
   274                           fsr1h	equ	0xFE2
   275                           fsr1l	equ	0xFE1
   276                           fsr2h	equ	0xFDA
   277                           fsr2l	equ	0xFD9
   278                           
   279                           	psect	bssBANK0
   280  00006F                     __pbssBANK0:
   281                           	opt stack 0
   282  00006F                     _rxbuff:
   283                           	opt stack 0
   284  00006F                     	ds	10
   285  000079                     _buf:
   286                           	opt stack 0
   287  000079                     	ds	4
   288                           pclatu	equ	0xFFB
   289                           pclath	equ	0xFFA
   290                           tblptru	equ	0xFF8
   291                           tblptrh	equ	0xFF7
   292                           tblptrl	equ	0xFF6
   293                           tablat	equ	0xFF5
   294                           prodh	equ	0xFF4
   295                           prodl	equ	0xFF3
   296                           postinc0	equ	0xFEE
   297                           fsr0h	equ	0xFEA
   298                           fsr0l	equ	0xFE9
   299                           wreg	equ	0xFE8
   300                           fsr1h	equ	0xFE2
   301                           fsr1l	equ	0xFE1
   302                           fsr2h	equ	0xFDA
   303                           fsr2l	equ	0xFD9
   304                           
   305                           	psect	cstackBANK0
   306  000060                     __pcstackBANK0:
   307                           	opt stack 0
   308  000060                     ??___ftadd:
   309  000060                     ??___fttol:
   310  000060                     ltoa@buf:
   311                           	opt stack 0
   312                           
   313                           ; 2 bytes @ 0x0
   314  000060                     	ds	2
   315  000062                     ltoa@val:
   316                           	opt stack 0
   317                           
   318                           ; 4 bytes @ 0x2
   319  000062                     	ds	1
   320  000063                     ___ftadd@sign:
   321                           	opt stack 0
   322                           
   323                           ; 1 bytes @ 0x3
   324  000063                     	ds	1
   325  000064                     ___ftadd@exp2:
   326                           	opt stack 0
   327                           
   328                           ; 1 bytes @ 0x4
   329  000064                     	ds	1
   330  000065                     ___ftadd@exp1:
   331                           	opt stack 0
   332  000065                     ___fttol@sign1:
   333                           	opt stack 0
   334                           
   335                           ; 1 bytes @ 0x5
   336  000065                     	ds	1
   337  000066                     ltoa@base:
   338                           	opt stack 0
   339  000066                     ___fttol@lval:
   340                           	opt stack 0
   341                           
   342                           ; 4 bytes @ 0x6
   343  000066                     	ds	4
   344  00006A                     ___fttol@exp1:
   345                           	opt stack 0
   346                           
   347                           ; 1 bytes @ 0xA
   348  00006A                     	ds	1
   349  00006B                     ??_main:
   350                           
   351                           ; 0 bytes @ 0xB
   352  00006B                     	ds	4
   353                           pclatu	equ	0xFFB
   354                           pclath	equ	0xFFA
   355                           tblptru	equ	0xFF8
   356                           tblptrh	equ	0xFF7
   357                           tblptrl	equ	0xFF6
   358                           tablat	equ	0xFF5
   359                           prodh	equ	0xFF4
   360                           prodl	equ	0xFF3
   361                           postinc0	equ	0xFEE
   362                           fsr0h	equ	0xFEA
   363                           fsr0l	equ	0xFE9
   364                           wreg	equ	0xFE8
   365                           fsr1h	equ	0xFE2
   366                           fsr1l	equ	0xFE1
   367                           fsr2h	equ	0xFDA
   368                           fsr2l	equ	0xFD9
   369                           
   370                           	psect	cstackCOMRAM
   371  000001                     __pcstackCOMRAM:
   372                           	opt stack 0
   373  000001                     ??_ISR:
   374  000001                     
   375                           ; 2 bytes @ 0x0
   376  000001                     	ds	14
   377  00000F                     ??___delay_10ms:
   378  00000F                     ??_serial_init:
   379  00000F                     ?_strlen:
   380                           	opt stack 0
   381  00000F                     ?___lwdiv:
   382                           	opt stack 0
   383  00000F                     ?___lwmod:
   384                           	opt stack 0
   385  00000F                     ?___ftpack:
   386                           	opt stack 0
   387  00000F                     ?___lldiv:
   388                           	opt stack 0
   389  00000F                     ?___llmod:
   390                           	opt stack 0
   391  00000F                     one_wire_tx_bit@txbit:
   392                           	opt stack 0
   393  00000F                     one_wire_rx_bit@read_data:
   394                           	opt stack 0
   395  00000F                     uart_send@mydata_byte:
   396                           	opt stack 0
   397  00000F                     ___lwdiv@dividend:
   398                           	opt stack 0
   399  00000F                     ___lwmod@dividend:
   400                           	opt stack 0
   401  00000F                     strlen@s:
   402                           	opt stack 0
   403  00000F                     ___ftpack@arg:
   404                           	opt stack 0
   405  00000F                     ___lldiv@dividend:
   406                           	opt stack 0
   407  00000F                     ___llmod@dividend:
   408                           	opt stack 0
   409                           
   410                           ; 4 bytes @ 0xE
   411  00000F                     	ds	1
   412  000010                     ___delay_10ms@n:
   413                           	opt stack 0
   414  000010                     one_wire_tx_byte@write_data:
   415                           	opt stack 0
   416  000010                     one_wire_rx_byte@result:
   417                           	opt stack 0
   418                           
   419                           ; 1 bytes @ 0xF
   420  000010                     	ds	1
   421  000011                     ??_strlen:
   422  000011                     one_wire_tx_byte@loop:
   423                           	opt stack 0
   424  000011                     one_wire_rx_byte@loop:
   425                           	opt stack 0
   426  000011                     write_uart@txt:
   427                           	opt stack 0
   428  000011                     ___lwdiv@divisor:
   429                           	opt stack 0
   430  000011                     ___lwmod@divisor:
   431                           	opt stack 0
   432                           
   433                           ; 2 bytes @ 0x10
   434  000011                     	ds	1
   435  000012                     ___ftpack@exp:
   436                           	opt stack 0
   437                           
   438                           ; 1 bytes @ 0x11
   439  000012                     	ds	1
   440  000013                     ??_write_uart:
   441  000013                     ___ftpack@sign:
   442                           	opt stack 0
   443  000013                     ___lwmod@counter:
   444                           	opt stack 0
   445  000013                     ___lwdiv@quotient:
   446                           	opt stack 0
   447  000013                     strlen@cp:
   448                           	opt stack 0
   449  000013                     ___lldiv@divisor:
   450                           	opt stack 0
   451  000013                     ___llmod@divisor:
   452                           	opt stack 0
   453                           
   454                           ; 4 bytes @ 0x12
   455  000013                     	ds	1
   456  000014                     ??___ftpack:
   457                           
   458                           ; 0 bytes @ 0x13
   459  000014                     	ds	1
   460  000015                     ___lwdiv@counter:
   461                           	opt stack 0
   462                           
   463                           ; 1 bytes @ 0x14
   464  000015                     	ds	1
   465  000016                     utoa@buf:
   466                           	opt stack 0
   467                           
   468                           ; 2 bytes @ 0x15
   469  000016                     	ds	1
   470  000017                     ?___awtoft:
   471                           	opt stack 0
   472  000017                     ___llmod@counter:
   473                           	opt stack 0
   474  000017                     ___awtoft@c:
   475                           	opt stack 0
   476  000017                     ___lldiv@quotient:
   477                           	opt stack 0
   478                           
   479                           ; 4 bytes @ 0x16
   480  000017                     	ds	1
   481  000018                     utoa@val:
   482                           	opt stack 0
   483                           
   484                           ; 2 bytes @ 0x17
   485  000018                     	ds	2
   486  00001A                     ___awtoft@sign:
   487                           	opt stack 0
   488  00001A                     utoa@base:
   489                           	opt stack 0
   490                           
   491                           ; 2 bytes @ 0x19
   492  00001A                     	ds	1
   493  00001B                     ?___ftmul:
   494                           	opt stack 0
   495  00001B                     ?___ftneg:
   496                           	opt stack 0
   497  00001B                     ___lldiv@counter:
   498                           	opt stack 0
   499  00001B                     ___ftmul@f1:
   500                           	opt stack 0
   501  00001B                     ___ftneg@f1:
   502                           	opt stack 0
   503                           
   504                           ; 3 bytes @ 0x1A
   505  00001B                     	ds	1
   506  00001C                     utoa@v:
   507                           	opt stack 0
   508  00001C                     ultoa@buf:
   509                           	opt stack 0
   510                           
   511                           ; 2 bytes @ 0x1B
   512  00001C                     	ds	2
   513  00001E                     utoa@c:
   514                           	opt stack 0
   515  00001E                     ___ftmul@f2:
   516                           	opt stack 0
   517  00001E                     ultoa@val:
   518                           	opt stack 0
   519                           
   520                           ; 4 bytes @ 0x1D
   521  00001E                     	ds	1
   522  00001F                     itoa@buf:
   523                           	opt stack 0
   524                           
   525                           ; 2 bytes @ 0x1E
   526  00001F                     	ds	2
   527  000021                     ??___ftmul:
   528  000021                     itoa@val:
   529                           	opt stack 0
   530                           
   531                           ; 2 bytes @ 0x20
   532  000021                     	ds	1
   533  000022                     ultoa@base:
   534                           	opt stack 0
   535                           
   536                           ; 2 bytes @ 0x21
   537  000022                     	ds	1
   538  000023                     itoa@base:
   539                           	opt stack 0
   540                           
   541                           ; 2 bytes @ 0x22
   542  000023                     	ds	1
   543  000024                     ??_ultoa:
   544  000024                     ___ftmul@exp:
   545                           	opt stack 0
   546                           
   547                           ; 1 bytes @ 0x23
   548  000024                     	ds	1
   549  000025                     itoa@cp:
   550                           	opt stack 0
   551  000025                     ___ftmul@f3_as_product:
   552                           	opt stack 0
   553                           
   554                           ; 3 bytes @ 0x24
   555  000025                     	ds	3
   556  000028                     ___ftmul@cntr:
   557                           	opt stack 0
   558  000028                     ultoa@v:
   559                           	opt stack 0
   560                           
   561                           ; 4 bytes @ 0x27
   562  000028                     	ds	1
   563  000029                     ___ftmul@sign:
   564                           	opt stack 0
   565                           
   566                           ; 1 bytes @ 0x28
   567  000029                     	ds	1
   568  00002A                     ?___ftadd:
   569                           	opt stack 0
   570  00002A                     ?___fttol:
   571                           	opt stack 0
   572  00002A                     ___ftadd@f1:
   573                           	opt stack 0
   574  00002A                     ___fttol@f1:
   575                           	opt stack 0
   576                           
   577                           ; 3 bytes @ 0x29
   578  00002A                     	ds	2
   579  00002C                     ultoa@c:
   580                           	opt stack 0
   581                           
   582                           ; 1 bytes @ 0x2B
   583  00002C                     	ds	1
   584  00002D                     ltoa@cp:
   585                           	opt stack 0
   586  00002D                     ___ftadd@f2:
   587                           	opt stack 0
   588                           
   589                           ; 3 bytes @ 0x2C
   590  00002D                     	ds	3
   591                           pclatu	equ	0xFFB
   592                           pclath	equ	0xFFA
   593                           tblptru	equ	0xFF8
   594                           tblptrh	equ	0xFF7
   595                           tblptrl	equ	0xFF6
   596                           tablat	equ	0xFF5
   597                           prodh	equ	0xFF4
   598                           prodl	equ	0xFF3
   599                           postinc0	equ	0xFEE
   600                           fsr0h	equ	0xFEA
   601                           fsr0l	equ	0xFE9
   602                           wreg	equ	0xFE8
   603                           fsr1h	equ	0xFE2
   604                           fsr1l	equ	0xFE1
   605                           fsr2h	equ	0xFDA
   606                           fsr2l	equ	0xFD9
   607                           
   608 ;;
   609 ;;Main: autosize = 0, tempsize = 4, incstack = 0, save=0
   610 ;;
   611 ;; *************** function _main *****************
   612 ;; Defined at:
   613 ;;		line 364 in file "main.c"
   614 ;; Parameters:    Size  Location     Type
   615 ;;		None
   616 ;; Auto vars:     Size  Location     Type
   617 ;;		None
   618 ;; Return value:  Size  Location     Type
   619 ;;                  2  158[COMRAM] int 
   620 ;; Registers used:
   621 ;;		wreg, fsr2l, fsr2h, status,2, status,0, prodl, cstack
   622 ;; Tracked objects:
   623 ;;		On entry : 0/0
   624 ;;		On exit  : 0/0
   625 ;;		Unchanged: 0/0
   626 ;; Data sizes:     COMRAM   BANK0   BANK1
   627 ;;      Params:         0       0       0
   628 ;;      Locals:         0       0       0
   629 ;;      Temps:          0       4       0
   630 ;;      Totals:         0       4       0
   631 ;;Total ram usage:        4 bytes
   632 ;; Hardware stack levels required when called:    4
   633 ;; This function calls:
   634 ;;		___awtoft
   635 ;;		___delay_10ms
   636 ;;		___ftadd
   637 ;;		___ftmul
   638 ;;		___ftneg
   639 ;;		___fttol
   640 ;;		_init_adc
   641 ;;		_init_io
   642 ;;		_itoa
   643 ;;		_ltoa
   644 ;;		_one_wire_conversion_pulse
   645 ;;		_one_wire_reset
   646 ;;		_one_wire_rx_byte
   647 ;;		_one_wire_tx_byte
   648 ;;		_serial_init
   649 ;;		_strlen
   650 ;;		_uart_send
   651 ;;		_write_uart
   652 ;; This function is called by:
   653 ;;		Startup code after reset
   654 ;; This function uses a non-reentrant model
   655 ;;
   656                           
   657                           	psect	text0
   658  00008E                     __ptext0:
   659                           	opt stack 0
   660  00008E                     _main:
   661                           	opt stack 27
   662                           
   663                           ;main.c: 366: init_io();
   664                           
   665                           ;incstack = 0
   666  00008E  ECDA  F006         	call	_init_io	;wreg free
   667                           
   668                           ;main.c: 369: OSCCONbits.IRCF = 0x07;
   669  000092  88D3               	bsf	4051,4,c	;volatile
   670  000094  8AD3               	bsf	4051,5,c	;volatile
   671  000096  8CD3               	bsf	4051,6,c	;volatile
   672                           
   673                           ;main.c: 370: OSCCONbits.SCS = 0x02;
   674  000098  50D3               	movf	4051,w,c	;volatile
   675  00009A  0BFC               	andlw	-4
   676  00009C  0902               	iorlw	2
   677  00009E  6ED3               	movwf	4051,c	;volatile
   678                           
   679                           ;main.c: 374: INTCONbits.PEIE = 1;
   680  0000A0  8CF2               	bsf	intcon,6,c	;volatile
   681                           
   682                           ;main.c: 375: INTCONbits.GIE = 1;
   683  0000A2  8EF2               	bsf	intcon,7,c	;volatile
   684                           
   685                           ;main.c: 378: init_adc();
   686  0000A4  EC95  F007         	call	_init_adc	;wreg free
   687                           
   688                           ;main.c: 379: serial_init();
   689  0000A8  EC1D  F007         	call	_serial_init	;wreg free
   690                           
   691                           ;main.c: 381: uart_send ('x');
   692  0000AC  0E00               	movlw	0
   693  0000AE  6E10               	movwf	uart_send@mydata_byte+1,c
   694  0000B0  0E78               	movlw	120
   695  0000B2  6E0F               	movwf	uart_send@mydata_byte,c
   696  0000B4  EC9E  F007         	call	_uart_send	;wreg free
   697                           
   698                           ;main.c: 383: LATAbits.LATA0 = 0;
   699  0000B8  9089               	bcf	3977,0,c	;volatile
   700                           
   701                           ;main.c: 384: _delay((unsigned long)((1)*(16000000/4000000.0)));
   702  0000BA  D000               	nop2		;2 cycle nop
   703  0000BC  D000               	nop2		;2 cycle nop
   704                           
   705                           ;main.c: 385: LATAbits.LATA0 = 1;
   706  0000BE  8089               	bsf	3977,0,c	;volatile
   707                           
   708                           ;main.c: 386: _delay((unsigned long)((1)*(16000000/4000000.0)));
   709  0000C0  D000               	nop2		;2 cycle nop
   710  0000C2  D000               	nop2		;2 cycle nop
   711                           
   712                           ;main.c: 387: LATAbits.LATA0 = 0;
   713  0000C4  9089               	bcf	3977,0,c	;volatile
   714  0000C6                     l2379:
   715                           
   716                           ;main.c: 391: one_wire_reset();
   717  0000C6  EC60  F006         	call	_one_wire_reset	;wreg free
   718                           
   719                           ;main.c: 393: if (device_present) {
   720  0000CA  5040               	movf	_device_present+1,w,c
   721  0000CC  103F               	iorwf	_device_present,w,c
   722  0000CE  B4D8               	btfsc	status,2,c
   723  0000D0  D7FA               	goto	l2379
   724                           
   725                           ;main.c: 394: LATCbits.LATC2 = 1;
   726  0000D2  848B               	bsf	3979,2,c	;volatile
   727                           
   728                           ;main.c: 396: one_wire_tx_byte(0xCC);
   729  0000D4  0ECC               	movlw	204
   730  0000D6  EC43  F007         	call	_one_wire_tx_byte
   731                           
   732                           ;main.c: 398: one_wire_tx_byte(0x44);
   733  0000DA  0E44               	movlw	68
   734  0000DC  EC43  F007         	call	_one_wire_tx_byte
   735                           
   736                           ;main.c: 400: one_wire_conversion_pulse();
   737  0000E0  EC67  F007         	call	_one_wire_conversion_pulse	;wreg free
   738                           
   739                           ;main.c: 402: one_wire_reset();
   740  0000E4  EC60  F006         	call	_one_wire_reset	;wreg free
   741                           
   742                           ;main.c: 406: one_wire_tx_byte(0xCC);
   743  0000E8  0ECC               	movlw	204
   744  0000EA  EC43  F007         	call	_one_wire_tx_byte
   745                           
   746                           ;main.c: 408: one_wire_tx_byte(0xBE);
   747  0000EE  0EBE               	movlw	190
   748  0000F0  EC43  F007         	call	_one_wire_tx_byte
   749                           
   750                           ;main.c: 410: for(i = 0; i<9; i++)
   751  0000F4  0E00               	movlw	0
   752  0000F6  6E42               	movwf	_i+1,c
   753  0000F8  0E00               	movlw	0
   754  0000FA  6E41               	movwf	_i,c
   755  0000FC  5042               	movf	_i+1,w,c
   756  0000FE  0A80               	xorlw	128
   757  000100  0F80               	addlw	-128
   758  000102  0E09               	movlw	9
   759  000104  B4D8               	btfsc	status,2,c
   760  000106  5C41               	subwf	_i,w,c
   761  000108  B0D8               	btfsc	status,0,c
   762  00010A  D00E               	goto	l2407
   763                           
   764                           ;main.c: 411: rxbuff[i] = one_wire_rx_byte();
   765  00010C  0100               	movlb	0	; () banked
   766  00010E  0E6F               	movlw	low _rxbuff
   767  000110  2441               	addwf	_i,w,c
   768  000112  6ED9               	movwf	fsr2l,c
   769  000114  0100               	movlb	0	; () banked
   770  000116  0E00               	movlw	high _rxbuff
   771  000118  2042               	addwfc	_i+1,w,c
   772  00011A  6EDA               	movwf	fsr2h,c
   773  00011C  EC55  F007         	call	_one_wire_rx_byte	;wreg free
   774  000120  6EDF               	movwf	indf2,c
   775  000122  4A41               	infsnz	_i,f,c
   776  000124  2A42               	incf	_i+1,f,c
   777  000126  D7EA               	goto	L1
   778  000128                     l2407:
   779                           
   780                           ;main.c: 423: temperature = 0;
   781  000128  0E00               	movlw	0
   782  00012A  6E3A               	movwf	_temperature,c
   783  00012C  0E00               	movlw	0
   784  00012E  6E3B               	movwf	_temperature+1,c
   785  000130  0E00               	movlw	0
   786  000132  6E3C               	movwf	_temperature+2,c
   787                           
   788                           ;main.c: 424: f = 0.0625;
   789  000134  0E00               	movlw	0
   790  000136  6E37               	movwf	_f,c
   791  000138  0E80               	movlw	128
   792  00013A  6E38               	movwf	_f+1,c
   793  00013C  0E3D               	movlw	61
   794  00013E  6E39               	movwf	_f+2,c
   795                           
   796                           ;main.c: 428: x = rxbuff[1];
   797  000140  0100               	movlb	0	; () banked
   798  000142  C070  F04B         	movff	_rxbuff+1,_x
   799  000146  6A4C               	clrf	_x+1,c
   800                           
   801                           ; BSR set to: 0
   802                           ;main.c: 430: if (x & 0b10000000) {
   803  000148  AE4B               	btfss	_x,7,c
   804  00014A  D007               	goto	l2415
   805                           
   806                           ; BSR set to: 0
   807                           ;main.c: 431: uart_send('-');
   808  00014C  0E00               	movlw	0
   809  00014E  6E10               	movwf	uart_send@mydata_byte+1,c
   810  000150  0E2D               	movlw	45
   811  000152  6E0F               	movwf	uart_send@mydata_byte,c
   812  000154  EC9E  F007         	call	_uart_send	;wreg free
   813                           
   814                           ;main.c: 432: } else {
   815  000158  D006               	goto	l2417
   816  00015A                     l2415:
   817                           
   818                           ;main.c: 433: uart_send('+');
   819  00015A  0E00               	movlw	0
   820  00015C  6E10               	movwf	uart_send@mydata_byte+1,c
   821  00015E  0E2B               	movlw	43
   822  000160  6E0F               	movwf	uart_send@mydata_byte,c
   823  000162  EC9E  F007         	call	_uart_send	;wreg free
   824  000166                     l2417:
   825                           
   826                           ;main.c: 434: }
   827                           ;main.c: 436: x = x & 0b00000111;
   828  000166  0E07               	movlw	7
   829  000168  144B               	andwf	_x,w,c
   830  00016A  6E4B               	movwf	_x,c
   831  00016C  6A4C               	clrf	_x+1,c
   832                           
   833                           ;main.c: 438: int_temp = 0;
   834  00016E  0E00               	movlw	0
   835  000170  6E44               	movwf	_int_temp+1,c
   836  000172  0E00               	movlw	0
   837  000174  6E43               	movwf	_int_temp,c
   838                           
   839                           ;main.c: 440: int_temp = rxbuff[0];
   840  000176  0100               	movlb	0	; () banked
   841  000178  C06F  F043         	movff	_rxbuff,_int_temp
   842  00017C  6A44               	clrf	_int_temp+1,c
   843                           
   844                           ; BSR set to: 0
   845                           ;main.c: 442: if (x & 0b00000001)
   846  00017E  A04B               	btfss	_x,0,c
   847  000180  D006               	goto	l2427
   848                           
   849                           ; BSR set to: 0
   850                           ;main.c: 443: int_temp = int_temp + 0x100;
   851  000182  0E00               	movlw	0
   852  000184  2443               	addwf	_int_temp,w,c
   853  000186  6E43               	movwf	_int_temp,c
   854  000188  0E01               	movlw	1
   855  00018A  2044               	addwfc	_int_temp+1,w,c
   856  00018C  6E44               	movwf	_int_temp+1,c
   857  00018E                     l2427:
   858                           
   859                           ; BSR set to: 0
   860                           ;main.c: 444: if (x & 0b00000010)
   861  00018E  A24B               	btfss	_x,1,c
   862  000190  D006               	goto	l2431
   863                           
   864                           ; BSR set to: 0
   865                           ;main.c: 445: int_temp = int_temp + 0x200;
   866  000192  0E00               	movlw	0
   867  000194  2443               	addwf	_int_temp,w,c
   868  000196  6E43               	movwf	_int_temp,c
   869  000198  0E02               	movlw	2
   870  00019A  2044               	addwfc	_int_temp+1,w,c
   871  00019C  6E44               	movwf	_int_temp+1,c
   872  00019E                     l2431:
   873                           
   874                           ; BSR set to: 0
   875                           ;main.c: 446: if (x & 0b00000100)
   876  00019E  A44B               	btfss	_x,2,c
   877  0001A0  D006               	goto	l2435
   878                           
   879                           ; BSR set to: 0
   880                           ;main.c: 447: int_temp = int_temp + 0x400;
   881  0001A2  0E00               	movlw	0
   882  0001A4  2443               	addwf	_int_temp,w,c
   883  0001A6  6E43               	movwf	_int_temp,c
   884  0001A8  0E04               	movlw	4
   885  0001AA  2044               	addwfc	_int_temp+1,w,c
   886  0001AC  6E44               	movwf	_int_temp+1,c
   887  0001AE                     l2435:
   888                           
   889                           ; BSR set to: 0
   890                           ;main.c: 449: temperature = int_temp * f;
   891  0001AE  C043  F017         	movff	_int_temp,___awtoft@c
   892  0001B2  C044  F018         	movff	_int_temp+1,___awtoft@c+1
   893  0001B6  EC3C  F006         	call	___awtoft	;wreg free
   894  0001BA  C017  F01B         	movff	?___awtoft,___ftmul@f1
   895  0001BE  C018  F01C         	movff	?___awtoft+1,___ftmul@f1+1
   896  0001C2  C019  F01D         	movff	?___awtoft+2,___ftmul@f1+2
   897  0001C6  C037  F01E         	movff	_f,___ftmul@f2
   898  0001CA  C038  F01F         	movff	_f+1,___ftmul@f2+1
   899  0001CE  C039  F020         	movff	_f+2,___ftmul@f2+2
   900  0001D2  EC13  F004         	call	___ftmul	;wreg free
   901  0001D6  C01B  F03A         	movff	?___ftmul,_temperature
   902  0001DA  C01C  F03B         	movff	?___ftmul+1,_temperature+1
   903  0001DE  C01D  F03C         	movff	?___ftmul+2,_temperature+2
   904                           
   905                           ;main.c: 455: temperature = (temperature * 1.8) + 32;
   906  0001E2  0E66               	movlw	102
   907  0001E4  6E1E               	movwf	___ftmul@f2,c
   908  0001E6  0EE6               	movlw	230
   909  0001E8  6E1F               	movwf	___ftmul@f2+1,c
   910  0001EA  0E3F               	movlw	63
   911  0001EC  6E20               	movwf	___ftmul@f2+2,c
   912  0001EE  C03A  F01B         	movff	_temperature,___ftmul@f1
   913  0001F2  C03B  F01C         	movff	_temperature+1,___ftmul@f1+1
   914  0001F6  C03C  F01D         	movff	_temperature+2,___ftmul@f1+2
   915  0001FA  EC13  F004         	call	___ftmul	;wreg free
   916  0001FE  C01B  F02A         	movff	?___ftmul,___ftadd@f1
   917  000202  C01C  F02B         	movff	?___ftmul+1,___ftadd@f1+1
   918  000206  C01D  F02C         	movff	?___ftmul+2,___ftadd@f1+2
   919  00020A  0E00               	movlw	0
   920  00020C  6E2D               	movwf	___ftadd@f2,c
   921  00020E  0E00               	movlw	0
   922  000210  6E2E               	movwf	___ftadd@f2+1,c
   923  000212  0E42               	movlw	66
   924  000214  6E2F               	movwf	___ftadd@f2+2,c
   925  000216  ECDE  F001         	call	___ftadd	;wreg free
   926  00021A  C02A  F03A         	movff	?___ftadd,_temperature
   927  00021E  C02B  F03B         	movff	?___ftadd+1,_temperature+1
   928  000222  C02C  F03C         	movff	?___ftadd+2,_temperature+2
   929                           
   930                           ;main.c: 457: int_temp = temperature;
   931  000226  C03A  F02A         	movff	_temperature,___fttol@f1
   932  00022A  C03B  F02B         	movff	_temperature+1,___fttol@f1+1
   933  00022E  C03C  F02C         	movff	_temperature+2,___fttol@f1+2
   934  000232  ECE9  F002         	call	___fttol	;wreg free
   935  000236  C02A  F06B         	movff	?___fttol,??_main
   936  00023A  C02B  F06C         	movff	?___fttol+1,??_main+1
   937  00023E  C02C  F06D         	movff	?___fttol+2,??_main+2
   938  000242  C02D  F06E         	movff	?___fttol+3,??_main+3
   939  000246  C06B  F043         	movff	??_main,_int_temp
   940  00024A  C06C  F044         	movff	??_main+1,_int_temp+1
   941                           
   942                           ;main.c: 459: itoa(z, int_temp, 10);
   943  00024E  0E00               	movlw	high _z
   944  000250  6E20               	movwf	itoa@buf+1,c
   945  000252  0E4F               	movlw	low _z
   946  000254  6E1F               	movwf	itoa@buf,c
   947  000256  C043  F021         	movff	_int_temp,itoa@val
   948  00025A  C044  F022         	movff	_int_temp+1,itoa@val+1
   949  00025E  0E00               	movlw	0
   950  000260  6E24               	movwf	itoa@base+1,c
   951  000262  0E0A               	movlw	10
   952  000264  6E23               	movwf	itoa@base,c
   953  000266  ECEA  F005         	call	_itoa	;wreg free
   954                           
   955                           ;main.c: 460: write_uart(z);
   956  00026A  0E00               	movlw	high _z
   957  00026C  6E12               	movwf	write_uart@txt+1,c
   958  00026E  0E4F               	movlw	low _z
   959  000270  6E11               	movwf	write_uart@txt,c
   960  000272  ECF2  F006         	call	_write_uart	;wreg free
   961                           
   962                           ;main.c: 461: uart_send('.');
   963  000276  0E00               	movlw	0
   964  000278  6E10               	movwf	uart_send@mydata_byte+1,c
   965  00027A  0E2E               	movlw	46
   966  00027C  6E0F               	movwf	uart_send@mydata_byte,c
   967  00027E  EC9E  F007         	call	_uart_send	;wreg free
   968                           
   969                           ;main.c: 463: d = temperature - int_temp;
   970  000282  C043  F017         	movff	_int_temp,___awtoft@c
   971  000286  C044  F018         	movff	_int_temp+1,___awtoft@c+1
   972  00028A  EC3C  F006         	call	___awtoft	;wreg free
   973  00028E  C017  F01B         	movff	?___awtoft,___ftneg@f1
   974  000292  C018  F01C         	movff	?___awtoft+1,___ftneg@f1+1
   975  000296  C019  F01D         	movff	?___awtoft+2,___ftneg@f1+2
   976  00029A  EC30  F007         	call	___ftneg	;wreg free
   977  00029E  C01B  F02A         	movff	?___ftneg,___ftadd@f1
   978  0002A2  C01C  F02B         	movff	?___ftneg+1,___ftadd@f1+1
   979  0002A6  C01D  F02C         	movff	?___ftneg+2,___ftadd@f1+2
   980  0002AA  C03A  F02D         	movff	_temperature,___ftadd@f2
   981  0002AE  C03B  F02E         	movff	_temperature+1,___ftadd@f2+1
   982  0002B2  C03C  F02F         	movff	_temperature+2,___ftadd@f2+2
   983  0002B6  ECDE  F001         	call	___ftadd	;wreg free
   984  0002BA  C02A  F034         	movff	?___ftadd,_d
   985  0002BE  C02B  F035         	movff	?___ftadd+1,_d+1
   986  0002C2  C02C  F036         	movff	?___ftadd+2,_d+2
   987                           
   988                           ;main.c: 465: decm = d * 1000;
   989  0002C6  0E00               	movlw	0
   990  0002C8  6E1E               	movwf	___ftmul@f2,c
   991  0002CA  0E7A               	movlw	122
   992  0002CC  6E1F               	movwf	___ftmul@f2+1,c
   993  0002CE  0E44               	movlw	68
   994  0002D0  6E20               	movwf	___ftmul@f2+2,c
   995  0002D2  C034  F01B         	movff	_d,___ftmul@f1
   996  0002D6  C035  F01C         	movff	_d+1,___ftmul@f1+1
   997  0002DA  C036  F01D         	movff	_d+2,___ftmul@f1+2
   998  0002DE  EC13  F004         	call	___ftmul	;wreg free
   999  0002E2  C01B  F02A         	movff	?___ftmul,___fttol@f1
  1000  0002E6  C01C  F02B         	movff	?___ftmul+1,___fttol@f1+1
  1001  0002EA  C01D  F02C         	movff	?___ftmul+2,___fttol@f1+2
  1002  0002EE  ECE9  F002         	call	___fttol	;wreg free
  1003  0002F2  C02A  F030         	movff	?___fttol,_decm
  1004  0002F6  C02B  F031         	movff	?___fttol+1,_decm+1
  1005  0002FA  C02C  F032         	movff	?___fttol+2,_decm+2
  1006  0002FE  C02D  F033         	movff	?___fttol+3,_decm+3
  1007                           
  1008                           ;main.c: 468: ltoa(buf,decm,10);
  1009  000302  0100               	movlb	0	; () banked
  1010  000304  0E00               	movlw	high _buf
  1011  000306  0100               	movlb	0	; () banked
  1012  000308  6F61               	movwf	(ltoa@buf+1)& (0+255),b
  1013  00030A  0100               	movlb	0	; () banked
  1014  00030C  0E79               	movlw	low _buf
  1015  00030E  0100               	movlb	0	; () banked
  1016  000310  6F60               	movwf	ltoa@buf& (0+255),b
  1017  000312  C030  F062         	movff	_decm,ltoa@val
  1018  000316  C031  F063         	movff	_decm+1,ltoa@val+1
  1019  00031A  C032  F064         	movff	_decm+2,ltoa@val+2
  1020  00031E  C033  F065         	movff	_decm+3,ltoa@val+3
  1021  000322  0E00               	movlw	0
  1022  000324  0100               	movlb	0	; () banked
  1023  000326  6F67               	movwf	(ltoa@base+1)& (0+255),b
  1024  000328  0E0A               	movlw	10
  1025  00032A  0100               	movlb	0	; () banked
  1026  00032C  6F66               	movwf	ltoa@base& (0+255),b
  1027  00032E  EC31  F005         	call	_ltoa	;wreg free
  1028                           
  1029                           ;main.c: 469: y=strlen(buf);
  1030  000332  0100               	movlb	0	; () banked
  1031  000334  0E00               	movlw	high _buf
  1032  000336  6E10               	movwf	strlen@s+1,c
  1033  000338  0100               	movlb	0	; () banked
  1034  00033A  0E79               	movlw	low _buf
  1035  00033C  6E0F               	movwf	strlen@s,c
  1036  00033E  ECA3  F006         	call	_strlen	;wreg free
  1037  000342  C00F  F04D         	movff	?_strlen,_y
  1038  000346  C010  F04E         	movff	?_strlen+1,_y+1
  1039                           
  1040                           ;main.c: 470: y=3-y;
  1041  00034A  C04D  F06B         	movff	_y,??_main
  1042  00034E  C04E  F06C         	movff	_y+1,??_main+1
  1043  000352  0100               	movlb	0	; () banked
  1044  000354  1F6B               	comf	??_main& (0+255),f,b
  1045  000356  1F6C               	comf	(??_main+1)& (0+255),f,b
  1046  000358  4B6B               	infsnz	??_main& (0+255),f,b
  1047  00035A  2B6C               	incf	(??_main+1)& (0+255),f,b
  1048  00035C  0E03               	movlw	3
  1049  00035E  0100               	movlb	0	; () banked
  1050  000360  256B               	addwf	??_main& (0+255),w,b
  1051  000362  6E4D               	movwf	_y,c
  1052  000364  0E00               	movlw	0
  1053  000366  0100               	movlb	0	; () banked
  1054  000368  216C               	addwfc	(??_main+1)& (0+255),w,b
  1055  00036A  D00B               	goto	L2
  1056  00036C                     l2457:
  1057                           
  1058                           ;main.c: 472: {
  1059                           ;main.c: 473: uart_send('0');
  1060  00036C  0E00               	movlw	0
  1061  00036E  6E10               	movwf	uart_send@mydata_byte+1,c
  1062  000370  0E30               	movlw	48
  1063  000372  6E0F               	movwf	uart_send@mydata_byte,c
  1064  000374  EC9E  F007         	call	_uart_send	;wreg free
  1065                           
  1066                           ;main.c: 474: y=y-1;
  1067  000378  0EFF               	movlw	255
  1068  00037A  244D               	addwf	_y,w,c
  1069  00037C  6E4D               	movwf	_y,c
  1070  00037E  0EFF               	movlw	255
  1071  000380  204E               	addwfc	_y+1,w,c
  1072  000382                     L2:
  1073  000382  6E4E               	movwf	_y+1,c
  1074  000384  504E               	movf	_y+1,w,c
  1075  000386  104D               	iorwf	_y,w,c
  1076  000388  A4D8               	btfss	status,2,c
  1077  00038A  D7F0               	goto	l2457
  1078                           
  1079                           ;main.c: 475: }
  1080                           ;main.c: 476: write_uart (buf);
  1081  00038C  0100               	movlb	0	; () banked
  1082  00038E  0E00               	movlw	high _buf
  1083  000390  6E12               	movwf	write_uart@txt+1,c
  1084  000392  0100               	movlb	0	; () banked
  1085  000394  0E79               	movlw	low _buf
  1086  000396  6E11               	movwf	write_uart@txt,c
  1087  000398  ECF2  F006         	call	_write_uart	;wreg free
  1088                           
  1089                           ;main.c: 478: uart_send(0x0A);
  1090  00039C  0E00               	movlw	0
  1091  00039E  6E10               	movwf	uart_send@mydata_byte+1,c
  1092  0003A0  0E0A               	movlw	10
  1093  0003A2  6E0F               	movwf	uart_send@mydata_byte,c
  1094  0003A4  EC9E  F007         	call	_uart_send	;wreg free
  1095                           
  1096                           ;main.c: 479: uart_send(0x0D);
  1097  0003A8  0E00               	movlw	0
  1098  0003AA  6E10               	movwf	uart_send@mydata_byte+1,c
  1099  0003AC  0E0D               	movlw	13
  1100  0003AE  6E0F               	movwf	uart_send@mydata_byte,c
  1101  0003B0  EC9E  F007         	call	_uart_send	;wreg free
  1102                           
  1103                           ;main.c: 484: __delay_10ms(254);
  1104  0003B4  0EFE               	movlw	254
  1105  0003B6  EC87  F007         	call	___delay_10ms
  1106  0003BA  D685               	goto	l2379
  1107  0003BC                     __end_of_main:
  1108                           	opt stack 0
  1109                           pclatu	equ	0xFFB
  1110                           pclath	equ	0xFFA
  1111                           tblptru	equ	0xFF8
  1112                           tblptrh	equ	0xFF7
  1113                           tblptrl	equ	0xFF6
  1114                           tablat	equ	0xFF5
  1115                           prodh	equ	0xFF4
  1116                           prodl	equ	0xFF3
  1117                           intcon	equ	0xFF2
  1118                           postinc0	equ	0xFEE
  1119                           fsr0h	equ	0xFEA
  1120                           fsr0l	equ	0xFE9
  1121                           wreg	equ	0xFE8
  1122                           fsr1h	equ	0xFE2
  1123                           fsr1l	equ	0xFE1
  1124                           indf2	equ	0xFDF
  1125                           fsr2h	equ	0xFDA
  1126                           fsr2l	equ	0xFD9
  1127                           status	equ	0xFD8
  1128                           
  1129 ;; *************** function _write_uart *****************
  1130 ;; Defined at:
  1131 ;;		line 129 in file "main.c"
  1132 ;; Parameters:    Size  Location     Type
  1133 ;;  txt             2   16[COMRAM] PTR const unsigned char 
  1134 ;;		 -> buf(4), z(1), 
  1135 ;; Auto vars:     Size  Location     Type
  1136 ;;		None
  1137 ;; Return value:  Size  Location     Type
  1138 ;;		None               void
  1139 ;; Registers used:
  1140 ;;		wreg, fsr2l, fsr2h, status,2, status,0, cstack
  1141 ;; Tracked objects:
  1142 ;;		On entry : 0/0
  1143 ;;		On exit  : 0/0
  1144 ;;		Unchanged: 0/0
  1145 ;; Data sizes:     COMRAM   BANK0   BANK1
  1146 ;;      Params:         2       0       0
  1147 ;;      Locals:         0       0       0
  1148 ;;      Temps:          1       0       0
  1149 ;;      Totals:         3       0       0
  1150 ;;Total ram usage:        3 bytes
  1151 ;; Hardware stack levels used:    1
  1152 ;; Hardware stack levels required when called:    2
  1153 ;; This function calls:
  1154 ;;		_uart_send
  1155 ;; This function is called by:
  1156 ;;		_main
  1157 ;; This function uses a non-reentrant model
  1158 ;;
  1159                           
  1160                           	psect	text1
  1161  000DE4                     __ptext1:
  1162                           	opt stack 0
  1163  000DE4                     _write_uart:
  1164                           	opt stack 28
  1165                           
  1166                           ;main.c: 133: while(*txt)
  1167                           
  1168                           ;incstack = 0
  1169  000DE4  D00D               	goto	l1681
  1170  000DE6                     l1677:
  1171                           
  1172                           ;main.c: 134: uart_send(*txt++);
  1173  000DE6  C011  FFD9         	movff	write_uart@txt,fsr2l
  1174  000DEA  C012  FFDA         	movff	write_uart@txt+1,fsr2h
  1175  000DEE  50DF               	movf	indf2,w,c
  1176  000DF0  6E13               	movwf	??_write_uart& (0+255),c
  1177  000DF2  5013               	movf	??_write_uart,w,c
  1178  000DF4  6E0F               	movwf	uart_send@mydata_byte,c
  1179  000DF6  6A10               	clrf	uart_send@mydata_byte+1,c
  1180  000DF8  EC9E  F007         	call	_uart_send	;wreg free
  1181  000DFC  4A11               	infsnz	write_uart@txt,f,c
  1182  000DFE  2A12               	incf	write_uart@txt+1,f,c
  1183  000E00                     l1681:
  1184  000E00  C011  FFD9         	movff	write_uart@txt,fsr2l
  1185  000E04  C012  FFDA         	movff	write_uart@txt+1,fsr2h
  1186  000E08  50DF               	movf	indf2,w,c
  1187  000E0A  B4D8               	btfsc	status,2,c
  1188  000E0C  0012               	return	
  1189  000E0E  D7EB               	goto	l1677
  1190  000E10                     __end_of_write_uart:
  1191                           	opt stack 0
  1192                           pclatu	equ	0xFFB
  1193                           pclath	equ	0xFFA
  1194                           tblptru	equ	0xFF8
  1195                           tblptrh	equ	0xFF7
  1196                           tblptrl	equ	0xFF6
  1197                           tablat	equ	0xFF5
  1198                           prodh	equ	0xFF4
  1199                           prodl	equ	0xFF3
  1200                           intcon	equ	0xFF2
  1201                           postinc0	equ	0xFEE
  1202                           fsr0h	equ	0xFEA
  1203                           fsr0l	equ	0xFE9
  1204                           wreg	equ	0xFE8
  1205                           fsr1h	equ	0xFE2
  1206                           fsr1l	equ	0xFE1
  1207                           indf2	equ	0xFDF
  1208                           fsr2h	equ	0xFDA
  1209                           fsr2l	equ	0xFD9
  1210                           status	equ	0xFD8
  1211                           
  1212 ;; *************** function _uart_send *****************
  1213 ;; Defined at:
  1214 ;;		line 123 in file "main.c"
  1215 ;; Parameters:    Size  Location     Type
  1216 ;;  mydata_byte     2   14[COMRAM] unsigned int 
  1217 ;; Auto vars:     Size  Location     Type
  1218 ;;		None
  1219 ;; Return value:  Size  Location     Type
  1220 ;;		None               void
  1221 ;; Registers used:
  1222 ;;		None
  1223 ;; Tracked objects:
  1224 ;;		On entry : 0/0
  1225 ;;		On exit  : 0/0
  1226 ;;		Unchanged: 0/0
  1227 ;; Data sizes:     COMRAM   BANK0   BANK1
  1228 ;;      Params:         2       0       0
  1229 ;;      Locals:         0       0       0
  1230 ;;      Temps:          0       0       0
  1231 ;;      Totals:         2       0       0
  1232 ;;Total ram usage:        2 bytes
  1233 ;; Hardware stack levels used:    1
  1234 ;; Hardware stack levels required when called:    1
  1235 ;; This function calls:
  1236 ;;		Nothing
  1237 ;; This function is called by:
  1238 ;;		_write_uart
  1239 ;;		_main
  1240 ;; This function uses a non-reentrant model
  1241 ;;
  1242                           
  1243                           	psect	text2
  1244  000F3C                     __ptext2:
  1245                           	opt stack 0
  1246  000F3C                     _uart_send:
  1247                           	opt stack 28
  1248  000F3C                     l102:
  1249  000F3C  A2AC               	btfss	4012,1,c	;volatile
  1250  000F3E  D7FE               	goto	l102
  1251                           
  1252                           ;main.c: 126: TXREG = mydata_byte;
  1253  000F40  C00F  FFAD         	movff	uart_send@mydata_byte,4013	;volatile
  1254  000F44  0012               	return	
  1255  000F46                     __end_of_uart_send:
  1256                           	opt stack 0
  1257                           pclatu	equ	0xFFB
  1258                           pclath	equ	0xFFA
  1259                           tblptru	equ	0xFF8
  1260                           tblptrh	equ	0xFF7
  1261                           tblptrl	equ	0xFF6
  1262                           tablat	equ	0xFF5
  1263                           prodh	equ	0xFF4
  1264                           prodl	equ	0xFF3
  1265                           intcon	equ	0xFF2
  1266                           postinc0	equ	0xFEE
  1267                           fsr0h	equ	0xFEA
  1268                           fsr0l	equ	0xFE9
  1269                           wreg	equ	0xFE8
  1270                           fsr1h	equ	0xFE2
  1271                           fsr1l	equ	0xFE1
  1272                           indf2	equ	0xFDF
  1273                           fsr2h	equ	0xFDA
  1274                           fsr2l	equ	0xFD9
  1275                           status	equ	0xFD8
  1276                           
  1277 ;; *************** function _strlen *****************
  1278 ;; Defined at:
  1279 ;;		line 4 in file "C:\Program Files\Microchip\xc8\v1.33\sources\common\strlen.c"
  1280 ;; Parameters:    Size  Location     Type
  1281 ;;  s               2   14[COMRAM] PTR const unsigned char 
  1282 ;;		 -> buf(4), 
  1283 ;; Auto vars:     Size  Location     Type
  1284 ;;  cp              2   18[COMRAM] PTR const unsigned char 
  1285 ;;		 -> buf(4), 
  1286 ;; Return value:  Size  Location     Type
  1287 ;;                  2   14[COMRAM] unsigned int 
  1288 ;; Registers used:
  1289 ;;		wreg, fsr2l, fsr2h, status,2, status,0
  1290 ;; Tracked objects:
  1291 ;;		On entry : 0/0
  1292 ;;		On exit  : 0/0
  1293 ;;		Unchanged: 0/0
  1294 ;; Data sizes:     COMRAM   BANK0   BANK1
  1295 ;;      Params:         2       0       0
  1296 ;;      Locals:         2       0       0
  1297 ;;      Temps:          2       0       0
  1298 ;;      Totals:         6       0       0
  1299 ;;Total ram usage:        6 bytes
  1300 ;; Hardware stack levels used:    1
  1301 ;; Hardware stack levels required when called:    1
  1302 ;; This function calls:
  1303 ;;		Nothing
  1304 ;; This function is called by:
  1305 ;;		_main
  1306 ;; This function uses a non-reentrant model
  1307 ;;
  1308                           
  1309                           	psect	text3
  1310  000D46                     __ptext3:
  1311                           	opt stack 0
  1312  000D46                     _strlen:
  1313                           	opt stack 29
  1314                           
  1315                           ;incstack = 0
  1316  000D46  C010  F014         	movff	strlen@s+1,strlen@cp+1
  1317  000D4A  C00F  F013         	movff	strlen@s,strlen@cp
  1318  000D4E  D002               	goto	l1827
  1319  000D50                     l1825:
  1320  000D50  4A13               	infsnz	strlen@cp,f,c
  1321  000D52  2A14               	incf	strlen@cp+1,f,c
  1322  000D54                     l1827:
  1323  000D54  C013  FFD9         	movff	strlen@cp,fsr2l
  1324  000D58  C014  FFDA         	movff	strlen@cp+1,fsr2h
  1325  000D5C  50DF               	movf	indf2,w,c
  1326  000D5E  A4D8               	btfss	status,2,c
  1327  000D60  D7F7               	goto	l1825
  1328  000D62  C00F  F011         	movff	strlen@s,??_strlen
  1329  000D66  C010  F012         	movff	strlen@s+1,??_strlen+1
  1330  000D6A  1E11               	comf	??_strlen,f,c
  1331  000D6C  1E12               	comf	??_strlen+1,f,c
  1332  000D6E  4A11               	infsnz	??_strlen,f,c
  1333  000D70  2A12               	incf	??_strlen+1,f,c
  1334  000D72  5013               	movf	strlen@cp,w,c
  1335  000D74  2411               	addwf	??_strlen,w,c
  1336  000D76  6E0F               	movwf	?_strlen,c
  1337  000D78  5014               	movf	strlen@cp+1,w,c
  1338  000D7A  2012               	addwfc	??_strlen+1,w,c
  1339  000D7C  6E10               	movwf	?_strlen+1,c
  1340  000D7E  0012               	return	
  1341  000D80                     __end_of_strlen:
  1342                           	opt stack 0
  1343                           pclatu	equ	0xFFB
  1344                           pclath	equ	0xFFA
  1345                           tblptru	equ	0xFF8
  1346                           tblptrh	equ	0xFF7
  1347                           tblptrl	equ	0xFF6
  1348                           tablat	equ	0xFF5
  1349                           prodh	equ	0xFF4
  1350                           prodl	equ	0xFF3
  1351                           intcon	equ	0xFF2
  1352                           postinc0	equ	0xFEE
  1353                           fsr0h	equ	0xFEA
  1354                           fsr0l	equ	0xFE9
  1355                           wreg	equ	0xFE8
  1356                           fsr1h	equ	0xFE2
  1357                           fsr1l	equ	0xFE1
  1358                           indf2	equ	0xFDF
  1359                           fsr2h	equ	0xFDA
  1360                           fsr2l	equ	0xFD9
  1361                           status	equ	0xFD8
  1362                           
  1363 ;; *************** function _serial_init *****************
  1364 ;; Defined at:
  1365 ;;		line 158 in file "main.c"
  1366 ;; Parameters:    Size  Location     Type
  1367 ;;		None
  1368 ;; Auto vars:     Size  Location     Type
  1369 ;;		None
  1370 ;; Return value:  Size  Location     Type
  1371 ;;		None               void
  1372 ;; Registers used:
  1373 ;;		wreg, status,2
  1374 ;; Tracked objects:
  1375 ;;		On entry : 0/0
  1376 ;;		On exit  : 0/0
  1377 ;;		Unchanged: 0/0
  1378 ;; Data sizes:     COMRAM   BANK0   BANK1
  1379 ;;      Params:         0       0       0
  1380 ;;      Locals:         0       0       0
  1381 ;;      Temps:          1       0       0
  1382 ;;      Totals:         1       0       0
  1383 ;;Total ram usage:        1 bytes
  1384 ;; Hardware stack levels used:    1
  1385 ;; Hardware stack levels required when called:    1
  1386 ;; This function calls:
  1387 ;;		Nothing
  1388 ;; This function is called by:
  1389 ;;		_main
  1390 ;; This function uses a non-reentrant model
  1391 ;;
  1392                           
  1393                           	psect	text4
  1394  000E3A                     __ptext4:
  1395                           	opt stack 0
  1396  000E3A                     _serial_init:
  1397                           	opt stack 29
  1398                           
  1399                           ;main.c: 168: TXSTAbits.BRGH=1;
  1400                           
  1401                           ;incstack = 0
  1402  000E3A  84AC               	bsf	4012,2,c	;volatile
  1403                           
  1404                           ;main.c: 169: TXSTAbits.TX9=0;
  1405  000E3C  9CAC               	bcf	4012,6,c	;volatile
  1406                           
  1407                           ;main.c: 170: TXSTAbits.TXEN=1;
  1408  000E3E  8AAC               	bsf	4012,5,c	;volatile
  1409                           
  1410                           ;main.c: 171: BAUDCONbits.BRG16=0;
  1411  000E40  96B8               	bcf	4024,3,c	;volatile
  1412                           
  1413                           ;main.c: 173: RCSTAbits.SPEN=1;
  1414  000E42  8EAB               	bsf	4011,7,c	;volatile
  1415                           
  1416                           ;main.c: 174: RCSTAbits.RX9=0;
  1417  000E44  9CAB               	bcf	4011,6,c	;volatile
  1418                           
  1419                           ;main.c: 175: RCSTAbits.CREN=1;
  1420  000E46  88AB               	bsf	4011,4,c	;volatile
  1421                           
  1422                           ;main.c: 178: SPBRG=25;
  1423  000E48  0E19               	movlw	25
  1424  000E4A  6EAF               	movwf	4015,c	;volatile
  1425                           
  1426                           ;main.c: 181: PIR1bits.RCIF=0;
  1427  000E4C  9A9E               	bcf	3998,5,c	;volatile
  1428                           
  1429                           ;main.c: 182: PIE1bits.RCIE=1;
  1430  000E4E  8A9D               	bsf	3997,5,c	;volatile
  1431                           
  1432                           ;main.c: 185: _delay((unsigned long)((10)*(16000000/4000.0)));
  1433  000E50  0E34               	movlw	52
  1434  000E52  6E0F               	movwf	??_serial_init& (0+255),c
  1435  000E54  0EF2               	movlw	242
  1436  000E56                     u2247:
  1437  000E56  2EE8               	decfsz	wreg,f,c
  1438  000E58  D7FE               	goto	u2247
  1439  000E5A  2E0F               	decfsz	??_serial_init& (0+255),f,c
  1440  000E5C  D7FC               	goto	u2247
  1441  000E5E  0012               	return	
  1442  000E60                     __end_of_serial_init:
  1443                           	opt stack 0
  1444                           pclatu	equ	0xFFB
  1445                           pclath	equ	0xFFA
  1446                           tblptru	equ	0xFF8
  1447                           tblptrh	equ	0xFF7
  1448                           tblptrl	equ	0xFF6
  1449                           tablat	equ	0xFF5
  1450                           prodh	equ	0xFF4
  1451                           prodl	equ	0xFF3
  1452                           intcon	equ	0xFF2
  1453                           postinc0	equ	0xFEE
  1454                           fsr0h	equ	0xFEA
  1455                           fsr0l	equ	0xFE9
  1456                           wreg	equ	0xFE8
  1457                           fsr1h	equ	0xFE2
  1458                           fsr1l	equ	0xFE1
  1459                           indf2	equ	0xFDF
  1460                           fsr2h	equ	0xFDA
  1461                           fsr2l	equ	0xFD9
  1462                           status	equ	0xFD8
  1463                           
  1464 ;; *************** function _one_wire_tx_byte *****************
  1465 ;; Defined at:
  1466 ;;		line 288 in file "main.c"
  1467 ;; Parameters:    Size  Location     Type
  1468 ;;  write_data      1    wreg     unsigned char 
  1469 ;; Auto vars:     Size  Location     Type
  1470 ;;  write_data      1   15[COMRAM] unsigned char 
  1471 ;;  loop            1   16[COMRAM] unsigned char 
  1472 ;; Return value:  Size  Location     Type
  1473 ;;		None               void
  1474 ;; Registers used:
  1475 ;;		wreg, status,2, status,0, cstack
  1476 ;; Tracked objects:
  1477 ;;		On entry : 0/0
  1478 ;;		On exit  : 0/0
  1479 ;;		Unchanged: 0/0
  1480 ;; Data sizes:     COMRAM   BANK0   BANK1
  1481 ;;      Params:         0       0       0
  1482 ;;      Locals:         2       0       0
  1483 ;;      Temps:          0       0       0
  1484 ;;      Totals:         2       0       0
  1485 ;;Total ram usage:        2 bytes
  1486 ;; Hardware stack levels used:    1
  1487 ;; Hardware stack levels required when called:    2
  1488 ;; This function calls:
  1489 ;;		_one_wire_tx_bit
  1490 ;; This function is called by:
  1491 ;;		_main
  1492 ;; This function uses a non-reentrant model
  1493 ;;
  1494                           
  1495                           	psect	text5
  1496  000E86                     __ptext5:
  1497                           	opt stack 0
  1498  000E86                     _one_wire_tx_byte:
  1499                           	opt stack 28
  1500                           
  1501                           ;incstack = 0
  1502                           ;one_wire_tx_byte@write_data stored from wreg
  1503  000E86  6E10               	movwf	one_wire_tx_byte@write_data,c
  1504                           
  1505                           ;main.c: 290: unsigned char loop;
  1506                           ;main.c: 292: for (loop = 0; loop < 8; loop++)
  1507  000E88  0E00               	movlw	0
  1508  000E8A  6E11               	movwf	one_wire_tx_byte@loop,c
  1509  000E8C  0E07               	movlw	7
  1510  000E8E  6411               	cpfsgt	one_wire_tx_byte@loop,c
  1511  000E90  D001               	goto	l1763
  1512  000E92  0012               	return	
  1513  000E94                     l1763:
  1514                           
  1515                           ;main.c: 293: {
  1516                           ;main.c: 294: one_wire_tx_bit(write_data & 0x01);
  1517  000E94  5010               	movf	one_wire_tx_byte@write_data,w,c
  1518  000E96  0B01               	andlw	1
  1519  000E98  ECC0  F006         	call	_one_wire_tx_bit
  1520                           
  1521                           ;main.c: 295: write_data >>= 1;
  1522  000E9C  90D8               	bcf	status,0,c
  1523  000E9E  3210               	rrcf	one_wire_tx_byte@write_data,f,c
  1524  000EA0  2A11               	incf	one_wire_tx_byte@loop,f,c
  1525  000EA2  0E07               	movlw	7
  1526  000EA4  6411               	cpfsgt	one_wire_tx_byte@loop,c
  1527  000EA6  D7F6               	goto	l1763
  1528  000EA8  0012               	return	
  1529  000EAA                     __end_of_one_wire_tx_byte:
  1530                           	opt stack 0
  1531                           pclatu	equ	0xFFB
  1532                           pclath	equ	0xFFA
  1533                           tblptru	equ	0xFF8
  1534                           tblptrh	equ	0xFF7
  1535                           tblptrl	equ	0xFF6
  1536                           tablat	equ	0xFF5
  1537                           prodh	equ	0xFF4
  1538                           prodl	equ	0xFF3
  1539                           intcon	equ	0xFF2
  1540                           postinc0	equ	0xFEE
  1541                           fsr0h	equ	0xFEA
  1542                           fsr0l	equ	0xFE9
  1543                           wreg	equ	0xFE8
  1544                           fsr1h	equ	0xFE2
  1545                           fsr1l	equ	0xFE1
  1546                           indf2	equ	0xFDF
  1547                           fsr2h	equ	0xFDA
  1548                           fsr2l	equ	0xFD9
  1549                           status	equ	0xFD8
  1550                           
  1551 ;; *************** function _one_wire_tx_bit *****************
  1552 ;; Defined at:
  1553 ;;		line 262 in file "main.c"
  1554 ;; Parameters:    Size  Location     Type
  1555 ;;  txbit           1    wreg     unsigned char 
  1556 ;; Auto vars:     Size  Location     Type
  1557 ;;  txbit           1   14[COMRAM] unsigned char 
  1558 ;; Return value:  Size  Location     Type
  1559 ;;		None               void
  1560 ;; Registers used:
  1561 ;;		wreg, status,2, cstack
  1562 ;; Tracked objects:
  1563 ;;		On entry : 0/0
  1564 ;;		On exit  : 0/0
  1565 ;;		Unchanged: 0/0
  1566 ;; Data sizes:     COMRAM   BANK0   BANK1
  1567 ;;      Params:         0       0       0
  1568 ;;      Locals:         1       0       0
  1569 ;;      Temps:          0       0       0
  1570 ;;      Totals:         1       0       0
  1571 ;;Total ram usage:        1 bytes
  1572 ;; Hardware stack levels used:    1
  1573 ;; Hardware stack levels required when called:    1
  1574 ;; This function calls:
  1575 ;;		Nothing
  1576 ;; This function is called by:
  1577 ;;		_one_wire_tx_byte
  1578 ;; This function uses a non-reentrant model
  1579 ;;
  1580                           
  1581                           	psect	text6
  1582  000D80                     __ptext6:
  1583                           	opt stack 0
  1584  000D80                     _one_wire_tx_bit:
  1585                           	opt stack 28
  1586                           
  1587                           ;incstack = 0
  1588                           ;one_wire_tx_bit@txbit stored from wreg
  1589  000D80  6E0F               	movwf	one_wire_tx_bit@txbit,c
  1590                           
  1591                           ;main.c: 263: if (txbit) {
  1592  000D82  500F               	movf	one_wire_tx_bit@txbit,w,c
  1593  000D84  B4D8               	btfsc	status,2,c
  1594  000D86  D00B               	goto	l136
  1595                           
  1596                           ;main.c: 264: TRISCbits.TRISC1 = 0;
  1597  000D88  9294               	bcf	3988,1,c	;volatile
  1598                           
  1599                           ;main.c: 265: LATCbits.LATC1 = 0;
  1600  000D8A  928B               	bcf	3979,1,c	;volatile
  1601                           
  1602                           ;main.c: 266: _delay((unsigned long)((6)*(16000000/4000000.0)));
  1603  000D8C  0E08               	movlw	8
  1604  000D8E                     u2257:
  1605  000D8E  2EE8               	decfsz	wreg,f,c
  1606  000D90  D7FE               	goto	u2257
  1607                           
  1608                           ;main.c: 267: TRISCbits.TRISC1 = 1;
  1609  000D92  8294               	bsf	3988,1,c	;volatile
  1610                           
  1611                           ;main.c: 268: _delay((unsigned long)((64)*(16000000/4000000.0)));
  1612  000D94  0E55               	movlw	85
  1613  000D96                     u2267:
  1614  000D96  2EE8               	decfsz	wreg,f,c
  1615  000D98  D7FE               	goto	u2267
  1616  000D9A  F000               	nop	
  1617                           
  1618                           ;main.c: 269: }
  1619  000D9C  0012               	return	
  1620  000D9E                     l136:
  1621                           
  1622                           ;main.c: 270: else {
  1623                           ;main.c: 271: TRISCbits.TRISC1 = 0;
  1624  000D9E  9294               	bcf	3988,1,c	;volatile
  1625                           
  1626                           ;main.c: 272: LATCbits.LATC1 = 0;
  1627  000DA0  928B               	bcf	3979,1,c	;volatile
  1628                           
  1629                           ;main.c: 273: _delay((unsigned long)((60)*(16000000/4000000.0)));
  1630  000DA2  0E50               	movlw	80
  1631  000DA4                     u2277:
  1632  000DA4  2EE8               	decfsz	wreg,f,c
  1633  000DA6  D7FE               	goto	u2277
  1634                           
  1635                           ;main.c: 274: TRISCbits.TRISC1 = 1;
  1636  000DA8  8294               	bsf	3988,1,c	;volatile
  1637                           
  1638                           ;main.c: 275: _delay((unsigned long)((10)*(16000000/4000000.0)));
  1639  000DAA  0E0D               	movlw	13
  1640  000DAC                     u2287:
  1641  000DAC  2EE8               	decfsz	wreg,f,c
  1642  000DAE  D7FE               	goto	u2287
  1643  000DB0  F000               	nop	
  1644  000DB2  0012               	return	
  1645  000DB4                     __end_of_one_wire_tx_bit:
  1646                           	opt stack 0
  1647                           pclatu	equ	0xFFB
  1648                           pclath	equ	0xFFA
  1649                           tblptru	equ	0xFF8
  1650                           tblptrh	equ	0xFF7
  1651                           tblptrl	equ	0xFF6
  1652                           tablat	equ	0xFF5
  1653                           prodh	equ	0xFF4
  1654                           prodl	equ	0xFF3
  1655                           intcon	equ	0xFF2
  1656                           postinc0	equ	0xFEE
  1657                           fsr0h	equ	0xFEA
  1658                           fsr0l	equ	0xFE9
  1659                           wreg	equ	0xFE8
  1660                           fsr1h	equ	0xFE2
  1661                           fsr1l	equ	0xFE1
  1662                           indf2	equ	0xFDF
  1663                           fsr2h	equ	0xFDA
  1664                           fsr2l	equ	0xFD9
  1665                           status	equ	0xFD8
  1666                           
  1667 ;; *************** function _one_wire_rx_byte *****************
  1668 ;; Defined at:
  1669 ;;		line 340 in file "main.c"
  1670 ;; Parameters:    Size  Location     Type
  1671 ;;		None
  1672 ;; Auto vars:     Size  Location     Type
  1673 ;;  loop            1   16[COMRAM] unsigned char 
  1674 ;;  result          1   15[COMRAM] unsigned char 
  1675 ;; Return value:  Size  Location     Type
  1676 ;;                  1    wreg      unsigned char 
  1677 ;; Registers used:
  1678 ;;		wreg, status,2, status,0, cstack
  1679 ;; Tracked objects:
  1680 ;;		On entry : 0/0
  1681 ;;		On exit  : 0/0
  1682 ;;		Unchanged: 0/0
  1683 ;; Data sizes:     COMRAM   BANK0   BANK1
  1684 ;;      Params:         0       0       0
  1685 ;;      Locals:         2       0       0
  1686 ;;      Temps:          0       0       0
  1687 ;;      Totals:         2       0       0
  1688 ;;Total ram usage:        2 bytes
  1689 ;; Hardware stack levels used:    1
  1690 ;; Hardware stack levels required when called:    2
  1691 ;; This function calls:
  1692 ;;		_one_wire_rx_bit
  1693 ;; This function is called by:
  1694 ;;		_main
  1695 ;; This function uses a non-reentrant model
  1696 ;;
  1697                           
  1698                           	psect	text7
  1699  000EAA                     __ptext7:
  1700                           	opt stack 0
  1701  000EAA                     _one_wire_rx_byte:
  1702                           	opt stack 28
  1703                           
  1704                           ;main.c: 342: unsigned char loop, result=0;
  1705                           
  1706                           ;incstack = 0
  1707  000EAA  0E00               	movlw	0
  1708  000EAC  6E10               	movwf	one_wire_rx_byte@result,c
  1709                           
  1710                           ;main.c: 344: for (loop = 0; loop < 8; loop++)
  1711  000EAE  0E00               	movlw	0
  1712  000EB0  6E11               	movwf	one_wire_rx_byte@loop,c
  1713  000EB2  D008               	goto	L3
  1714  000EB4                     l1777:
  1715                           
  1716                           ;main.c: 345: {
  1717                           ;main.c: 347: result >>= 1;
  1718  000EB4  90D8               	bcf	status,0,c
  1719  000EB6  3210               	rrcf	one_wire_rx_byte@result,f,c
  1720                           
  1721                           ;main.c: 348: if (one_wire_rx_bit())
  1722  000EB8  EC08  F007         	call	_one_wire_rx_bit	;wreg free
  1723  000EBC  0900               	iorlw	0
  1724  000EBE  A4D8               	btfss	status,2,c
  1725                           
  1726                           ;main.c: 349: result |= 0x80;
  1727  000EC0  8E10               	bsf	one_wire_rx_byte@result,7,c
  1728  000EC2  2A11               	incf	one_wire_rx_byte@loop,f,c
  1729  000EC4                     L3:
  1730  000EC4  0E07               	movlw	7
  1731  000EC6  6411               	cpfsgt	one_wire_rx_byte@loop,c
  1732  000EC8  D7F5               	goto	l1777
  1733                           
  1734                           ;main.c: 350: }
  1735                           ;main.c: 351: return result;
  1736  000ECA  5010               	movf	one_wire_rx_byte@result,w,c
  1737  000ECC  0012               	return	
  1738  000ECE                     __end_of_one_wire_rx_byte:
  1739                           	opt stack 0
  1740                           pclatu	equ	0xFFB
  1741                           pclath	equ	0xFFA
  1742                           tblptru	equ	0xFF8
  1743                           tblptrh	equ	0xFF7
  1744                           tblptrl	equ	0xFF6
  1745                           tablat	equ	0xFF5
  1746                           prodh	equ	0xFF4
  1747                           prodl	equ	0xFF3
  1748                           intcon	equ	0xFF2
  1749                           postinc0	equ	0xFEE
  1750                           fsr0h	equ	0xFEA
  1751                           fsr0l	equ	0xFE9
  1752                           wreg	equ	0xFE8
  1753                           fsr1h	equ	0xFE2
  1754                           fsr1l	equ	0xFE1
  1755                           indf2	equ	0xFDF
  1756                           fsr2h	equ	0xFDA
  1757                           fsr2l	equ	0xFD9
  1758                           status	equ	0xFD8
  1759                           
  1760 ;; *************** function _one_wire_rx_bit *****************
  1761 ;; Defined at:
  1762 ;;		line 311 in file "main.c"
  1763 ;; Parameters:    Size  Location     Type
  1764 ;;		None
  1765 ;; Auto vars:     Size  Location     Type
  1766 ;;  read_data       1   14[COMRAM] unsigned char 
  1767 ;; Return value:  Size  Location     Type
  1768 ;;                  1    wreg      unsigned char 
  1769 ;; Registers used:
  1770 ;;		wreg, status,2
  1771 ;; Tracked objects:
  1772 ;;		On entry : 0/0
  1773 ;;		On exit  : 0/0
  1774 ;;		Unchanged: 0/0
  1775 ;; Data sizes:     COMRAM   BANK0   BANK1
  1776 ;;      Params:         0       0       0
  1777 ;;      Locals:         1       0       0
  1778 ;;      Temps:          0       0       0
  1779 ;;      Totals:         1       0       0
  1780 ;;Total ram usage:        1 bytes
  1781 ;; Hardware stack levels used:    1
  1782 ;; Hardware stack levels required when called:    1
  1783 ;; This function calls:
  1784 ;;		Nothing
  1785 ;; This function is called by:
  1786 ;;		_one_wire_rx_byte
  1787 ;; This function uses a non-reentrant model
  1788 ;;
  1789                           
  1790                           	psect	text8
  1791  000E10                     __ptext8:
  1792                           	opt stack 0
  1793  000E10                     _one_wire_rx_bit:
  1794                           	opt stack 28
  1795                           
  1796                           ;main.c: 313: unsigned char read_data;
  1797                           ;main.c: 314: read_data = 0x00;
  1798                           
  1799                           ;incstack = 0
  1800  000E10  0E00               	movlw	0
  1801  000E12  6E0F               	movwf	one_wire_rx_bit@read_data,c
  1802                           
  1803                           ;main.c: 316: TRISCbits.TRISC1 = 0;
  1804  000E14  9294               	bcf	3988,1,c	;volatile
  1805                           
  1806                           ;main.c: 317: LATCbits.LATC1 = 0;
  1807  000E16  928B               	bcf	3979,1,c	;volatile
  1808                           
  1809                           ;main.c: 318: _delay((unsigned long)((6)*(16000000/4000000.0)));
  1810  000E18  0E08               	movlw	8
  1811  000E1A                     u2297:
  1812  000E1A  2EE8               	decfsz	wreg,f,c
  1813  000E1C  D7FE               	goto	u2297
  1814                           
  1815                           ;main.c: 319: TRISCbits.TRISC1 = 1;
  1816  000E1E  8294               	bsf	3988,1,c	;volatile
  1817                           
  1818                           ;main.c: 320: _delay((unsigned long)((9)*(16000000/4000000.0)));
  1819  000E20  0E0C               	movlw	12
  1820  000E22                     u2307:
  1821  000E22  2EE8               	decfsz	wreg,f,c
  1822  000E24  D7FE               	goto	u2307
  1823                           
  1824                           ;main.c: 322: if (PORTCbits.RC1) {
  1825  000E26  A282               	btfss	3970,1,c	;volatile
  1826  000E28  D002               	goto	l1573
  1827                           
  1828                           ;main.c: 323: read_data = 0x01;
  1829  000E2A  0E01               	movlw	1
  1830  000E2C  6E0F               	movwf	one_wire_rx_bit@read_data,c
  1831  000E2E                     l1573:
  1832                           
  1833                           ;main.c: 324: }
  1834                           ;main.c: 326: _delay((unsigned long)((55)*(16000000/4000000.0)));
  1835  000E2E  0E49               	movlw	73
  1836  000E30                     u2317:
  1837  000E30  2EE8               	decfsz	wreg,f,c
  1838  000E32  D7FE               	goto	u2317
  1839  000E34  F000               	nop	
  1840                           
  1841                           ;main.c: 327: return read_data;
  1842  000E36  500F               	movf	one_wire_rx_bit@read_data,w,c
  1843  000E38  0012               	return	
  1844  000E3A                     __end_of_one_wire_rx_bit:
  1845                           	opt stack 0
  1846                           pclatu	equ	0xFFB
  1847                           pclath	equ	0xFFA
  1848                           tblptru	equ	0xFF8
  1849                           tblptrh	equ	0xFF7
  1850                           tblptrl	equ	0xFF6
  1851                           tablat	equ	0xFF5
  1852                           prodh	equ	0xFF4
  1853                           prodl	equ	0xFF3
  1854                           intcon	equ	0xFF2
  1855                           postinc0	equ	0xFEE
  1856                           fsr0h	equ	0xFEA
  1857                           fsr0l	equ	0xFE9
  1858                           wreg	equ	0xFE8
  1859                           fsr1h	equ	0xFE2
  1860                           fsr1l	equ	0xFE1
  1861                           indf2	equ	0xFDF
  1862                           fsr2h	equ	0xFDA
  1863                           fsr2l	equ	0xFD9
  1864                           status	equ	0xFD8
  1865                           
  1866 ;; *************** function _one_wire_reset *****************
  1867 ;; Defined at:
  1868 ;;		line 246 in file "main.c"
  1869 ;; Parameters:    Size  Location     Type
  1870 ;;		None
  1871 ;; Auto vars:     Size  Location     Type
  1872 ;;		None
  1873 ;; Return value:  Size  Location     Type
  1874 ;;		None               void
  1875 ;; Registers used:
  1876 ;;		wreg, status,2
  1877 ;; Tracked objects:
  1878 ;;		On entry : 0/0
  1879 ;;		On exit  : 0/0
  1880 ;;		Unchanged: 0/0
  1881 ;; Data sizes:     COMRAM   BANK0   BANK1
  1882 ;;      Params:         0       0       0
  1883 ;;      Locals:         0       0       0
  1884 ;;      Temps:          0       0       0
  1885 ;;      Totals:         0       0       0
  1886 ;;Total ram usage:        0 bytes
  1887 ;; Hardware stack levels used:    1
  1888 ;; Hardware stack levels required when called:    1
  1889 ;; This function calls:
  1890 ;;		Nothing
  1891 ;; This function is called by:
  1892 ;;		_main
  1893 ;; This function uses a non-reentrant model
  1894 ;;
  1895                           
  1896                           	psect	text9
  1897  000CC0                     __ptext9:
  1898                           	opt stack 0
  1899  000CC0                     _one_wire_reset:
  1900                           	opt stack 29
  1901                           
  1902                           ;main.c: 247: device_present = 0x00;
  1903                           
  1904                           ;incstack = 0
  1905  000CC0  0E00               	movlw	0
  1906  000CC2  6E40               	movwf	_device_present+1,c
  1907  000CC4  0E00               	movlw	0
  1908  000CC6  6E3F               	movwf	_device_present,c
  1909                           
  1910                           ;main.c: 248: TRISCbits.TRISC1 = 0;
  1911  000CC8  9294               	bcf	3988,1,c	;volatile
  1912                           
  1913                           ;main.c: 249: LATCbits.LATC1 = 0;
  1914  000CCA  928B               	bcf	3979,1,c	;volatile
  1915                           
  1916                           ;main.c: 250: _delay((unsigned long)((240)*(16000000/4000000.0)));
  1917  000CCC  0EF0               	movlw	240
  1918  000CCE                     u2327:
  1919  000CCE  F000               	nop	
  1920  000CD0  2EE8               	decfsz	wreg,f,c
  1921  000CD2  D7FD               	goto	u2327
  1922                           
  1923                           ;main.c: 251: _delay((unsigned long)((240)*(16000000/4000000.0)));
  1924  000CD4  0EF0               	movlw	240
  1925  000CD6                     u2337:
  1926  000CD6  F000               	nop	
  1927  000CD8  2EE8               	decfsz	wreg,f,c
  1928  000CDA  D7FD               	goto	u2337
  1929                           
  1930                           ;main.c: 252: TRISCbits.TRISC1 = 1;
  1931  000CDC  8294               	bsf	3988,1,c	;volatile
  1932                           
  1933                           ;main.c: 253: _delay((unsigned long)((70)*(16000000/4000000.0)));
  1934  000CDE  0E5D               	movlw	93
  1935  000CE0                     u2347:
  1936  000CE0  2EE8               	decfsz	wreg,f,c
  1937  000CE2  D7FE               	goto	u2347
  1938  000CE4  F000               	nop	
  1939                           
  1940                           ;main.c: 254: if (!PORTCbits.RC1) {
  1941  000CE6  B282               	btfsc	3970,1,c	;volatile
  1942  000CE8  D004               	goto	l1753
  1943                           
  1944                           ;main.c: 255: device_present = 0x01;
  1945  000CEA  0E00               	movlw	0
  1946  000CEC  6E40               	movwf	_device_present+1,c
  1947  000CEE  0E01               	movlw	1
  1948  000CF0  6E3F               	movwf	_device_present,c
  1949  000CF2                     l1753:
  1950                           
  1951                           ;main.c: 256: }
  1952                           ;main.c: 257: _delay((unsigned long)((205)*(16000000/4000000.0)));
  1953  000CF2  0ECD               	movlw	205
  1954  000CF4                     u2357:
  1955  000CF4  F000               	nop	
  1956  000CF6  2EE8               	decfsz	wreg,f,c
  1957  000CF8  D7FD               	goto	u2357
  1958                           
  1959                           ;main.c: 258: _delay((unsigned long)((205)*(16000000/4000000.0)));
  1960  000CFA  0ECD               	movlw	205
  1961  000CFC                     u2367:
  1962  000CFC  F000               	nop	
  1963  000CFE  2EE8               	decfsz	wreg,f,c
  1964  000D00  D7FD               	goto	u2367
  1965  000D02  0012               	return	
  1966  000D04                     __end_of_one_wire_reset:
  1967                           	opt stack 0
  1968                           pclatu	equ	0xFFB
  1969                           pclath	equ	0xFFA
  1970                           tblptru	equ	0xFF8
  1971                           tblptrh	equ	0xFF7
  1972                           tblptrl	equ	0xFF6
  1973                           tablat	equ	0xFF5
  1974                           prodh	equ	0xFF4
  1975                           prodl	equ	0xFF3
  1976                           intcon	equ	0xFF2
  1977                           postinc0	equ	0xFEE
  1978                           fsr0h	equ	0xFEA
  1979                           fsr0l	equ	0xFE9
  1980                           wreg	equ	0xFE8
  1981                           fsr1h	equ	0xFE2
  1982                           fsr1l	equ	0xFE1
  1983                           indf2	equ	0xFDF
  1984                           fsr2h	equ	0xFDA
  1985                           fsr2l	equ	0xFD9
  1986                           status	equ	0xFD8
  1987                           
  1988 ;; *************** function _one_wire_conversion_pulse *****************
  1989 ;; Defined at:
  1990 ;;		line 354 in file "main.c"
  1991 ;; Parameters:    Size  Location     Type
  1992 ;;		None
  1993 ;; Auto vars:     Size  Location     Type
  1994 ;;		None
  1995 ;; Return value:  Size  Location     Type
  1996 ;;		None               void
  1997 ;; Registers used:
  1998 ;;		wreg
  1999 ;; Tracked objects:
  2000 ;;		On entry : 0/0
  2001 ;;		On exit  : 0/0
  2002 ;;		Unchanged: 0/0
  2003 ;; Data sizes:     COMRAM   BANK0   BANK1
  2004 ;;      Params:         0       0       0
  2005 ;;      Locals:         0       0       0
  2006 ;;      Temps:          0       0       0
  2007 ;;      Totals:         0       0       0
  2008 ;;Total ram usage:        0 bytes
  2009 ;; Hardware stack levels used:    1
  2010 ;; Hardware stack levels required when called:    1
  2011 ;; This function calls:
  2012 ;;		Nothing
  2013 ;; This function is called by:
  2014 ;;		_main
  2015 ;; This function uses a non-reentrant model
  2016 ;;
  2017                           
  2018                           	psect	text10
  2019  000ECE                     __ptext10:
  2020                           	opt stack 0
  2021  000ECE                     _one_wire_conversion_pulse:
  2022                           	opt stack 29
  2023                           
  2024                           ;main.c: 355: TRISCbits.TRISC1 = 0;
  2025                           
  2026                           ;incstack = 0
  2027  000ECE  9294               	bcf	3988,1,c	;volatile
  2028                           
  2029                           ;main.c: 356: LATCbits.LATC1 = 1;
  2030  000ED0  828B               	bsf	3979,1,c	;volatile
  2031                           
  2032                           ;main.c: 357: _delay((unsigned long)((250)*(16000000/4000000.0)));
  2033  000ED2  0EFA               	movlw	250
  2034  000ED4                     u2377:
  2035  000ED4  F000               	nop	
  2036  000ED6  2EE8               	decfsz	wreg,f,c
  2037  000ED8  D7FD               	goto	u2377
  2038                           
  2039                           ;main.c: 358: _delay((unsigned long)((250)*(16000000/4000000.0)));
  2040  000EDA  0EFA               	movlw	250
  2041  000EDC                     u2387:
  2042  000EDC  F000               	nop	
  2043  000EDE  2EE8               	decfsz	wreg,f,c
  2044  000EE0  D7FD               	goto	u2387
  2045                           
  2046                           ;main.c: 359: _delay((unsigned long)((250)*(16000000/4000000.0)));
  2047  000EE2  0EFA               	movlw	250
  2048  000EE4                     u2397:
  2049  000EE4  F000               	nop	
  2050  000EE6  2EE8               	decfsz	wreg,f,c
  2051  000EE8  D7FD               	goto	u2397
  2052                           
  2053                           ;main.c: 360: TRISCbits.TRISC1 = 1;
  2054  000EEA  8294               	bsf	3988,1,c	;volatile
  2055                           
  2056                           ;main.c: 361: LATCbits.LATC1 = 0;
  2057  000EEC  928B               	bcf	3979,1,c	;volatile
  2058  000EEE  0012               	return	
  2059  000EF0                     __end_of_one_wire_conversion_pulse:
  2060                           	opt stack 0
  2061                           pclatu	equ	0xFFB
  2062                           pclath	equ	0xFFA
  2063                           tblptru	equ	0xFF8
  2064                           tblptrh	equ	0xFF7
  2065                           tblptrl	equ	0xFF6
  2066                           tablat	equ	0xFF5
  2067                           prodh	equ	0xFF4
  2068                           prodl	equ	0xFF3
  2069                           intcon	equ	0xFF2
  2070                           postinc0	equ	0xFEE
  2071                           fsr0h	equ	0xFEA
  2072                           fsr0l	equ	0xFE9
  2073                           wreg	equ	0xFE8
  2074                           fsr1h	equ	0xFE2
  2075                           fsr1l	equ	0xFE1
  2076                           indf2	equ	0xFDF
  2077                           fsr2h	equ	0xFDA
  2078                           fsr2l	equ	0xFD9
  2079                           status	equ	0xFD8
  2080                           
  2081 ;; *************** function _ltoa *****************
  2082 ;; Defined at:
  2083 ;;		line 7 in file "C:\Program Files\Microchip\xc8\v1.33\sources\common\ltoa.c"
  2084 ;; Parameters:    Size  Location     Type
  2085 ;;  buf             2    0[BANK0 ] PTR unsigned char 
  2086 ;;		 -> buf(4), 
  2087 ;;  val             4    2[BANK0 ] long 
  2088 ;;  base            2    6[BANK0 ] int 
  2089 ;; Auto vars:     Size  Location     Type
  2090 ;;  cp              2   44[COMRAM] PTR unsigned char 
  2091 ;;		 -> buf(4), 
  2092 ;; Return value:  Size  Location     Type
  2093 ;;                  2    0[BANK0 ] PTR unsigned char 
  2094 ;; Registers used:
  2095 ;;		wreg, fsr2l, fsr2h, status,2, status,0, cstack
  2096 ;; Tracked objects:
  2097 ;;		On entry : 0/0
  2098 ;;		On exit  : 0/0
  2099 ;;		Unchanged: 0/0
  2100 ;; Data sizes:     COMRAM   BANK0   BANK1
  2101 ;;      Params:         0       8       0
  2102 ;;      Locals:         2       0       0
  2103 ;;      Temps:          0       0       0
  2104 ;;      Totals:         2       8       0
  2105 ;;Total ram usage:       10 bytes
  2106 ;; Hardware stack levels used:    1
  2107 ;; Hardware stack levels required when called:    3
  2108 ;; This function calls:
  2109 ;;		_ultoa
  2110 ;; This function is called by:
  2111 ;;		_main
  2112 ;; This function uses a non-reentrant model
  2113 ;;
  2114                           
  2115                           	psect	text11
  2116  000A62                     __ptext11:
  2117                           	opt stack 0
  2118  000A62                     _ltoa:
  2119                           	opt stack 27
  2120                           
  2121                           ;incstack = 0
  2122  000A62  0100               	movlb	0	; () banked
  2123  000A64  C061  F02E         	movff	ltoa@buf+1,ltoa@cp+1
  2124  000A68  0100               	movlb	0	; () banked
  2125  000A6A  C060  F02D         	movff	ltoa@buf,ltoa@cp
  2126  000A6E  0100               	movlb	0	; () banked
  2127  000A70  5165               	movf	(ltoa@val+3)& (0+255),w,b
  2128  000A72  0A80               	xorlw	128
  2129  000A74  0F80               	addlw	128
  2130  000A76  E10B               	bnz	u1795
  2131  000A78  0E00               	movlw	0
  2132  000A7A  0100               	movlb	0	; () banked
  2133  000A7C  5D64               	subwf	(ltoa@val+2)& (0+255),w,b
  2134  000A7E  E107               	bnz	u1795
  2135  000A80  0E00               	movlw	0
  2136  000A82  0100               	movlb	0	; () banked
  2137  000A84  5D63               	subwf	(ltoa@val+1)& (0+255),w,b
  2138  000A86  E103               	bnz	u1795
  2139  000A88  0E00               	movlw	0
  2140  000A8A  0100               	movlb	0	; () banked
  2141  000A8C  5D62               	subwf	ltoa@val& (0+255),w,b
  2142  000A8E                     u1795:
  2143  000A8E  B0D8               	btfsc	status,0,c
  2144  000A90  D018               	goto	l2173
  2145                           
  2146                           ; BSR set to: 0
  2147  000A92  C060  FFD9         	movff	ltoa@buf,fsr2l
  2148  000A96  C061  FFDA         	movff	ltoa@buf+1,fsr2h
  2149  000A9A  0E2D               	movlw	45
  2150  000A9C  6EDF               	movwf	indf2,c
  2151                           
  2152                           ; BSR set to: 0
  2153  000A9E  0100               	movlb	0	; () banked
  2154  000AA0  4B60               	infsnz	ltoa@buf& (0+255),f,b
  2155  000AA2  2B61               	incf	(ltoa@buf+1)& (0+255),f,b
  2156                           
  2157                           ; BSR set to: 0
  2158  000AA4  0100               	movlb	0	; () banked
  2159  000AA6  1F65               	comf	(ltoa@val+3)& (0+255),f,b
  2160  000AA8  0100               	movlb	0	; () banked
  2161  000AAA  1F64               	comf	(ltoa@val+2)& (0+255),f,b
  2162  000AAC  0100               	movlb	0	; () banked
  2163  000AAE  1F63               	comf	(ltoa@val+1)& (0+255),f,b
  2164  000AB0  0100               	movlb	0	; () banked
  2165  000AB2  6D62               	negf	ltoa@val& (0+255),b
  2166  000AB4  0E00               	movlw	0
  2167  000AB6  0100               	movlb	0	; () banked
  2168  000AB8  2363               	addwfc	(ltoa@val+1)& (0+255),f,b
  2169  000ABA  0100               	movlb	0	; () banked
  2170  000ABC  2364               	addwfc	(ltoa@val+2)& (0+255),f,b
  2171  000ABE  0100               	movlb	0	; () banked
  2172  000AC0  2365               	addwfc	(ltoa@val+3)& (0+255),f,b
  2173  000AC2                     l2173:
  2174                           
  2175                           ; BSR set to: 0
  2176  000AC2  0100               	movlb	0	; () banked
  2177  000AC4  C061  F01D         	movff	ltoa@buf+1,ultoa@buf+1
  2178  000AC8  0100               	movlb	0	; () banked
  2179  000ACA  C060  F01C         	movff	ltoa@buf,ultoa@buf
  2180  000ACE  C062  F01E         	movff	ltoa@val,ultoa@val
  2181  000AD2  C063  F01F         	movff	ltoa@val+1,ultoa@val+1
  2182  000AD6  C064  F020         	movff	ltoa@val+2,ultoa@val+2
  2183  000ADA  C065  F021         	movff	ltoa@val+3,ultoa@val+3
  2184  000ADE  C066  F022         	movff	ltoa@base,ultoa@base
  2185  000AE2  C067  F023         	movff	ltoa@base+1,ultoa@base+1
  2186  000AE6  EC90  F003         	call	_ultoa	;wreg free
  2187  000AEA  0012               	return	
  2188  000AEC                     __end_of_ltoa:
  2189                           	opt stack 0
  2190                           pclatu	equ	0xFFB
  2191                           pclath	equ	0xFFA
  2192                           tblptru	equ	0xFF8
  2193                           tblptrh	equ	0xFF7
  2194                           tblptrl	equ	0xFF6
  2195                           tablat	equ	0xFF5
  2196                           prodh	equ	0xFF4
  2197                           prodl	equ	0xFF3
  2198                           intcon	equ	0xFF2
  2199                           postinc0	equ	0xFEE
  2200                           fsr0h	equ	0xFEA
  2201                           fsr0l	equ	0xFE9
  2202                           wreg	equ	0xFE8
  2203                           fsr1h	equ	0xFE2
  2204                           fsr1l	equ	0xFE1
  2205                           indf2	equ	0xFDF
  2206                           fsr2h	equ	0xFDA
  2207                           fsr2l	equ	0xFD9
  2208                           status	equ	0xFD8
  2209                           
  2210 ;; *************** function _ultoa *****************
  2211 ;; Defined at:
  2212 ;;		line 32 in file "C:\Program Files\Microchip\xc8\v1.33\sources\common\ltoa.c"
  2213 ;; Parameters:    Size  Location     Type
  2214 ;;  buf             2   27[COMRAM] PTR unsigned char 
  2215 ;;		 -> buf(4), 
  2216 ;;  val             4   29[COMRAM] unsigned long 
  2217 ;;  base            2   33[COMRAM] int 
  2218 ;; Auto vars:     Size  Location     Type
  2219 ;;  v               4   39[COMRAM] unsigned long 
  2220 ;;  c               1   43[COMRAM] unsigned char 
  2221 ;; Return value:  Size  Location     Type
  2222 ;;                  2   27[COMRAM] PTR unsigned char 
  2223 ;; Registers used:
  2224 ;;		wreg, fsr2l, fsr2h, status,2, status,0, cstack
  2225 ;; Tracked objects:
  2226 ;;		On entry : 0/0
  2227 ;;		On exit  : 0/0
  2228 ;;		Unchanged: 0/0
  2229 ;; Data sizes:     COMRAM   BANK0   BANK1
  2230 ;;      Params:         8       0       0
  2231 ;;      Locals:         5       0       0
  2232 ;;      Temps:          4       0       0
  2233 ;;      Totals:        17       0       0
  2234 ;;Total ram usage:       17 bytes
  2235 ;; Hardware stack levels used:    1
  2236 ;; Hardware stack levels required when called:    2
  2237 ;; This function calls:
  2238 ;;		___lldiv
  2239 ;;		___llmod
  2240 ;; This function is called by:
  2241 ;;		_ltoa
  2242 ;; This function uses a non-reentrant model
  2243 ;;
  2244                           
  2245                           	psect	text12
  2246  000720                     __ptext12:
  2247                           	opt stack 0
  2248  000720                     _ultoa:
  2249                           	opt stack 27
  2250                           
  2251                           ;incstack = 0
  2252  000720  C01E  F028         	movff	ultoa@val,ultoa@v
  2253  000724  C01F  F029         	movff	ultoa@val+1,ultoa@v+1
  2254  000728  C020  F02A         	movff	ultoa@val+2,ultoa@v+2
  2255  00072C  C021  F02B         	movff	ultoa@val+3,ultoa@v+3
  2256  000730                     l1645:
  2257  000730  C028  F00F         	movff	ultoa@v,___lldiv@dividend
  2258  000734  C029  F010         	movff	ultoa@v+1,___lldiv@dividend+1
  2259  000738  C02A  F011         	movff	ultoa@v+2,___lldiv@dividend+2
  2260  00073C  C02B  F012         	movff	ultoa@v+3,___lldiv@dividend+3
  2261  000740  C022  F013         	movff	ultoa@base,___lldiv@divisor
  2262  000744  C023  F014         	movff	ultoa@base+1,___lldiv@divisor+1
  2263  000748  0E00               	movlw	0
  2264  00074A  BE14               	btfsc	___lldiv@divisor+1,7,c
  2265  00074C  0EFF               	movlw	-1
  2266  00074E  6E15               	movwf	___lldiv@divisor+2,c
  2267  000750  6E16               	movwf	___lldiv@divisor+3,c
  2268  000752  EC76  F005         	call	___lldiv	;wreg free
  2269  000756  C00F  F028         	movff	?___lldiv,ultoa@v
  2270  00075A  C010  F029         	movff	?___lldiv+1,ultoa@v+1
  2271  00075E  C011  F02A         	movff	?___lldiv+2,ultoa@v+2
  2272  000762  C012  F02B         	movff	?___lldiv+3,ultoa@v+3
  2273  000766  4A1C               	infsnz	ultoa@buf,f,c
  2274  000768  2A1D               	incf	ultoa@buf+1,f,c
  2275  00076A  502B               	movf	ultoa@v+3,w,c
  2276  00076C  1028               	iorwf	ultoa@v,w,c
  2277  00076E  1029               	iorwf	ultoa@v+1,w,c
  2278  000770  102A               	iorwf	ultoa@v+2,w,c
  2279  000772  A4D8               	btfss	status,2,c
  2280  000774  D7DD               	goto	l1645
  2281  000776  C01C  FFD9         	movff	ultoa@buf,fsr2l
  2282  00077A  C01D  FFDA         	movff	ultoa@buf+1,fsr2h
  2283  00077E  0E00               	movlw	0
  2284  000780  6EDF               	movwf	indf2,c
  2285  000782  061C               	decf	ultoa@buf,f,c
  2286  000784  A0D8               	btfss	status,0,c
  2287  000786  061D               	decf	ultoa@buf+1,f,c
  2288  000788                     l1655:
  2289  000788  C01E  F00F         	movff	ultoa@val,___llmod@dividend
  2290  00078C  C01F  F010         	movff	ultoa@val+1,___llmod@dividend+1
  2291  000790  C020  F011         	movff	ultoa@val+2,___llmod@dividend+2
  2292  000794  C021  F012         	movff	ultoa@val+3,___llmod@dividend+3
  2293  000798  C022  F013         	movff	ultoa@base,___llmod@divisor
  2294  00079C  C023  F014         	movff	ultoa@base+1,___llmod@divisor+1
  2295  0007A0  0E00               	movlw	0
  2296  0007A2  BE14               	btfsc	___llmod@divisor+1,7,c
  2297  0007A4  0EFF               	movlw	-1
  2298  0007A6  6E15               	movwf	___llmod@divisor+2,c
  2299  0007A8  6E16               	movwf	___llmod@divisor+3,c
  2300  0007AA  ECB7  F005         	call	___llmod	;wreg free
  2301  0007AE  C00F  F024         	movff	?___llmod,??_ultoa
  2302  0007B2  C010  F025         	movff	?___llmod+1,??_ultoa+1
  2303  0007B6  C011  F026         	movff	?___llmod+2,??_ultoa+2
  2304  0007BA  C012  F027         	movff	?___llmod+3,??_ultoa+3
  2305  0007BE  5024               	movf	??_ultoa,w,c
  2306  0007C0  6E2C               	movwf	ultoa@c,c
  2307  0007C2  C01E  F00F         	movff	ultoa@val,___lldiv@dividend
  2308  0007C6  C01F  F010         	movff	ultoa@val+1,___lldiv@dividend+1
  2309  0007CA  C020  F011         	movff	ultoa@val+2,___lldiv@dividend+2
  2310  0007CE  C021  F012         	movff	ultoa@val+3,___lldiv@dividend+3
  2311  0007D2  C022  F013         	movff	ultoa@base,___lldiv@divisor
  2312  0007D6  C023  F014         	movff	ultoa@base+1,___lldiv@divisor+1
  2313  0007DA  0E00               	movlw	0
  2314  0007DC  BE14               	btfsc	___lldiv@divisor+1,7,c
  2315  0007DE  0EFF               	movlw	-1
  2316  0007E0  6E15               	movwf	___lldiv@divisor+2,c
  2317  0007E2  6E16               	movwf	___lldiv@divisor+3,c
  2318  0007E4  EC76  F005         	call	___lldiv	;wreg free
  2319  0007E8  C00F  F01E         	movff	?___lldiv,ultoa@val
  2320  0007EC  C010  F01F         	movff	?___lldiv+1,ultoa@val+1
  2321  0007F0  C011  F020         	movff	?___lldiv+2,ultoa@val+2
  2322  0007F4  C012  F021         	movff	?___lldiv+3,ultoa@val+3
  2323  0007F8  0E09               	movlw	9
  2324  0007FA  642C               	cpfsgt	ultoa@c,c
  2325  0007FC  D002               	goto	l701
  2326  0007FE  0E07               	movlw	7
  2327  000800  262C               	addwf	ultoa@c,f,c
  2328  000802                     l701:
  2329  000802  0E30               	movlw	48
  2330  000804  262C               	addwf	ultoa@c,f,c
  2331  000806  C01C  FFD9         	movff	ultoa@buf,fsr2l
  2332  00080A  C01D  FFDA         	movff	ultoa@buf+1,fsr2h
  2333  00080E  C02C  FFDF         	movff	ultoa@c,indf2
  2334  000812  061C               	decf	ultoa@buf,f,c
  2335  000814  A0D8               	btfss	status,0,c
  2336  000816  061D               	decf	ultoa@buf+1,f,c
  2337  000818  5021               	movf	ultoa@val+3,w,c
  2338  00081A  101E               	iorwf	ultoa@val,w,c
  2339  00081C  101F               	iorwf	ultoa@val+1,w,c
  2340  00081E  1020               	iorwf	ultoa@val+2,w,c
  2341  000820  B4D8               	btfsc	status,2,c
  2342                           
  2343                           ;	Return value of _ultoa is never used
  2344  000822  0012               	return	
  2345  000824  D7B1               	goto	l1655
  2346  000826                     __end_of_ultoa:
  2347                           	opt stack 0
  2348                           pclatu	equ	0xFFB
  2349                           pclath	equ	0xFFA
  2350                           tblptru	equ	0xFF8
  2351                           tblptrh	equ	0xFF7
  2352                           tblptrl	equ	0xFF6
  2353                           tablat	equ	0xFF5
  2354                           prodh	equ	0xFF4
  2355                           prodl	equ	0xFF3
  2356                           intcon	equ	0xFF2
  2357                           postinc0	equ	0xFEE
  2358                           fsr0h	equ	0xFEA
  2359                           fsr0l	equ	0xFE9
  2360                           wreg	equ	0xFE8
  2361                           fsr1h	equ	0xFE2
  2362                           fsr1l	equ	0xFE1
  2363                           indf2	equ	0xFDF
  2364                           fsr2h	equ	0xFDA
  2365                           fsr2l	equ	0xFD9
  2366                           status	equ	0xFD8
  2367                           
  2368 ;; *************** function ___llmod *****************
  2369 ;; Defined at:
  2370 ;;		line 8 in file "C:\Program Files\Microchip\xc8\v1.33\sources\common\llmod.c"
  2371 ;; Parameters:    Size  Location     Type
  2372 ;;  dividend        4   14[COMRAM] unsigned long 
  2373 ;;  divisor         4   18[COMRAM] unsigned long 
  2374 ;; Auto vars:     Size  Location     Type
  2375 ;;  counter         1   22[COMRAM] unsigned char 
  2376 ;; Return value:  Size  Location     Type
  2377 ;;                  4   14[COMRAM] unsigned long 
  2378 ;; Registers used:
  2379 ;;		wreg, status,2, status,0
  2380 ;; Tracked objects:
  2381 ;;		On entry : 0/0
  2382 ;;		On exit  : 0/0
  2383 ;;		Unchanged: 0/0
  2384 ;; Data sizes:     COMRAM   BANK0   BANK1
  2385 ;;      Params:         8       0       0
  2386 ;;      Locals:         1       0       0
  2387 ;;      Temps:          0       0       0
  2388 ;;      Totals:         9       0       0
  2389 ;;Total ram usage:        9 bytes
  2390 ;; Hardware stack levels used:    1
  2391 ;; Hardware stack levels required when called:    1
  2392 ;; This function calls:
  2393 ;;		Nothing
  2394 ;; This function is called by:
  2395 ;;		_ultoa
  2396 ;; This function uses a non-reentrant model
  2397 ;;
  2398                           
  2399                           	psect	text13
  2400  000B6E                     __ptext13:
  2401                           	opt stack 0
  2402  000B6E                     ___llmod:
  2403                           	opt stack 27
  2404                           
  2405                           ;incstack = 0
  2406  000B6E  5016               	movf	___llmod@divisor+3,w,c
  2407  000B70  1013               	iorwf	___llmod@divisor,w,c
  2408  000B72  1014               	iorwf	___llmod@divisor+1,w,c
  2409  000B74  1015               	iorwf	___llmod@divisor+2,w,c
  2410  000B76  B4D8               	btfsc	status,2,c
  2411  000B78  D024               	goto	l649
  2412  000B7A  0E01               	movlw	1
  2413  000B7C  6E17               	movwf	___llmod@counter,c
  2414  000B7E  D006               	goto	l1495
  2415  000B80                     l1493:
  2416  000B80  90D8               	bcf	status,0,c
  2417  000B82  3613               	rlcf	___llmod@divisor,f,c
  2418  000B84  3614               	rlcf	___llmod@divisor+1,f,c
  2419  000B86  3615               	rlcf	___llmod@divisor+2,f,c
  2420  000B88  3616               	rlcf	___llmod@divisor+3,f,c
  2421  000B8A  2A17               	incf	___llmod@counter,f,c
  2422  000B8C                     l1495:
  2423  000B8C  AE16               	btfss	___llmod@divisor+3,7,c
  2424  000B8E  D7F8               	goto	l1493
  2425  000B90                     l1497:
  2426  000B90  5013               	movf	___llmod@divisor,w,c
  2427  000B92  5C0F               	subwf	___llmod@dividend,w,c
  2428  000B94  5014               	movf	___llmod@divisor+1,w,c
  2429  000B96  5810               	subwfb	___llmod@dividend+1,w,c
  2430  000B98  5015               	movf	___llmod@divisor+2,w,c
  2431  000B9A  5811               	subwfb	___llmod@dividend+2,w,c
  2432  000B9C  5016               	movf	___llmod@divisor+3,w,c
  2433  000B9E  5812               	subwfb	___llmod@dividend+3,w,c
  2434  000BA0  A0D8               	btfss	status,0,c
  2435  000BA2  D008               	goto	l1501
  2436  000BA4  5013               	movf	___llmod@divisor,w,c
  2437  000BA6  5E0F               	subwf	___llmod@dividend,f,c
  2438  000BA8  5014               	movf	___llmod@divisor+1,w,c
  2439  000BAA  5A10               	subwfb	___llmod@dividend+1,f,c
  2440  000BAC  5015               	movf	___llmod@divisor+2,w,c
  2441  000BAE  5A11               	subwfb	___llmod@dividend+2,f,c
  2442  000BB0  5016               	movf	___llmod@divisor+3,w,c
  2443  000BB2  5A12               	subwfb	___llmod@dividend+3,f,c
  2444  000BB4                     l1501:
  2445  000BB4  90D8               	bcf	status,0,c
  2446  000BB6  3216               	rrcf	___llmod@divisor+3,f,c
  2447  000BB8  3215               	rrcf	___llmod@divisor+2,f,c
  2448  000BBA  3214               	rrcf	___llmod@divisor+1,f,c
  2449  000BBC  3213               	rrcf	___llmod@divisor,f,c
  2450  000BBE  2E17               	decfsz	___llmod@counter,f,c
  2451  000BC0  D7E7               	goto	l1497
  2452  000BC2                     l649:
  2453  000BC2  C00F  F00F         	movff	___llmod@dividend,?___llmod
  2454  000BC6  C010  F010         	movff	___llmod@dividend+1,?___llmod+1
  2455  000BCA  C011  F011         	movff	___llmod@dividend+2,?___llmod+2
  2456  000BCE  C012  F012         	movff	___llmod@dividend+3,?___llmod+3
  2457  000BD2  0012               	return	
  2458  000BD4                     __end_of___llmod:
  2459                           	opt stack 0
  2460                           pclatu	equ	0xFFB
  2461                           pclath	equ	0xFFA
  2462                           tblptru	equ	0xFF8
  2463                           tblptrh	equ	0xFF7
  2464                           tblptrl	equ	0xFF6
  2465                           tablat	equ	0xFF5
  2466                           prodh	equ	0xFF4
  2467                           prodl	equ	0xFF3
  2468                           intcon	equ	0xFF2
  2469                           postinc0	equ	0xFEE
  2470                           fsr0h	equ	0xFEA
  2471                           fsr0l	equ	0xFE9
  2472                           wreg	equ	0xFE8
  2473                           fsr1h	equ	0xFE2
  2474                           fsr1l	equ	0xFE1
  2475                           indf2	equ	0xFDF
  2476                           fsr2h	equ	0xFDA
  2477                           fsr2l	equ	0xFD9
  2478                           status	equ	0xFD8
  2479                           
  2480 ;; *************** function ___lldiv *****************
  2481 ;; Defined at:
  2482 ;;		line 8 in file "C:\Program Files\Microchip\xc8\v1.33\sources\common\lldiv.c"
  2483 ;; Parameters:    Size  Location     Type
  2484 ;;  dividend        4   14[COMRAM] unsigned long 
  2485 ;;  divisor         4   18[COMRAM] unsigned long 
  2486 ;; Auto vars:     Size  Location     Type
  2487 ;;  quotient        4   22[COMRAM] unsigned long 
  2488 ;;  counter         1   26[COMRAM] unsigned char 
  2489 ;; Return value:  Size  Location     Type
  2490 ;;                  4   14[COMRAM] unsigned long 
  2491 ;; Registers used:
  2492 ;;		wreg, status,2, status,0
  2493 ;; Tracked objects:
  2494 ;;		On entry : 0/0
  2495 ;;		On exit  : 0/0
  2496 ;;		Unchanged: 0/0
  2497 ;; Data sizes:     COMRAM   BANK0   BANK1
  2498 ;;      Params:         8       0       0
  2499 ;;      Locals:         5       0       0
  2500 ;;      Temps:          0       0       0
  2501 ;;      Totals:        13       0       0
  2502 ;;Total ram usage:       13 bytes
  2503 ;; Hardware stack levels used:    1
  2504 ;; Hardware stack levels required when called:    1
  2505 ;; This function calls:
  2506 ;;		Nothing
  2507 ;; This function is called by:
  2508 ;;		_ultoa
  2509 ;; This function uses a non-reentrant model
  2510 ;;
  2511                           
  2512                           	psect	text14
  2513  000AEC                     __ptext14:
  2514                           	opt stack 0
  2515  000AEC                     ___lldiv:
  2516                           	opt stack 27
  2517                           
  2518                           ;incstack = 0
  2519  000AEC  0E00               	movlw	0
  2520  000AEE  6E17               	movwf	___lldiv@quotient,c
  2521  000AF0  0E00               	movlw	0
  2522  000AF2  6E18               	movwf	___lldiv@quotient+1,c
  2523  000AF4  0E00               	movlw	0
  2524  000AF6  6E19               	movwf	___lldiv@quotient+2,c
  2525  000AF8  0E00               	movlw	0
  2526  000AFA  6E1A               	movwf	___lldiv@quotient+3,c
  2527  000AFC  5016               	movf	___lldiv@divisor+3,w,c
  2528  000AFE  1013               	iorwf	___lldiv@divisor,w,c
  2529  000B00  1014               	iorwf	___lldiv@divisor+1,w,c
  2530  000B02  1015               	iorwf	___lldiv@divisor+2,w,c
  2531  000B04  B4D8               	btfsc	status,2,c
  2532  000B06  D02A               	goto	l639
  2533  000B08  0E01               	movlw	1
  2534  000B0A  6E1B               	movwf	___lldiv@counter,c
  2535  000B0C  D006               	goto	l1475
  2536  000B0E                     l1473:
  2537  000B0E  90D8               	bcf	status,0,c
  2538  000B10  3613               	rlcf	___lldiv@divisor,f,c
  2539  000B12  3614               	rlcf	___lldiv@divisor+1,f,c
  2540  000B14  3615               	rlcf	___lldiv@divisor+2,f,c
  2541  000B16  3616               	rlcf	___lldiv@divisor+3,f,c
  2542  000B18  2A1B               	incf	___lldiv@counter,f,c
  2543  000B1A                     l1475:
  2544  000B1A  AE16               	btfss	___lldiv@divisor+3,7,c
  2545  000B1C  D7F8               	goto	l1473
  2546  000B1E                     l1477:
  2547  000B1E  90D8               	bcf	status,0,c
  2548  000B20  3617               	rlcf	___lldiv@quotient,f,c
  2549  000B22  3618               	rlcf	___lldiv@quotient+1,f,c
  2550  000B24  3619               	rlcf	___lldiv@quotient+2,f,c
  2551  000B26  361A               	rlcf	___lldiv@quotient+3,f,c
  2552  000B28  5013               	movf	___lldiv@divisor,w,c
  2553  000B2A  5C0F               	subwf	___lldiv@dividend,w,c
  2554  000B2C  5014               	movf	___lldiv@divisor+1,w,c
  2555  000B2E  5810               	subwfb	___lldiv@dividend+1,w,c
  2556  000B30  5015               	movf	___lldiv@divisor+2,w,c
  2557  000B32  5811               	subwfb	___lldiv@dividend+2,w,c
  2558  000B34  5016               	movf	___lldiv@divisor+3,w,c
  2559  000B36  5812               	subwfb	___lldiv@dividend+3,w,c
  2560  000B38  A0D8               	btfss	status,0,c
  2561  000B3A  D009               	goto	l1485
  2562  000B3C  5013               	movf	___lldiv@divisor,w,c
  2563  000B3E  5E0F               	subwf	___lldiv@dividend,f,c
  2564  000B40  5014               	movf	___lldiv@divisor+1,w,c
  2565  000B42  5A10               	subwfb	___lldiv@dividend+1,f,c
  2566  000B44  5015               	movf	___lldiv@divisor+2,w,c
  2567  000B46  5A11               	subwfb	___lldiv@dividend+2,f,c
  2568  000B48  5016               	movf	___lldiv@divisor+3,w,c
  2569  000B4A  5A12               	subwfb	___lldiv@dividend+3,f,c
  2570  000B4C  8017               	bsf	___lldiv@quotient,0,c
  2571  000B4E                     l1485:
  2572  000B4E  90D8               	bcf	status,0,c
  2573  000B50  3216               	rrcf	___lldiv@divisor+3,f,c
  2574  000B52  3215               	rrcf	___lldiv@divisor+2,f,c
  2575  000B54  3214               	rrcf	___lldiv@divisor+1,f,c
  2576  000B56  3213               	rrcf	___lldiv@divisor,f,c
  2577  000B58  2E1B               	decfsz	___lldiv@counter,f,c
  2578  000B5A  D7E1               	goto	l1477
  2579  000B5C                     l639:
  2580  000B5C  C017  F00F         	movff	___lldiv@quotient,?___lldiv
  2581  000B60  C018  F010         	movff	___lldiv@quotient+1,?___lldiv+1
  2582  000B64  C019  F011         	movff	___lldiv@quotient+2,?___lldiv+2
  2583  000B68  C01A  F012         	movff	___lldiv@quotient+3,?___lldiv+3
  2584  000B6C  0012               	return	
  2585  000B6E                     __end_of___lldiv:
  2586                           	opt stack 0
  2587                           pclatu	equ	0xFFB
  2588                           pclath	equ	0xFFA
  2589                           tblptru	equ	0xFF8
  2590                           tblptrh	equ	0xFF7
  2591                           tblptrl	equ	0xFF6
  2592                           tablat	equ	0xFF5
  2593                           prodh	equ	0xFF4
  2594                           prodl	equ	0xFF3
  2595                           intcon	equ	0xFF2
  2596                           postinc0	equ	0xFEE
  2597                           fsr0h	equ	0xFEA
  2598                           fsr0l	equ	0xFE9
  2599                           wreg	equ	0xFE8
  2600                           fsr1h	equ	0xFE2
  2601                           fsr1l	equ	0xFE1
  2602                           indf2	equ	0xFDF
  2603                           fsr2h	equ	0xFDA
  2604                           fsr2l	equ	0xFD9
  2605                           status	equ	0xFD8
  2606                           
  2607 ;; *************** function _itoa *****************
  2608 ;; Defined at:
  2609 ;;		line 4 in file "C:\Program Files\Microchip\xc8\v1.33\sources\common\itoa.c"
  2610 ;; Parameters:    Size  Location     Type
  2611 ;;  buf             2   30[COMRAM] PTR unsigned char 
  2612 ;;		 -> z(1), 
  2613 ;;  val             2   32[COMRAM] int 
  2614 ;;  base            2   34[COMRAM] int 
  2615 ;; Auto vars:     Size  Location     Type
  2616 ;;  cp              2   36[COMRAM] PTR unsigned char 
  2617 ;;		 -> z(1), 
  2618 ;; Return value:  Size  Location     Type
  2619 ;;                  2   30[COMRAM] PTR unsigned char 
  2620 ;; Registers used:
  2621 ;;		wreg, fsr2l, fsr2h, status,2, status,0, prodl, cstack
  2622 ;; Tracked objects:
  2623 ;;		On entry : 0/0
  2624 ;;		On exit  : 0/0
  2625 ;;		Unchanged: 0/0
  2626 ;; Data sizes:     COMRAM   BANK0   BANK1
  2627 ;;      Params:         6       0       0
  2628 ;;      Locals:         2       0       0
  2629 ;;      Temps:          0       0       0
  2630 ;;      Totals:         8       0       0
  2631 ;;Total ram usage:        8 bytes
  2632 ;; Hardware stack levels used:    1
  2633 ;; Hardware stack levels required when called:    3
  2634 ;; This function calls:
  2635 ;;		_utoa
  2636 ;; This function is called by:
  2637 ;;		_main
  2638 ;; This function uses a non-reentrant model
  2639 ;;
  2640                           
  2641                           	psect	text15
  2642  000BD4                     __ptext15:
  2643                           	opt stack 0
  2644  000BD4                     _itoa:
  2645                           	opt stack 27
  2646                           
  2647                           ;incstack = 0
  2648  000BD4  C020  F026         	movff	itoa@buf+1,itoa@cp+1
  2649  000BD8  C01F  F025         	movff	itoa@buf,itoa@cp
  2650  000BDC  5022               	movf	itoa@val+1,w,c
  2651  000BDE  0A80               	xorlw	128
  2652  000BE0  6EF3               	movwf	prodl,c
  2653  000BE2  0E80               	movlw	128
  2654  000BE4  5CF3               	subwf	prodl,w,c
  2655  000BE6  0E00               	movlw	0
  2656  000BE8  B4D8               	btfsc	status,2,c
  2657  000BEA  5C21               	subwf	itoa@val,w,c
  2658  000BEC  B0D8               	btfsc	status,0,c
  2659  000BEE  D00C               	goto	l1807
  2660  000BF0  C01F  FFD9         	movff	itoa@buf,fsr2l
  2661  000BF4  C020  FFDA         	movff	itoa@buf+1,fsr2h
  2662  000BF8  0E2D               	movlw	45
  2663  000BFA  6EDF               	movwf	indf2,c
  2664  000BFC  4A1F               	infsnz	itoa@buf,f,c
  2665  000BFE  2A20               	incf	itoa@buf+1,f,c
  2666  000C00  6C21               	negf	itoa@val,c
  2667  000C02  1E22               	comf	itoa@val+1,f,c
  2668  000C04  B0D8               	btfsc	status,0,c
  2669  000C06  2A22               	incf	itoa@val+1,f,c
  2670  000C08                     l1807:
  2671  000C08  C020  F017         	movff	itoa@buf+1,utoa@buf+1
  2672  000C0C  C01F  F016         	movff	itoa@buf,utoa@buf
  2673  000C10  C021  F018         	movff	itoa@val,utoa@val
  2674  000C14  C022  F019         	movff	itoa@val+1,utoa@val+1
  2675  000C18  C023  F01A         	movff	itoa@base,utoa@base
  2676  000C1C  C024  F01B         	movff	itoa@base+1,utoa@base+1
  2677  000C20  ECDF  F004         	call	_utoa	;wreg free
  2678  000C24  0012               	return	
  2679  000C26                     __end_of_itoa:
  2680                           	opt stack 0
  2681                           pclatu	equ	0xFFB
  2682                           pclath	equ	0xFFA
  2683                           tblptru	equ	0xFF8
  2684                           tblptrh	equ	0xFF7
  2685                           tblptrl	equ	0xFF6
  2686                           tablat	equ	0xFF5
  2687                           prodh	equ	0xFF4
  2688                           prodl	equ	0xFF3
  2689                           intcon	equ	0xFF2
  2690                           postinc0	equ	0xFEE
  2691                           fsr0h	equ	0xFEA
  2692                           fsr0l	equ	0xFE9
  2693                           wreg	equ	0xFE8
  2694                           fsr1h	equ	0xFE2
  2695                           fsr1l	equ	0xFE1
  2696                           indf2	equ	0xFDF
  2697                           fsr2h	equ	0xFDA
  2698                           fsr2l	equ	0xFD9
  2699                           status	equ	0xFD8
  2700                           
  2701 ;; *************** function _utoa *****************
  2702 ;; Defined at:
  2703 ;;		line 17 in file "C:\Program Files\Microchip\xc8\v1.33\sources\common\itoa.c"
  2704 ;; Parameters:    Size  Location     Type
  2705 ;;  buf             2   21[COMRAM] PTR unsigned char 
  2706 ;;		 -> z(1), 
  2707 ;;  val             2   23[COMRAM] unsigned int 
  2708 ;;  base            2   25[COMRAM] int 
  2709 ;; Auto vars:     Size  Location     Type
  2710 ;;  v               2   27[COMRAM] unsigned int 
  2711 ;;  c               1   29[COMRAM] unsigned char 
  2712 ;; Return value:  Size  Location     Type
  2713 ;;                  2   21[COMRAM] PTR unsigned char 
  2714 ;; Registers used:
  2715 ;;		wreg, fsr2l, fsr2h, status,2, status,0, cstack
  2716 ;; Tracked objects:
  2717 ;;		On entry : 0/0
  2718 ;;		On exit  : 0/0
  2719 ;;		Unchanged: 0/0
  2720 ;; Data sizes:     COMRAM   BANK0   BANK1
  2721 ;;      Params:         6       0       0
  2722 ;;      Locals:         3       0       0
  2723 ;;      Temps:          0       0       0
  2724 ;;      Totals:         9       0       0
  2725 ;;Total ram usage:        9 bytes
  2726 ;; Hardware stack levels used:    1
  2727 ;; Hardware stack levels required when called:    2
  2728 ;; This function calls:
  2729 ;;		___lwdiv
  2730 ;;		___lwmod
  2731 ;; This function is called by:
  2732 ;;		_itoa
  2733 ;; This function uses a non-reentrant model
  2734 ;;
  2735                           
  2736                           	psect	text16
  2737  0009BE                     __ptext16:
  2738                           	opt stack 0
  2739  0009BE                     _utoa:
  2740                           	opt stack 27
  2741                           
  2742                           ;incstack = 0
  2743  0009BE  C018  F01C         	movff	utoa@val,utoa@v
  2744  0009C2  C019  F01D         	movff	utoa@val+1,utoa@v+1
  2745  0009C6                     l1615:
  2746  0009C6  C01C  F00F         	movff	utoa@v,___lwdiv@dividend
  2747  0009CA  C01D  F010         	movff	utoa@v+1,___lwdiv@dividend+1
  2748  0009CE  C01A  F011         	movff	utoa@base,___lwdiv@divisor
  2749  0009D2  C01B  F012         	movff	utoa@base+1,___lwdiv@divisor+1
  2750  0009D6  EC13  F006         	call	___lwdiv	;wreg free
  2751  0009DA  C00F  F01C         	movff	?___lwdiv,utoa@v
  2752  0009DE  C010  F01D         	movff	?___lwdiv+1,utoa@v+1
  2753  0009E2  4A16               	infsnz	utoa@buf,f,c
  2754  0009E4  2A17               	incf	utoa@buf+1,f,c
  2755  0009E6  501D               	movf	utoa@v+1,w,c
  2756  0009E8  101C               	iorwf	utoa@v,w,c
  2757  0009EA  A4D8               	btfss	status,2,c
  2758  0009EC  D7EC               	goto	l1615
  2759  0009EE  C016  FFD9         	movff	utoa@buf,fsr2l
  2760  0009F2  C017  FFDA         	movff	utoa@buf+1,fsr2h
  2761  0009F6  0E00               	movlw	0
  2762  0009F8  6EDF               	movwf	indf2,c
  2763  0009FA  0616               	decf	utoa@buf,f,c
  2764  0009FC  A0D8               	btfss	status,0,c
  2765  0009FE  0617               	decf	utoa@buf+1,f,c
  2766  000A00                     l1625:
  2767  000A00  C018  F00F         	movff	utoa@val,___lwmod@dividend
  2768  000A04  C019  F010         	movff	utoa@val+1,___lwmod@dividend+1
  2769  000A08  C01A  F011         	movff	utoa@base,___lwmod@divisor
  2770  000A0C  C01B  F012         	movff	utoa@base+1,___lwmod@divisor+1
  2771  000A10  EC82  F006         	call	___lwmod	;wreg free
  2772  000A14  500F               	movf	?___lwmod,w,c
  2773  000A16  6E1E               	movwf	utoa@c,c
  2774  000A18  C018  F00F         	movff	utoa@val,___lwdiv@dividend
  2775  000A1C  C019  F010         	movff	utoa@val+1,___lwdiv@dividend+1
  2776  000A20  C01A  F011         	movff	utoa@base,___lwdiv@divisor
  2777  000A24  C01B  F012         	movff	utoa@base+1,___lwdiv@divisor+1
  2778  000A28  EC13  F006         	call	___lwdiv	;wreg free
  2779  000A2C  C00F  F018         	movff	?___lwdiv,utoa@val
  2780  000A30  C010  F019         	movff	?___lwdiv+1,utoa@val+1
  2781  000A34  0E09               	movlw	9
  2782  000A36  641E               	cpfsgt	utoa@c,c
  2783  000A38  D002               	goto	l608
  2784  000A3A  0E07               	movlw	7
  2785  000A3C  261E               	addwf	utoa@c,f,c
  2786  000A3E                     l608:
  2787  000A3E  0E30               	movlw	48
  2788  000A40  261E               	addwf	utoa@c,f,c
  2789  000A42  C016  FFD9         	movff	utoa@buf,fsr2l
  2790  000A46  C017  FFDA         	movff	utoa@buf+1,fsr2h
  2791  000A4A  C01E  FFDF         	movff	utoa@c,indf2
  2792  000A4E  0616               	decf	utoa@buf,f,c
  2793  000A50  A0D8               	btfss	status,0,c
  2794  000A52  0617               	decf	utoa@buf+1,f,c
  2795  000A54  5019               	movf	utoa@val+1,w,c
  2796  000A56  1018               	iorwf	utoa@val,w,c
  2797  000A58  A4D8               	btfss	status,2,c
  2798  000A5A  D7D2               	goto	l1625
  2799                           
  2800                           ;	Return value of _utoa is never used
  2801  000A5C  4A16               	infsnz	utoa@buf,f,c
  2802  000A5E  2A17               	incf	utoa@buf+1,f,c
  2803  000A60  0012               	return	
  2804  000A62                     __end_of_utoa:
  2805                           	opt stack 0
  2806                           pclatu	equ	0xFFB
  2807                           pclath	equ	0xFFA
  2808                           tblptru	equ	0xFF8
  2809                           tblptrh	equ	0xFF7
  2810                           tblptrl	equ	0xFF6
  2811                           tablat	equ	0xFF5
  2812                           prodh	equ	0xFF4
  2813                           prodl	equ	0xFF3
  2814                           intcon	equ	0xFF2
  2815                           postinc0	equ	0xFEE
  2816                           fsr0h	equ	0xFEA
  2817                           fsr0l	equ	0xFE9
  2818                           wreg	equ	0xFE8
  2819                           fsr1h	equ	0xFE2
  2820                           fsr1l	equ	0xFE1
  2821                           indf2	equ	0xFDF
  2822                           fsr2h	equ	0xFDA
  2823                           fsr2l	equ	0xFD9
  2824                           status	equ	0xFD8
  2825                           
  2826 ;; *************** function ___lwmod *****************
  2827 ;; Defined at:
  2828 ;;		line 8 in file "C:\Program Files\Microchip\xc8\v1.33\sources\common\lwmod.c"
  2829 ;; Parameters:    Size  Location     Type
  2830 ;;  dividend        2   14[COMRAM] unsigned int 
  2831 ;;  divisor         2   16[COMRAM] unsigned int 
  2832 ;; Auto vars:     Size  Location     Type
  2833 ;;  counter         1   18[COMRAM] unsigned char 
  2834 ;; Return value:  Size  Location     Type
  2835 ;;                  2   14[COMRAM] unsigned int 
  2836 ;; Registers used:
  2837 ;;		wreg, status,2, status,0
  2838 ;; Tracked objects:
  2839 ;;		On entry : 0/0
  2840 ;;		On exit  : 0/0
  2841 ;;		Unchanged: 0/0
  2842 ;; Data sizes:     COMRAM   BANK0   BANK1
  2843 ;;      Params:         4       0       0
  2844 ;;      Locals:         1       0       0
  2845 ;;      Temps:          0       0       0
  2846 ;;      Totals:         5       0       0
  2847 ;;Total ram usage:        5 bytes
  2848 ;; Hardware stack levels used:    1
  2849 ;; Hardware stack levels required when called:    1
  2850 ;; This function calls:
  2851 ;;		Nothing
  2852 ;; This function is called by:
  2853 ;;		_utoa
  2854 ;; This function uses a non-reentrant model
  2855 ;;
  2856                           
  2857                           	psect	text17
  2858  000D04                     __ptext17:
  2859                           	opt stack 0
  2860  000D04                     ___lwmod:
  2861                           	opt stack 27
  2862                           
  2863                           ;incstack = 0
  2864  000D04  5012               	movf	___lwmod@divisor+1,w,c
  2865  000D06  1011               	iorwf	___lwmod@divisor,w,c
  2866  000D08  B4D8               	btfsc	status,2,c
  2867  000D0A  D018               	goto	l726
  2868  000D0C  0E01               	movlw	1
  2869  000D0E  6E13               	movwf	___lwmod@counter,c
  2870  000D10  D004               	goto	l1533
  2871  000D12                     l1531:
  2872  000D12  90D8               	bcf	status,0,c
  2873  000D14  3611               	rlcf	___lwmod@divisor,f,c
  2874  000D16  3612               	rlcf	___lwmod@divisor+1,f,c
  2875  000D18  2A13               	incf	___lwmod@counter,f,c
  2876  000D1A                     l1533:
  2877  000D1A  AE12               	btfss	___lwmod@divisor+1,7,c
  2878  000D1C  D7FA               	goto	l1531
  2879  000D1E                     l1535:
  2880  000D1E  5011               	movf	___lwmod@divisor,w,c
  2881  000D20  5C0F               	subwf	___lwmod@dividend,w,c
  2882  000D22  5012               	movf	___lwmod@divisor+1,w,c
  2883  000D24  5810               	subwfb	___lwmod@dividend+1,w,c
  2884  000D26  A0D8               	btfss	status,0,c
  2885  000D28  D004               	goto	l1539
  2886  000D2A  5011               	movf	___lwmod@divisor,w,c
  2887  000D2C  5E0F               	subwf	___lwmod@dividend,f,c
  2888  000D2E  5012               	movf	___lwmod@divisor+1,w,c
  2889  000D30  5A10               	subwfb	___lwmod@dividend+1,f,c
  2890  000D32                     l1539:
  2891  000D32  90D8               	bcf	status,0,c
  2892  000D34  3212               	rrcf	___lwmod@divisor+1,f,c
  2893  000D36  3211               	rrcf	___lwmod@divisor,f,c
  2894  000D38  2E13               	decfsz	___lwmod@counter,f,c
  2895  000D3A  D7F1               	goto	l1535
  2896  000D3C                     l726:
  2897  000D3C  C00F  F00F         	movff	___lwmod@dividend,?___lwmod
  2898  000D40  C010  F010         	movff	___lwmod@dividend+1,?___lwmod+1
  2899  000D44  0012               	return	
  2900  000D46                     __end_of___lwmod:
  2901                           	opt stack 0
  2902                           pclatu	equ	0xFFB
  2903                           pclath	equ	0xFFA
  2904                           tblptru	equ	0xFF8
  2905                           tblptrh	equ	0xFF7
  2906                           tblptrl	equ	0xFF6
  2907                           tablat	equ	0xFF5
  2908                           prodh	equ	0xFF4
  2909                           prodl	equ	0xFF3
  2910                           intcon	equ	0xFF2
  2911                           postinc0	equ	0xFEE
  2912                           fsr0h	equ	0xFEA
  2913                           fsr0l	equ	0xFE9
  2914                           wreg	equ	0xFE8
  2915                           fsr1h	equ	0xFE2
  2916                           fsr1l	equ	0xFE1
  2917                           indf2	equ	0xFDF
  2918                           fsr2h	equ	0xFDA
  2919                           fsr2l	equ	0xFD9
  2920                           status	equ	0xFD8
  2921                           
  2922 ;; *************** function ___lwdiv *****************
  2923 ;; Defined at:
  2924 ;;		line 8 in file "C:\Program Files\Microchip\xc8\v1.33\sources\common\lwdiv.c"
  2925 ;; Parameters:    Size  Location     Type
  2926 ;;  dividend        2   14[COMRAM] unsigned int 
  2927 ;;  divisor         2   16[COMRAM] unsigned int 
  2928 ;; Auto vars:     Size  Location     Type
  2929 ;;  quotient        2   18[COMRAM] unsigned int 
  2930 ;;  counter         1   20[COMRAM] unsigned char 
  2931 ;; Return value:  Size  Location     Type
  2932 ;;                  2   14[COMRAM] unsigned int 
  2933 ;; Registers used:
  2934 ;;		wreg, status,2, status,0
  2935 ;; Tracked objects:
  2936 ;;		On entry : 0/0
  2937 ;;		On exit  : 0/0
  2938 ;;		Unchanged: 0/0
  2939 ;; Data sizes:     COMRAM   BANK0   BANK1
  2940 ;;      Params:         4       0       0
  2941 ;;      Locals:         3       0       0
  2942 ;;      Temps:          0       0       0
  2943 ;;      Totals:         7       0       0
  2944 ;;Total ram usage:        7 bytes
  2945 ;; Hardware stack levels used:    1
  2946 ;; Hardware stack levels required when called:    1
  2947 ;; This function calls:
  2948 ;;		Nothing
  2949 ;; This function is called by:
  2950 ;;		_utoa
  2951 ;; This function uses a non-reentrant model
  2952 ;;
  2953                           
  2954                           	psect	text18
  2955  000C26                     __ptext18:
  2956                           	opt stack 0
  2957  000C26                     ___lwdiv:
  2958                           	opt stack 27
  2959                           
  2960                           ;incstack = 0
  2961  000C26  0E00               	movlw	0
  2962  000C28  6E14               	movwf	___lwdiv@quotient+1,c
  2963  000C2A  0E00               	movlw	0
  2964  000C2C  6E13               	movwf	___lwdiv@quotient,c
  2965  000C2E  5012               	movf	___lwdiv@divisor+1,w,c
  2966  000C30  1011               	iorwf	___lwdiv@divisor,w,c
  2967  000C32  B4D8               	btfsc	status,2,c
  2968  000C34  D01C               	goto	l716
  2969  000C36  0E01               	movlw	1
  2970  000C38  6E15               	movwf	___lwdiv@counter,c
  2971  000C3A  D004               	goto	l1513
  2972  000C3C                     l1511:
  2973  000C3C  90D8               	bcf	status,0,c
  2974  000C3E  3611               	rlcf	___lwdiv@divisor,f,c
  2975  000C40  3612               	rlcf	___lwdiv@divisor+1,f,c
  2976  000C42  2A15               	incf	___lwdiv@counter,f,c
  2977  000C44                     l1513:
  2978  000C44  AE12               	btfss	___lwdiv@divisor+1,7,c
  2979  000C46  D7FA               	goto	l1511
  2980  000C48                     l1515:
  2981  000C48  90D8               	bcf	status,0,c
  2982  000C4A  3613               	rlcf	___lwdiv@quotient,f,c
  2983  000C4C  3614               	rlcf	___lwdiv@quotient+1,f,c
  2984  000C4E  5011               	movf	___lwdiv@divisor,w,c
  2985  000C50  5C0F               	subwf	___lwdiv@dividend,w,c
  2986  000C52  5012               	movf	___lwdiv@divisor+1,w,c
  2987  000C54  5810               	subwfb	___lwdiv@dividend+1,w,c
  2988  000C56  A0D8               	btfss	status,0,c
  2989  000C58  D005               	goto	l1523
  2990  000C5A  5011               	movf	___lwdiv@divisor,w,c
  2991  000C5C  5E0F               	subwf	___lwdiv@dividend,f,c
  2992  000C5E  5012               	movf	___lwdiv@divisor+1,w,c
  2993  000C60  5A10               	subwfb	___lwdiv@dividend+1,f,c
  2994  000C62  8013               	bsf	___lwdiv@quotient,0,c
  2995  000C64                     l1523:
  2996  000C64  90D8               	bcf	status,0,c
  2997  000C66  3212               	rrcf	___lwdiv@divisor+1,f,c
  2998  000C68  3211               	rrcf	___lwdiv@divisor,f,c
  2999  000C6A  2E15               	decfsz	___lwdiv@counter,f,c
  3000  000C6C  D7ED               	goto	l1515
  3001  000C6E                     l716:
  3002  000C6E  C013  F00F         	movff	___lwdiv@quotient,?___lwdiv
  3003  000C72  C014  F010         	movff	___lwdiv@quotient+1,?___lwdiv+1
  3004  000C76  0012               	return	
  3005  000C78                     __end_of___lwdiv:
  3006                           	opt stack 0
  3007                           pclatu	equ	0xFFB
  3008                           pclath	equ	0xFFA
  3009                           tblptru	equ	0xFF8
  3010                           tblptrh	equ	0xFF7
  3011                           tblptrl	equ	0xFF6
  3012                           tablat	equ	0xFF5
  3013                           prodh	equ	0xFF4
  3014                           prodl	equ	0xFF3
  3015                           intcon	equ	0xFF2
  3016                           postinc0	equ	0xFEE
  3017                           fsr0h	equ	0xFEA
  3018                           fsr0l	equ	0xFE9
  3019                           wreg	equ	0xFE8
  3020                           fsr1h	equ	0xFE2
  3021                           fsr1l	equ	0xFE1
  3022                           indf2	equ	0xFDF
  3023                           fsr2h	equ	0xFDA
  3024                           fsr2l	equ	0xFD9
  3025                           status	equ	0xFD8
  3026                           
  3027 ;; *************** function _init_io *****************
  3028 ;; Defined at:
  3029 ;;		line 190 in file "main.c"
  3030 ;; Parameters:    Size  Location     Type
  3031 ;;		None
  3032 ;; Auto vars:     Size  Location     Type
  3033 ;;		None
  3034 ;; Return value:  Size  Location     Type
  3035 ;;		None               void
  3036 ;; Registers used:
  3037 ;;		wreg, status,2
  3038 ;; Tracked objects:
  3039 ;;		On entry : 0/0
  3040 ;;		On exit  : 0/0
  3041 ;;		Unchanged: 0/0
  3042 ;; Data sizes:     COMRAM   BANK0   BANK1
  3043 ;;      Params:         0       0       0
  3044 ;;      Locals:         0       0       0
  3045 ;;      Temps:          0       0       0
  3046 ;;      Totals:         0       0       0
  3047 ;;Total ram usage:        0 bytes
  3048 ;; Hardware stack levels used:    1
  3049 ;; Hardware stack levels required when called:    1
  3050 ;; This function calls:
  3051 ;;		Nothing
  3052 ;; This function is called by:
  3053 ;;		_main
  3054 ;; This function uses a non-reentrant model
  3055 ;;
  3056                           
  3057                           	psect	text19
  3058  000DB4                     __ptext19:
  3059                           	opt stack 0
  3060  000DB4                     _init_io:
  3061                           	opt stack 29
  3062                           
  3063                           ;main.c: 191: ANSEL = 0x00;
  3064                           
  3065                           ;incstack = 0
  3066  000DB4  0E00               	movlw	0
  3067  000DB6  6E7E               	movwf	3966,c	;volatile
  3068                           
  3069                           ;main.c: 192: ANSELH = 0x00;
  3070  000DB8  0E00               	movlw	0
  3071  000DBA  6E7F               	movwf	3967,c	;volatile
  3072                           
  3073                           ;main.c: 194: TRISAbits.TRISA0 = 0;
  3074  000DBC  9092               	bcf	3986,0,c	;volatile
  3075                           
  3076                           ;main.c: 195: TRISAbits.TRISA1 = 0;
  3077  000DBE  9292               	bcf	3986,1,c	;volatile
  3078                           
  3079                           ;main.c: 196: TRISAbits.TRISA2 = 0;
  3080  000DC0  9492               	bcf	3986,2,c	;volatile
  3081                           
  3082                           ;main.c: 197: TRISAbits.TRISA4 = 0;
  3083  000DC2  9892               	bcf	3986,4,c	;volatile
  3084                           
  3085                           ;main.c: 198: TRISAbits.TRISA5 = 0;
  3086  000DC4  9A92               	bcf	3986,5,c	;volatile
  3087                           
  3088                           ;main.c: 202: TRISBbits.TRISB4 = 0;
  3089  000DC6  9893               	bcf	3987,4,c	;volatile
  3090                           
  3091                           ;main.c: 203: TRISBbits.TRISB5 = 1;
  3092  000DC8  8A93               	bsf	3987,5,c	;volatile
  3093                           
  3094                           ;main.c: 204: TRISBbits.TRISB6 = 0;
  3095  000DCA  9C93               	bcf	3987,6,c	;volatile
  3096                           
  3097                           ;main.c: 205: TRISBbits.TRISB7 = 0;
  3098  000DCC  9E93               	bcf	3987,7,c	;volatile
  3099                           
  3100                           ;main.c: 207: LATC = 0x00;
  3101  000DCE  0E00               	movlw	0
  3102  000DD0  6E8B               	movwf	3979,c	;volatile
  3103                           
  3104                           ;main.c: 209: TRISCbits.TRISC0 = 1;
  3105  000DD2  8094               	bsf	3988,0,c	;volatile
  3106                           
  3107                           ;main.c: 210: TRISCbits.TRISC1 = 1;
  3108  000DD4  8294               	bsf	3988,1,c	;volatile
  3109                           
  3110                           ;main.c: 211: TRISCbits.TRISC2 = 0;
  3111  000DD6  9494               	bcf	3988,2,c	;volatile
  3112                           
  3113                           ;main.c: 212: TRISCbits.TRISC3 = 0;
  3114  000DD8  9694               	bcf	3988,3,c	;volatile
  3115                           
  3116                           ;main.c: 213: TRISCbits.TRISC4 = 0;
  3117  000DDA  9894               	bcf	3988,4,c	;volatile
  3118                           
  3119                           ;main.c: 214: TRISCbits.TRISC5 = 0;
  3120  000DDC  9A94               	bcf	3988,5,c	;volatile
  3121                           
  3122                           ;main.c: 215: TRISCbits.TRISC6 = 1;
  3123  000DDE  8C94               	bsf	3988,6,c	;volatile
  3124                           
  3125                           ;main.c: 216: TRISCbits.TRISC7 = 1;
  3126  000DE0  8E94               	bsf	3988,7,c	;volatile
  3127  000DE2  0012               	return	
  3128  000DE4                     __end_of_init_io:
  3129                           	opt stack 0
  3130                           pclatu	equ	0xFFB
  3131                           pclath	equ	0xFFA
  3132                           tblptru	equ	0xFF8
  3133                           tblptrh	equ	0xFF7
  3134                           tblptrl	equ	0xFF6
  3135                           tablat	equ	0xFF5
  3136                           prodh	equ	0xFF4
  3137                           prodl	equ	0xFF3
  3138                           intcon	equ	0xFF2
  3139                           postinc0	equ	0xFEE
  3140                           fsr0h	equ	0xFEA
  3141                           fsr0l	equ	0xFE9
  3142                           wreg	equ	0xFE8
  3143                           fsr1h	equ	0xFE2
  3144                           fsr1l	equ	0xFE1
  3145                           indf2	equ	0xFDF
  3146                           fsr2h	equ	0xFDA
  3147                           fsr2l	equ	0xFD9
  3148                           status	equ	0xFD8
  3149                           
  3150 ;; *************** function _init_adc *****************
  3151 ;; Defined at:
  3152 ;;		line 221 in file "main.c"
  3153 ;; Parameters:    Size  Location     Type
  3154 ;;		None
  3155 ;; Auto vars:     Size  Location     Type
  3156 ;;		None
  3157 ;; Return value:  Size  Location     Type
  3158 ;;		None               void
  3159 ;; Registers used:
  3160 ;;		wreg, status,2
  3161 ;; Tracked objects:
  3162 ;;		On entry : 0/0
  3163 ;;		On exit  : 0/0
  3164 ;;		Unchanged: 0/0
  3165 ;; Data sizes:     COMRAM   BANK0   BANK1
  3166 ;;      Params:         0       0       0
  3167 ;;      Locals:         0       0       0
  3168 ;;      Temps:          0       0       0
  3169 ;;      Totals:         0       0       0
  3170 ;;Total ram usage:        0 bytes
  3171 ;; Hardware stack levels used:    1
  3172 ;; Hardware stack levels required when called:    1
  3173 ;; This function calls:
  3174 ;;		Nothing
  3175 ;; This function is called by:
  3176 ;;		_main
  3177 ;; This function uses a non-reentrant model
  3178 ;;
  3179                           
  3180                           	psect	text20
  3181  000F2A                     __ptext20:
  3182                           	opt stack 0
  3183  000F2A                     _init_adc:
  3184                           	opt stack 29
  3185                           
  3186                           ;main.c: 223: ANSELbits.ANSEL4=1;
  3187                           
  3188                           ;incstack = 0
  3189  000F2A  887E               	bsf	3966,4,c	;volatile
  3190                           
  3191                           ;main.c: 224: ADCON2bits.ADCS = 0x02;
  3192  000F2C  50C0               	movf	4032,w,c	;volatile
  3193  000F2E  0BF8               	andlw	-8
  3194  000F30  0902               	iorlw	2
  3195  000F32  6EC0               	movwf	4032,c	;volatile
  3196                           
  3197                           ;main.c: 225: ADCON2bits.ADFM=0;
  3198  000F34  9EC0               	bcf	4032,7,c	;volatile
  3199                           
  3200                           ;main.c: 226: ADCON1=0x00;
  3201  000F36  0E00               	movlw	0
  3202  000F38  6EC1               	movwf	4033,c	;volatile
  3203  000F3A  0012               	return	
  3204  000F3C                     __end_of_init_adc:
  3205                           	opt stack 0
  3206                           pclatu	equ	0xFFB
  3207                           pclath	equ	0xFFA
  3208                           tblptru	equ	0xFF8
  3209                           tblptrh	equ	0xFF7
  3210                           tblptrl	equ	0xFF6
  3211                           tablat	equ	0xFF5
  3212                           prodh	equ	0xFF4
  3213                           prodl	equ	0xFF3
  3214                           intcon	equ	0xFF2
  3215                           postinc0	equ	0xFEE
  3216                           fsr0h	equ	0xFEA
  3217                           fsr0l	equ	0xFE9
  3218                           wreg	equ	0xFE8
  3219                           fsr1h	equ	0xFE2
  3220                           fsr1l	equ	0xFE1
  3221                           indf2	equ	0xFDF
  3222                           fsr2h	equ	0xFDA
  3223                           fsr2l	equ	0xFD9
  3224                           status	equ	0xFD8
  3225                           
  3226 ;; *************** function ___fttol *****************
  3227 ;; Defined at:
  3228 ;;		line 44 in file "C:\Program Files\Microchip\xc8\v1.33\sources\common\fttol.c"
  3229 ;; Parameters:    Size  Location     Type
  3230 ;;  f1              3   41[COMRAM] float 
  3231 ;; Auto vars:     Size  Location     Type
  3232 ;;  lval            4    6[BANK0 ] unsigned long 
  3233 ;;  exp1            1   10[BANK0 ] unsigned char 
  3234 ;;  sign1           1    5[BANK0 ] unsigned char 
  3235 ;; Return value:  Size  Location     Type
  3236 ;;                  4   41[COMRAM] long 
  3237 ;; Registers used:
  3238 ;;		wreg, status,2, status,0
  3239 ;; Tracked objects:
  3240 ;;		On entry : 0/0
  3241 ;;		On exit  : 0/0
  3242 ;;		Unchanged: 0/0
  3243 ;; Data sizes:     COMRAM   BANK0   BANK1
  3244 ;;      Params:         4       0       0
  3245 ;;      Locals:         0       6       0
  3246 ;;      Temps:          0       5       0
  3247 ;;      Totals:         4      11       0
  3248 ;;Total ram usage:       15 bytes
  3249 ;; Hardware stack levels used:    1
  3250 ;; Hardware stack levels required when called:    1
  3251 ;; This function calls:
  3252 ;;		Nothing
  3253 ;; This function is called by:
  3254 ;;		_main
  3255 ;; This function uses a non-reentrant model
  3256 ;;
  3257                           
  3258                           	psect	text21
  3259  0005D2                     __ptext21:
  3260                           	opt stack 0
  3261  0005D2                     ___fttol:
  3262                           	opt stack 29
  3263                           
  3264                           ;incstack = 0
  3265  0005D2  C02C  F060         	movff	___fttol@f1+2,??___fttol
  3266  0005D6  0100               	movlb	0	; () banked
  3267  0005D8  6B61               	clrf	(??___fttol+1)& (0+255),b
  3268  0005DA  6B62               	clrf	(??___fttol+2)& (0+255),b
  3269  0005DC  0100               	movlb	0	; () banked
  3270  0005DE  342B               	rlcf	___fttol@f1+1,w,c
  3271  0005E0  0100               	movlb	0	; () banked
  3272  0005E2  3760               	rlcf	??___fttol& (0+255),f,b
  3273  0005E4  E301               	bnc	u2081
  3274  0005E6  8161               	bsf	(??___fttol+1)& (0+255),0,b
  3275  0005E8                     u2081:
  3276  0005E8  0100               	movlb	0	; () banked
  3277  0005EA  5160               	movf	??___fttol& (0+255),w,b
  3278  0005EC  0100               	movlb	0	; () banked
  3279  0005EE  6F6A               	movwf	___fttol@exp1& (0+255),b
  3280  0005F0  0100               	movlb	0	; () banked
  3281  0005F2  676A               	tstfsz	___fttol@exp1& (0+255),b
  3282  0005F4  D009               	goto	l2313
  3283                           
  3284                           ; BSR set to: 0
  3285  0005F6  0E00               	movlw	0
  3286  0005F8  6E2A               	movwf	?___fttol,c
  3287  0005FA  0E00               	movlw	0
  3288  0005FC  6E2B               	movwf	?___fttol+1,c
  3289  0005FE  0E00               	movlw	0
  3290  000600  6E2C               	movwf	?___fttol+2,c
  3291  000602  0E00               	movlw	0
  3292  000604  6E2D               	movwf	?___fttol+3,c
  3293  000606  0012               	return	
  3294  000608                     l2313:
  3295                           
  3296                           ; BSR set to: 0
  3297  000608  0E17               	movlw	23
  3298  00060A  0100               	movlb	0	; () banked
  3299  00060C  6F60               	movwf	??___fttol& (0+255),b
  3300  00060E  C02A  F061         	movff	___fttol@f1,??___fttol+1
  3301  000612  C02B  F062         	movff	___fttol@f1+1,??___fttol+2
  3302  000616  C02C  F063         	movff	___fttol@f1+2,??___fttol+3
  3303  00061A  0100               	movlb	0	; () banked
  3304  00061C  2960               	incf	??___fttol& (0+255),w,b
  3305  00061E  0100               	movlb	0	; () banked
  3306  000620  6F64               	movwf	(??___fttol+4)& (0+255),b
  3307  000622  D005               	goto	u2100
  3308  000624                     u2105:
  3309  000624  0100               	movlb	0	; () banked
  3310  000626  90D8               	bcf	status,0,c
  3311  000628  3363               	rrcf	(??___fttol+3)& (0+255),f,b
  3312  00062A  3362               	rrcf	(??___fttol+2)& (0+255),f,b
  3313  00062C  3361               	rrcf	(??___fttol+1)& (0+255),f,b
  3314  00062E                     u2100:
  3315  00062E  0100               	movlb	0	; () banked
  3316  000630  2F64               	decfsz	(??___fttol+4)& (0+255),f,b
  3317  000632  D7F8               	goto	u2105
  3318  000634  0100               	movlb	0	; () banked
  3319  000636  5161               	movf	(??___fttol+1)& (0+255),w,b
  3320  000638  0100               	movlb	0	; () banked
  3321  00063A  6F65               	movwf	___fttol@sign1& (0+255),b
  3322                           
  3323                           ; BSR set to: 0
  3324  00063C  8E2B               	bsf	___fttol@f1+1,7,c
  3325                           
  3326                           ; BSR set to: 0
  3327  00063E  0EFF               	movlw	255
  3328  000640  162A               	andwf	___fttol@f1,f,c
  3329  000642  0EFF               	movlw	255
  3330  000644  162B               	andwf	___fttol@f1+1,f,c
  3331  000646  0E00               	movlw	0
  3332  000648  162C               	andwf	___fttol@f1+2,f,c
  3333                           
  3334                           ; BSR set to: 0
  3335  00064A  502A               	movf	___fttol@f1,w,c
  3336  00064C  0100               	movlb	0	; () banked
  3337  00064E  6F66               	movwf	___fttol@lval& (0+255),b
  3338  000650  502B               	movf	___fttol@f1+1,w,c
  3339  000652  0100               	movlb	0	; () banked
  3340  000654  6F67               	movwf	(___fttol@lval+1)& (0+255),b
  3341  000656  502C               	movf	___fttol@f1+2,w,c
  3342  000658  0100               	movlb	0	; () banked
  3343  00065A  6F68               	movwf	(___fttol@lval+2)& (0+255),b
  3344  00065C  0100               	movlb	0	; () banked
  3345  00065E  6B69               	clrf	(___fttol@lval+3)& (0+255),b
  3346                           
  3347                           ; BSR set to: 0
  3348  000660  0E8E               	movlw	142
  3349  000662  0100               	movlb	0	; () banked
  3350  000664  5F6A               	subwf	___fttol@exp1& (0+255),f,b
  3351                           
  3352                           ; BSR set to: 0
  3353  000666  0100               	movlb	0	; () banked
  3354  000668  AF6A               	btfss	___fttol@exp1& (0+255),7,b
  3355  00066A  D022               	goto	l2335
  3356                           
  3357                           ; BSR set to: 0
  3358  00066C  0100               	movlb	0	; () banked
  3359  00066E  516A               	movf	___fttol@exp1& (0+255),w,b
  3360  000670  0A80               	xorlw	128
  3361  000672  0100               	movlb	0	; () banked
  3362  000674  6F60               	movwf	??___fttol& (0+255),b
  3363  000676  0EF1               	movlw	241
  3364  000678  0A80               	xorlw	128
  3365  00067A  0100               	movlb	0	; () banked
  3366  00067C  5D60               	subwf	??___fttol& (0+255),w,b
  3367  00067E  B0D8               	btfsc	status,0,c
  3368  000680  D009               	goto	l2331
  3369                           
  3370                           ; BSR set to: 0
  3371  000682  0E00               	movlw	0
  3372  000684  6E2A               	movwf	?___fttol,c
  3373  000686  0E00               	movlw	0
  3374  000688  6E2B               	movwf	?___fttol+1,c
  3375  00068A  0E00               	movlw	0
  3376  00068C  6E2C               	movwf	?___fttol+2,c
  3377  00068E  0E00               	movlw	0
  3378  000690  6E2D               	movwf	?___fttol+3,c
  3379  000692  0012               	return	
  3380  000694                     l2331:
  3381                           
  3382                           ; BSR set to: 0
  3383  000694  0100               	movlb	0	; () banked
  3384  000696  90D8               	bcf	status,0,c
  3385  000698  0100               	movlb	0	; () banked
  3386  00069A  3369               	rrcf	(___fttol@lval+3)& (0+255),f,b
  3387  00069C  0100               	movlb	0	; () banked
  3388  00069E  3368               	rrcf	(___fttol@lval+2)& (0+255),f,b
  3389  0006A0  0100               	movlb	0	; () banked
  3390  0006A2  3367               	rrcf	(___fttol@lval+1)& (0+255),f,b
  3391  0006A4  0100               	movlb	0	; () banked
  3392  0006A6  3366               	rrcf	___fttol@lval& (0+255),f,b
  3393                           
  3394                           ; BSR set to: 0
  3395  0006A8  0100               	movlb	0	; () banked
  3396  0006AA  3F6A               	incfsz	___fttol@exp1& (0+255),f,b
  3397  0006AC  D7F3               	goto	l2331
  3398  0006AE  D01C               	goto	l2345
  3399  0006B0                     l2335:
  3400                           
  3401                           ; BSR set to: 0
  3402  0006B0  0E17               	movlw	23
  3403  0006B2  0100               	movlb	0	; () banked
  3404  0006B4  656A               	cpfsgt	___fttol@exp1& (0+255),b
  3405  0006B6  D015               	goto	l2343
  3406                           
  3407                           ; BSR set to: 0
  3408  0006B8  0E00               	movlw	0
  3409  0006BA  6E2A               	movwf	?___fttol,c
  3410  0006BC  0E00               	movlw	0
  3411  0006BE  6E2B               	movwf	?___fttol+1,c
  3412  0006C0  0E00               	movlw	0
  3413  0006C2  6E2C               	movwf	?___fttol+2,c
  3414  0006C4  0E00               	movlw	0
  3415  0006C6  6E2D               	movwf	?___fttol+3,c
  3416  0006C8  0012               	return	
  3417  0006CA                     l2341:
  3418                           
  3419                           ; BSR set to: 0
  3420  0006CA  0100               	movlb	0	; () banked
  3421  0006CC  90D8               	bcf	status,0,c
  3422  0006CE  0100               	movlb	0	; () banked
  3423  0006D0  3766               	rlcf	___fttol@lval& (0+255),f,b
  3424  0006D2  0100               	movlb	0	; () banked
  3425  0006D4  3767               	rlcf	(___fttol@lval+1)& (0+255),f,b
  3426  0006D6  0100               	movlb	0	; () banked
  3427  0006D8  3768               	rlcf	(___fttol@lval+2)& (0+255),f,b
  3428  0006DA  0100               	movlb	0	; () banked
  3429  0006DC  3769               	rlcf	(___fttol@lval+3)& (0+255),f,b
  3430  0006DE  0100               	movlb	0	; () banked
  3431  0006E0  076A               	decf	___fttol@exp1& (0+255),f,b
  3432  0006E2                     l2343:
  3433                           
  3434                           ; BSR set to: 0
  3435  0006E2  0100               	movlb	0	; () banked
  3436  0006E4  676A               	tstfsz	___fttol@exp1& (0+255),b
  3437  0006E6  D7F1               	goto	l2341
  3438  0006E8                     l2345:
  3439                           
  3440                           ; BSR set to: 0
  3441  0006E8  0100               	movlb	0	; () banked
  3442  0006EA  5165               	movf	___fttol@sign1& (0+255),w,b
  3443  0006EC  B4D8               	btfsc	status,2,c
  3444  0006EE  D00F               	goto	l2349
  3445                           
  3446                           ; BSR set to: 0
  3447  0006F0  0100               	movlb	0	; () banked
  3448  0006F2  1F69               	comf	(___fttol@lval+3)& (0+255),f,b
  3449  0006F4  0100               	movlb	0	; () banked
  3450  0006F6  1F68               	comf	(___fttol@lval+2)& (0+255),f,b
  3451  0006F8  0100               	movlb	0	; () banked
  3452  0006FA  1F67               	comf	(___fttol@lval+1)& (0+255),f,b
  3453  0006FC  0100               	movlb	0	; () banked
  3454  0006FE  6D66               	negf	___fttol@lval& (0+255),b
  3455  000700  0E00               	movlw	0
  3456  000702  0100               	movlb	0	; () banked
  3457  000704  2367               	addwfc	(___fttol@lval+1)& (0+255),f,b
  3458  000706  0100               	movlb	0	; () banked
  3459  000708  2368               	addwfc	(___fttol@lval+2)& (0+255),f,b
  3460  00070A  0100               	movlb	0	; () banked
  3461  00070C  2369               	addwfc	(___fttol@lval+3)& (0+255),f,b
  3462  00070E                     l2349:
  3463                           
  3464                           ; BSR set to: 0
  3465  00070E  C066  F02A         	movff	___fttol@lval,?___fttol
  3466  000712  C067  F02B         	movff	___fttol@lval+1,?___fttol+1
  3467  000716  C068  F02C         	movff	___fttol@lval+2,?___fttol+2
  3468  00071A  C069  F02D         	movff	___fttol@lval+3,?___fttol+3
  3469  00071E  0012               	return	
  3470  000720                     __end_of___fttol:
  3471                           	opt stack 0
  3472                           pclatu	equ	0xFFB
  3473                           pclath	equ	0xFFA
  3474                           tblptru	equ	0xFF8
  3475                           tblptrh	equ	0xFF7
  3476                           tblptrl	equ	0xFF6
  3477                           tablat	equ	0xFF5
  3478                           prodh	equ	0xFF4
  3479                           prodl	equ	0xFF3
  3480                           intcon	equ	0xFF2
  3481                           postinc0	equ	0xFEE
  3482                           fsr0h	equ	0xFEA
  3483                           fsr0l	equ	0xFE9
  3484                           wreg	equ	0xFE8
  3485                           fsr1h	equ	0xFE2
  3486                           fsr1l	equ	0xFE1
  3487                           indf2	equ	0xFDF
  3488                           fsr2h	equ	0xFDA
  3489                           fsr2l	equ	0xFD9
  3490                           status	equ	0xFD8
  3491                           
  3492 ;; *************** function ___ftneg *****************
  3493 ;; Defined at:
  3494 ;;		line 15 in file "C:\Program Files\Microchip\xc8\v1.33\sources\common\ftneg.c"
  3495 ;; Parameters:    Size  Location     Type
  3496 ;;  f1              3   26[COMRAM] float 
  3497 ;; Auto vars:     Size  Location     Type
  3498 ;;		None
  3499 ;; Return value:  Size  Location     Type
  3500 ;;                  3   26[COMRAM] float 
  3501 ;; Registers used:
  3502 ;;		wreg, status,2, status,0
  3503 ;; Tracked objects:
  3504 ;;		On entry : 0/0
  3505 ;;		On exit  : 0/0
  3506 ;;		Unchanged: 0/0
  3507 ;; Data sizes:     COMRAM   BANK0   BANK1
  3508 ;;      Params:         3       0       0
  3509 ;;      Locals:         0       0       0
  3510 ;;      Temps:          0       0       0
  3511 ;;      Totals:         3       0       0
  3512 ;;Total ram usage:        3 bytes
  3513 ;; Hardware stack levels used:    1
  3514 ;; Hardware stack levels required when called:    1
  3515 ;; This function calls:
  3516 ;;		Nothing
  3517 ;; This function is called by:
  3518 ;;		_main
  3519 ;; This function uses a non-reentrant model
  3520 ;;
  3521                           
  3522                           	psect	text22
  3523  000E60                     __ptext22:
  3524                           	opt stack 0
  3525  000E60                     ___ftneg:
  3526                           	opt stack 29
  3527                           
  3528                           ; BSR set to: 0
  3529                           ;incstack = 0
  3530  000E60  0E7F               	movlw	127
  3531  000E62  141D               	andwf	___ftneg@f1+2,w,c
  3532  000E64  101C               	iorwf	___ftneg@f1+1,w,c
  3533  000E66  101B               	iorwf	___ftneg@f1,w,c
  3534  000E68  B4D8               	btfsc	status,2,c
  3535  000E6A  D006               	goto	l576
  3536  000E6C  0E00               	movlw	0
  3537  000E6E  1A1B               	xorwf	___ftneg@f1,f,c
  3538  000E70  0E00               	movlw	0
  3539  000E72  1A1C               	xorwf	___ftneg@f1+1,f,c
  3540  000E74  0E80               	movlw	128
  3541  000E76  1A1D               	xorwf	___ftneg@f1+2,f,c
  3542  000E78                     l576:
  3543  000E78  C01B  F01B         	movff	___ftneg@f1,?___ftneg
  3544  000E7C  C01C  F01C         	movff	___ftneg@f1+1,?___ftneg+1
  3545  000E80  C01D  F01D         	movff	___ftneg@f1+2,?___ftneg+2
  3546  000E84  0012               	return	
  3547  000E86                     __end_of___ftneg:
  3548                           	opt stack 0
  3549                           pclatu	equ	0xFFB
  3550                           pclath	equ	0xFFA
  3551                           tblptru	equ	0xFF8
  3552                           tblptrh	equ	0xFF7
  3553                           tblptrl	equ	0xFF6
  3554                           tablat	equ	0xFF5
  3555                           prodh	equ	0xFF4
  3556                           prodl	equ	0xFF3
  3557                           intcon	equ	0xFF2
  3558                           postinc0	equ	0xFEE
  3559                           fsr0h	equ	0xFEA
  3560                           fsr0l	equ	0xFE9
  3561                           wreg	equ	0xFE8
  3562                           fsr1h	equ	0xFE2
  3563                           fsr1l	equ	0xFE1
  3564                           indf2	equ	0xFDF
  3565                           fsr2h	equ	0xFDA
  3566                           fsr2l	equ	0xFD9
  3567                           status	equ	0xFD8
  3568                           
  3569 ;; *************** function ___ftmul *****************
  3570 ;; Defined at:
  3571 ;;		line 62 in file "C:\Program Files\Microchip\xc8\v1.33\sources\common\ftmul.c"
  3572 ;; Parameters:    Size  Location     Type
  3573 ;;  f1              3   26[COMRAM] float 
  3574 ;;  f2              3   29[COMRAM] float 
  3575 ;; Auto vars:     Size  Location     Type
  3576 ;;  f3_as_produc    3   36[COMRAM] unsigned um
  3577 ;;  sign            1   40[COMRAM] unsigned char 
  3578 ;;  cntr            1   39[COMRAM] unsigned char 
  3579 ;;  exp             1   35[COMRAM] unsigned char 
  3580 ;; Return value:  Size  Location     Type
  3581 ;;                  3   26[COMRAM] float 
  3582 ;; Registers used:
  3583 ;;		wreg, status,2, status,0, cstack
  3584 ;; Tracked objects:
  3585 ;;		On entry : 0/0
  3586 ;;		On exit  : 0/0
  3587 ;;		Unchanged: 0/0
  3588 ;; Data sizes:     COMRAM   BANK0   BANK1
  3589 ;;      Params:         6       0       0
  3590 ;;      Locals:         6       0       0
  3591 ;;      Temps:          3       0       0
  3592 ;;      Totals:        15       0       0
  3593 ;;Total ram usage:       15 bytes
  3594 ;; Hardware stack levels used:    1
  3595 ;; Hardware stack levels required when called:    2
  3596 ;; This function calls:
  3597 ;;		___ftpack
  3598 ;; This function is called by:
  3599 ;;		_main
  3600 ;; This function uses a non-reentrant model
  3601 ;;
  3602                           
  3603                           	psect	text23
  3604  000826                     __ptext23:
  3605                           	opt stack 0
  3606  000826                     ___ftmul:
  3607                           	opt stack 28
  3608                           
  3609                           ;incstack = 0
  3610  000826  C01D  F021         	movff	___ftmul@f1+2,??___ftmul
  3611  00082A  6A22               	clrf	(??___ftmul+1)& (0+255),c
  3612  00082C  6A23               	clrf	(??___ftmul+2)& (0+255),c
  3613  00082E  341C               	rlcf	___ftmul@f1+1,w,c
  3614  000830  3621               	rlcf	??___ftmul& (0+255),f,c
  3615  000832  E301               	bnc	u2011
  3616  000834  8022               	bsf	(??___ftmul+1)& (0+255),0,c
  3617  000836                     u2011:
  3618  000836  5021               	movf	??___ftmul,w,c
  3619  000838  6E24               	movwf	___ftmul@exp,c
  3620  00083A  6624               	tstfsz	___ftmul@exp& (0+255),c
  3621  00083C  D007               	goto	l2253
  3622  00083E  0E00               	movlw	0
  3623  000840  6E1B               	movwf	?___ftmul,c
  3624  000842  0E00               	movlw	0
  3625  000844  6E1C               	movwf	?___ftmul+1,c
  3626  000846  0E00               	movlw	0
  3627  000848  6E1D               	movwf	?___ftmul+2,c
  3628  00084A  0012               	return	
  3629  00084C                     l2253:
  3630  00084C  C020  F021         	movff	___ftmul@f2+2,??___ftmul
  3631  000850  6A22               	clrf	(??___ftmul+1)& (0+255),c
  3632  000852  6A23               	clrf	(??___ftmul+2)& (0+255),c
  3633  000854  341F               	rlcf	___ftmul@f2+1,w,c
  3634  000856  3621               	rlcf	??___ftmul& (0+255),f,c
  3635  000858  E301               	bnc	u2031
  3636  00085A  8022               	bsf	(??___ftmul+1)& (0+255),0,c
  3637  00085C                     u2031:
  3638  00085C  5021               	movf	??___ftmul,w,c
  3639  00085E  6E29               	movwf	___ftmul@sign,c
  3640  000860  6629               	tstfsz	___ftmul@sign& (0+255),c
  3641  000862  D007               	goto	l2259
  3642  000864  0E00               	movlw	0
  3643  000866  6E1B               	movwf	?___ftmul,c
  3644  000868  0E00               	movlw	0
  3645  00086A  6E1C               	movwf	?___ftmul+1,c
  3646  00086C  0E00               	movlw	0
  3647  00086E  6E1D               	movwf	?___ftmul+2,c
  3648  000870  0012               	return	
  3649  000872                     l2259:
  3650  000872  5029               	movf	___ftmul@sign,w,c
  3651  000874  0F7B               	addlw	123
  3652  000876  2624               	addwf	___ftmul@exp,f,c
  3653  000878  C01D  F029         	movff	___ftmul@f1+2,___ftmul@sign
  3654  00087C  5020               	movf	___ftmul@f2+2,w,c
  3655  00087E  1A29               	xorwf	___ftmul@sign,f,c
  3656  000880  0E80               	movlw	128
  3657  000882  1629               	andwf	___ftmul@sign,f,c
  3658  000884  8E1C               	bsf	___ftmul@f1+1,7,c
  3659  000886  8E1F               	bsf	___ftmul@f2+1,7,c
  3660  000888  0EFF               	movlw	255
  3661  00088A  161E               	andwf	___ftmul@f2,f,c
  3662  00088C  0EFF               	movlw	255
  3663  00088E  161F               	andwf	___ftmul@f2+1,f,c
  3664  000890  0E00               	movlw	0
  3665  000892  1620               	andwf	___ftmul@f2+2,f,c
  3666  000894  0E00               	movlw	0
  3667  000896  6E25               	movwf	___ftmul@f3_as_product,c
  3668  000898  0E00               	movlw	0
  3669  00089A  6E26               	movwf	___ftmul@f3_as_product+1,c
  3670  00089C  0E00               	movlw	0
  3671  00089E  6E27               	movwf	___ftmul@f3_as_product+2,c
  3672  0008A0  0E07               	movlw	7
  3673  0008A2  6E28               	movwf	___ftmul@cntr,c
  3674  0008A4                     l2273:
  3675  0008A4  A01B               	btfss	___ftmul@f1,0,c
  3676  0008A6  D006               	goto	l2277
  3677  0008A8  501E               	movf	___ftmul@f2,w,c
  3678  0008AA  2625               	addwf	___ftmul@f3_as_product,f,c
  3679  0008AC  501F               	movf	___ftmul@f2+1,w,c
  3680  0008AE  2226               	addwfc	___ftmul@f3_as_product+1,f,c
  3681  0008B0  5020               	movf	___ftmul@f2+2,w,c
  3682  0008B2  2227               	addwfc	___ftmul@f3_as_product+2,f,c
  3683  0008B4                     l2277:
  3684  0008B4  90D8               	bcf	status,0,c
  3685  0008B6  321D               	rrcf	___ftmul@f1+2,f,c
  3686  0008B8  321C               	rrcf	___ftmul@f1+1,f,c
  3687  0008BA  321B               	rrcf	___ftmul@f1,f,c
  3688  0008BC  90D8               	bcf	status,0,c
  3689  0008BE  361E               	rlcf	___ftmul@f2,f,c
  3690  0008C0  361F               	rlcf	___ftmul@f2+1,f,c
  3691  0008C2  3620               	rlcf	___ftmul@f2+2,f,c
  3692  0008C4  2E28               	decfsz	___ftmul@cntr,f,c
  3693  0008C6  D7EE               	goto	l2273
  3694  0008C8  0E09               	movlw	9
  3695  0008CA  6E28               	movwf	___ftmul@cntr,c
  3696  0008CC                     l2283:
  3697  0008CC  A01B               	btfss	___ftmul@f1,0,c
  3698  0008CE  D006               	goto	l2287
  3699  0008D0  501E               	movf	___ftmul@f2,w,c
  3700  0008D2  2625               	addwf	___ftmul@f3_as_product,f,c
  3701  0008D4  501F               	movf	___ftmul@f2+1,w,c
  3702  0008D6  2226               	addwfc	___ftmul@f3_as_product+1,f,c
  3703  0008D8  5020               	movf	___ftmul@f2+2,w,c
  3704  0008DA  2227               	addwfc	___ftmul@f3_as_product+2,f,c
  3705  0008DC                     l2287:
  3706  0008DC  90D8               	bcf	status,0,c
  3707  0008DE  321D               	rrcf	___ftmul@f1+2,f,c
  3708  0008E0  321C               	rrcf	___ftmul@f1+1,f,c
  3709  0008E2  321B               	rrcf	___ftmul@f1,f,c
  3710  0008E4  90D8               	bcf	status,0,c
  3711  0008E6  3227               	rrcf	___ftmul@f3_as_product+2,f,c
  3712  0008E8  3226               	rrcf	___ftmul@f3_as_product+1,f,c
  3713  0008EA  3225               	rrcf	___ftmul@f3_as_product,f,c
  3714  0008EC  2E28               	decfsz	___ftmul@cntr,f,c
  3715  0008EE  D7EE               	goto	l2283
  3716  0008F0  C025  F00F         	movff	___ftmul@f3_as_product,___ftpack@arg
  3717  0008F4  C026  F010         	movff	___ftmul@f3_as_product+1,___ftpack@arg+1
  3718  0008F8  C027  F011         	movff	___ftmul@f3_as_product+2,___ftpack@arg+2
  3719  0008FC  C024  F012         	movff	___ftmul@exp,___ftpack@exp
  3720  000900  C029  F013         	movff	___ftmul@sign,___ftpack@sign
  3721  000904  EC8B  F004         	call	___ftpack	;wreg free
  3722  000908  C00F  F01B         	movff	?___ftpack,?___ftmul
  3723  00090C  C010  F01C         	movff	?___ftpack+1,?___ftmul+1
  3724  000910  C011  F01D         	movff	?___ftpack+2,?___ftmul+2
  3725  000914  0012               	return	
  3726  000916                     __end_of___ftmul:
  3727                           	opt stack 0
  3728                           pclatu	equ	0xFFB
  3729                           pclath	equ	0xFFA
  3730                           tblptru	equ	0xFF8
  3731                           tblptrh	equ	0xFF7
  3732                           tblptrl	equ	0xFF6
  3733                           tablat	equ	0xFF5
  3734                           prodh	equ	0xFF4
  3735                           prodl	equ	0xFF3
  3736                           intcon	equ	0xFF2
  3737                           postinc0	equ	0xFEE
  3738                           fsr0h	equ	0xFEA
  3739                           fsr0l	equ	0xFE9
  3740                           wreg	equ	0xFE8
  3741                           fsr1h	equ	0xFE2
  3742                           fsr1l	equ	0xFE1
  3743                           indf2	equ	0xFDF
  3744                           fsr2h	equ	0xFDA
  3745                           fsr2l	equ	0xFD9
  3746                           status	equ	0xFD8
  3747                           
  3748 ;; *************** function ___ftadd *****************
  3749 ;; Defined at:
  3750 ;;		line 86 in file "C:\Program Files\Microchip\xc8\v1.33\sources\common\ftadd.c"
  3751 ;; Parameters:    Size  Location     Type
  3752 ;;  f1              3   41[COMRAM] float 
  3753 ;;  f2              3   44[COMRAM] float 
  3754 ;; Auto vars:     Size  Location     Type
  3755 ;;  exp1            1    5[BANK0 ] unsigned char 
  3756 ;;  exp2            1    4[BANK0 ] unsigned char 
  3757 ;;  sign            1    3[BANK0 ] unsigned char 
  3758 ;; Return value:  Size  Location     Type
  3759 ;;                  3   41[COMRAM] float 
  3760 ;; Registers used:
  3761 ;;		wreg, status,2, status,0, cstack
  3762 ;; Tracked objects:
  3763 ;;		On entry : 0/0
  3764 ;;		On exit  : 0/0
  3765 ;;		Unchanged: 0/0
  3766 ;; Data sizes:     COMRAM   BANK0   BANK1
  3767 ;;      Params:         6       0       0
  3768 ;;      Locals:         0       3       0
  3769 ;;      Temps:          0       3       0
  3770 ;;      Totals:         6       6       0
  3771 ;;Total ram usage:       12 bytes
  3772 ;; Hardware stack levels used:    1
  3773 ;; Hardware stack levels required when called:    2
  3774 ;; This function calls:
  3775 ;;		___ftpack
  3776 ;; This function is called by:
  3777 ;;		_main
  3778 ;; This function uses a non-reentrant model
  3779 ;;
  3780                           
  3781                           	psect	text24
  3782  0003BC                     __ptext24:
  3783                           	opt stack 0
  3784  0003BC                     ___ftadd:
  3785                           	opt stack 28
  3786                           
  3787                           ;incstack = 0
  3788  0003BC  C02C  F060         	movff	___ftadd@f1+2,??___ftadd
  3789  0003C0  0100               	movlb	0	; () banked
  3790  0003C2  6B61               	clrf	(??___ftadd+1)& (0+255),b
  3791  0003C4  6B62               	clrf	(??___ftadd+2)& (0+255),b
  3792  0003C6  0100               	movlb	0	; () banked
  3793  0003C8  342B               	rlcf	___ftadd@f1+1,w,c
  3794  0003CA  0100               	movlb	0	; () banked
  3795  0003CC  3760               	rlcf	??___ftadd& (0+255),f,b
  3796  0003CE  E301               	bnc	u1801
  3797  0003D0  8161               	bsf	(??___ftadd+1)& (0+255),0,b
  3798  0003D2                     u1801:
  3799  0003D2  0100               	movlb	0	; () banked
  3800  0003D4  5160               	movf	??___ftadd& (0+255),w,b
  3801  0003D6  0100               	movlb	0	; () banked
  3802  0003D8  6F65               	movwf	___ftadd@exp1& (0+255),b
  3803  0003DA  C02F  F060         	movff	___ftadd@f2+2,??___ftadd
  3804  0003DE  0100               	movlb	0	; () banked
  3805  0003E0  6B61               	clrf	(??___ftadd+1)& (0+255),b
  3806  0003E2  6B62               	clrf	(??___ftadd+2)& (0+255),b
  3807  0003E4  0100               	movlb	0	; () banked
  3808  0003E6  342E               	rlcf	___ftadd@f2+1,w,c
  3809  0003E8  0100               	movlb	0	; () banked
  3810  0003EA  3760               	rlcf	??___ftadd& (0+255),f,b
  3811  0003EC  E301               	bnc	u1811
  3812  0003EE  8161               	bsf	(??___ftadd+1)& (0+255),0,b
  3813  0003F0                     u1811:
  3814  0003F0  0100               	movlb	0	; () banked
  3815  0003F2  5160               	movf	??___ftadd& (0+255),w,b
  3816  0003F4  0100               	movlb	0	; () banked
  3817  0003F6  6F64               	movwf	___ftadd@exp2& (0+255),b
  3818                           
  3819                           ; BSR set to: 0
  3820  0003F8  0100               	movlb	0	; () banked
  3821  0003FA  5165               	movf	___ftadd@exp1& (0+255),w,b
  3822  0003FC  B4D8               	btfsc	status,2,c
  3823  0003FE  D012               	goto	l519
  3824                           
  3825                           ; BSR set to: 0
  3826  000400  0100               	movlb	0	; () banked
  3827  000402  5164               	movf	___ftadd@exp2& (0+255),w,b
  3828  000404  0100               	movlb	0	; () banked
  3829  000406  5D65               	subwf	___ftadd@exp1& (0+255),w,b
  3830  000408  B0D8               	btfsc	status,0,c
  3831  00040A  D013               	goto	l2185
  3832                           
  3833                           ; BSR set to: 0
  3834  00040C  0100               	movlb	0	; () banked
  3835  00040E  5165               	movf	___ftadd@exp1& (0+255),w,b
  3836  000410  0800               	sublw	0
  3837  000412  0100               	movlb	0	; () banked
  3838  000414  2564               	addwf	___ftadd@exp2& (0+255),w,b
  3839  000416  0100               	movlb	0	; () banked
  3840  000418  6F60               	movwf	??___ftadd& (0+255),b
  3841  00041A  0E19               	movlw	25
  3842  00041C  0100               	movlb	0	; () banked
  3843  00041E  5D60               	subwf	??___ftadd& (0+255),w,b
  3844  000420  A0D8               	btfss	status,0,c
  3845  000422  D007               	goto	l2185
  3846  000424                     l519:
  3847                           
  3848                           ; BSR set to: 0
  3849  000424  C02D  F02A         	movff	___ftadd@f2,?___ftadd
  3850  000428  C02E  F02B         	movff	___ftadd@f2+1,?___ftadd+1
  3851  00042C  C02F  F02C         	movff	___ftadd@f2+2,?___ftadd+2
  3852  000430  0012               	return	
  3853  000432                     l2185:
  3854                           
  3855                           ; BSR set to: 0
  3856  000432  0100               	movlb	0	; () banked
  3857  000434  5164               	movf	___ftadd@exp2& (0+255),w,b
  3858  000436  B4D8               	btfsc	status,2,c
  3859  000438  D012               	goto	l523
  3860                           
  3861                           ; BSR set to: 0
  3862  00043A  0100               	movlb	0	; () banked
  3863  00043C  5165               	movf	___ftadd@exp1& (0+255),w,b
  3864  00043E  0100               	movlb	0	; () banked
  3865  000440  5D64               	subwf	___ftadd@exp2& (0+255),w,b
  3866  000442  B0D8               	btfsc	status,0,c
  3867  000444  D013               	goto	l2191
  3868                           
  3869                           ; BSR set to: 0
  3870  000446  0100               	movlb	0	; () banked
  3871  000448  5164               	movf	___ftadd@exp2& (0+255),w,b
  3872  00044A  0800               	sublw	0
  3873  00044C  0100               	movlb	0	; () banked
  3874  00044E  2565               	addwf	___ftadd@exp1& (0+255),w,b
  3875  000450  0100               	movlb	0	; () banked
  3876  000452  6F60               	movwf	??___ftadd& (0+255),b
  3877  000454  0E19               	movlw	25
  3878  000456  0100               	movlb	0	; () banked
  3879  000458  5D60               	subwf	??___ftadd& (0+255),w,b
  3880  00045A  A0D8               	btfss	status,0,c
  3881  00045C  D007               	goto	l2191
  3882  00045E                     l523:
  3883                           
  3884                           ; BSR set to: 0
  3885  00045E  C02A  F02A         	movff	___ftadd@f1,?___ftadd
  3886  000462  C02B  F02B         	movff	___ftadd@f1+1,?___ftadd+1
  3887  000466  C02C  F02C         	movff	___ftadd@f1+2,?___ftadd+2
  3888  00046A  0012               	return	
  3889  00046C                     l2191:
  3890                           
  3891                           ; BSR set to: 0
  3892  00046C  0E06               	movlw	6
  3893  00046E  0100               	movlb	0	; () banked
  3894  000470  6F63               	movwf	___ftadd@sign& (0+255),b
  3895                           
  3896                           ; BSR set to: 0
  3897  000472  AE2C               	btfss	___ftadd@f1+2,7,c
  3898  000474  D002               	goto	l2197
  3899                           
  3900                           ; BSR set to: 0
  3901  000476  0100               	movlb	0	; () banked
  3902  000478  8F63               	bsf	___ftadd@sign& (0+255),7,b
  3903  00047A                     l2197:
  3904                           
  3905                           ; BSR set to: 0
  3906  00047A  AE2F               	btfss	___ftadd@f2+2,7,c
  3907  00047C  D002               	goto	l525
  3908                           
  3909                           ; BSR set to: 0
  3910  00047E  0100               	movlb	0	; () banked
  3911  000480  8D63               	bsf	___ftadd@sign& (0+255),6,b
  3912  000482                     l525:
  3913                           
  3914                           ; BSR set to: 0
  3915  000482  8E2B               	bsf	___ftadd@f1+1,7,c
  3916                           
  3917                           ; BSR set to: 0
  3918  000484  0EFF               	movlw	255
  3919  000486  162A               	andwf	___ftadd@f1,f,c
  3920  000488  0EFF               	movlw	255
  3921  00048A  162B               	andwf	___ftadd@f1+1,f,c
  3922  00048C  0E00               	movlw	0
  3923  00048E  162C               	andwf	___ftadd@f1+2,f,c
  3924  000490  8E2E               	bsf	___ftadd@f2+1,7,c
  3925                           
  3926                           ; BSR set to: 0
  3927  000492  0EFF               	movlw	255
  3928  000494  162D               	andwf	___ftadd@f2,f,c
  3929  000496  0EFF               	movlw	255
  3930  000498  162E               	andwf	___ftadd@f2+1,f,c
  3931  00049A  0E00               	movlw	0
  3932  00049C  162F               	andwf	___ftadd@f2+2,f,c
  3933                           
  3934                           ; BSR set to: 0
  3935  00049E  0100               	movlb	0	; () banked
  3936  0004A0  5164               	movf	___ftadd@exp2& (0+255),w,b
  3937  0004A2  0100               	movlb	0	; () banked
  3938  0004A4  5D65               	subwf	___ftadd@exp1& (0+255),w,b
  3939  0004A6  B0D8               	btfsc	status,0,c
  3940  0004A8  D022               	goto	l2217
  3941  0004AA                     l2207:
  3942                           
  3943                           ; BSR set to: 0
  3944  0004AA  90D8               	bcf	status,0,c
  3945  0004AC  362D               	rlcf	___ftadd@f2,f,c
  3946  0004AE  362E               	rlcf	___ftadd@f2+1,f,c
  3947  0004B0  362F               	rlcf	___ftadd@f2+2,f,c
  3948  0004B2  0100               	movlb	0	; () banked
  3949  0004B4  0764               	decf	___ftadd@exp2& (0+255),f,b
  3950                           
  3951                           ; BSR set to: 0
  3952  0004B6  0100               	movlb	0	; () banked
  3953  0004B8  5164               	movf	___ftadd@exp2& (0+255),w,b
  3954  0004BA  0100               	movlb	0	; () banked
  3955  0004BC  1965               	xorwf	___ftadd@exp1& (0+255),w,b
  3956  0004BE  B4D8               	btfsc	status,2,c
  3957  0004C0  D010               	goto	l2215
  3958                           
  3959                           ; BSR set to: 0
  3960  0004C2  0100               	movlb	0	; () banked
  3961  0004C4  0763               	decf	___ftadd@sign& (0+255),f,b
  3962  0004C6  C063  F060         	movff	___ftadd@sign,??___ftadd
  3963  0004CA  0E07               	movlw	7
  3964  0004CC  0100               	movlb	0	; () banked
  3965  0004CE  1760               	andwf	??___ftadd& (0+255),f,b
  3966  0004D0  B4D8               	btfsc	status,2,c
  3967  0004D2  D007               	goto	l2215
  3968  0004D4  D7EA               	goto	l2207
  3969  0004D6                     l2213:
  3970                           
  3971                           ; BSR set to: 0
  3972  0004D6  90D8               	bcf	status,0,c
  3973  0004D8  322C               	rrcf	___ftadd@f1+2,f,c
  3974  0004DA  322B               	rrcf	___ftadd@f1+1,f,c
  3975  0004DC  322A               	rrcf	___ftadd@f1,f,c
  3976  0004DE  0100               	movlb	0	; () banked
  3977  0004E0  2B65               	incf	___ftadd@exp1& (0+255),f,b
  3978  0004E2                     l2215:
  3979                           
  3980                           ; BSR set to: 0
  3981  0004E2  0100               	movlb	0	; () banked
  3982  0004E4  5164               	movf	___ftadd@exp2& (0+255),w,b
  3983  0004E6  0100               	movlb	0	; () banked
  3984  0004E8  6365               	cpfseq	___ftadd@exp1& (0+255),b
  3985  0004EA  D7F5               	goto	l2213
  3986  0004EC  D027               	goto	l534
  3987  0004EE                     l2217:
  3988                           
  3989                           ; BSR set to: 0
  3990  0004EE  0100               	movlb	0	; () banked
  3991  0004F0  5165               	movf	___ftadd@exp1& (0+255),w,b
  3992  0004F2  0100               	movlb	0	; () banked
  3993  0004F4  5D64               	subwf	___ftadd@exp2& (0+255),w,b
  3994  0004F6  B0D8               	btfsc	status,0,c
  3995  0004F8  D021               	goto	l534
  3996  0004FA                     l2219:
  3997                           
  3998                           ; BSR set to: 0
  3999  0004FA  90D8               	bcf	status,0,c
  4000  0004FC  362A               	rlcf	___ftadd@f1,f,c
  4001  0004FE  362B               	rlcf	___ftadd@f1+1,f,c
  4002  000500  362C               	rlcf	___ftadd@f1+2,f,c
  4003  000502  0100               	movlb	0	; () banked
  4004  000504  0765               	decf	___ftadd@exp1& (0+255),f,b
  4005                           
  4006                           ; BSR set to: 0
  4007  000506  0100               	movlb	0	; () banked
  4008  000508  5164               	movf	___ftadd@exp2& (0+255),w,b
  4009  00050A  0100               	movlb	0	; () banked
  4010  00050C  1965               	xorwf	___ftadd@exp1& (0+255),w,b
  4011  00050E  B4D8               	btfsc	status,2,c
  4012  000510  D010               	goto	l2227
  4013                           
  4014                           ; BSR set to: 0
  4015  000512  0100               	movlb	0	; () banked
  4016  000514  0763               	decf	___ftadd@sign& (0+255),f,b
  4017  000516  C063  F060         	movff	___ftadd@sign,??___ftadd
  4018  00051A  0E07               	movlw	7
  4019  00051C  0100               	movlb	0	; () banked
  4020  00051E  1760               	andwf	??___ftadd& (0+255),f,b
  4021  000520  B4D8               	btfsc	status,2,c
  4022  000522  D007               	goto	l2227
  4023  000524  D7EA               	goto	l2219
  4024  000526                     l2225:
  4025                           
  4026                           ; BSR set to: 0
  4027  000526  90D8               	bcf	status,0,c
  4028  000528  322F               	rrcf	___ftadd@f2+2,f,c
  4029  00052A  322E               	rrcf	___ftadd@f2+1,f,c
  4030  00052C  322D               	rrcf	___ftadd@f2,f,c
  4031  00052E  0100               	movlb	0	; () banked
  4032  000530  2B64               	incf	___ftadd@exp2& (0+255),f,b
  4033  000532                     l2227:
  4034                           
  4035                           ; BSR set to: 0
  4036  000532  0100               	movlb	0	; () banked
  4037  000534  5164               	movf	___ftadd@exp2& (0+255),w,b
  4038  000536  0100               	movlb	0	; () banked
  4039  000538  6365               	cpfseq	___ftadd@exp1& (0+255),b
  4040  00053A  D7F5               	goto	l2225
  4041  00053C                     l534:
  4042                           
  4043                           ; BSR set to: 0
  4044  00053C  0100               	movlb	0	; () banked
  4045  00053E  AF63               	btfss	___ftadd@sign& (0+255),7,b
  4046  000540  D00C               	goto	l543
  4047                           
  4048                           ; BSR set to: 0
  4049  000542  0EFF               	movlw	255
  4050  000544  1A2A               	xorwf	___ftadd@f1,f,c
  4051  000546  0EFF               	movlw	255
  4052  000548  1A2B               	xorwf	___ftadd@f1+1,f,c
  4053  00054A  0EFF               	movlw	255
  4054  00054C  1A2C               	xorwf	___ftadd@f1+2,f,c
  4055  00054E  0E01               	movlw	1
  4056  000550  262A               	addwf	___ftadd@f1,f,c
  4057  000552  0E00               	movlw	0
  4058  000554  222B               	addwfc	___ftadd@f1+1,f,c
  4059  000556  0E00               	movlw	0
  4060  000558  222C               	addwfc	___ftadd@f1+2,f,c
  4061  00055A                     l543:
  4062                           
  4063                           ; BSR set to: 0
  4064  00055A  0100               	movlb	0	; () banked
  4065  00055C  AD63               	btfss	___ftadd@sign& (0+255),6,b
  4066  00055E  D00C               	goto	l2233
  4067                           
  4068                           ; BSR set to: 0
  4069  000560  0EFF               	movlw	255
  4070  000562  1A2D               	xorwf	___ftadd@f2,f,c
  4071  000564  0EFF               	movlw	255
  4072  000566  1A2E               	xorwf	___ftadd@f2+1,f,c
  4073  000568  0EFF               	movlw	255
  4074  00056A  1A2F               	xorwf	___ftadd@f2+2,f,c
  4075  00056C  0E01               	movlw	1
  4076  00056E  262D               	addwf	___ftadd@f2,f,c
  4077  000570  0E00               	movlw	0
  4078  000572  222E               	addwfc	___ftadd@f2+1,f,c
  4079  000574  0E00               	movlw	0
  4080  000576  222F               	addwfc	___ftadd@f2+2,f,c
  4081  000578                     l2233:
  4082                           
  4083                           ; BSR set to: 0
  4084  000578  0E00               	movlw	0
  4085  00057A  0100               	movlb	0	; () banked
  4086  00057C  6F63               	movwf	___ftadd@sign& (0+255),b
  4087                           
  4088                           ; BSR set to: 0
  4089  00057E  502A               	movf	___ftadd@f1,w,c
  4090  000580  262D               	addwf	___ftadd@f2,f,c
  4091  000582  502B               	movf	___ftadd@f1+1,w,c
  4092  000584  222E               	addwfc	___ftadd@f2+1,f,c
  4093  000586  502C               	movf	___ftadd@f1+2,w,c
  4094  000588  222F               	addwfc	___ftadd@f2+2,f,c
  4095                           
  4096                           ; BSR set to: 0
  4097  00058A  AE2F               	btfss	___ftadd@f2+2,7,c
  4098  00058C  D00F               	goto	l2243
  4099                           
  4100                           ; BSR set to: 0
  4101  00058E  0EFF               	movlw	255
  4102  000590  1A2D               	xorwf	___ftadd@f2,f,c
  4103  000592  0EFF               	movlw	255
  4104  000594  1A2E               	xorwf	___ftadd@f2+1,f,c
  4105  000596  0EFF               	movlw	255
  4106  000598  1A2F               	xorwf	___ftadd@f2+2,f,c
  4107  00059A  0E01               	movlw	1
  4108  00059C  262D               	addwf	___ftadd@f2,f,c
  4109  00059E  0E00               	movlw	0
  4110  0005A0  222E               	addwfc	___ftadd@f2+1,f,c
  4111  0005A2  0E00               	movlw	0
  4112  0005A4  222F               	addwfc	___ftadd@f2+2,f,c
  4113                           
  4114                           ; BSR set to: 0
  4115  0005A6  0E01               	movlw	1
  4116  0005A8  0100               	movlb	0	; () banked
  4117  0005AA  6F63               	movwf	___ftadd@sign& (0+255),b
  4118  0005AC                     l2243:
  4119                           
  4120                           ; BSR set to: 0
  4121  0005AC  C02D  F00F         	movff	___ftadd@f2,___ftpack@arg
  4122  0005B0  C02E  F010         	movff	___ftadd@f2+1,___ftpack@arg+1
  4123  0005B4  C02F  F011         	movff	___ftadd@f2+2,___ftpack@arg+2
  4124  0005B8  C065  F012         	movff	___ftadd@exp1,___ftpack@exp
  4125  0005BC  C063  F013         	movff	___ftadd@sign,___ftpack@sign
  4126  0005C0  EC8B  F004         	call	___ftpack	;wreg free
  4127  0005C4  C00F  F02A         	movff	?___ftpack,?___ftadd
  4128  0005C8  C010  F02B         	movff	?___ftpack+1,?___ftadd+1
  4129  0005CC  C011  F02C         	movff	?___ftpack+2,?___ftadd+2
  4130  0005D0  0012               	return	
  4131  0005D2                     __end_of___ftadd:
  4132                           	opt stack 0
  4133                           pclatu	equ	0xFFB
  4134                           pclath	equ	0xFFA
  4135                           tblptru	equ	0xFF8
  4136                           tblptrh	equ	0xFF7
  4137                           tblptrl	equ	0xFF6
  4138                           tablat	equ	0xFF5
  4139                           prodh	equ	0xFF4
  4140                           prodl	equ	0xFF3
  4141                           intcon	equ	0xFF2
  4142                           postinc0	equ	0xFEE
  4143                           fsr0h	equ	0xFEA
  4144                           fsr0l	equ	0xFE9
  4145                           wreg	equ	0xFE8
  4146                           fsr1h	equ	0xFE2
  4147                           fsr1l	equ	0xFE1
  4148                           indf2	equ	0xFDF
  4149                           fsr2h	equ	0xFDA
  4150                           fsr2l	equ	0xFD9
  4151                           status	equ	0xFD8
  4152                           
  4153 ;; *************** function ___delay_10ms *****************
  4154 ;; Defined at:
  4155 ;;		line 115 in file "main.c"
  4156 ;; Parameters:    Size  Location     Type
  4157 ;;  n               1    wreg     unsigned char 
  4158 ;; Auto vars:     Size  Location     Type
  4159 ;;  n               1   15[COMRAM] unsigned char 
  4160 ;; Return value:  Size  Location     Type
  4161 ;;		None               void
  4162 ;; Registers used:
  4163 ;;		wreg, status,2, status,0, cstack
  4164 ;; Tracked objects:
  4165 ;;		On entry : 0/0
  4166 ;;		On exit  : 0/0
  4167 ;;		Unchanged: 0/0
  4168 ;; Data sizes:     COMRAM   BANK0   BANK1
  4169 ;;      Params:         0       0       0
  4170 ;;      Locals:         1       0       0
  4171 ;;      Temps:          1       0       0
  4172 ;;      Totals:         2       0       0
  4173 ;;Total ram usage:        2 bytes
  4174 ;; Hardware stack levels used:    1
  4175 ;; Hardware stack levels required when called:    1
  4176 ;; This function calls:
  4177 ;;		Nothing
  4178 ;; This function is called by:
  4179 ;;		_main
  4180 ;; This function uses a non-reentrant model
  4181 ;;
  4182                           
  4183                           	psect	text25
  4184  000F0E                     __ptext25:
  4185                           	opt stack 0
  4186  000F0E                     ___delay_10ms:
  4187                           	opt stack 29
  4188                           
  4189                           ;incstack = 0
  4190                           ;___delay_10ms@n stored from wreg
  4191  000F0E  6E10               	movwf	___delay_10ms@n,c
  4192                           
  4193                           ;main.c: 117: while (n-- != 0) {
  4194  000F10  D007               	goto	l1673
  4195  000F12                     l1671:
  4196                           
  4197                           ;main.c: 118: _delay((unsigned long)((10)*(16000000/4000.0)));
  4198  000F12  0E34               	movlw	52
  4199  000F14  6E0F               	movwf	??___delay_10ms& (0+255),c
  4200  000F16  0EF2               	movlw	242
  4201  000F18                     u2407:
  4202  000F18  2EE8               	decfsz	wreg,f,c
  4203  000F1A  D7FE               	goto	u2407
  4204  000F1C  2E0F               	decfsz	??___delay_10ms& (0+255),f,c
  4205  000F1E  D7FC               	goto	u2407
  4206  000F20                     l1673:
  4207  000F20  0610               	decf	___delay_10ms@n,f,c
  4208  000F22  2810               	incf	___delay_10ms@n& (0+255),w,c
  4209  000F24  B4D8               	btfsc	status,2,c
  4210  000F26  0012               	return	
  4211  000F28  D7F4               	goto	l1671
  4212  000F2A                     __end_of___delay_10ms:
  4213                           	opt stack 0
  4214                           pclatu	equ	0xFFB
  4215                           pclath	equ	0xFFA
  4216                           tblptru	equ	0xFF8
  4217                           tblptrh	equ	0xFF7
  4218                           tblptrl	equ	0xFF6
  4219                           tablat	equ	0xFF5
  4220                           prodh	equ	0xFF4
  4221                           prodl	equ	0xFF3
  4222                           intcon	equ	0xFF2
  4223                           postinc0	equ	0xFEE
  4224                           fsr0h	equ	0xFEA
  4225                           fsr0l	equ	0xFE9
  4226                           wreg	equ	0xFE8
  4227                           fsr1h	equ	0xFE2
  4228                           fsr1l	equ	0xFE1
  4229                           indf2	equ	0xFDF
  4230                           fsr2h	equ	0xFDA
  4231                           fsr2l	equ	0xFD9
  4232                           status	equ	0xFD8
  4233                           
  4234 ;; *************** function ___awtoft *****************
  4235 ;; Defined at:
  4236 ;;		line 32 in file "C:\Program Files\Microchip\xc8\v1.33\sources\common\awtoft.c"
  4237 ;; Parameters:    Size  Location     Type
  4238 ;;  c               2   22[COMRAM] int 
  4239 ;; Auto vars:     Size  Location     Type
  4240 ;;  sign            1   25[COMRAM] unsigned char 
  4241 ;; Return value:  Size  Location     Type
  4242 ;;                  3   22[COMRAM] float 
  4243 ;; Registers used:
  4244 ;;		wreg, status,2, status,0, prodl, cstack
  4245 ;; Tracked objects:
  4246 ;;		On entry : 0/0
  4247 ;;		On exit  : 0/0
  4248 ;;		Unchanged: 0/0
  4249 ;; Data sizes:     COMRAM   BANK0   BANK1
  4250 ;;      Params:         3       0       0
  4251 ;;      Locals:         1       0       0
  4252 ;;      Temps:          0       0       0
  4253 ;;      Totals:         4       0       0
  4254 ;;Total ram usage:        4 bytes
  4255 ;; Hardware stack levels used:    1
  4256 ;; Hardware stack levels required when called:    2
  4257 ;; This function calls:
  4258 ;;		___ftpack
  4259 ;; This function is called by:
  4260 ;;		_main
  4261 ;; This function uses a non-reentrant model
  4262 ;;
  4263                           
  4264                           	psect	text26
  4265  000C78                     __ptext26:
  4266                           	opt stack 0
  4267  000C78                     ___awtoft:
  4268                           	opt stack 28
  4269                           
  4270                           ;incstack = 0
  4271  000C78  0E00               	movlw	0
  4272  000C7A  6E1A               	movwf	___awtoft@sign,c
  4273  000C7C  5018               	movf	___awtoft@c+1,w,c
  4274  000C7E  0A80               	xorlw	128
  4275  000C80  6EF3               	movwf	prodl,c
  4276  000C82  0E80               	movlw	128
  4277  000C84  5CF3               	subwf	prodl,w,c
  4278  000C86  0E00               	movlw	0
  4279  000C88  B4D8               	btfsc	status,2,c
  4280  000C8A  5C17               	subwf	___awtoft@c,w,c
  4281  000C8C  B0D8               	btfsc	status,0,c
  4282  000C8E  D006               	goto	l2303
  4283  000C90  6C17               	negf	___awtoft@c,c
  4284  000C92  1E18               	comf	___awtoft@c+1,f,c
  4285  000C94  B0D8               	btfsc	status,0,c
  4286  000C96  2A18               	incf	___awtoft@c+1,f,c
  4287  000C98  0E01               	movlw	1
  4288  000C9A  6E1A               	movwf	___awtoft@sign,c
  4289  000C9C                     l2303:
  4290  000C9C  C017  F00F         	movff	___awtoft@c,___ftpack@arg
  4291  000CA0  C018  F010         	movff	___awtoft@c+1,___ftpack@arg+1
  4292  000CA4  6A11               	clrf	___ftpack@arg+2,c
  4293  000CA6  0E8E               	movlw	142
  4294  000CA8  6E12               	movwf	___ftpack@exp,c
  4295  000CAA  C01A  F013         	movff	___awtoft@sign,___ftpack@sign
  4296  000CAE  EC8B  F004         	call	___ftpack	;wreg free
  4297  000CB2  C00F  F017         	movff	?___ftpack,?___awtoft
  4298  000CB6  C010  F018         	movff	?___ftpack+1,?___awtoft+1
  4299  000CBA  C011  F019         	movff	?___ftpack+2,?___awtoft+2
  4300  000CBE  0012               	return	
  4301  000CC0                     __end_of___awtoft:
  4302                           	opt stack 0
  4303                           pclatu	equ	0xFFB
  4304                           pclath	equ	0xFFA
  4305                           tblptru	equ	0xFF8
  4306                           tblptrh	equ	0xFF7
  4307                           tblptrl	equ	0xFF6
  4308                           tablat	equ	0xFF5
  4309                           prodh	equ	0xFF4
  4310                           prodl	equ	0xFF3
  4311                           intcon	equ	0xFF2
  4312                           postinc0	equ	0xFEE
  4313                           fsr0h	equ	0xFEA
  4314                           fsr0l	equ	0xFE9
  4315                           wreg	equ	0xFE8
  4316                           fsr1h	equ	0xFE2
  4317                           fsr1l	equ	0xFE1
  4318                           indf2	equ	0xFDF
  4319                           fsr2h	equ	0xFDA
  4320                           fsr2l	equ	0xFD9
  4321                           status	equ	0xFD8
  4322                           
  4323 ;; *************** function ___ftpack *****************
  4324 ;; Defined at:
  4325 ;;		line 62 in file "C:\Program Files\Microchip\xc8\v1.33\sources\common\float.c"
  4326 ;; Parameters:    Size  Location     Type
  4327 ;;  arg             3   14[COMRAM] unsigned um
  4328 ;;  exp             1   17[COMRAM] unsigned char 
  4329 ;;  sign            1   18[COMRAM] unsigned char 
  4330 ;; Auto vars:     Size  Location     Type
  4331 ;;		None
  4332 ;; Return value:  Size  Location     Type
  4333 ;;                  3   14[COMRAM] float 
  4334 ;; Registers used:
  4335 ;;		wreg, status,2, status,0
  4336 ;; Tracked objects:
  4337 ;;		On entry : 0/0
  4338 ;;		On exit  : 0/0
  4339 ;;		Unchanged: 0/0
  4340 ;; Data sizes:     COMRAM   BANK0   BANK1
  4341 ;;      Params:         5       0       0
  4342 ;;      Locals:         0       0       0
  4343 ;;      Temps:          3       0       0
  4344 ;;      Totals:         8       0       0
  4345 ;;Total ram usage:        8 bytes
  4346 ;; Hardware stack levels used:    1
  4347 ;; Hardware stack levels required when called:    1
  4348 ;; This function calls:
  4349 ;;		Nothing
  4350 ;; This function is called by:
  4351 ;;		___awtoft
  4352 ;;		___ftadd
  4353 ;;		___ftmul
  4354 ;; This function uses a non-reentrant model
  4355 ;;
  4356                           
  4357                           	psect	text27
  4358  000916                     __ptext27:
  4359                           	opt stack 0
  4360  000916                     ___ftpack:
  4361                           	opt stack 28
  4362                           
  4363                           ;incstack = 0
  4364  000916  5012               	movf	___ftpack@exp,w,c
  4365  000918  B4D8               	btfsc	status,2,c
  4366  00091A  D005               	goto	l2135
  4367  00091C  500F               	movf	___ftpack@arg,w,c
  4368  00091E  1010               	iorwf	___ftpack@arg+1,w,c
  4369  000920  1011               	iorwf	___ftpack@arg+2,w,c
  4370  000922  A4D8               	btfss	status,2,c
  4371  000924  D00C               	goto	l2141
  4372  000926                     l2135:
  4373  000926  0E00               	movlw	0
  4374  000928  6E0F               	movwf	?___ftpack,c
  4375  00092A  0E00               	movlw	0
  4376  00092C  6E10               	movwf	?___ftpack+1,c
  4377  00092E  0E00               	movlw	0
  4378  000930  6E11               	movwf	?___ftpack+2,c
  4379  000932  0012               	return	
  4380  000934                     l2139:
  4381  000934  2A12               	incf	___ftpack@exp,f,c
  4382  000936  90D8               	bcf	status,0,c
  4383  000938  3211               	rrcf	___ftpack@arg+2,f,c
  4384  00093A  3210               	rrcf	___ftpack@arg+1,f,c
  4385  00093C  320F               	rrcf	___ftpack@arg,f,c
  4386  00093E                     l2141:
  4387  00093E  0E00               	movlw	0
  4388  000940  140F               	andwf	___ftpack@arg,w,c
  4389  000942  6E14               	movwf	??___ftpack& (0+255),c
  4390  000944  0E00               	movlw	0
  4391  000946  1410               	andwf	___ftpack@arg+1,w,c
  4392  000948  6E15               	movwf	(??___ftpack+1)& (0+255),c
  4393  00094A  0EFE               	movlw	254
  4394  00094C  1411               	andwf	___ftpack@arg+2,w,c
  4395  00094E  6E16               	movwf	(??___ftpack+2)& (0+255),c
  4396  000950  5014               	movf	??___ftpack,w,c
  4397  000952  1015               	iorwf	??___ftpack+1,w,c
  4398  000954  1016               	iorwf	??___ftpack+2,w,c
  4399  000956  B4D8               	btfsc	status,2,c
  4400  000958  D00C               	goto	l2147
  4401  00095A  D7EC               	goto	l2139
  4402  00095C                     l2143:
  4403  00095C  2A12               	incf	___ftpack@exp,f,c
  4404  00095E  0E01               	movlw	1
  4405  000960  260F               	addwf	___ftpack@arg,f,c
  4406  000962  0E00               	movlw	0
  4407  000964  2210               	addwfc	___ftpack@arg+1,f,c
  4408  000966  0E00               	movlw	0
  4409  000968  2211               	addwfc	___ftpack@arg+2,f,c
  4410  00096A  90D8               	bcf	status,0,c
  4411  00096C  3211               	rrcf	___ftpack@arg+2,f,c
  4412  00096E  3210               	rrcf	___ftpack@arg+1,f,c
  4413  000970  320F               	rrcf	___ftpack@arg,f,c
  4414  000972                     l2147:
  4415  000972  0E00               	movlw	0
  4416  000974  140F               	andwf	___ftpack@arg,w,c
  4417  000976  6E14               	movwf	??___ftpack& (0+255),c
  4418  000978  0E00               	movlw	0
  4419  00097A  1410               	andwf	___ftpack@arg+1,w,c
  4420  00097C  6E15               	movwf	(??___ftpack+1)& (0+255),c
  4421  00097E  0EFF               	movlw	255
  4422  000980  1411               	andwf	___ftpack@arg+2,w,c
  4423  000982  6E16               	movwf	(??___ftpack+2)& (0+255),c
  4424  000984  5014               	movf	??___ftpack,w,c
  4425  000986  1015               	iorwf	??___ftpack+1,w,c
  4426  000988  1016               	iorwf	??___ftpack+2,w,c
  4427  00098A  B4D8               	btfsc	status,2,c
  4428  00098C  D006               	goto	l2151
  4429  00098E  D7E6               	goto	l2143
  4430  000990                     l2149:
  4431  000990  0612               	decf	___ftpack@exp,f,c
  4432  000992  90D8               	bcf	status,0,c
  4433  000994  360F               	rlcf	___ftpack@arg,f,c
  4434  000996  3610               	rlcf	___ftpack@arg+1,f,c
  4435  000998  3611               	rlcf	___ftpack@arg+2,f,c
  4436  00099A                     l2151:
  4437  00099A  AE10               	btfss	___ftpack@arg+1,7,c
  4438  00099C  D7F9               	goto	l2149
  4439  00099E  A012               	btfss	___ftpack@exp,0,c
  4440  0009A0  9E10               	bcf	___ftpack@arg+1,7,c
  4441  0009A2  90D8               	bcf	status,0,c
  4442  0009A4  3212               	rrcf	___ftpack@exp,f,c
  4443  0009A6  5012               	movf	___ftpack@exp,w,c
  4444  0009A8  1211               	iorwf	___ftpack@arg+2,f,c
  4445  0009AA  5013               	movf	___ftpack@sign,w,c
  4446  0009AC  A4D8               	btfss	status,2,c
  4447  0009AE  8E11               	bsf	___ftpack@arg+2,7,c
  4448  0009B0  C00F  F00F         	movff	___ftpack@arg,?___ftpack
  4449  0009B4  C010  F010         	movff	___ftpack@arg+1,?___ftpack+1
  4450  0009B8  C011  F011         	movff	___ftpack@arg+2,?___ftpack+2
  4451  0009BC  0012               	return	
  4452  0009BE                     __end_of___ftpack:
  4453                           	opt stack 0
  4454                           pclatu	equ	0xFFB
  4455                           pclath	equ	0xFFA
  4456                           tblptru	equ	0xFF8
  4457                           tblptrh	equ	0xFF7
  4458                           tblptrl	equ	0xFF6
  4459                           tablat	equ	0xFF5
  4460                           prodh	equ	0xFF4
  4461                           prodl	equ	0xFF3
  4462                           intcon	equ	0xFF2
  4463                           postinc0	equ	0xFEE
  4464                           fsr0h	equ	0xFEA
  4465                           fsr0l	equ	0xFE9
  4466                           wreg	equ	0xFE8
  4467                           fsr1h	equ	0xFE2
  4468                           fsr1l	equ	0xFE1
  4469                           indf2	equ	0xFDF
  4470                           fsr2h	equ	0xFDA
  4471                           fsr2l	equ	0xFD9
  4472                           status	equ	0xFD8
  4473                           pclatu	equ	0xFFB
  4474                           pclath	equ	0xFFA
  4475                           tblptru	equ	0xFF8
  4476                           tblptrh	equ	0xFF7
  4477                           tblptrl	equ	0xFF6
  4478                           tablat	equ	0xFF5
  4479                           prodh	equ	0xFF4
  4480                           prodl	equ	0xFF3
  4481                           intcon	equ	0xFF2
  4482                           postinc0	equ	0xFEE
  4483                           fsr0h	equ	0xFEA
  4484                           fsr0l	equ	0xFE9
  4485                           wreg	equ	0xFE8
  4486                           fsr1h	equ	0xFE2
  4487                           fsr1l	equ	0xFE1
  4488                           indf2	equ	0xFDF
  4489                           fsr2h	equ	0xFDA
  4490                           fsr2l	equ	0xFD9
  4491                           status	equ	0xFD8
  4492                           
  4493                           	psect	rparam
  4494  0000                     pclatu	equ	0xFFB
  4495                           pclath	equ	0xFFA
  4496                           tblptru	equ	0xFF8
  4497                           tblptrh	equ	0xFF7
  4498                           tblptrl	equ	0xFF6
  4499                           tablat	equ	0xFF5
  4500                           prodh	equ	0xFF4
  4501                           prodl	equ	0xFF3
  4502                           intcon	equ	0xFF2
  4503                           postinc0	equ	0xFEE
  4504                           fsr0h	equ	0xFEA
  4505                           fsr0l	equ	0xFE9
  4506                           wreg	equ	0xFE8
  4507                           fsr1h	equ	0xFE2
  4508                           fsr1l	equ	0xFE1
  4509                           indf2	equ	0xFDF
  4510                           fsr2h	equ	0xFDA
  4511                           fsr2l	equ	0xFD9
  4512                           status	equ	0xFD8


Data Sizes:
    Strings     0
    Constant    0
    Data        0
    BSS         46
    Persistent  0
    Stack       0

Auto Spaces:
    Space          Size  Autos    Used
    COMRAM           95     47      79
    BANK0           160     15      29
    BANK1           256      0       0

Pointer List with Targets:

    strlen@s	PTR const unsigned char  size(2) Largest target is 4
		 -> buf(BANK0[4]), 

    strlen@cp	PTR const unsigned char  size(2) Largest target is 4
		 -> buf(BANK0[4]), 

    ultoa@buf	PTR unsigned char  size(2) Largest target is 4
		 -> buf(BANK0[4]), 

    sp__ultoa	PTR unsigned char  size(2) Largest target is 4
		 -> buf(BANK0[4]), 

    ltoa@buf	PTR unsigned char  size(2) Largest target is 4
		 -> buf(BANK0[4]), 

    ltoa@cp	PTR unsigned char  size(2) Largest target is 4
		 -> buf(BANK0[4]), 

    utoa@buf	PTR unsigned char  size(2) Largest target is 1
		 -> z(COMRAM[1]), 

    sp__utoa	PTR unsigned char  size(2) Largest target is 1
		 -> z(COMRAM[1]), 

    itoa@buf	PTR unsigned char  size(2) Largest target is 1
		 -> z(COMRAM[1]), 

    itoa@cp	PTR unsigned char  size(2) Largest target is 1
		 -> z(COMRAM[1]), 

    sp__ltoa	PTR unsigned char  size(2) Largest target is 4
		 -> buf(BANK0[4]), 

    sp__itoa	PTR unsigned char  size(2) Largest target is 1
		 -> z(COMRAM[1]), 

    write_uart@txt	PTR const unsigned char  size(2) Largest target is 4
		 -> buf(BANK0[4]), z(COMRAM[1]), 


Critical Paths under _main in COMRAM

    _main->___ftadd
    _write_uart->_uart_send
    _one_wire_tx_byte->_one_wire_tx_bit
    _one_wire_rx_byte->_one_wire_rx_bit
    _ltoa->_ultoa
    _ultoa->___lldiv
    _itoa->_utoa
    _utoa->___lwdiv
    ___fttol->___ftmul
    ___ftneg->___awtoft
    ___ftmul->___awtoft
    ___ftadd->___ftmul
    ___awtoft->___ftpack

Critical Paths under _ISR in COMRAM

    None.

Critical Paths under _main in BANK0

    _main->___fttol

Critical Paths under _ISR in BANK0

    None.

Critical Paths under _main in BANK1

    None.

Critical Paths under _ISR in BANK1

    None.

Call Graph Tables:

 ---------------------------------------------------------------------------------
 (Depth) Function   	        Calls       Base Space   Used Autos Params    Refs
 ---------------------------------------------------------------------------------
 (0) _main                                                 4     4      0   13769
                                             11 BANK0      4     4      0
                           ___awtoft
                       ___delay_10ms
                            ___ftadd
                            ___ftmul
                            ___ftneg
                            ___fttol
                           _init_adc
                            _init_io
                               _itoa
                               _ltoa
          _one_wire_conversion_pulse
                     _one_wire_reset
                   _one_wire_rx_byte
                   _one_wire_tx_byte
                        _serial_init
                             _strlen
                          _uart_send
                         _write_uart
 ---------------------------------------------------------------------------------
 (1) _write_uart                                           3     1      2     597
                                             16 COMRAM     3     1      2
                          _uart_send
 ---------------------------------------------------------------------------------
 (2) _uart_send                                            2     0      2     446
                                             14 COMRAM     2     0      2
 ---------------------------------------------------------------------------------
 (1) _strlen                                               6     4      2     143
                                             14 COMRAM     6     4      2
 ---------------------------------------------------------------------------------
 (1) _serial_init                                          1     1      0       0
                                             14 COMRAM     1     1      0
 ---------------------------------------------------------------------------------
 (1) _one_wire_tx_byte                                     2     2      0      91
                                             15 COMRAM     2     2      0
                    _one_wire_tx_bit
 ---------------------------------------------------------------------------------
 (2) _one_wire_tx_bit                                      1     1      0      22
                                             14 COMRAM     1     1      0
 ---------------------------------------------------------------------------------
 (1) _one_wire_rx_byte                                     2     2      0      95
                                             15 COMRAM     2     2      0
                    _one_wire_rx_bit
 ---------------------------------------------------------------------------------
 (2) _one_wire_rx_bit                                      1     1      0      24
                                             14 COMRAM     1     1      0
 ---------------------------------------------------------------------------------
 (1) _one_wire_reset                                       0     0      0       0
 ---------------------------------------------------------------------------------
 (1) _one_wire_conversion_pulse                            0     0      0       0
 ---------------------------------------------------------------------------------
 (1) _ltoa                                                10     2      8    1527
                                             44 COMRAM     2     2      0
                                              0 BANK0      8     0      8
                              _ultoa
 ---------------------------------------------------------------------------------
 (2) _ultoa                                               17     9      8    1099
                                             27 COMRAM    17     9      8
                            ___lldiv
                            ___llmod
 ---------------------------------------------------------------------------------
 (3) ___llmod                                              9     1      8     265
                                             14 COMRAM     9     1      8
 ---------------------------------------------------------------------------------
 (3) ___lldiv                                             13     5      8     374
                                             14 COMRAM    13     5      8
 ---------------------------------------------------------------------------------
 (1) _itoa                                                 8     2      6    1422
                                             30 COMRAM     8     2      6
                               _utoa
 ---------------------------------------------------------------------------------
 (2) _utoa                                                 9     3      6    1100
                                             21 COMRAM     9     3      6
                            ___lwdiv
                            ___lwmod
 ---------------------------------------------------------------------------------
 (3) ___lwmod                                              5     1      4     265
                                             14 COMRAM     5     1      4
 ---------------------------------------------------------------------------------
 (3) ___lwdiv                                              7     3      4     374
                                             14 COMRAM     7     3      4
 ---------------------------------------------------------------------------------
 (1) _init_io                                              0     0      0       0
 ---------------------------------------------------------------------------------
 (1) _init_adc                                             0     0      0       0
 ---------------------------------------------------------------------------------
 (1) ___fttol                                             15    11      4     501
                                             41 COMRAM     4     0      4
                                              0 BANK0     11    11      0
                            ___ftmul (ARG)
 ---------------------------------------------------------------------------------
 (1) ___ftneg                                              3     0      3      98
                                             26 COMRAM     3     0      3
                           ___awtoft (ARG)
 ---------------------------------------------------------------------------------
 (1) ___ftmul                                             15     9      6    2945
                                             26 COMRAM    15     9      6
                           ___awtoft (ARG)
                           ___ftpack
 ---------------------------------------------------------------------------------
 (1) ___ftadd                                             12     6      6    3642
                                             41 COMRAM     6     0      6
                                              0 BANK0      6     6      0
                           ___awtoft (ARG)
                            ___ftmul (ARG)
                            ___ftneg (ARG)
                           ___ftpack
 ---------------------------------------------------------------------------------
 (1) ___delay_10ms                                         2     2      0      22
                                             14 COMRAM     2     2      0
 ---------------------------------------------------------------------------------
 (1) ___awtoft                                             4     1      3    2240
                                             22 COMRAM     4     1      3
                           ___ftpack
 ---------------------------------------------------------------------------------
 (2) ___ftpack                                             8     3      5    1977
                                             14 COMRAM     8     3      5
 ---------------------------------------------------------------------------------
 Estimated maximum stack depth 3
 ---------------------------------------------------------------------------------
 (Depth) Function   	        Calls       Base Space   Used Autos Params    Refs
 ---------------------------------------------------------------------------------
 (4) _ISR                                                 14    14      0       0
                                              0 COMRAM    14    14      0
 ---------------------------------------------------------------------------------
 Estimated maximum stack depth 4
 ---------------------------------------------------------------------------------

 Call Graph Graphs:

 _main (ROOT)
   ___awtoft
     ___ftpack
   ___delay_10ms
   ___ftadd
     ___awtoft (ARG)
       ___ftpack
     ___ftmul (ARG)
       ___awtoft (ARG)
         ___ftpack
       ___ftpack (ARG)
     ___ftneg (ARG)
       ___awtoft (ARG)
         ___ftpack
     ___ftpack (ARG)
   ___ftmul
     ___awtoft (ARG)
       ___ftpack
     ___ftpack (ARG)
   ___ftneg
     ___awtoft (ARG)
       ___ftpack
   ___fttol
     ___ftmul (ARG)
       ___awtoft (ARG)
         ___ftpack
       ___ftpack (ARG)
   _init_adc
   _init_io
   _itoa
     _utoa
       ___lwdiv
       ___lwmod
   _ltoa
     _ultoa
       ___lldiv
       ___llmod
   _one_wire_conversion_pulse
   _one_wire_reset
   _one_wire_rx_byte
     _one_wire_rx_bit
   _one_wire_tx_byte
     _one_wire_tx_bit
   _serial_init
   _strlen
   _uart_send
   _write_uart
     _uart_send

 _ISR (ROOT)

 Address spaces:
Name               Size   Autos  Total    Cost      Usage
BIGRAM             1FF      0       0       8        0.0%
EEDATA             100      0       0       0        0.0%
BITBANK1           100      0       0       5        0.0%
BANK1              100      0       0       6        0.0%
BITBANK0            A0      0       0       3        0.0%
BANK0               A0      F      1D       4       18.1%
BITCOMRAM           5F      0       0       0        0.0%
COMRAM              5F     2F      4F       1       83.2%
BITSFR               0      0       0      40        0.0%
SFR                  0      0       0      40        0.0%
STACK                0      0       0       2        0.0%
NULL                 0      0       0       0        0.0%
ABS                  0      0      6C       7        0.0%
DATA                 0      0      6C       9        0.0%
CODE                 0      0       0       0        0.0%


Microchip Technology PIC18 Macro Assembler V1.33 build 59893 
Symbol Table                                                                                   Fri Jan 02 17:03:34 2015

                                 _d 0034                                   _f 0037  
                                 _i 0041                                   _x 004B  
                                 _y 004D                                   _z 004F  
                      __CFG_CP0$OFF 000000                        __CFG_CP1$OFF 000000  
                      ___ftadd@exp1 0065                        ___ftadd@exp2 0064  
                      ___ftadd@sign 0063                                 l102 0F3C  
                               l136 0D9E                                 l523 045E  
                               l525 0482                                 l701 0802  
                               l534 053C                                 l543 055A  
                               l519 0424                                 l608 0A3E  
                               l716 0C6E                                 l726 0D3C  
                               l639 0B5C                                 l576 0E78  
                               l649 0BC2                                 _ISR 0008  
                               _buf 0079                                 wreg 000FE8  
                      __CFG_LVP$OFF 000000                                ?_ISR 0001  
                              l2141 093E                                l2213 04D6  
                              l1501 0BB4                                l2151 099A  
                              l2143 095C                                l2135 0926  
                              l2303 0C9C                                l2215 04E2  
                              l2207 04AA                                l1511 0C3C  
                              l2233 0578                                l2225 0526  
                              l2217 04EE                                l2313 0608  
                              l1513 0C44                                l2147 0972  
                              l2139 0934                                l2243 05AC  
                              l2227 0532                                l2219 04FA  
                              l2331 0694                                l1523 0C64  
                              l1515 0C48                                l1531 0D12  
                              l2149 0990                                l2253 084C  
                              l2341 06CA                                l1533 0D1A  
                              l2173 0AC2                                l2191 046C  
                              l2343 06E2                                l2335 06B0  
                              l1535 0D1E                                l1615 09C6  
                              l2431 019E                                l2415 015A  
                              l2407 0128                                l2185 0432  
                              l2273 08A4                                l2345 06E8  
                              l1625 0A00                                l1473 0B0E  
                              l2417 0166                                l2283 08CC  
                              l2259 0872                                l1539 0D32  
                              l1475 0B1A                                l2435 01AE  
                              l2427 018E                                l2197 047A  
                              l2277 08B4                                l2349 070E  
                              l1485 0B4E                                l1477 0B1E  
                              l1493 0B80                                l1645 0730  
                              l1573 0E2E                                l1671 0F12  
                              l2287 08DC                                l1807 0C08  
                              l1495 0B8C                                l1655 0788  
                              l1673 0F20                                l1497 0B90  
                              l1753 0CF2                                l1825 0D50  
                              l1681 0E00                                l2457 036C  
                              l1763 0E94                                l1827 0D54  
                              l2379 00C6                                l1677 0DE6  
                              l1777 0EB4                                u2011 0836  
                              u2100 062E                                u2031 085C  
                              u2105 0624                                _LATC 000F8B  
                              u2081 05E8                                u2307 0E22  
                              u2317 0E30                                u2407 0F18  
                              u2327 0CCE                                u2247 0E56  
                              u1801 03D2                                u2337 0CD6  
                              u2257 0D8E                                u1811 03F0  
                              u2347 0CE0                                u2267 0D96  
                              u2357 0CF4                                u2277 0DA4  
                              u2367 0CFC                                u2287 0DAC  
                              u2377 0ED4                                u2297 0E1A  
                              u2387 0EDC                                u2397 0EE4  
                              u1795 0A8E                                i2l91 004C  
                 ??_one_wire_rx_bit 000F                   ??_one_wire_tx_bit 000F  
                              _decm 0030                                _main 008E  
                      ___ftpack@arg 000F                                _itoa 0BD4  
                      ___ftpack@exp 0012                                _ltoa 0A62  
                              fsr0h 000FEA                                fsr1h 000FE2  
                              fsr0l 000FE9                                fsr2h 000FDA  
                              fsr1l 000FE1                                indf2 000FDF  
                              fsr2l 000FD9                                _utoa 09BE  
                              pclat 000FFA                       __CFG_BOREN$ON 000000  
                              prodh 000FF4                                prodl 000FF3  
                              start 008A                       __CFG_IESO$OFF 000000  
                     __CFG_FOSC$IRC 000000                       __CFG_MCLRE$ON 000000  
                      ___ftmul@cntr 0028                        ___ftmul@sign 0029  
 __end_of_one_wire_conversion_pulse 0EF0                               ??_ISR 0001  
                     write_uart@txt 0011                        ___fttol@exp1 006A  
                      ___fttol@lval 0066                               ?_main 0001  
                             ?_itoa 001F                     __end_of___ftadd 05D2  
                             ?_ltoa 0060                     __end_of___ftneg 0E86  
                             _ANSEL 000F7E                     __end_of___lldiv 0B6E  
                             ?_utoa 0016                     __end_of___ftmul 0916  
                   __end_of___llmod 0BD4                     __end_of___fttol 0720  
                 ?_one_wire_rx_byte 0001                     __end_of___lwdiv 0C78  
                   __end_of___lwmod 0D46                               _RCREG 000FAE  
                 ?_one_wire_tx_byte 0001                               _SPBRG 000FAF  
                             _TXREG 000FAD                  ??_one_wire_rx_byte 0010  
                    __CFG_FCMEN$OFF 000000                  ??_one_wire_tx_byte 0010  
                     ___awtoft@sign 001A                     __end_of_init_io 0DE4  
                     ___ftpack@sign 0013                               _ultoa 0720  
                             tablat 000FF5                               utoa@c 001E  
                             utoa@v 001C                               status 000FD8  
                   __initialization 0EF0                        __end_of_main 03BC  
                      __end_of_itoa 0C26                        __end_of_ltoa 0AEC  
                      __end_of_utoa 0A62                      _one_wire_reset 0CC0  
                            ??_main 006B                       ___fttol@sign1 0065  
                            ??_itoa 0025                              ??_ltoa 002D  
                            ??_utoa 001C                       __activetblptr 000000  
                            _ADCON1 000FC1                    ___llmod@dividend 000F  
                            _ADRESH 000FC4                    __end_of___awtoft 0CC0  
                  __end_of___ftpack 09BE                              _ANSELH 000F7F  
                            ?_ultoa 001C                      __CFG_WDTEN$OFF 000000  
                      ?_serial_init 0001              __end_of_one_wire_reset 0D04  
                         ??___ftadd 0060                      __CFG_STVREN$ON 000000  
                         ??___ftneg 001E                           ??___lldiv 0017  
                         ??___ftmul 0021                           ??___llmod 0017  
                         ??___fttol 0060                           ??___lwdiv 0013  
                         ??___lwmod 0013                    __end_of_init_adc 0F3C  
                            clear_0 0EF6                              clear_1 0F02  
                            _rxbuff 006F                              _txdata 0047  
                            _strlen 0D46               ___ftmul@f3_as_product 0025  
          one_wire_rx_bit@read_data 000F                              itoa@cp 0025  
                         ??_init_io 000F                              ltoa@cp 002D  
            one_wire_rx_byte@result 0010                              tblptrh 000FF7  
              uart_send@mydata_byte 000F                              tblptrl 000FF6  
                            tblptru 000FF8                              ultoa@c 002C  
                            ultoa@v 0028                     __CFG_HFOFST$OFF 000000  
                        __accesstop 0060             __end_of__initialization 0F08  
                        ___ftadd@f1 002A                          ___ftadd@f2 002D  
                        ___ftneg@f1 001B                          ___awtoft@c 0017  
                        ___ftmul@f1 001B                          ___ftmul@f2 001E  
                        ___fttol@f1 002A                      __pcstackCOMRAM 0001  
                   ?_one_wire_reset 0001                       __end_of_ultoa 0826  
                   _one_wire_rx_bit 0E10                     _one_wire_tx_bit 0D80  
              one_wire_rx_byte@loop 0011                             ??_ultoa 0024  
                        __pbssBANK0 006F                one_wire_tx_bit@txbit 000F  
                         ?___awtoft 0017                           ?___ftpack 000F  
                           ?_strlen 000F                  __size_of_uart_send 000A  
              one_wire_tx_byte@loop 0011                           ?_init_adc 0001  
         __size_of_one_wire_rx_byte 0024           __size_of_one_wire_tx_byte 0024  
                   __CFG_PWRTEN$OFF 000000                             __Hparam 0000  
                           __Lparam 0000                             ___ftadd 03BC  
                           ___ftneg 0E60                             ___lldiv 0AEC  
                           ___ftmul 0826                             ___llmod 0B6E  
                           ___fttol 05D2             __end_of_one_wire_rx_bit 0E3A  
                           ___lwdiv 0C26                             ___lwmod 0D04  
           __end_of_one_wire_tx_bit 0DB4                __size_of_serial_init 0026  
        ?_one_wire_conversion_pulse 0001                             __pcinit 0EF0  
                        ??___awtoft 001A                          ??___ftpack 0014  
                         _ANSELbits 000F7E                             __ramtop 0200  
                           __ptext0 008E                             __ptext1 0DE4  
                           __ptext2 0F3C                             __ptext3 0D46  
                           __ptext4 0E3A                             __ptext5 0E86  
                           __ptext6 0D80                             __ptext7 0EAA  
                           __ptext8 0E10                             __ptext9 0CC0  
                   __size_of_strlen 003A                        __size_of_ISR 0082  
                           _init_io 0DB4                             _itxdata 0045  
              end_of_initialization 0F08                             itoa@buf 001F  
                        ??_init_adc 000F                             itoa@val 0021  
                           ltoa@buf 0060                             ltoa@val 0062  
                 __end_of_uart_send 0F46                     ___lldiv@divisor 0013  
                   ___lldiv@counter 001B                           _RCSTAbits 000FAB  
                           postinc0 000FEE                             utoa@buf 0016  
                           utoa@val 0018                             strlen@s 000F  
                         _PORTCbits 000F82                           _TRISAbits 000F92  
                         _TRISBbits 000F93                           _TRISCbits 000F94  
                     ?___delay_10ms 0001                           _TXSTAbits 000FAC  
                  ??_one_wire_reset 000F                         ___ftmul@exp 0024  
                  ?_one_wire_rx_bit 0001                    ?_one_wire_tx_bit 0001  
                       _BAUDCONbits 000FB8                          _write_uart 0DE4  
                    __end_of_strlen 0D80                      ??___delay_10ms 000F  
               start_initialization 0EF0                         __end_of_ISR 008A  
                    _device_present 003F                    _one_wire_rx_byte 0EAA  
                  _one_wire_tx_byte 0E86                     ___llmod@divisor 0013  
                   ___llmod@counter 0017                           _an4_value 003D  
                          ??_strlen 0011                   __size_of___awtoft 0048  
                 __size_of___ftpack 00A8                         __pbssCOMRAM 0030  
                     __pcstackBANK0 0060                   __size_of_init_adc 0012  
                  ___lwdiv@dividend 000F                           __pintcode 0008  
                          ?___ftadd 002A                            ?___ftneg 001B  
                          ?___lldiv 000F                            ?___ftmul 001B  
                          ?___llmod 000F                            ?___fttol 002A  
                          ?___lwdiv 000F                            ?___lwmod 000F  
       ??_one_wire_conversion_pulse 000F                         ?_write_uart 0011  
                          ?_init_io 0001                    ___lwdiv@quotient 0013  
                    __size_of_ultoa 0106                            _LATAbits 000F89  
                          _LATCbits 000F8B                            _PIE1bits 000F9D  
                          _PIR1bits 000F9E                __end_of___delay_10ms 0F2A  
                     ??_serial_init 000F                           _uart_data 0049  
                         _uart_send 0F3C                          _ADCON0bits 000FC2  
                        _ADCON2bits 000FC0           _one_wire_conversion_pulse 0ECE  
               __size_of_write_uart 002C                            __Hrparam 0000  
                          __Lrparam 0000                          ?_uart_send 000F  
                  __size_of___ftadd 0216                    __size_of___ftneg 0026  
                  __size_of___lldiv 0082                    __size_of___ftmul 00F0  
                  __size_of___llmod 0066                    __size_of___fttol 014E  
                  __size_of___lwdiv 0052                    __size_of___lwmod 0042  
                          ___awtoft 0C78                            ___ftpack 0916  
               __end_of_serial_init 0E60            __end_of_one_wire_rx_byte 0ECE  
          __end_of_one_wire_tx_byte 0EAA                    __size_of_init_io 0030  
                   ___lwdiv@divisor 0011          one_wire_tx_byte@write_data 0010  
                   ___lwdiv@counter 0015                            __ptext10 0ECE  
                          __ptext11 0A62                            __ptext20 0F2A  
                          __ptext12 0720                            __ptext21 05D2  
                          __ptext13 0B6E                            __ptext22 0E60  
                          __ptext14 0AEC                            __ptext23 0826  
                          __ptext15 0BD4                            __ptext24 03BC  
                          __ptext16 09BE                            __ptext25 0F0E  
                          __ptext17 0D04                            __ptext26 0C78  
                          __ptext18 0C26                            __ptext27 0916  
                          __ptext19 0DB4                            _init_adc 0F2A  
                     __size_of_main 032E                       __size_of_itoa 0052  
                     __size_of_ltoa 008A                       __size_of_utoa 00A4  
                          _int_temp 0043                      ___delay_10ms@n 0010  
                        _INTCONbits 000FF2            __size_of_one_wire_rx_bit 002A  
          __size_of_one_wire_tx_bit 0034                            itoa@base 0023  
                         ultoa@base 0022                            intlevel2 0000  
                          ltoa@base 0066               __size_of___delay_10ms 001C  
                  ___lwmod@dividend 000F                    ___lldiv@dividend 000F  
                        _OSCCONbits 000FD3                         _serial_init 0E3A  
                       ??_uart_send 0011             __size_of_one_wire_reset 0044  
                      ??_write_uart 0013                            utoa@base 001A  
                          ultoa@buf 001C                            ultoa@val 001E  
                       _temperature 003A                    ___lldiv@quotient 0017  
                   ___lwmod@divisor 0011                            strlen@cp 0013  
                   ___lwmod@counter 0013                        ___delay_10ms 0F0E  
                __end_of_write_uart 0E10  __size_of_one_wire_conversion_pulse 0022  
