

Microchip Technology PIC18 LITE Macro Assembler V1.30 build 55553 
                                                                                               Sat Dec 27 10:51:38 2014

Microchip Technology Omniscient Code Generator (Lite mode) build 55553
     1                           	processor	18F14K22
     2                           	fnconf	rparam,??,?,0
     3                           	opt	pw 120
     4                           	opt	lm
     5                           	psect	intcode,global,reloc=2,class=CODE,delta=1
     6                           	psect	cinit,global,reloc=2,class=CODE,delta=1
     7                           	psect	bssCOMRAM,global,class=COMRAM,space=1,delta=1
     8                           	psect	cstackCOMRAM,global,class=COMRAM,space=1,delta=1
     9                           	psect	text0,global,reloc=2,class=CODE,delta=1
    10                           	psect	text1,global,reloc=2,class=CODE,delta=1
    11                           	psect	text2,global,reloc=2,class=CODE,delta=1
    12                           	psect	text3,global,reloc=2,class=CODE,delta=1
    13                           	psect	text4,global,reloc=2,class=CODE,delta=1
    14                           	psect	text5,global,reloc=2,class=CODE,delta=1
    15                           	psect	text6,global,reloc=2,class=CODE,delta=1
    16                           	psect	text7,global,reloc=2,class=CODE,delta=1
    17                           	psect	text8,global,reloc=2,class=CODE,delta=1
    18                           	psect	text9,global,reloc=2,class=CODE,delta=1
    19                           	psect	text10,global,reloc=2,class=CODE,delta=1
    20                           	psect	text11,global,reloc=2,class=CODE,delta=1
    21                           	psect	text12,global,reloc=2,class=CODE,delta=1
    22                           	psect	text13,global,reloc=2,class=CODE,delta=1
    23                           	psect	text14,global,reloc=2,class=CODE,delta=1
    24                           	psect	text15,global,reloc=2,class=CODE,delta=1
    25                           	psect	text16,global,reloc=2,class=CODE,delta=1
    26                           	psect	text17,global,reloc=2,class=CODE,delta=1
    27                           	psect	text18,global,reloc=2,class=CODE,delta=1
    28                           	psect	text19,global,reloc=2,class=CODE,delta=1
    29                           	psect	text20,global,reloc=2,class=CODE,delta=1
    30                           	psect	intsave_regs,global,class=BIGRAM,space=1,delta=1
    31                           	psect	rparam,global,class=COMRAM,space=1,delta=1
    32  0000                     _ADCON0bits	set	4034
    33  0000                     _ADCON1	set	4033
    34  0000                     _ADCON2bits	set	4032
    35  0000                     _ADRESH	set	4036
    36  0000                     _ANSEL	set	3966
    37  0000                     _ANSELH	set	3967
    38  0000                     _ANSELbits	set	3966
    39  0000                     _BAUDCONbits	set	4024
    40  0000                     _INTCONbits	set	4082
    41  0000                     _LATAbits	set	3977
    42  0000                     _LATCbits	set	3979
    43  0000                     _OSCCONbits	set	4051
    44  0000                     _PIE1bits	set	3997
    45  0000                     _PIR1bits	set	3998
    46  0000                     _RCREG	set	4014
    47  0000                     _RCSTAbits	set	4011
    48  0000                     _SPBRG	set	4015
    49  0000                     _T1CONbits	set	4045
    50  0000                     _TMR1H	set	4047
    51  0000                     _TMR1L	set	4046
    52  0000                     _TRISAbits	set	3986
    53  0000                     _TRISBbits	set	3987
    54  0000                     _TRISCbits	set	3988
    55  0000                     _TXREG	set	4013
    56  0000                     _TXSTAbits	set	4012
    57                           
    58 ;; *************** function _ISR *****************
    59 ;; Defined at:
    60 ;;		line 53 in file "main.c"
    61 ;; Parameters:    Size  Location     Type
    62 ;;		None
    63 ;; Auto vars:     Size  Location     Type
    64 ;;		None
    65 ;; Return value:  Size  Location     Type
    66 ;;		None               void
    67 ;; Registers used:
    68 ;;		wreg, status,2
    69 ;; Tracked objects:
    70 ;;		On entry : 0/0
    71 ;;		On exit  : 0/0
    72 ;;		Unchanged: 0/0
    73 ;; Data sizes:     COMRAM   BANK0   BANK1
    74 ;;      Params:         0       0       0
    75 ;;      Locals:         0       0       0
    76 ;;      Temps:         14       0       0
    77 ;;      Totals:        14       0       0
    78 ;;Total ram usage:       14 bytes
    79 ;; Hardware stack levels used:    1
    80 ;; This function calls:
    81 ;;		Nothing
    82 ;; This function is called by:
    83 ;;		Interrupt level 2
    84 ;; This function uses a non-reentrant model
    85 ;;
    86                           
    87                           	psect	intcode
    88  000008                     __pintcode:
    89                           	opt stack 0
    90                           
    91                           ; #config settings
    92  000008                     _ISR:
    93                           	opt stack 27
    94                           
    95                           ;incstack = 0
    96  000008  CFFA F02B          	movff	pclath,??_ISR
    97  00000C  CFFB F02C          	movff	pclatu,??_ISR+1
    98  000010  CFE9 F02D          	movff	fsr0l,??_ISR+2
    99  000014  CFEA F02E          	movff	fsr0h,??_ISR+3
   100  000018  CFE1 F02F          	movff	fsr1l,??_ISR+4
   101  00001C  CFE2 F030          	movff	fsr1h,??_ISR+5
   102  000020  CFD9 F031          	movff	fsr2l,??_ISR+6
   103  000024  CFDA F032          	movff	fsr2h,??_ISR+7
   104  000028  CFF3 F033          	movff	prodl,??_ISR+8
   105  00002C  CFF4 F034          	movff	prodh,??_ISR+9
   106  000030  CFF6 F035          	movff	tblptrl,??_ISR+10
   107  000034  CFF7 F036          	movff	tblptrh,??_ISR+11
   108  000038  CFF8 F037          	movff	tblptru,??_ISR+12
   109  00003C  CFF5 F038          	movff	tablat,??_ISR+13
   110                           
   111                           ;main.c: 55: if (PIR1bits.RCIF)
   112  000040  AA9E               	btfss	3998,5,c	;volatile
   113  000042  D004               	goto	i2l91
   114                           
   115                           ;main.c: 56: {
   116                           ;main.c: 57: uart_data = RCREG;
   117  000044  CFAE F01F          	movff	4014,_uart_data	;volatile
   118  000048  6A20               	clrf	_uart_data+1,c	;volatile
   119                           
   120                           ;main.c: 58: PIR1bits.RCIF = 0;
   121  00004A  9A9E               	bcf	3998,5,c	;volatile
   122  00004C                     i2l91:
   123                           
   124                           ;main.c: 60: }
   125                           ;main.c: 62: if (PIR1bits.TMR1IF)
   126  00004C  A09E               	btfss	3998,0,c	;volatile
   127  00004E  D005               	goto	i2l93
   128                           
   129                           ;main.c: 63: {
   130                           ;main.c: 65: PIR1bits.TMR1IF = 0;
   131  000050  909E               	bcf	3998,0,c	;volatile
   132                           
   133                           ;main.c: 66: tc = 1;
   134  000052  0E00               	movlw	0
   135  000054  6E1A               	movwf	_tc+1,c
   136  000056  0E01               	movlw	1
   137  000058  6E19               	movwf	_tc,c
   138  00005A                     i2l93:
   139  00005A  C038  FFF5         	movff	??_ISR+13,tablat
   140  00005E  C037  FFF8         	movff	??_ISR+12,tblptru
   141  000062  C036  FFF7         	movff	??_ISR+11,tblptrh
   142  000066  C035  FFF6         	movff	??_ISR+10,tblptrl
   143  00006A  C034  FFF4         	movff	??_ISR+9,prodh
   144  00006E  C033  FFF3         	movff	??_ISR+8,prodl
   145  000072  C032  FFDA         	movff	??_ISR+7,fsr2h
   146  000076  C031  FFD9         	movff	??_ISR+6,fsr2l
   147  00007A  C030  FFE2         	movff	??_ISR+5,fsr1h
   148  00007E  C02F  FFE1         	movff	??_ISR+4,fsr1l
   149  000082  C02E  FFEA         	movff	??_ISR+3,fsr0h
   150  000086  C02D  FFE9         	movff	??_ISR+2,fsr0l
   151  00008A  C02C  FFFB         	movff	??_ISR+1,pclatu
   152  00008E  C02B  FFFA         	movff	??_ISR,pclath
   153  000092  0011               	retfie		f
   154  000094                     __end_of_ISR:
   155                           	opt stack 0
   156  0000                     pclatu	equ	0xFFB
   157                           pclath	equ	0xFFA
   158                           tblptru	equ	0xFF8
   159                           tblptrh	equ	0xFF7
   160                           tblptrl	equ	0xFF6
   161                           tablat	equ	0xFF5
   162                           prodh	equ	0xFF4
   163                           prodl	equ	0xFF3
   164                           fsr0h	equ	0xFEA
   165                           fsr0l	equ	0xFE9
   166                           fsr1h	equ	0xFE2
   167                           fsr1l	equ	0xFE1
   168                           fsr2h	equ	0xFDA
   169                           fsr2l	equ	0xFD9
   170                           
   171                           	psect	cinit
   172  0006E4                     __pcinit:
   173                           	opt stack 0
   174  0006E4                     start_initialization:
   175                           	opt stack 0
   176  0006E4                     __initialization:
   177                           	opt stack 0
   178                           
   179                           ; Clear objects allocated to COMRAM (42 bytes)
   180  0006E4  EE00  F001         	lfsr	0,__pbssCOMRAM
   181  0006E8  0E2A               	movlw	42
   182  0006EA                     clear_0:
   183  0006EA  6AEE               	clrf	postinc0,c
   184  0006EC  06E8               	decf	wreg,f,c
   185  0006EE  E1FD               	bnz	clear_0
   186  0006F0                     end_of_initialization:
   187                           	opt stack 0
   188  0006F0                     __end_of__initialization:
   189                           	opt stack 0
   190  0006F0  0100               	movlb	0
   191  0006F2  EF4C  F000         	goto	_main	;jump to C main() function
   192                           pclatu	equ	0xFFB
   193                           pclath	equ	0xFFA
   194                           tblptru	equ	0xFF8
   195                           tblptrh	equ	0xFF7
   196                           tblptrl	equ	0xFF6
   197                           tablat	equ	0xFF5
   198                           prodh	equ	0xFF4
   199                           prodl	equ	0xFF3
   200                           postinc0	equ	0xFEE
   201                           fsr0h	equ	0xFEA
   202                           fsr0l	equ	0xFE9
   203                           wreg	equ	0xFE8
   204                           fsr1h	equ	0xFE2
   205                           fsr1l	equ	0xFE1
   206                           fsr2h	equ	0xFDA
   207                           fsr2l	equ	0xFD9
   208                           
   209                           	psect	bssCOMRAM
   210  000001                     __pbssCOMRAM:
   211                           	opt stack 0
   212  000001                     _decm:
   213                           	opt stack 0
   214  000001                     	ds	4
   215  000005                     _an4_value:
   216                           	opt stack 0
   217  000005                     	ds	2
   218  000007                     _error:
   219                           	opt stack 0
   220  000007                     	ds	2
   221  000009                     _gain:
   222                           	opt stack 0
   223  000009                     	ds	2
   224  00000B                     _i:
   225                           	opt stack 0
   226  00000B                     	ds	2
   227  00000D                     _ilevel:
   228                           	opt stack 0
   229  00000D                     	ds	2
   230  00000F                     _itxdata:
   231                           	opt stack 0
   232  00000F                     	ds	2
   233  000011                     _pband:
   234                           	opt stack 0
   235  000011                     	ds	2
   236  000013                     _pid_int:
   237                           	opt stack 0
   238  000013                     	ds	2
   239  000015                     _pid_out:
   240                           	opt stack 0
   241  000015                     	ds	2
   242  000017                     _pid_outi:
   243                           	opt stack 0
   244  000017                     	ds	2
   245  000019                     _tc:
   246                           	opt stack 0
   247  000019                     	ds	2
   248  00001B                     _tempi:
   249                           	opt stack 0
   250  00001B                     	ds	2
   251  00001D                     _txdata:
   252                           	opt stack 0
   253  00001D                     	ds	2
   254  00001F                     _uart_data:
   255                           	opt stack 0
   256  00001F                     	ds	2
   257  000021                     _buf:
   258                           	opt stack 0
   259  000021                     	ds	10
   260                           pclatu	equ	0xFFB
   261                           pclath	equ	0xFFA
   262                           tblptru	equ	0xFF8
   263                           tblptrh	equ	0xFF7
   264                           tblptrl	equ	0xFF6
   265                           tablat	equ	0xFF5
   266                           prodh	equ	0xFF4
   267                           prodl	equ	0xFF3
   268                           postinc0	equ	0xFEE
   269                           fsr0h	equ	0xFEA
   270                           fsr0l	equ	0xFE9
   271                           wreg	equ	0xFE8
   272                           fsr1h	equ	0xFE2
   273                           fsr1l	equ	0xFE1
   274                           fsr2h	equ	0xFDA
   275                           fsr2l	equ	0xFD9
   276                           
   277                           	psect	cstackCOMRAM
   278  00002B                     __pcstackCOMRAM:
   279                           	opt stack 0
   280  00002B                     ??_ISR:
   281  00002B                     
   282                           ; 2 bytes @ 0x0
   283  00002B                     	ds	14
   284  000039                     ??_serial_init:
   285  000039                     ?_abs:
   286                           	opt stack 0
   287  000039                     ?_pid:
   288                           	opt stack 0
   289  000039                     ?___awdiv:
   290                           	opt stack 0
   291  000039                     ?___lwdiv:
   292                           	opt stack 0
   293  000039                     ?___lwmod:
   294                           	opt stack 0
   295  000039                     uart_xmit@mydata_byte:
   296                           	opt stack 0
   297  000039                     drive@inc:
   298                           	opt stack 0
   299  000039                     pid@pv:
   300                           	opt stack 0
   301  000039                     abs@a:
   302                           	opt stack 0
   303  000039                     ___awdiv@dividend:
   304                           	opt stack 0
   305  000039                     ___lwdiv@dividend:
   306                           	opt stack 0
   307  000039                     ___lwmod@dividend:
   308                           	opt stack 0
   309                           
   310                           ; 2 bytes @ 0xE
   311  000039                     	ds	2
   312  00003B                     ??_abs:
   313  00003B                     ??_drive:
   314  00003B                     write_uart@txt:
   315                           	opt stack 0
   316  00003B                     pid@err:
   317                           	opt stack 0
   318  00003B                     ___awdiv@divisor:
   319                           	opt stack 0
   320  00003B                     ___lwdiv@divisor:
   321                           	opt stack 0
   322  00003B                     ___lwmod@divisor:
   323                           	opt stack 0
   324                           
   325                           ; 2 bytes @ 0x10
   326  00003B                     	ds	2
   327  00003D                     ??_write_uart:
   328  00003D                     ??___awdiv:
   329  00003D                     ??___lwdiv:
   330  00003D                     ??___lwmod:
   331                           
   332                           ; 0 bytes @ 0x12
   333  00003D                     	ds	1
   334  00003E                     ___awdiv@counter:
   335                           	opt stack 0
   336  00003E                     ___lwmod@counter:
   337                           	opt stack 0
   338  00003E                     ___lwdiv@quotient:
   339                           	opt stack 0
   340                           
   341                           ; 2 bytes @ 0x13
   342  00003E                     	ds	1
   343  00003F                     ___awdiv@sign:
   344                           	opt stack 0
   345                           
   346                           ; 1 bytes @ 0x14
   347  00003F                     	ds	1
   348  000040                     ___lwdiv@counter:
   349                           	opt stack 0
   350  000040                     ___awdiv@quotient:
   351                           	opt stack 0
   352                           
   353                           ; 2 bytes @ 0x15
   354  000040                     	ds	1
   355  000041                     utoa@buf:
   356                           	opt stack 0
   357                           
   358                           ; 2 bytes @ 0x16
   359  000041                     	ds	2
   360  000043                     utoa@val:
   361                           	opt stack 0
   362                           
   363                           ; 2 bytes @ 0x18
   364  000043                     	ds	2
   365  000045                     utoa@base:
   366                           	opt stack 0
   367                           
   368                           ; 2 bytes @ 0x1A
   369  000045                     	ds	2
   370  000047                     utoa@v:
   371                           	opt stack 0
   372                           
   373                           ; 2 bytes @ 0x1C
   374  000047                     	ds	2
   375  000049                     utoa@c:
   376                           	opt stack 0
   377                           
   378                           ; 1 bytes @ 0x1E
   379  000049                     	ds	1
   380  00004A                     itoa@buf:
   381                           	opt stack 0
   382                           
   383                           ; 2 bytes @ 0x1F
   384  00004A                     	ds	2
   385  00004C                     itoa@val:
   386                           	opt stack 0
   387                           
   388                           ; 2 bytes @ 0x21
   389  00004C                     	ds	2
   390  00004E                     itoa@base:
   391                           	opt stack 0
   392                           
   393                           ; 2 bytes @ 0x23
   394  00004E                     	ds	2
   395  000050                     itoa@cp:
   396                           	opt stack 0
   397                           
   398                           ; 2 bytes @ 0x25
   399  000050                     	ds	2
   400  000052                     ??_main:
   401                           
   402                           ; 0 bytes @ 0x27
   403  000052                     	ds	2
   404                           pclatu	equ	0xFFB
   405                           pclath	equ	0xFFA
   406                           tblptru	equ	0xFF8
   407                           tblptrh	equ	0xFF7
   408                           tblptrl	equ	0xFF6
   409                           tablat	equ	0xFF5
   410                           prodh	equ	0xFF4
   411                           prodl	equ	0xFF3
   412                           postinc0	equ	0xFEE
   413                           fsr0h	equ	0xFEA
   414                           fsr0l	equ	0xFE9
   415                           wreg	equ	0xFE8
   416                           fsr1h	equ	0xFE2
   417                           fsr1l	equ	0xFE1
   418                           fsr2h	equ	0xFDA
   419                           fsr2l	equ	0xFD9
   420                           
   421 ;;
   422 ;;Main: autosize = 0, tempsize = 2, incstack = 0, save=0
   423 ;;
   424 ;; *************** function _main *****************
   425 ;; Defined at:
   426 ;;		line 244 in file "main.c"
   427 ;; Parameters:    Size  Location     Type
   428 ;;		None
   429 ;; Auto vars:     Size  Location     Type
   430 ;;		None
   431 ;; Return value:  Size  Location     Type
   432 ;;                  2  158[COMRAM] int 
   433 ;; Registers used:
   434 ;;		wreg, fsr0l, fsr0h, fsr1l, fsr1h, fsr1l, fsr1h, fsr2l, fsr2h, status,2, status,0, pclat, btemp, btemp+1, btemp+2, bt
      +emp+3, btemp+4, btemp+5, btemp+6, btemp+7, btemp+8, btemp+9, btemp+10, btemp+11, tosl, structret, tblptrl, tblptrh, tblp
      +tru, prodl, prodh, bsr, cstack
   435 ;; Tracked objects:
   436 ;;		On entry : 0/0
   437 ;;		On exit  : 0/0
   438 ;;		Unchanged: 0/0
   439 ;; Data sizes:     COMRAM   BANK0   BANK1
   440 ;;      Params:         0       0       0
   441 ;;      Locals:         0       0       0
   442 ;;      Temps:          2       0       0
   443 ;;      Totals:         2       0       0
   444 ;;Total ram usage:        2 bytes
   445 ;; Hardware stack levels required when called:    4
   446 ;; This function calls:
   447 ;;		___awdiv
   448 ;;		_abs
   449 ;;		_dir_fwd
   450 ;;		_dir_rev
   451 ;;		_dis_drive
   452 ;;		_drive
   453 ;;		_en_drive
   454 ;;		_init_adc
   455 ;;		_init_io
   456 ;;		_itoa
   457 ;;		_low_speed
   458 ;;		_pid
   459 ;;		_read_adc
   460 ;;		_run_timer
   461 ;;		_serial_init
   462 ;;		_uart_xmit
   463 ;;		_write_uart
   464 ;; This function is called by:
   465 ;;		Startup code after reset
   466 ;; This function uses a non-reentrant model
   467 ;;
   468                           
   469                           	psect	text0
   470  000098                     __ptext0:
   471                           	opt stack 0
   472  000098                     _main:
   473                           	opt stack 27
   474                           
   475                           ;main.c: 246: init_io();
   476                           
   477                           ;incstack = 0
   478  000098  EC30  F003         	call	_init_io	;wreg free
   479                           
   480                           ;main.c: 249: OSCCONbits.IRCF = 0x07;
   481  00009C  88D3               	bsf	4051,4,c	;volatile
   482  00009E  8AD3               	bsf	4051,5,c	;volatile
   483  0000A0  8CD3               	bsf	4051,6,c	;volatile
   484                           
   485                           ;main.c: 250: OSCCONbits.SCS = 0x02;
   486  0000A2  50D3               	movf	4051,w,c	;volatile
   487  0000A4  0BFC               	andlw	-4
   488  0000A6  0902               	iorlw	2
   489  0000A8  6ED3               	movwf	4051,c	;volatile
   490                           
   491                           ;main.c: 254: INTCONbits.PEIE = 1;
   492  0000AA  8CF2               	bsf	intcon,6,c	;volatile
   493                           
   494                           ;main.c: 255: INTCONbits.GIE = 1;
   495  0000AC  8EF2               	bsf	intcon,7,c	;volatile
   496                           
   497                           ;main.c: 258: init_adc();
   498  0000AE  EC7B  F003         	call	_init_adc	;wreg free
   499                           
   500                           ;main.c: 259: serial_init();
   501  0000B2  EC46  F003         	call	_serial_init	;wreg free
   502                           
   503                           ;main.c: 260: run_timer();
   504  0000B6  EC59  F003         	call	_run_timer	;wreg free
   505                           
   506                           ;main.c: 264: pband = 40;
   507  0000BA  0E00               	movlw	0
   508  0000BC  6E12               	movwf	_pband+1,c
   509  0000BE  0E28               	movlw	40
   510  0000C0  6E11               	movwf	_pband,c
   511                           
   512                           ;main.c: 265: gain = 0x01;
   513  0000C2  0E00               	movlw	0
   514  0000C4  6E0A               	movwf	_gain+1,c
   515  0000C6  0E01               	movlw	1
   516  0000C8  6E09               	movwf	_gain,c
   517                           
   518                           ;main.c: 267: LATAbits.LATA0=1;
   519  0000CA  8089               	bsf	3977,0,c	;volatile
   520                           
   521                           ;main.c: 269: dir_fwd();
   522  0000CC  EC91  F003         	call	_dir_fwd	;wreg free
   523                           
   524                           ;main.c: 270: en_drive();
   525  0000D0  EC8B  F003         	call	_en_drive	;wreg free
   526                           
   527                           ;main.c: 271: drive(10);
   528  0000D4  0E00               	movlw	0
   529  0000D6  6E3A               	movwf	drive@inc+1,c
   530  0000D8  0E0A               	movlw	10
   531  0000DA  6E39               	movwf	drive@inc,c
   532  0000DC  ECE2  F002         	call	_drive	;wreg free
   533                           
   534                           ;main.c: 272: dis_drive();
   535  0000E0  EC8D  F003         	call	_dis_drive	;wreg free
   536  0000E4                     l1014:
   537                           
   538                           ;main.c: 277: LATAbits.LA1 = 0;
   539  0000E4  9289               	bcf	3977,1,c	;volatile
   540                           
   541                           ;main.c: 278: read_adc();
   542  0000E6  ECC1  F002         	call	_read_adc	;wreg free
   543                           
   544                           ;main.c: 279: if (tc) {
   545  0000EA  501A               	movf	_tc+1,w,c
   546  0000EC  1019               	iorwf	_tc,w,c
   547  0000EE  B4D8               	btfsc	status,2,c
   548  0000F0  D7F9               	goto	l1014
   549                           
   550                           ;main.c: 280: itoa(buf,txdata,10);
   551  0000F2  0E00               	movlw	high _buf
   552  0000F4  6E4B               	movwf	itoa@buf+1,c
   553  0000F6  0E21               	movlw	low _buf
   554  0000F8  6E4A               	movwf	itoa@buf,c
   555  0000FA  C01D  F04C         	movff	_txdata,itoa@val
   556  0000FE  C01E  F04D         	movff	_txdata+1,itoa@val+1
   557  000102  0E00               	movlw	0
   558  000104  6E4F               	movwf	itoa@base+1,c
   559  000106  0E0A               	movlw	10
   560  000108  6E4E               	movwf	itoa@base,c
   561  00010A  EC75  F002         	call	_itoa	;wreg free
   562                           
   563                           ;main.c: 281: write_uart (buf);
   564  00010E  0E00               	movlw	high _buf
   565  000110  6E3C               	movwf	write_uart@txt+1,c
   566  000112  0E21               	movlw	low _buf
   567  000114  6E3B               	movwf	write_uart@txt,c
   568  000116  EC1A  F003         	call	_write_uart	;wreg free
   569                           
   570                           ;main.c: 282: uart_xmit (' ');
   571  00011A  0E00               	movlw	0
   572  00011C  6E3A               	movwf	uart_xmit@mydata_byte+1,c
   573  00011E  0E20               	movlw	32
   574  000120  6E39               	movwf	uart_xmit@mydata_byte,c
   575  000122  EC84  F003         	call	_uart_xmit	;wreg free
   576                           
   577                           ;main.c: 283: error = pid(txdata);
   578  000126  C01D  F039         	movff	_txdata,pid@pv
   579  00012A  C01E  F03A         	movff	_txdata+1,pid@pv+1
   580  00012E  EC67  F003         	call	_pid	;wreg free
   581  000132  C039  F007         	movff	?_pid,_error
   582  000136  C03A  F008         	movff	?_pid+1,_error+1
   583                           
   584                           ;main.c: 284: if (error < 6 && error > -6) {
   585  00013A  5008               	movf	_error+1,w,c
   586  00013C  0A80               	xorlw	128
   587  00013E  6EF3               	movwf	prodl,c
   588  000140  0E80               	movlw	128
   589  000142  5CF3               	subwf	prodl,w,c
   590  000144  0E06               	movlw	6
   591  000146  B4D8               	btfsc	status,2,c
   592  000148  5C07               	subwf	_error,w,c
   593  00014A  B0D8               	btfsc	status,0,c
   594  00014C  D009               	goto	l1034
   595  00014E  5008               	movf	_error+1,w,c
   596  000150  0A80               	xorlw	128
   597  000152  0F81               	addlw	-127
   598  000154  0EFB               	movlw	251
   599  000156  B4D8               	btfsc	status,2,c
   600  000158  5C07               	subwf	_error,w,c
   601  00015A  B0D8               	btfsc	status,0,c
   602                           
   603                           ;main.c: 285: dis_drive();
   604  00015C  EC8D  F003         	call	_dis_drive	;wreg free
   605  000160                     l1034:
   606                           
   607                           ;main.c: 286: }
   608                           ;main.c: 287: LATAbits.LA1 = 1;
   609  000160  8289               	bsf	3977,1,c	;volatile
   610                           
   611                           ;main.c: 288: tc = 0;
   612  000162  0E00               	movlw	0
   613  000164  6E1A               	movwf	_tc+1,c
   614  000166  0E00               	movlw	0
   615  000168  6E19               	movwf	_tc,c
   616                           
   617                           ;main.c: 289: low_speed();
   618  00016A  EC89  F003         	call	_low_speed	;wreg free
   619                           
   620                           ;main.c: 290: pid_outi = 0;
   621  00016E  0E00               	movlw	0
   622  000170  6E18               	movwf	_pid_outi+1,c
   623  000172  0E00               	movlw	0
   624  000174  6E17               	movwf	_pid_outi,c
   625                           
   626                           ;main.c: 291: pid_out = 0;
   627  000176  0E00               	movlw	0
   628  000178  6E16               	movwf	_pid_out+1,c
   629  00017A  0E00               	movlw	0
   630  00017C  6E15               	movwf	_pid_out,c
   631                           
   632                           ;main.c: 293: if (error < -1) {
   633  00017E  5008               	movf	_error+1,w,c
   634  000180  0A80               	xorlw	128
   635  000182  6EF3               	movwf	prodl,c
   636  000184  0E7F               	movlw	127
   637  000186  5CF3               	subwf	prodl,w,c
   638  000188  0EFF               	movlw	255
   639  00018A  B4D8               	btfsc	status,2,c
   640  00018C  5C07               	subwf	_error,w,c
   641  00018E  B0D8               	btfsc	status,0,c
   642  000190  D048               	goto	l1064
   643                           
   644                           ;main.c: 294: en_drive();
   645  000192  EC8B  F003         	call	_en_drive	;wreg free
   646                           
   647                           ;main.c: 295: pid_outi = abs(error);
   648  000196  C007  F039         	movff	_error,abs@a
   649  00019A  C008  F03A         	movff	_error+1,abs@a+1
   650  00019E  ECFE  F002         	call	_abs	;wreg free
   651  0001A2  C039  F017         	movff	?_abs,_pid_outi
   652  0001A6  C03A  F018         	movff	?_abs+1,_pid_outi+1
   653                           
   654                           ;main.c: 297: if (pid_outi > 0x1F) {
   655  0001AA  5018               	movf	_pid_outi+1,w,c
   656  0001AC  0A80               	xorlw	128
   657  0001AE  0F80               	addlw	-128
   658  0001B0  0E20               	movlw	32
   659  0001B2  B4D8               	btfsc	status,2,c
   660  0001B4  5C17               	subwf	_pid_outi,w,c
   661  0001B6  B0D8               	btfsc	status,0,c
   662                           
   663                           ;main.c: 298: LATCbits.LATC1 = 0;
   664  0001B8  928B               	bcf	3979,1,c	;volatile
   665                           
   666                           ;main.c: 299: }
   667                           ;main.c: 301: pid_outi = (pid_outi / 4);
   668  0001BA  C017  F039         	movff	_pid_outi,___awdiv@dividend
   669  0001BE  C018  F03A         	movff	_pid_outi+1,___awdiv@dividend+1
   670  0001C2  0E00               	movlw	0
   671  0001C4  6E3C               	movwf	___awdiv@divisor+1,c
   672  0001C6  0E04               	movlw	4
   673  0001C8  6E3B               	movwf	___awdiv@divisor,c
   674  0001CA  ECA0  F001         	call	___awdiv	;wreg free
   675  0001CE  C039  F017         	movff	?___awdiv,_pid_outi
   676  0001D2  C03A  F018         	movff	?___awdiv+1,_pid_outi+1
   677                           
   678                           ;main.c: 303: dir_rev();
   679  0001D6  EC8F  F003         	call	_dir_rev	;wreg free
   680                           
   681                           ;main.c: 305: pid_out=pid_outi;
   682  0001DA  C017  F015         	movff	_pid_outi,_pid_out
   683  0001DE  C018  F016         	movff	_pid_outi+1,_pid_out+1
   684                           
   685                           ;main.c: 306: drive(pid_out);
   686  0001E2  C015  F039         	movff	_pid_out,drive@inc
   687  0001E6  C016  F03A         	movff	_pid_out+1,drive@inc+1
   688  0001EA  ECE2  F002         	call	_drive	;wreg free
   689                           
   690                           ;main.c: 309: uart_xmit ('-');
   691  0001EE  0E00               	movlw	0
   692  0001F0  6E3A               	movwf	uart_xmit@mydata_byte+1,c
   693  0001F2  0E2D               	movlw	45
   694  0001F4  6E39               	movwf	uart_xmit@mydata_byte,c
   695  0001F6  EC84  F003         	call	_uart_xmit	;wreg free
   696                           
   697                           ;main.c: 310: itoa(buf,pid_out,10);
   698  0001FA  0E00               	movlw	high _buf
   699  0001FC  6E4B               	movwf	itoa@buf+1,c
   700  0001FE  0E21               	movlw	low _buf
   701  000200  6E4A               	movwf	itoa@buf,c
   702  000202  C015  F04C         	movff	_pid_out,itoa@val
   703  000206  C016  F04D         	movff	_pid_out+1,itoa@val+1
   704  00020A  0E00               	movlw	0
   705  00020C  6E4F               	movwf	itoa@base+1,c
   706  00020E  0E0A               	movlw	10
   707  000210  6E4E               	movwf	itoa@base,c
   708  000212  EC75  F002         	call	_itoa	;wreg free
   709                           
   710                           ;main.c: 311: write_uart (buf);
   711  000216  0E00               	movlw	high _buf
   712  000218  6E3C               	movwf	write_uart@txt+1,c
   713  00021A  0E21               	movlw	low _buf
   714  00021C  6E3B               	movwf	write_uart@txt,c
   715  00021E  EC1A  F003         	call	_write_uart	;wreg free
   716  000222                     l1064:
   717                           
   718                           ;main.c: 313: }
   719                           ;main.c: 315: if (error > 1) {
   720  000222  5008               	movf	_error+1,w,c
   721  000224  0A80               	xorlw	128
   722  000226  0F80               	addlw	-128
   723  000228  0E02               	movlw	2
   724  00022A  B4D8               	btfsc	status,2,c
   725  00022C  5C07               	subwf	_error,w,c
   726  00022E  A0D8               	btfss	status,0,c
   727  000230  D048               	goto	l1088
   728                           
   729                           ;main.c: 316: en_drive();
   730  000232  EC8B  F003         	call	_en_drive	;wreg free
   731                           
   732                           ;main.c: 317: pid_outi = abs(error);
   733  000236  C007  F039         	movff	_error,abs@a
   734  00023A  C008  F03A         	movff	_error+1,abs@a+1
   735  00023E  ECFE  F002         	call	_abs	;wreg free
   736  000242  C039  F017         	movff	?_abs,_pid_outi
   737  000246  C03A  F018         	movff	?_abs+1,_pid_outi+1
   738                           
   739                           ;main.c: 319: if (pid_outi > 0x1F) {
   740  00024A  5018               	movf	_pid_outi+1,w,c
   741  00024C  0A80               	xorlw	128
   742  00024E  0F80               	addlw	-128
   743  000250  0E20               	movlw	32
   744  000252  B4D8               	btfsc	status,2,c
   745  000254  5C17               	subwf	_pid_outi,w,c
   746  000256  B0D8               	btfsc	status,0,c
   747                           
   748                           ;main.c: 320: LATCbits.LATC1 = 0;
   749  000258  928B               	bcf	3979,1,c	;volatile
   750                           
   751                           ;main.c: 321: }
   752                           ;main.c: 323: pid_outi = (pid_outi / 4);
   753  00025A  C017  F039         	movff	_pid_outi,___awdiv@dividend
   754  00025E  C018  F03A         	movff	_pid_outi+1,___awdiv@dividend+1
   755  000262  0E00               	movlw	0
   756  000264  6E3C               	movwf	___awdiv@divisor+1,c
   757  000266  0E04               	movlw	4
   758  000268  6E3B               	movwf	___awdiv@divisor,c
   759  00026A  ECA0  F001         	call	___awdiv	;wreg free
   760  00026E  C039  F017         	movff	?___awdiv,_pid_outi
   761  000272  C03A  F018         	movff	?___awdiv+1,_pid_outi+1
   762                           
   763                           ;main.c: 325: dir_fwd();
   764  000276  EC91  F003         	call	_dir_fwd	;wreg free
   765                           
   766                           ;main.c: 327: pid_out=pid_outi;
   767  00027A  C017  F015         	movff	_pid_outi,_pid_out
   768  00027E  C018  F016         	movff	_pid_outi+1,_pid_out+1
   769                           
   770                           ;main.c: 328: drive(pid_out);
   771  000282  C015  F039         	movff	_pid_out,drive@inc
   772  000286  C016  F03A         	movff	_pid_out+1,drive@inc+1
   773  00028A  ECE2  F002         	call	_drive	;wreg free
   774                           
   775                           ;main.c: 331: uart_xmit ('+');
   776  00028E  0E00               	movlw	0
   777  000290  6E3A               	movwf	uart_xmit@mydata_byte+1,c
   778  000292  0E2B               	movlw	43
   779  000294  6E39               	movwf	uart_xmit@mydata_byte,c
   780  000296  EC84  F003         	call	_uart_xmit	;wreg free
   781                           
   782                           ;main.c: 332: itoa(buf,pid_out,10);
   783  00029A  0E00               	movlw	high _buf
   784  00029C  6E4B               	movwf	itoa@buf+1,c
   785  00029E  0E21               	movlw	low _buf
   786  0002A0  6E4A               	movwf	itoa@buf,c
   787  0002A2  C015  F04C         	movff	_pid_out,itoa@val
   788  0002A6  C016  F04D         	movff	_pid_out+1,itoa@val+1
   789  0002AA  0E00               	movlw	0
   790  0002AC  6E4F               	movwf	itoa@base+1,c
   791  0002AE  0E0A               	movlw	10
   792  0002B0  6E4E               	movwf	itoa@base,c
   793  0002B2  EC75  F002         	call	_itoa	;wreg free
   794                           
   795                           ;main.c: 333: write_uart (buf);
   796  0002B6  0E00               	movlw	high _buf
   797  0002B8  6E3C               	movwf	write_uart@txt+1,c
   798  0002BA  0E21               	movlw	low _buf
   799  0002BC  6E3B               	movwf	write_uart@txt,c
   800  0002BE  EC1A  F003         	call	_write_uart	;wreg free
   801  0002C2                     l1088:
   802                           
   803                           ;main.c: 334: }
   804                           ;main.c: 336: pid_int = ((pid_int + pid_outi+2)/2);
   805  0002C2  C013  F052         	movff	_pid_int,??_main
   806  0002C6  C014  F053         	movff	_pid_int+1,??_main+1
   807  0002CA  5017               	movf	_pid_outi,w,c
   808  0002CC  2652               	addwf	??_main,f,c
   809  0002CE  5018               	movf	_pid_outi+1,w,c
   810  0002D0  2253               	addwfc	??_main+1,f,c
   811  0002D2  0E02               	movlw	2
   812  0002D4  2452               	addwf	??_main,w,c
   813  0002D6  6E39               	movwf	___awdiv@dividend,c
   814  0002D8  0E00               	movlw	0
   815  0002DA  2053               	addwfc	??_main+1,w,c
   816  0002DC  6E3A               	movwf	___awdiv@dividend+1,c
   817  0002DE  0E00               	movlw	0
   818  0002E0  6E3C               	movwf	___awdiv@divisor+1,c
   819  0002E2  0E02               	movlw	2
   820  0002E4  6E3B               	movwf	___awdiv@divisor,c
   821  0002E6  ECA0  F001         	call	___awdiv	;wreg free
   822  0002EA  C039  F013         	movff	?___awdiv,_pid_int
   823  0002EE  C03A  F014         	movff	?___awdiv+1,_pid_int+1
   824                           
   825                           ;main.c: 337: uart_xmit (' ');
   826  0002F2  0E00               	movlw	0
   827  0002F4  6E3A               	movwf	uart_xmit@mydata_byte+1,c
   828  0002F6  0E20               	movlw	32
   829  0002F8  6E39               	movwf	uart_xmit@mydata_byte,c
   830  0002FA  EC84  F003         	call	_uart_xmit	;wreg free
   831                           
   832                           ;main.c: 338: uart_xmit ('i');
   833  0002FE  0E00               	movlw	0
   834  000300  6E3A               	movwf	uart_xmit@mydata_byte+1,c
   835  000302  0E69               	movlw	105
   836  000304  6E39               	movwf	uart_xmit@mydata_byte,c
   837  000306  EC84  F003         	call	_uart_xmit	;wreg free
   838                           
   839                           ;main.c: 339: itoa(buf,pid_int,10);
   840  00030A  0E00               	movlw	high _buf
   841  00030C  6E4B               	movwf	itoa@buf+1,c
   842  00030E  0E21               	movlw	low _buf
   843  000310  6E4A               	movwf	itoa@buf,c
   844  000312  C013  F04C         	movff	_pid_int,itoa@val
   845  000316  C014  F04D         	movff	_pid_int+1,itoa@val+1
   846  00031A  0E00               	movlw	0
   847  00031C  6E4F               	movwf	itoa@base+1,c
   848  00031E  0E0A               	movlw	10
   849  000320  6E4E               	movwf	itoa@base,c
   850  000322  EC75  F002         	call	_itoa	;wreg free
   851                           
   852                           ;main.c: 340: write_uart (buf);
   853  000326  0E00               	movlw	high _buf
   854  000328  6E3C               	movwf	write_uart@txt+1,c
   855  00032A  0E21               	movlw	low _buf
   856  00032C  6E3B               	movwf	write_uart@txt,c
   857  00032E  EC1A  F003         	call	_write_uart	;wreg free
   858                           
   859                           ;main.c: 341: uart_xmit (0x0D);
   860  000332  0E00               	movlw	0
   861  000334  6E3A               	movwf	uart_xmit@mydata_byte+1,c
   862  000336  0E0D               	movlw	13
   863  000338  6E39               	movwf	uart_xmit@mydata_byte,c
   864  00033A  EC84  F003         	call	_uart_xmit	;wreg free
   865  00033E  D6D2               	goto	l1014
   866  000340                     __end_of_main:
   867                           	opt stack 0
   868                           pclatu	equ	0xFFB
   869                           pclath	equ	0xFFA
   870                           tblptru	equ	0xFF8
   871                           tblptrh	equ	0xFF7
   872                           tblptrl	equ	0xFF6
   873                           tablat	equ	0xFF5
   874                           prodh	equ	0xFF4
   875                           prodl	equ	0xFF3
   876                           intcon	equ	0xFF2
   877                           postinc0	equ	0xFEE
   878                           fsr0h	equ	0xFEA
   879                           fsr0l	equ	0xFE9
   880                           wreg	equ	0xFE8
   881                           fsr1h	equ	0xFE2
   882                           fsr1l	equ	0xFE1
   883                           fsr2h	equ	0xFDA
   884                           fsr2l	equ	0xFD9
   885                           status	equ	0xFD8
   886                           
   887 ;; *************** function _write_uart *****************
   888 ;; Defined at:
   889 ;;		line 87 in file "main.c"
   890 ;; Parameters:    Size  Location     Type
   891 ;;  txt             2   16[COMRAM] PTR const unsigned char 
   892 ;;		 -> buf(10), 
   893 ;; Auto vars:     Size  Location     Type
   894 ;;		None
   895 ;; Return value:  Size  Location     Type
   896 ;;		None               void
   897 ;; Registers used:
   898 ;;		wreg, fsr2l, fsr2h, status,2, status,0, cstack
   899 ;; Tracked objects:
   900 ;;		On entry : 0/0
   901 ;;		On exit  : 0/0
   902 ;;		Unchanged: 0/0
   903 ;; Data sizes:     COMRAM   BANK0   BANK1
   904 ;;      Params:         2       0       0
   905 ;;      Locals:         0       0       0
   906 ;;      Temps:          1       0       0
   907 ;;      Totals:         3       0       0
   908 ;;Total ram usage:        3 bytes
   909 ;; Hardware stack levels used:    1
   910 ;; Hardware stack levels required when called:    2
   911 ;; This function calls:
   912 ;;		_uart_xmit
   913 ;; This function is called by:
   914 ;;		_main
   915 ;; This function uses a non-reentrant model
   916 ;;
   917                           
   918                           	psect	text1
   919  000634                     __ptext1:
   920                           	opt stack 0
   921  000634                     _write_uart:
   922                           	opt stack 28
   923                           
   924                           ;main.c: 91: while(*txt)
   925                           
   926                           ;incstack = 0
   927  000634  D00D               	goto	l888
   928  000636                     l884:
   929                           
   930                           ;main.c: 92: uart_xmit(*txt++);
   931  000636  C03B  FFD9         	movff	write_uart@txt,fsr2l
   932  00063A  C03C  FFDA         	movff	write_uart@txt+1,fsr2h
   933  00063E  50DF               	movf	indf2,w,c
   934  000640  6E3D               	movwf	??_write_uart& (0+255),c
   935  000642  503D               	movf	??_write_uart,w,c
   936  000644  6E39               	movwf	uart_xmit@mydata_byte,c
   937  000646  6A3A               	clrf	uart_xmit@mydata_byte+1,c
   938  000648  EC84  F003         	call	_uart_xmit	;wreg free
   939  00064C  4A3B               	infsnz	write_uart@txt,f,c
   940  00064E  2A3C               	incf	write_uart@txt+1,f,c
   941  000650                     l888:
   942  000650  C03B  FFD9         	movff	write_uart@txt,fsr2l
   943  000654  C03C  FFDA         	movff	write_uart@txt+1,fsr2h
   944  000658  50DF               	movf	indf2,w,c
   945  00065A  B4D8               	btfsc	status,2,c
   946  00065C  0012               	return	
   947  00065E  D7EB               	goto	l884
   948  000660                     __end_of_write_uart:
   949                           	opt stack 0
   950                           pclatu	equ	0xFFB
   951                           pclath	equ	0xFFA
   952                           tblptru	equ	0xFF8
   953                           tblptrh	equ	0xFF7
   954                           tblptrl	equ	0xFF6
   955                           tablat	equ	0xFF5
   956                           prodh	equ	0xFF4
   957                           prodl	equ	0xFF3
   958                           intcon	equ	0xFF2
   959                           postinc0	equ	0xFEE
   960                           fsr0h	equ	0xFEA
   961                           fsr0l	equ	0xFE9
   962                           wreg	equ	0xFE8
   963                           fsr1h	equ	0xFE2
   964                           fsr1l	equ	0xFE1
   965                           indf2	equ	0xFDF
   966                           fsr2h	equ	0xFDA
   967                           fsr2l	equ	0xFD9
   968                           status	equ	0xFD8
   969                           
   970 ;; *************** function _uart_xmit *****************
   971 ;; Defined at:
   972 ;;		line 81 in file "main.c"
   973 ;; Parameters:    Size  Location     Type
   974 ;;  mydata_byte     2   14[COMRAM] unsigned int 
   975 ;; Auto vars:     Size  Location     Type
   976 ;;		None
   977 ;; Return value:  Size  Location     Type
   978 ;;		None               void
   979 ;; Registers used:
   980 ;;		None
   981 ;; Tracked objects:
   982 ;;		On entry : 0/0
   983 ;;		On exit  : 0/0
   984 ;;		Unchanged: 0/0
   985 ;; Data sizes:     COMRAM   BANK0   BANK1
   986 ;;      Params:         2       0       0
   987 ;;      Locals:         0       0       0
   988 ;;      Temps:          0       0       0
   989 ;;      Totals:         2       0       0
   990 ;;Total ram usage:        2 bytes
   991 ;; Hardware stack levels used:    1
   992 ;; Hardware stack levels required when called:    1
   993 ;; This function calls:
   994 ;;		Nothing
   995 ;; This function is called by:
   996 ;;		_write_uart
   997 ;;		_main
   998 ;; This function uses a non-reentrant model
   999 ;;
  1000                           
  1001                           	psect	text2
  1002  000708                     __ptext2:
  1003                           	opt stack 0
  1004  000708                     _uart_xmit:
  1005                           	opt stack 28
  1006  000708                     l102:
  1007  000708  A2AC               	btfss	4012,1,c	;volatile
  1008  00070A  D7FE               	goto	l102
  1009                           
  1010                           ;main.c: 84: TXREG = mydata_byte;
  1011  00070C  C039  FFAD         	movff	uart_xmit@mydata_byte,4013	;volatile
  1012  000710  0012               	return	
  1013  000712                     __end_of_uart_xmit:
  1014                           	opt stack 0
  1015                           pclatu	equ	0xFFB
  1016                           pclath	equ	0xFFA
  1017                           tblptru	equ	0xFF8
  1018                           tblptrh	equ	0xFF7
  1019                           tblptrl	equ	0xFF6
  1020                           tablat	equ	0xFF5
  1021                           prodh	equ	0xFF4
  1022                           prodl	equ	0xFF3
  1023                           intcon	equ	0xFF2
  1024                           postinc0	equ	0xFEE
  1025                           fsr0h	equ	0xFEA
  1026                           fsr0l	equ	0xFE9
  1027                           wreg	equ	0xFE8
  1028                           fsr1h	equ	0xFE2
  1029                           fsr1l	equ	0xFE1
  1030                           indf2	equ	0xFDF
  1031                           fsr2h	equ	0xFDA
  1032                           fsr2l	equ	0xFD9
  1033                           status	equ	0xFD8
  1034                           
  1035 ;; *************** function _serial_init *****************
  1036 ;; Defined at:
  1037 ;;		line 95 in file "main.c"
  1038 ;; Parameters:    Size  Location     Type
  1039 ;;		None
  1040 ;; Auto vars:     Size  Location     Type
  1041 ;;		None
  1042 ;; Return value:  Size  Location     Type
  1043 ;;		None               void
  1044 ;; Registers used:
  1045 ;;		wreg, status,2
  1046 ;; Tracked objects:
  1047 ;;		On entry : 0/0
  1048 ;;		On exit  : 0/0
  1049 ;;		Unchanged: 0/0
  1050 ;; Data sizes:     COMRAM   BANK0   BANK1
  1051 ;;      Params:         0       0       0
  1052 ;;      Locals:         0       0       0
  1053 ;;      Temps:          1       0       0
  1054 ;;      Totals:         1       0       0
  1055 ;;Total ram usage:        1 bytes
  1056 ;; Hardware stack levels used:    1
  1057 ;; Hardware stack levels required when called:    1
  1058 ;; This function calls:
  1059 ;;		Nothing
  1060 ;; This function is called by:
  1061 ;;		_main
  1062 ;; This function uses a non-reentrant model
  1063 ;;
  1064                           
  1065                           	psect	text3
  1066  00068C                     __ptext3:
  1067                           	opt stack 0
  1068  00068C                     _serial_init:
  1069                           	opt stack 29
  1070                           
  1071                           ;main.c: 105: TXSTAbits.BRGH=1;
  1072                           
  1073                           ;incstack = 0
  1074  00068C  84AC               	bsf	4012,2,c	;volatile
  1075                           
  1076                           ;main.c: 106: TXSTAbits.TX9=0;
  1077  00068E  9CAC               	bcf	4012,6,c	;volatile
  1078                           
  1079                           ;main.c: 107: TXSTAbits.TXEN=1;
  1080  000690  8AAC               	bsf	4012,5,c	;volatile
  1081                           
  1082                           ;main.c: 108: BAUDCONbits.BRG16=0;
  1083  000692  96B8               	bcf	4024,3,c	;volatile
  1084                           
  1085                           ;main.c: 110: RCSTAbits.SPEN=1;
  1086  000694  8EAB               	bsf	4011,7,c	;volatile
  1087                           
  1088                           ;main.c: 111: RCSTAbits.RX9=0;
  1089  000696  9CAB               	bcf	4011,6,c	;volatile
  1090                           
  1091                           ;main.c: 112: RCSTAbits.CREN=1;
  1092  000698  88AB               	bsf	4011,4,c	;volatile
  1093                           
  1094                           ;main.c: 115: SPBRG=25;
  1095  00069A  0E19               	movlw	25
  1096  00069C  6EAF               	movwf	4015,c	;volatile
  1097                           
  1098                           ;main.c: 118: PIR1bits.RCIF=0;
  1099  00069E  9A9E               	bcf	3998,5,c	;volatile
  1100                           
  1101                           ;main.c: 119: PIE1bits.RCIE=1;
  1102  0006A0  8A9D               	bsf	3997,5,c	;volatile
  1103                           
  1104                           ;main.c: 122: _delay((unsigned long)((10)*(16000000/4000.0)));
  1105  0006A2  0E34               	movlw	52
  1106  0006A4  6E39               	movwf	??_serial_init& (0+255),c
  1107  0006A6  0EF2               	movlw	242
  1108  0006A8                     u327:
  1109  0006A8  2EE8               	decfsz	wreg,f,c
  1110  0006AA  D7FE               	goto	u327
  1111  0006AC  2E39               	decfsz	??_serial_init& (0+255),f,c
  1112  0006AE  D7FC               	goto	u327
  1113  0006B0  0012               	return	
  1114  0006B2                     __end_of_serial_init:
  1115                           	opt stack 0
  1116                           pclatu	equ	0xFFB
  1117                           pclath	equ	0xFFA
  1118                           tblptru	equ	0xFF8
  1119                           tblptrh	equ	0xFF7
  1120                           tblptrl	equ	0xFF6
  1121                           tablat	equ	0xFF5
  1122                           prodh	equ	0xFF4
  1123                           prodl	equ	0xFF3
  1124                           intcon	equ	0xFF2
  1125                           postinc0	equ	0xFEE
  1126                           fsr0h	equ	0xFEA
  1127                           fsr0l	equ	0xFE9
  1128                           wreg	equ	0xFE8
  1129                           fsr1h	equ	0xFE2
  1130                           fsr1l	equ	0xFE1
  1131                           indf2	equ	0xFDF
  1132                           fsr2h	equ	0xFDA
  1133                           fsr2l	equ	0xFD9
  1134                           status	equ	0xFD8
  1135                           
  1136 ;; *************** function _run_timer *****************
  1137 ;; Defined at:
  1138 ;;		line 190 in file "main.c"
  1139 ;; Parameters:    Size  Location     Type
  1140 ;;		None
  1141 ;; Auto vars:     Size  Location     Type
  1142 ;;		None
  1143 ;; Return value:  Size  Location     Type
  1144 ;;		None               void
  1145 ;; Registers used:
  1146 ;;		wreg, status,2
  1147 ;; Tracked objects:
  1148 ;;		On entry : 0/0
  1149 ;;		On exit  : 0/0
  1150 ;;		Unchanged: 0/0
  1151 ;; Data sizes:     COMRAM   BANK0   BANK1
  1152 ;;      Params:         0       0       0
  1153 ;;      Locals:         0       0       0
  1154 ;;      Temps:          0       0       0
  1155 ;;      Totals:         0       0       0
  1156 ;;Total ram usage:        0 bytes
  1157 ;; Hardware stack levels used:    1
  1158 ;; Hardware stack levels required when called:    1
  1159 ;; This function calls:
  1160 ;;		Nothing
  1161 ;; This function is called by:
  1162 ;;		_main
  1163 ;; This function uses a non-reentrant model
  1164 ;;
  1165                           
  1166                           	psect	text4
  1167  0006B2                     __ptext4:
  1168                           	opt stack 0
  1169  0006B2                     _run_timer:
  1170                           	opt stack 29
  1171                           
  1172                           ;main.c: 192: T1CONbits.TMR1ON = 0;
  1173                           
  1174                           ;incstack = 0
  1175  0006B2  90CD               	bcf	4045,0,c	;volatile
  1176                           
  1177                           ;main.c: 193: PIR1bits.TMR1IF=0;
  1178  0006B4  909E               	bcf	3998,0,c	;volatile
  1179                           
  1180                           ;main.c: 197: TMR1L=0x0A;
  1181  0006B6  0E0A               	movlw	10
  1182  0006B8  6ECE               	movwf	4046,c	;volatile
  1183                           
  1184                           ;main.c: 198: TMR1H=0x09;
  1185  0006BA  0E09               	movlw	9
  1186  0006BC  6ECF               	movwf	4047,c	;volatile
  1187                           
  1188                           ;main.c: 200: T1CONbits.TMR1CS = 0;
  1189  0006BE  92CD               	bcf	4045,1,c	;volatile
  1190                           
  1191                           ;main.c: 201: T1CONbits.T1CKPS = 0x01;
  1192  0006C0  50CD               	movf	4045,w,c	;volatile
  1193  0006C2  0BCF               	andlw	-49
  1194  0006C4  0910               	iorlw	16
  1195  0006C6  6ECD               	movwf	4045,c	;volatile
  1196                           
  1197                           ;main.c: 202: PIE1bits.TMR1IE = 1;
  1198  0006C8  809D               	bsf	3997,0,c	;volatile
  1199                           
  1200                           ;main.c: 203: T1CONbits.TMR1ON = 1;
  1201  0006CA  80CD               	bsf	4045,0,c	;volatile
  1202  0006CC  0012               	return	
  1203  0006CE                     __end_of_run_timer:
  1204                           	opt stack 0
  1205                           pclatu	equ	0xFFB
  1206                           pclath	equ	0xFFA
  1207                           tblptru	equ	0xFF8
  1208                           tblptrh	equ	0xFF7
  1209                           tblptrl	equ	0xFF6
  1210                           tablat	equ	0xFF5
  1211                           prodh	equ	0xFF4
  1212                           prodl	equ	0xFF3
  1213                           intcon	equ	0xFF2
  1214                           postinc0	equ	0xFEE
  1215                           fsr0h	equ	0xFEA
  1216                           fsr0l	equ	0xFE9
  1217                           wreg	equ	0xFE8
  1218                           fsr1h	equ	0xFE2
  1219                           fsr1l	equ	0xFE1
  1220                           indf2	equ	0xFDF
  1221                           fsr2h	equ	0xFDA
  1222                           fsr2l	equ	0xFD9
  1223                           status	equ	0xFD8
  1224                           
  1225 ;; *************** function _read_adc *****************
  1226 ;; Defined at:
  1227 ;;		line 224 in file "main.c"
  1228 ;; Parameters:    Size  Location     Type
  1229 ;;		None
  1230 ;; Auto vars:     Size  Location     Type
  1231 ;;		None
  1232 ;; Return value:  Size  Location     Type
  1233 ;;		None               void
  1234 ;; Registers used:
  1235 ;;		wreg
  1236 ;; Tracked objects:
  1237 ;;		On entry : 0/0
  1238 ;;		On exit  : 0/0
  1239 ;;		Unchanged: 0/0
  1240 ;; Data sizes:     COMRAM   BANK0   BANK1
  1241 ;;      Params:         0       0       0
  1242 ;;      Locals:         0       0       0
  1243 ;;      Temps:          0       0       0
  1244 ;;      Totals:         0       0       0
  1245 ;;Total ram usage:        0 bytes
  1246 ;; Hardware stack levels used:    1
  1247 ;; Hardware stack levels required when called:    1
  1248 ;; This function calls:
  1249 ;;		Nothing
  1250 ;; This function is called by:
  1251 ;;		_main
  1252 ;; This function uses a non-reentrant model
  1253 ;;
  1254                           
  1255                           	psect	text5
  1256  000582                     __ptext5:
  1257                           	opt stack 0
  1258  000582                     _read_adc:
  1259                           	opt stack 29
  1260                           
  1261                           ;main.c: 226: ADCON0bits.CHS0 = 0;
  1262                           
  1263                           ;incstack = 0
  1264  000582  94C2               	bcf	4034,2,c	;volatile
  1265                           
  1266                           ;main.c: 227: ADCON0bits.CHS1 = 0;
  1267  000584  96C2               	bcf	4034,3,c	;volatile
  1268                           
  1269                           ;main.c: 228: ADCON0bits.CHS2 = 1;
  1270  000586  88C2               	bsf	4034,4,c	;volatile
  1271                           
  1272                           ;main.c: 229: ADCON0bits.CHS3 = 0;
  1273  000588  9AC2               	bcf	4034,5,c	;volatile
  1274                           
  1275                           ;main.c: 230: ADCON0bits.ADON = 1;
  1276  00058A  80C2               	bsf	4034,0,c	;volatile
  1277                           
  1278                           ;main.c: 231: _delay((unsigned long)((5)*(16000000/4000000.0)));
  1279  00058C  0E06               	movlw	6
  1280  00058E                     u337:
  1281  00058E  2EE8               	decfsz	wreg,f,c
  1282  000590  D7FE               	goto	u337
  1283  000592  D000               	nop2		;nop
  1284                           
  1285                           ;main.c: 233: ADCON0bits.GO = 1;
  1286  000594  82C2               	bsf	4034,1,c	;volatile
  1287                           
  1288                           ;main.c: 235: _delay((unsigned long)((5)*(16000000/4000000.0)));
  1289  000596  0E06               	movlw	6
  1290  000598                     u347:
  1291  000598  2EE8               	decfsz	wreg,f,c
  1292  00059A  D7FE               	goto	u347
  1293  00059C  D000               	nop2		;nop
  1294  00059E                     l153:
  1295  00059E  B2C2               	btfsc	4034,1,c	;volatile
  1296  0005A0  D7FE               	goto	l153
  1297                           
  1298                           ;main.c: 238: an4_value = ADRESH;
  1299  0005A2  CFC4 F005          	movff	4036,_an4_value	;volatile
  1300  0005A6  6A06               	clrf	_an4_value+1,c
  1301                           
  1302                           ;main.c: 240: decm = an4_value;
  1303  0005A8  C005  F001         	movff	_an4_value,_decm
  1304  0005AC  C006  F002         	movff	_an4_value+1,_decm+1
  1305  0005B0  0E00               	movlw	0
  1306  0005B2  BE02               	btfsc	_decm+1,7,c
  1307  0005B4  0EFF               	movlw	-1
  1308  0005B6  6E03               	movwf	_decm+2,c
  1309  0005B8  6E04               	movwf	_decm+3,c
  1310                           
  1311                           ;main.c: 241: txdata = decm * 1;
  1312  0005BA  C001  F01D         	movff	_decm,_txdata
  1313  0005BE  C002  F01E         	movff	_decm+1,_txdata+1
  1314  0005C2  0012               	return	
  1315  0005C4                     __end_of_read_adc:
  1316                           	opt stack 0
  1317                           pclatu	equ	0xFFB
  1318                           pclath	equ	0xFFA
  1319                           tblptru	equ	0xFF8
  1320                           tblptrh	equ	0xFF7
  1321                           tblptrl	equ	0xFF6
  1322                           tablat	equ	0xFF5
  1323                           prodh	equ	0xFF4
  1324                           prodl	equ	0xFF3
  1325                           intcon	equ	0xFF2
  1326                           postinc0	equ	0xFEE
  1327                           fsr0h	equ	0xFEA
  1328                           fsr0l	equ	0xFE9
  1329                           wreg	equ	0xFE8
  1330                           fsr1h	equ	0xFE2
  1331                           fsr1l	equ	0xFE1
  1332                           indf2	equ	0xFDF
  1333                           fsr2h	equ	0xFDA
  1334                           fsr2l	equ	0xFD9
  1335                           status	equ	0xFD8
  1336                           
  1337 ;; *************** function _pid *****************
  1338 ;; Defined at:
  1339 ;;		line 207 in file "main.c"
  1340 ;; Parameters:    Size  Location     Type
  1341 ;;  pv              2   14[COMRAM] int 
  1342 ;; Auto vars:     Size  Location     Type
  1343 ;;  err             2   16[COMRAM] int 
  1344 ;; Return value:  Size  Location     Type
  1345 ;;                  2   14[COMRAM] int 
  1346 ;; Registers used:
  1347 ;;		wreg, status,2, status,0
  1348 ;; Tracked objects:
  1349 ;;		On entry : 0/0
  1350 ;;		On exit  : 0/0
  1351 ;;		Unchanged: 0/0
  1352 ;; Data sizes:     COMRAM   BANK0   BANK1
  1353 ;;      Params:         2       0       0
  1354 ;;      Locals:         2       0       0
  1355 ;;      Temps:          0       0       0
  1356 ;;      Totals:         4       0       0
  1357 ;;Total ram usage:        4 bytes
  1358 ;; Hardware stack levels used:    1
  1359 ;; Hardware stack levels required when called:    1
  1360 ;; This function calls:
  1361 ;;		Nothing
  1362 ;; This function is called by:
  1363 ;;		_main
  1364 ;; This function uses a non-reentrant model
  1365 ;;
  1366                           
  1367                           	psect	text6
  1368  0006CE                     __ptext6:
  1369                           	opt stack 0
  1370  0006CE                     _pid:
  1371                           	opt stack 29
  1372                           
  1373                           ;main.c: 208: int err;
  1374                           ;main.c: 209: err = pv - 0x7E;
  1375                           
  1376                           ;incstack = 0
  1377  0006CE  0E82               	movlw	130
  1378  0006D0  2439               	addwf	pid@pv,w,c
  1379  0006D2  6E3B               	movwf	pid@err,c
  1380  0006D4  0EFF               	movlw	255
  1381  0006D6  203A               	addwfc	pid@pv+1,w,c
  1382  0006D8  6E3C               	movwf	pid@err+1,c
  1383                           
  1384                           ;main.c: 213: return err;
  1385  0006DA  C03B  F039         	movff	pid@err,?_pid
  1386  0006DE  C03C  F03A         	movff	pid@err+1,?_pid+1
  1387  0006E2  0012               	return	
  1388  0006E4                     __end_of_pid:
  1389                           	opt stack 0
  1390                           pclatu	equ	0xFFB
  1391                           pclath	equ	0xFFA
  1392                           tblptru	equ	0xFF8
  1393                           tblptrh	equ	0xFF7
  1394                           tblptrl	equ	0xFF6
  1395                           tablat	equ	0xFF5
  1396                           prodh	equ	0xFF4
  1397                           prodl	equ	0xFF3
  1398                           intcon	equ	0xFF2
  1399                           postinc0	equ	0xFEE
  1400                           fsr0h	equ	0xFEA
  1401                           fsr0l	equ	0xFE9
  1402                           wreg	equ	0xFE8
  1403                           fsr1h	equ	0xFE2
  1404                           fsr1l	equ	0xFE1
  1405                           indf2	equ	0xFDF
  1406                           fsr2h	equ	0xFDA
  1407                           fsr2l	equ	0xFD9
  1408                           status	equ	0xFD8
  1409                           
  1410 ;; *************** function _low_speed *****************
  1411 ;; Defined at:
  1412 ;;		line 176 in file "main.c"
  1413 ;; Parameters:    Size  Location     Type
  1414 ;;		None
  1415 ;; Auto vars:     Size  Location     Type
  1416 ;;		None
  1417 ;; Return value:  Size  Location     Type
  1418 ;;		None               void
  1419 ;; Registers used:
  1420 ;;		None
  1421 ;; Tracked objects:
  1422 ;;		On entry : 0/0
  1423 ;;		On exit  : 0/0
  1424 ;;		Unchanged: 0/0
  1425 ;; Data sizes:     COMRAM   BANK0   BANK1
  1426 ;;      Params:         0       0       0
  1427 ;;      Locals:         0       0       0
  1428 ;;      Temps:          0       0       0
  1429 ;;      Totals:         0       0       0
  1430 ;;Total ram usage:        0 bytes
  1431 ;; Hardware stack levels used:    1
  1432 ;; Hardware stack levels required when called:    1
  1433 ;; This function calls:
  1434 ;;		Nothing
  1435 ;; This function is called by:
  1436 ;;		_main
  1437 ;; This function uses a non-reentrant model
  1438 ;;
  1439                           
  1440                           	psect	text7
  1441  000712                     __ptext7:
  1442                           	opt stack 0
  1443  000712                     _low_speed:
  1444                           	opt stack 29
  1445                           
  1446                           ;main.c: 177: LATCbits.LATC1 = 1;
  1447                           
  1448                           ;incstack = 0
  1449  000712  828B               	bsf	3979,1,c	;volatile
  1450  000714  0012               	return	
  1451  000716                     __end_of_low_speed:
  1452                           	opt stack 0
  1453                           pclatu	equ	0xFFB
  1454                           pclath	equ	0xFFA
  1455                           tblptru	equ	0xFF8
  1456                           tblptrh	equ	0xFF7
  1457                           tblptrl	equ	0xFF6
  1458                           tablat	equ	0xFF5
  1459                           prodh	equ	0xFF4
  1460                           prodl	equ	0xFF3
  1461                           intcon	equ	0xFF2
  1462                           postinc0	equ	0xFEE
  1463                           fsr0h	equ	0xFEA
  1464                           fsr0l	equ	0xFE9
  1465                           wreg	equ	0xFE8
  1466                           fsr1h	equ	0xFE2
  1467                           fsr1l	equ	0xFE1
  1468                           indf2	equ	0xFDF
  1469                           fsr2h	equ	0xFDA
  1470                           fsr2l	equ	0xFD9
  1471                           status	equ	0xFD8
  1472                           
  1473 ;; *************** function _itoa *****************
  1474 ;; Defined at:
  1475 ;;		line 4 in file "C:\Program Files\Microchip\xc8\v1.30\sources\common\itoa.c"
  1476 ;; Parameters:    Size  Location     Type
  1477 ;;  buf             2   31[COMRAM] PTR unsigned char 
  1478 ;;		 -> buf(10), 
  1479 ;;  val             2   33[COMRAM] int 
  1480 ;;  base            2   35[COMRAM] int 
  1481 ;; Auto vars:     Size  Location     Type
  1482 ;;  cp              2   37[COMRAM] PTR unsigned char 
  1483 ;;		 -> buf(10), 
  1484 ;; Return value:  Size  Location     Type
  1485 ;;                  2   31[COMRAM] PTR unsigned char 
  1486 ;; Registers used:
  1487 ;;		wreg, fsr0l, fsr0h, fsr1l, fsr1h, fsr1l, fsr1h, fsr2l, fsr2h, status,2, status,0, pclat, btemp, btemp+1, btemp+2, bt
      +emp+3, btemp+4, btemp+5, btemp+6, btemp+7, btemp+8, btemp+9, btemp+10, btemp+11, tosl, structret, tblptrl, tblptrh, tblp
      +tru, prodl, prodh, bsr, cstack
  1488 ;; Tracked objects:
  1489 ;;		On entry : 0/0
  1490 ;;		On exit  : 0/0
  1491 ;;		Unchanged: 0/0
  1492 ;; Data sizes:     COMRAM   BANK0   BANK1
  1493 ;;      Params:         6       0       0
  1494 ;;      Locals:         2       0       0
  1495 ;;      Temps:          0       0       0
  1496 ;;      Totals:         8       0       0
  1497 ;;Total ram usage:        8 bytes
  1498 ;; Hardware stack levels used:    1
  1499 ;; Hardware stack levels required when called:    3
  1500 ;; This function calls:
  1501 ;;		_utoa
  1502 ;; This function is called by:
  1503 ;;		_main
  1504 ;; This function uses a non-reentrant model
  1505 ;;
  1506                           
  1507                           	psect	text8
  1508  0004EA                     __ptext8:
  1509                           	opt stack 0
  1510  0004EA                     _itoa:
  1511                           	opt stack 27
  1512                           
  1513                           ;incstack = 0
  1514  0004EA  C04B  F051         	movff	itoa@buf+1,itoa@cp+1
  1515  0004EE  C04A  F050         	movff	itoa@buf,itoa@cp
  1516  0004F2  504D               	movf	itoa@val+1,w,c
  1517  0004F4  0A80               	xorlw	128
  1518  0004F6  6EF3               	movwf	prodl,c
  1519  0004F8  0E80               	movlw	128
  1520  0004FA  5CF3               	subwf	prodl,w,c
  1521  0004FC  0E00               	movlw	0
  1522  0004FE  B4D8               	btfsc	status,2,c
  1523  000500  5C4C               	subwf	itoa@val,w,c
  1524  000502  B0D8               	btfsc	status,0,c
  1525  000504  D00C               	goto	l1110
  1526  000506  C04A  FFD9         	movff	itoa@buf,fsr2l
  1527  00050A  C04B  FFDA         	movff	itoa@buf+1,fsr2h
  1528  00050E  0E2D               	movlw	45
  1529  000510  6EDF               	movwf	indf2,c
  1530  000512  4A4A               	infsnz	itoa@buf,f,c
  1531  000514  2A4B               	incf	itoa@buf+1,f,c
  1532  000516  6C4C               	negf	itoa@val,c
  1533  000518  1E4D               	comf	itoa@val+1,f,c
  1534  00051A  B0D8               	btfsc	status,0,c
  1535  00051C  2A4D               	incf	itoa@val+1,f,c
  1536  00051E                     l1110:
  1537  00051E  C04B  F042         	movff	itoa@buf+1,utoa@buf+1
  1538  000522  C04A  F041         	movff	itoa@buf,utoa@buf
  1539  000526  C04C  F043         	movff	itoa@val,utoa@val
  1540  00052A  C04D  F044         	movff	itoa@val+1,utoa@val+1
  1541  00052E  C04E  F045         	movff	itoa@base,utoa@base
  1542  000532  C04F  F046         	movff	itoa@base+1,utoa@base+1
  1543  000536  ECF8  F001         	call	_utoa	;wreg free
  1544  00053A  0012               	return	
  1545  00053C                     __end_of_itoa:
  1546                           	opt stack 0
  1547                           pclatu	equ	0xFFB
  1548                           pclath	equ	0xFFA
  1549                           tblptru	equ	0xFF8
  1550                           tblptrh	equ	0xFF7
  1551                           tblptrl	equ	0xFF6
  1552                           tablat	equ	0xFF5
  1553                           prodh	equ	0xFF4
  1554                           prodl	equ	0xFF3
  1555                           intcon	equ	0xFF2
  1556                           postinc0	equ	0xFEE
  1557                           fsr0h	equ	0xFEA
  1558                           fsr0l	equ	0xFE9
  1559                           wreg	equ	0xFE8
  1560                           fsr1h	equ	0xFE2
  1561                           fsr1l	equ	0xFE1
  1562                           indf2	equ	0xFDF
  1563                           fsr2h	equ	0xFDA
  1564                           fsr2l	equ	0xFD9
  1565                           status	equ	0xFD8
  1566                           
  1567 ;; *************** function _utoa *****************
  1568 ;; Defined at:
  1569 ;;		line 17 in file "C:\Program Files\Microchip\xc8\v1.30\sources\common\itoa.c"
  1570 ;; Parameters:    Size  Location     Type
  1571 ;;  buf             2   22[COMRAM] PTR unsigned char 
  1572 ;;		 -> buf(10), 
  1573 ;;  val             2   24[COMRAM] unsigned int 
  1574 ;;  base            2   26[COMRAM] int 
  1575 ;; Auto vars:     Size  Location     Type
  1576 ;;  v               2   28[COMRAM] unsigned int 
  1577 ;;  c               1   30[COMRAM] unsigned char 
  1578 ;; Return value:  Size  Location     Type
  1579 ;;                  2   22[COMRAM] PTR unsigned char 
  1580 ;; Registers used:
  1581 ;;		wreg, fsr0l, fsr0h, fsr1l, fsr1h, fsr1l, fsr1h, fsr2l, fsr2h, status,2, status,0, pclat, btemp, btemp+1, btemp+2, bt
      +emp+3, btemp+4, btemp+5, btemp+6, btemp+7, btemp+8, btemp+9, btemp+10, btemp+11, tosl, structret, tblptrl, tblptrh, tblp
      +tru, prodl, prodh, bsr, cstack
  1582 ;; Tracked objects:
  1583 ;;		On entry : 0/0
  1584 ;;		On exit  : 0/0
  1585 ;;		Unchanged: 0/0
  1586 ;; Data sizes:     COMRAM   BANK0   BANK1
  1587 ;;      Params:         6       0       0
  1588 ;;      Locals:         3       0       0
  1589 ;;      Temps:          0       0       0
  1590 ;;      Totals:         9       0       0
  1591 ;;Total ram usage:        9 bytes
  1592 ;; Hardware stack levels used:    1
  1593 ;; Hardware stack levels required when called:    2
  1594 ;; This function calls:
  1595 ;;		___lwdiv
  1596 ;;		___lwmod
  1597 ;; This function is called by:
  1598 ;;		_itoa
  1599 ;; This function uses a non-reentrant model
  1600 ;;
  1601                           
  1602                           	psect	text9
  1603  0003F0                     __ptext9:
  1604                           	opt stack 0
  1605  0003F0                     _utoa:
  1606                           	opt stack 27
  1607                           
  1608                           ;incstack = 0
  1609  0003F0  C043  F047         	movff	utoa@val,utoa@v
  1610  0003F4  C044  F048         	movff	utoa@val+1,utoa@v+1
  1611  0003F8                     l1164:
  1612  0003F8  C047  F039         	movff	utoa@v,___lwdiv@dividend
  1613  0003FC  C048  F03A         	movff	utoa@v+1,___lwdiv@dividend+1
  1614  000400  C045  F03B         	movff	utoa@base,___lwdiv@divisor
  1615  000404  C046  F03C         	movff	utoa@base+1,___lwdiv@divisor+1
  1616  000408  EC4A  F002         	call	___lwdiv	;wreg free
  1617  00040C  C039  F047         	movff	?___lwdiv,utoa@v
  1618  000410  C03A  F048         	movff	?___lwdiv+1,utoa@v+1
  1619  000414  4A41               	infsnz	utoa@buf,f,c
  1620  000416  2A42               	incf	utoa@buf+1,f,c
  1621  000418  5048               	movf	utoa@v+1,w,c
  1622  00041A  1047               	iorwf	utoa@v,w,c
  1623  00041C  A4D8               	btfss	status,2,c
  1624  00041E  D7EC               	goto	l1164
  1625  000420  C041  FFD9         	movff	utoa@buf,fsr2l
  1626  000424  C042  FFDA         	movff	utoa@buf+1,fsr2h
  1627  000428  0E00               	movlw	0
  1628  00042A  6EDF               	movwf	indf2,c
  1629  00042C  0641               	decf	utoa@buf,f,c
  1630  00042E  A0D8               	btfss	status,0,c
  1631  000430  0642               	decf	utoa@buf+1,f,c
  1632  000432                     l1174:
  1633  000432  C043  F039         	movff	utoa@val,___lwmod@dividend
  1634  000436  C044  F03A         	movff	utoa@val+1,___lwmod@dividend+1
  1635  00043A  C045  F03B         	movff	utoa@base,___lwmod@divisor
  1636  00043E  C046  F03C         	movff	utoa@base+1,___lwmod@divisor+1
  1637  000442  EC9E  F002         	call	___lwmod	;wreg free
  1638  000446  5039               	movf	?___lwmod,w,c
  1639  000448  6E49               	movwf	utoa@c,c
  1640  00044A  C043  F039         	movff	utoa@val,___lwdiv@dividend
  1641  00044E  C044  F03A         	movff	utoa@val+1,___lwdiv@dividend+1
  1642  000452  C045  F03B         	movff	utoa@base,___lwdiv@divisor
  1643  000456  C046  F03C         	movff	utoa@base+1,___lwdiv@divisor+1
  1644  00045A  EC4A  F002         	call	___lwdiv	;wreg free
  1645  00045E  C039  F043         	movff	?___lwdiv,utoa@val
  1646  000462  C03A  F044         	movff	?___lwdiv+1,utoa@val+1
  1647  000466  0E09               	movlw	9
  1648  000468  6449               	cpfsgt	utoa@c,c
  1649  00046A  D002               	goto	l592
  1650  00046C  0E07               	movlw	7
  1651  00046E  2649               	addwf	utoa@c,f,c
  1652  000470                     l592:
  1653  000470  0E30               	movlw	48
  1654  000472  2649               	addwf	utoa@c,f,c
  1655  000474  C041  FFD9         	movff	utoa@buf,fsr2l
  1656  000478  C042  FFDA         	movff	utoa@buf+1,fsr2h
  1657  00047C  C049  FFDF         	movff	utoa@c,indf2
  1658  000480  0641               	decf	utoa@buf,f,c
  1659  000482  A0D8               	btfss	status,0,c
  1660  000484  0642               	decf	utoa@buf+1,f,c
  1661  000486  5044               	movf	utoa@val+1,w,c
  1662  000488  1043               	iorwf	utoa@val,w,c
  1663  00048A  A4D8               	btfss	status,2,c
  1664  00048C  D7D2               	goto	l1174
  1665                           
  1666                           ;	Return value of _utoa is never used
  1667  00048E  4A41               	infsnz	utoa@buf,f,c
  1668  000490  2A42               	incf	utoa@buf+1,f,c
  1669  000492  0012               	return	
  1670  000494                     __end_of_utoa:
  1671                           	opt stack 0
  1672                           pclatu	equ	0xFFB
  1673                           pclath	equ	0xFFA
  1674                           tblptru	equ	0xFF8
  1675                           tblptrh	equ	0xFF7
  1676                           tblptrl	equ	0xFF6
  1677                           tablat	equ	0xFF5
  1678                           prodh	equ	0xFF4
  1679                           prodl	equ	0xFF3
  1680                           intcon	equ	0xFF2
  1681                           postinc0	equ	0xFEE
  1682                           fsr0h	equ	0xFEA
  1683                           fsr0l	equ	0xFE9
  1684                           wreg	equ	0xFE8
  1685                           fsr1h	equ	0xFE2
  1686                           fsr1l	equ	0xFE1
  1687                           indf2	equ	0xFDF
  1688                           fsr2h	equ	0xFDA
  1689                           fsr2l	equ	0xFD9
  1690                           status	equ	0xFD8
  1691                           
  1692 ;; *************** function ___lwmod *****************
  1693 ;; Defined at:
  1694 ;;		line 8 in file "C:\Program Files\Microchip\xc8\v1.30\sources\common\lwmod.c"
  1695 ;; Parameters:    Size  Location     Type
  1696 ;;  dividend        2   14[COMRAM] unsigned int 
  1697 ;;  divisor         2   16[COMRAM] unsigned int 
  1698 ;; Auto vars:     Size  Location     Type
  1699 ;;  counter         1   19[COMRAM] unsigned char 
  1700 ;; Return value:  Size  Location     Type
  1701 ;;                  2   14[COMRAM] unsigned int 
  1702 ;; Registers used:
  1703 ;;		wreg, status,2, status,0
  1704 ;; Tracked objects:
  1705 ;;		On entry : 0/0
  1706 ;;		On exit  : 0/0
  1707 ;;		Unchanged: 0/0
  1708 ;; Data sizes:     COMRAM   BANK0   BANK1
  1709 ;;      Params:         4       0       0
  1710 ;;      Locals:         1       0       0
  1711 ;;      Temps:          1       0       0
  1712 ;;      Totals:         6       0       0
  1713 ;;Total ram usage:        6 bytes
  1714 ;; Hardware stack levels used:    1
  1715 ;; Hardware stack levels required when called:    1
  1716 ;; This function calls:
  1717 ;;		Nothing
  1718 ;; This function is called by:
  1719 ;;		_utoa
  1720 ;; This function uses a non-reentrant model
  1721 ;;
  1722                           
  1723                           	psect	text10
  1724  00053C                     __ptext10:
  1725                           	opt stack 0
  1726  00053C                     ___lwmod:
  1727                           	opt stack 27
  1728                           
  1729                           ;incstack = 0
  1730  00053C  503C               	movf	___lwmod@divisor+1,w,c
  1731  00053E  103B               	iorwf	___lwmod@divisor,w,c
  1732  000540  B4D8               	btfsc	status,2,c
  1733  000542  D01A               	goto	l702
  1734  000544  6E3D               	movwf	??___lwmod& (0+255),c
  1735  000546  0E01               	movlw	1
  1736  000548  6E3E               	movwf	___lwmod@counter,c
  1737  00054A  503D               	movf	??___lwmod& (0+255),w,c
  1738  00054C  D004               	goto	l1220
  1739  00054E                     l1218:
  1740  00054E  90D8               	bcf	status,0,c
  1741  000550  363B               	rlcf	___lwmod@divisor,f,c
  1742  000552  363C               	rlcf	___lwmod@divisor+1,f,c
  1743  000554  2A3E               	incf	___lwmod@counter,f,c
  1744  000556                     l1220:
  1745  000556  AE3C               	btfss	___lwmod@divisor+1,7,c
  1746  000558  D7FA               	goto	l1218
  1747  00055A                     l1222:
  1748  00055A  503B               	movf	___lwmod@divisor,w,c
  1749  00055C  5C39               	subwf	___lwmod@dividend,w,c
  1750  00055E  503C               	movf	___lwmod@divisor+1,w,c
  1751  000560  583A               	subwfb	___lwmod@dividend+1,w,c
  1752  000562  A0D8               	btfss	status,0,c
  1753  000564  D004               	goto	l1226
  1754  000566  503B               	movf	___lwmod@divisor,w,c
  1755  000568  5E39               	subwf	___lwmod@dividend,f,c
  1756  00056A  503C               	movf	___lwmod@divisor+1,w,c
  1757  00056C  5A3A               	subwfb	___lwmod@dividend+1,f,c
  1758  00056E                     l1226:
  1759  00056E  90D8               	bcf	status,0,c
  1760  000570  323C               	rrcf	___lwmod@divisor+1,f,c
  1761  000572  323B               	rrcf	___lwmod@divisor,f,c
  1762  000574  2E3E               	decfsz	___lwmod@counter,f,c
  1763  000576  D7F1               	goto	l1222
  1764  000578                     l702:
  1765  000578  C039  F039         	movff	___lwmod@dividend,?___lwmod
  1766  00057C  C03A  F03A         	movff	___lwmod@dividend+1,?___lwmod+1
  1767  000580  0012               	return	
  1768  000582                     __end_of___lwmod:
  1769                           	opt stack 0
  1770                           pclatu	equ	0xFFB
  1771                           pclath	equ	0xFFA
  1772                           tblptru	equ	0xFF8
  1773                           tblptrh	equ	0xFF7
  1774                           tblptrl	equ	0xFF6
  1775                           tablat	equ	0xFF5
  1776                           prodh	equ	0xFF4
  1777                           prodl	equ	0xFF3
  1778                           intcon	equ	0xFF2
  1779                           postinc0	equ	0xFEE
  1780                           fsr0h	equ	0xFEA
  1781                           fsr0l	equ	0xFE9
  1782                           wreg	equ	0xFE8
  1783                           fsr1h	equ	0xFE2
  1784                           fsr1l	equ	0xFE1
  1785                           indf2	equ	0xFDF
  1786                           fsr2h	equ	0xFDA
  1787                           fsr2l	equ	0xFD9
  1788                           status	equ	0xFD8
  1789                           
  1790 ;; *************** function ___lwdiv *****************
  1791 ;; Defined at:
  1792 ;;		line 8 in file "C:\Program Files\Microchip\xc8\v1.30\sources\common\lwdiv.c"
  1793 ;; Parameters:    Size  Location     Type
  1794 ;;  dividend        2   14[COMRAM] unsigned int 
  1795 ;;  divisor         2   16[COMRAM] unsigned int 
  1796 ;; Auto vars:     Size  Location     Type
  1797 ;;  quotient        2   19[COMRAM] unsigned int 
  1798 ;;  counter         1   21[COMRAM] unsigned char 
  1799 ;; Return value:  Size  Location     Type
  1800 ;;                  2   14[COMRAM] unsigned int 
  1801 ;; Registers used:
  1802 ;;		wreg, status,2, status,0
  1803 ;; Tracked objects:
  1804 ;;		On entry : 0/0
  1805 ;;		On exit  : 0/0
  1806 ;;		Unchanged: 0/0
  1807 ;; Data sizes:     COMRAM   BANK0   BANK1
  1808 ;;      Params:         4       0       0
  1809 ;;      Locals:         3       0       0
  1810 ;;      Temps:          1       0       0
  1811 ;;      Totals:         8       0       0
  1812 ;;Total ram usage:        8 bytes
  1813 ;; Hardware stack levels used:    1
  1814 ;; Hardware stack levels required when called:    1
  1815 ;; This function calls:
  1816 ;;		Nothing
  1817 ;; This function is called by:
  1818 ;;		_utoa
  1819 ;; This function uses a non-reentrant model
  1820 ;;
  1821                           
  1822                           	psect	text11
  1823  000494                     __ptext11:
  1824                           	opt stack 0
  1825  000494                     ___lwdiv:
  1826                           	opt stack 27
  1827                           
  1828                           ;incstack = 0
  1829  000494  0E00               	movlw	0
  1830  000496  6E3F               	movwf	___lwdiv@quotient+1,c
  1831  000498  0E00               	movlw	0
  1832  00049A  6E3E               	movwf	___lwdiv@quotient,c
  1833  00049C  503C               	movf	___lwdiv@divisor+1,w,c
  1834  00049E  103B               	iorwf	___lwdiv@divisor,w,c
  1835  0004A0  B4D8               	btfsc	status,2,c
  1836  0004A2  D01E               	goto	l692
  1837  0004A4  6E3D               	movwf	??___lwdiv& (0+255),c
  1838  0004A6  0E01               	movlw	1
  1839  0004A8  6E40               	movwf	___lwdiv@counter,c
  1840  0004AA  503D               	movf	??___lwdiv& (0+255),w,c
  1841  0004AC  D004               	goto	l1200
  1842  0004AE                     l1198:
  1843  0004AE  90D8               	bcf	status,0,c
  1844  0004B0  363B               	rlcf	___lwdiv@divisor,f,c
  1845  0004B2  363C               	rlcf	___lwdiv@divisor+1,f,c
  1846  0004B4  2A40               	incf	___lwdiv@counter,f,c
  1847  0004B6                     l1200:
  1848  0004B6  AE3C               	btfss	___lwdiv@divisor+1,7,c
  1849  0004B8  D7FA               	goto	l1198
  1850  0004BA                     l1202:
  1851  0004BA  90D8               	bcf	status,0,c
  1852  0004BC  363E               	rlcf	___lwdiv@quotient,f,c
  1853  0004BE  363F               	rlcf	___lwdiv@quotient+1,f,c
  1854  0004C0  503B               	movf	___lwdiv@divisor,w,c
  1855  0004C2  5C39               	subwf	___lwdiv@dividend,w,c
  1856  0004C4  503C               	movf	___lwdiv@divisor+1,w,c
  1857  0004C6  583A               	subwfb	___lwdiv@dividend+1,w,c
  1858  0004C8  A0D8               	btfss	status,0,c
  1859  0004CA  D005               	goto	l1210
  1860  0004CC  503B               	movf	___lwdiv@divisor,w,c
  1861  0004CE  5E39               	subwf	___lwdiv@dividend,f,c
  1862  0004D0  503C               	movf	___lwdiv@divisor+1,w,c
  1863  0004D2  5A3A               	subwfb	___lwdiv@dividend+1,f,c
  1864  0004D4  803E               	bsf	___lwdiv@quotient,0,c
  1865  0004D6                     l1210:
  1866  0004D6  90D8               	bcf	status,0,c
  1867  0004D8  323C               	rrcf	___lwdiv@divisor+1,f,c
  1868  0004DA  323B               	rrcf	___lwdiv@divisor,f,c
  1869  0004DC  2E40               	decfsz	___lwdiv@counter,f,c
  1870  0004DE  D7ED               	goto	l1202
  1871  0004E0                     l692:
  1872  0004E0  C03E  F039         	movff	___lwdiv@quotient,?___lwdiv
  1873  0004E4  C03F  F03A         	movff	___lwdiv@quotient+1,?___lwdiv+1
  1874  0004E8  0012               	return	
  1875  0004EA                     __end_of___lwdiv:
  1876                           	opt stack 0
  1877                           pclatu	equ	0xFFB
  1878                           pclath	equ	0xFFA
  1879                           tblptru	equ	0xFF8
  1880                           tblptrh	equ	0xFF7
  1881                           tblptrl	equ	0xFF6
  1882                           tablat	equ	0xFF5
  1883                           prodh	equ	0xFF4
  1884                           prodl	equ	0xFF3
  1885                           intcon	equ	0xFF2
  1886                           postinc0	equ	0xFEE
  1887                           fsr0h	equ	0xFEA
  1888                           fsr0l	equ	0xFE9
  1889                           wreg	equ	0xFE8
  1890                           fsr1h	equ	0xFE2
  1891                           fsr1l	equ	0xFE1
  1892                           indf2	equ	0xFDF
  1893                           fsr2h	equ	0xFDA
  1894                           fsr2l	equ	0xFD9
  1895                           status	equ	0xFD8
  1896                           
  1897 ;; *************** function _init_io *****************
  1898 ;; Defined at:
  1899 ;;		line 129 in file "main.c"
  1900 ;; Parameters:    Size  Location     Type
  1901 ;;		None
  1902 ;; Auto vars:     Size  Location     Type
  1903 ;;		None
  1904 ;; Return value:  Size  Location     Type
  1905 ;;		None               void
  1906 ;; Registers used:
  1907 ;;		wreg, status,2
  1908 ;; Tracked objects:
  1909 ;;		On entry : 0/0
  1910 ;;		On exit  : 0/0
  1911 ;;		Unchanged: 0/0
  1912 ;; Data sizes:     COMRAM   BANK0   BANK1
  1913 ;;      Params:         0       0       0
  1914 ;;      Locals:         0       0       0
  1915 ;;      Temps:          0       0       0
  1916 ;;      Totals:         0       0       0
  1917 ;;Total ram usage:        0 bytes
  1918 ;; Hardware stack levels used:    1
  1919 ;; Hardware stack levels required when called:    1
  1920 ;; This function calls:
  1921 ;;		Nothing
  1922 ;; This function is called by:
  1923 ;;		_main
  1924 ;; This function uses a non-reentrant model
  1925 ;;
  1926                           
  1927                           	psect	text12
  1928  000660                     __ptext12:
  1929                           	opt stack 0
  1930  000660                     _init_io:
  1931                           	opt stack 29
  1932                           
  1933                           ;main.c: 130: ANSEL = 0x00;
  1934                           
  1935                           ;incstack = 0
  1936  000660  0E00               	movlw	0
  1937  000662  6E7E               	movwf	3966,c	;volatile
  1938                           
  1939                           ;main.c: 131: ANSELH = 0x00;
  1940  000664  0E00               	movlw	0
  1941  000666  6E7F               	movwf	3967,c	;volatile
  1942                           
  1943                           ;main.c: 133: TRISAbits.TRISA0 = 0;
  1944  000668  9092               	bcf	3986,0,c	;volatile
  1945                           
  1946                           ;main.c: 134: TRISAbits.TRISA1 = 0;
  1947  00066A  9292               	bcf	3986,1,c	;volatile
  1948                           
  1949                           ;main.c: 135: TRISAbits.TRISA2 = 0;
  1950  00066C  9492               	bcf	3986,2,c	;volatile
  1951                           
  1952                           ;main.c: 136: TRISAbits.TRISA4 = 0;
  1953  00066E  9892               	bcf	3986,4,c	;volatile
  1954                           
  1955                           ;main.c: 137: TRISAbits.TRISA5 = 0;
  1956  000670  9A92               	bcf	3986,5,c	;volatile
  1957                           
  1958                           ;main.c: 141: TRISBbits.TRISB4 = 0;
  1959  000672  9893               	bcf	3987,4,c	;volatile
  1960                           
  1961                           ;main.c: 142: TRISBbits.TRISB5 = 1;
  1962  000674  8A93               	bsf	3987,5,c	;volatile
  1963                           
  1964                           ;main.c: 143: TRISBbits.TRISB6 = 0;
  1965  000676  9C93               	bcf	3987,6,c	;volatile
  1966                           
  1967                           ;main.c: 144: TRISBbits.TRISB7 = 0;
  1968  000678  9E93               	bcf	3987,7,c	;volatile
  1969                           
  1970                           ;main.c: 146: TRISCbits.TRISC0 = 1;
  1971  00067A  8094               	bsf	3988,0,c	;volatile
  1972                           
  1973                           ;main.c: 147: TRISCbits.TRISC1 = 0;
  1974  00067C  9294               	bcf	3988,1,c	;volatile
  1975                           
  1976                           ;main.c: 148: TRISCbits.TRISC2 = 0;
  1977  00067E  9494               	bcf	3988,2,c	;volatile
  1978                           
  1979                           ;main.c: 149: TRISCbits.TRISC3 = 0;
  1980  000680  9694               	bcf	3988,3,c	;volatile
  1981                           
  1982                           ;main.c: 150: TRISCbits.TRISC4 = 0;
  1983  000682  9894               	bcf	3988,4,c	;volatile
  1984                           
  1985                           ;main.c: 151: TRISCbits.TRISC5 = 0;
  1986  000684  9A94               	bcf	3988,5,c	;volatile
  1987                           
  1988                           ;main.c: 152: TRISCbits.TRISC6 = 1;
  1989  000686  8C94               	bsf	3988,6,c	;volatile
  1990                           
  1991                           ;main.c: 153: TRISCbits.TRISC7 = 1;
  1992  000688  8E94               	bsf	3988,7,c	;volatile
  1993  00068A  0012               	return	
  1994  00068C                     __end_of_init_io:
  1995                           	opt stack 0
  1996                           pclatu	equ	0xFFB
  1997                           pclath	equ	0xFFA
  1998                           tblptru	equ	0xFF8
  1999                           tblptrh	equ	0xFF7
  2000                           tblptrl	equ	0xFF6
  2001                           tablat	equ	0xFF5
  2002                           prodh	equ	0xFF4
  2003                           prodl	equ	0xFF3
  2004                           intcon	equ	0xFF2
  2005                           postinc0	equ	0xFEE
  2006                           fsr0h	equ	0xFEA
  2007                           fsr0l	equ	0xFE9
  2008                           wreg	equ	0xFE8
  2009                           fsr1h	equ	0xFE2
  2010                           fsr1l	equ	0xFE1
  2011                           indf2	equ	0xFDF
  2012                           fsr2h	equ	0xFDA
  2013                           fsr2l	equ	0xFD9
  2014                           status	equ	0xFD8
  2015                           
  2016 ;; *************** function _init_adc *****************
  2017 ;; Defined at:
  2018 ;;		line 216 in file "main.c"
  2019 ;; Parameters:    Size  Location     Type
  2020 ;;		None
  2021 ;; Auto vars:     Size  Location     Type
  2022 ;;		None
  2023 ;; Return value:  Size  Location     Type
  2024 ;;		None               void
  2025 ;; Registers used:
  2026 ;;		wreg, status,2
  2027 ;; Tracked objects:
  2028 ;;		On entry : 0/0
  2029 ;;		On exit  : 0/0
  2030 ;;		Unchanged: 0/0
  2031 ;; Data sizes:     COMRAM   BANK0   BANK1
  2032 ;;      Params:         0       0       0
  2033 ;;      Locals:         0       0       0
  2034 ;;      Temps:          0       0       0
  2035 ;;      Totals:         0       0       0
  2036 ;;Total ram usage:        0 bytes
  2037 ;; Hardware stack levels used:    1
  2038 ;; Hardware stack levels required when called:    1
  2039 ;; This function calls:
  2040 ;;		Nothing
  2041 ;; This function is called by:
  2042 ;;		_main
  2043 ;; This function uses a non-reentrant model
  2044 ;;
  2045                           
  2046                           	psect	text13
  2047  0006F6                     __ptext13:
  2048                           	opt stack 0
  2049  0006F6                     _init_adc:
  2050                           	opt stack 29
  2051                           
  2052                           ;main.c: 218: ANSELbits.ANSEL4=1;
  2053                           
  2054                           ;incstack = 0
  2055  0006F6  887E               	bsf	3966,4,c	;volatile
  2056                           
  2057                           ;main.c: 219: ADCON2bits.ADCS = 0x02;
  2058  0006F8  50C0               	movf	4032,w,c	;volatile
  2059  0006FA  0BF8               	andlw	-8
  2060  0006FC  0902               	iorlw	2
  2061  0006FE  6EC0               	movwf	4032,c	;volatile
  2062                           
  2063                           ;main.c: 220: ADCON2bits.ADFM=0;
  2064  000700  9EC0               	bcf	4032,7,c	;volatile
  2065                           
  2066                           ;main.c: 221: ADCON1=0x00;
  2067  000702  0E00               	movlw	0
  2068  000704  6EC1               	movwf	4033,c	;volatile
  2069  000706  0012               	return	
  2070  000708                     __end_of_init_adc:
  2071                           	opt stack 0
  2072                           pclatu	equ	0xFFB
  2073                           pclath	equ	0xFFA
  2074                           tblptru	equ	0xFF8
  2075                           tblptrh	equ	0xFF7
  2076                           tblptrl	equ	0xFF6
  2077                           tablat	equ	0xFF5
  2078                           prodh	equ	0xFF4
  2079                           prodl	equ	0xFF3
  2080                           intcon	equ	0xFF2
  2081                           postinc0	equ	0xFEE
  2082                           fsr0h	equ	0xFEA
  2083                           fsr0l	equ	0xFE9
  2084                           wreg	equ	0xFE8
  2085                           fsr1h	equ	0xFE2
  2086                           fsr1l	equ	0xFE1
  2087                           indf2	equ	0xFDF
  2088                           fsr2h	equ	0xFDA
  2089                           fsr2l	equ	0xFD9
  2090                           status	equ	0xFD8
  2091                           
  2092 ;; *************** function _en_drive *****************
  2093 ;; Defined at:
  2094 ;;		line 165 in file "main.c"
  2095 ;; Parameters:    Size  Location     Type
  2096 ;;		None
  2097 ;; Auto vars:     Size  Location     Type
  2098 ;;		None
  2099 ;; Return value:  Size  Location     Type
  2100 ;;		None               void
  2101 ;; Registers used:
  2102 ;;		None
  2103 ;; Tracked objects:
  2104 ;;		On entry : 0/0
  2105 ;;		On exit  : 0/0
  2106 ;;		Unchanged: 0/0
  2107 ;; Data sizes:     COMRAM   BANK0   BANK1
  2108 ;;      Params:         0       0       0
  2109 ;;      Locals:         0       0       0
  2110 ;;      Temps:          0       0       0
  2111 ;;      Totals:         0       0       0
  2112 ;;Total ram usage:        0 bytes
  2113 ;; Hardware stack levels used:    1
  2114 ;; Hardware stack levels required when called:    1
  2115 ;; This function calls:
  2116 ;;		Nothing
  2117 ;; This function is called by:
  2118 ;;		_main
  2119 ;; This function uses a non-reentrant model
  2120 ;;
  2121                           
  2122                           	psect	text14
  2123  000716                     __ptext14:
  2124                           	opt stack 0
  2125  000716                     _en_drive:
  2126                           	opt stack 29
  2127                           
  2128                           ;main.c: 166: LATCbits.LATC2 = 0;
  2129                           
  2130                           ;incstack = 0
  2131  000716  948B               	bcf	3979,2,c	;volatile
  2132  000718  0012               	return	
  2133  00071A                     __end_of_en_drive:
  2134                           	opt stack 0
  2135                           pclatu	equ	0xFFB
  2136                           pclath	equ	0xFFA
  2137                           tblptru	equ	0xFF8
  2138                           tblptrh	equ	0xFF7
  2139                           tblptrl	equ	0xFF6
  2140                           tablat	equ	0xFF5
  2141                           prodh	equ	0xFF4
  2142                           prodl	equ	0xFF3
  2143                           intcon	equ	0xFF2
  2144                           postinc0	equ	0xFEE
  2145                           fsr0h	equ	0xFEA
  2146                           fsr0l	equ	0xFE9
  2147                           wreg	equ	0xFE8
  2148                           fsr1h	equ	0xFE2
  2149                           fsr1l	equ	0xFE1
  2150                           indf2	equ	0xFDF
  2151                           fsr2h	equ	0xFDA
  2152                           fsr2l	equ	0xFD9
  2153                           status	equ	0xFD8
  2154                           
  2155 ;; *************** function _drive *****************
  2156 ;; Defined at:
  2157 ;;		line 181 in file "main.c"
  2158 ;; Parameters:    Size  Location     Type
  2159 ;;  inc             2   14[COMRAM] int 
  2160 ;; Auto vars:     Size  Location     Type
  2161 ;;		None
  2162 ;; Return value:  Size  Location     Type
  2163 ;;		None               void
  2164 ;; Registers used:
  2165 ;;		wreg, status,2, status,0
  2166 ;; Tracked objects:
  2167 ;;		On entry : 0/0
  2168 ;;		On exit  : 0/0
  2169 ;;		Unchanged: 0/0
  2170 ;; Data sizes:     COMRAM   BANK0   BANK1
  2171 ;;      Params:         2       0       0
  2172 ;;      Locals:         0       0       0
  2173 ;;      Temps:          1       0       0
  2174 ;;      Totals:         3       0       0
  2175 ;;Total ram usage:        3 bytes
  2176 ;; Hardware stack levels used:    1
  2177 ;; Hardware stack levels required when called:    1
  2178 ;; This function calls:
  2179 ;;		Nothing
  2180 ;; This function is called by:
  2181 ;;		_main
  2182 ;; This function uses a non-reentrant model
  2183 ;;
  2184                           
  2185                           	psect	text15
  2186  0005C4                     __ptext15:
  2187                           	opt stack 0
  2188  0005C4                     _drive:
  2189                           	opt stack 29
  2190                           
  2191                           ;main.c: 182: while (inc-- != 0) {
  2192                           
  2193                           ;incstack = 0
  2194  0005C4  D012               	goto	l954
  2195  0005C6                     l139:
  2196                           
  2197                           ;main.c: 183: LATCbits.LATC4 = 1;
  2198  0005C6  888B               	bsf	3979,4,c	;volatile
  2199                           
  2200                           ;main.c: 184: _delay((unsigned long)((4)*(16000000/4000.0)));
  2201  0005C8  0E15               	movlw	21
  2202  0005CA  6E3B               	movwf	??_drive& (0+255),c
  2203  0005CC  0EC6               	movlw	198
  2204  0005CE                     u357:
  2205  0005CE  2EE8               	decfsz	wreg,f,c
  2206  0005D0  D7FE               	goto	u357
  2207  0005D2  2E3B               	decfsz	??_drive& (0+255),f,c
  2208  0005D4  D7FC               	goto	u357
  2209  0005D6  D000               	nop2	
  2210                           
  2211                           ;main.c: 185: LATCbits.LATC4 = 0;
  2212  0005D8  988B               	bcf	3979,4,c	;volatile
  2213                           
  2214                           ;main.c: 186: _delay((unsigned long)((4)*(16000000/4000.0)));
  2215  0005DA  0E15               	movlw	21
  2216  0005DC  6E3B               	movwf	??_drive& (0+255),c
  2217  0005DE  0EC6               	movlw	198
  2218  0005E0                     u367:
  2219  0005E0  2EE8               	decfsz	wreg,f,c
  2220  0005E2  D7FE               	goto	u367
  2221  0005E4  2E3B               	decfsz	??_drive& (0+255),f,c
  2222  0005E6  D7FC               	goto	u367
  2223  0005E8  D000               	nop2	
  2224  0005EA                     l954:
  2225  0005EA  0639               	decf	drive@inc,f,c
  2226  0005EC  A0D8               	btfss	status,0,c
  2227  0005EE  063A               	decf	drive@inc+1,f,c
  2228  0005F0  2839               	incf	drive@inc& (0+255),w,c
  2229  0005F2  B4D8               	btfsc	status,2,c
  2230  0005F4  283A               	incf	(drive@inc+1)& (0+255),w,c
  2231  0005F6  B4D8               	btfsc	status,2,c
  2232  0005F8  0012               	return	
  2233  0005FA  D7E5               	goto	l139
  2234  0005FC                     __end_of_drive:
  2235                           	opt stack 0
  2236                           pclatu	equ	0xFFB
  2237                           pclath	equ	0xFFA
  2238                           tblptru	equ	0xFF8
  2239                           tblptrh	equ	0xFF7
  2240                           tblptrl	equ	0xFF6
  2241                           tablat	equ	0xFF5
  2242                           prodh	equ	0xFF4
  2243                           prodl	equ	0xFF3
  2244                           intcon	equ	0xFF2
  2245                           postinc0	equ	0xFEE
  2246                           fsr0h	equ	0xFEA
  2247                           fsr0l	equ	0xFE9
  2248                           wreg	equ	0xFE8
  2249                           fsr1h	equ	0xFE2
  2250                           fsr1l	equ	0xFE1
  2251                           indf2	equ	0xFDF
  2252                           fsr2h	equ	0xFDA
  2253                           fsr2l	equ	0xFD9
  2254                           status	equ	0xFD8
  2255                           
  2256 ;; *************** function _dis_drive *****************
  2257 ;; Defined at:
  2258 ;;		line 169 in file "main.c"
  2259 ;; Parameters:    Size  Location     Type
  2260 ;;		None
  2261 ;; Auto vars:     Size  Location     Type
  2262 ;;		None
  2263 ;; Return value:  Size  Location     Type
  2264 ;;		None               void
  2265 ;; Registers used:
  2266 ;;		None
  2267 ;; Tracked objects:
  2268 ;;		On entry : 0/0
  2269 ;;		On exit  : 0/0
  2270 ;;		Unchanged: 0/0
  2271 ;; Data sizes:     COMRAM   BANK0   BANK1
  2272 ;;      Params:         0       0       0
  2273 ;;      Locals:         0       0       0
  2274 ;;      Temps:          0       0       0
  2275 ;;      Totals:         0       0       0
  2276 ;;Total ram usage:        0 bytes
  2277 ;; Hardware stack levels used:    1
  2278 ;; Hardware stack levels required when called:    1
  2279 ;; This function calls:
  2280 ;;		Nothing
  2281 ;; This function is called by:
  2282 ;;		_main
  2283 ;; This function uses a non-reentrant model
  2284 ;;
  2285                           
  2286                           	psect	text16
  2287  00071A                     __ptext16:
  2288                           	opt stack 0
  2289  00071A                     _dis_drive:
  2290                           	opt stack 29
  2291                           
  2292                           ;main.c: 170: LATCbits.LATC2 = 1;
  2293                           
  2294                           ;incstack = 0
  2295  00071A  848B               	bsf	3979,2,c	;volatile
  2296  00071C  0012               	return	
  2297  00071E                     __end_of_dis_drive:
  2298                           	opt stack 0
  2299                           pclatu	equ	0xFFB
  2300                           pclath	equ	0xFFA
  2301                           tblptru	equ	0xFF8
  2302                           tblptrh	equ	0xFF7
  2303                           tblptrl	equ	0xFF6
  2304                           tablat	equ	0xFF5
  2305                           prodh	equ	0xFF4
  2306                           prodl	equ	0xFF3
  2307                           intcon	equ	0xFF2
  2308                           postinc0	equ	0xFEE
  2309                           fsr0h	equ	0xFEA
  2310                           fsr0l	equ	0xFE9
  2311                           wreg	equ	0xFE8
  2312                           fsr1h	equ	0xFE2
  2313                           fsr1l	equ	0xFE1
  2314                           indf2	equ	0xFDF
  2315                           fsr2h	equ	0xFDA
  2316                           fsr2l	equ	0xFD9
  2317                           status	equ	0xFD8
  2318                           
  2319 ;; *************** function _dir_rev *****************
  2320 ;; Defined at:
  2321 ;;		line 161 in file "main.c"
  2322 ;; Parameters:    Size  Location     Type
  2323 ;;		None
  2324 ;; Auto vars:     Size  Location     Type
  2325 ;;		None
  2326 ;; Return value:  Size  Location     Type
  2327 ;;		None               void
  2328 ;; Registers used:
  2329 ;;		None
  2330 ;; Tracked objects:
  2331 ;;		On entry : 0/0
  2332 ;;		On exit  : 0/0
  2333 ;;		Unchanged: 0/0
  2334 ;; Data sizes:     COMRAM   BANK0   BANK1
  2335 ;;      Params:         0       0       0
  2336 ;;      Locals:         0       0       0
  2337 ;;      Temps:          0       0       0
  2338 ;;      Totals:         0       0       0
  2339 ;;Total ram usage:        0 bytes
  2340 ;; Hardware stack levels used:    1
  2341 ;; Hardware stack levels required when called:    1
  2342 ;; This function calls:
  2343 ;;		Nothing
  2344 ;; This function is called by:
  2345 ;;		_main
  2346 ;; This function uses a non-reentrant model
  2347 ;;
  2348                           
  2349                           	psect	text17
  2350  00071E                     __ptext17:
  2351                           	opt stack 0
  2352  00071E                     _dir_rev:
  2353                           	opt stack 29
  2354                           
  2355                           ;main.c: 162: LATCbits.LATC3 = 1;
  2356                           
  2357                           ;incstack = 0
  2358  00071E  868B               	bsf	3979,3,c	;volatile
  2359  000720  0012               	return	
  2360  000722                     __end_of_dir_rev:
  2361                           	opt stack 0
  2362                           pclatu	equ	0xFFB
  2363                           pclath	equ	0xFFA
  2364                           tblptru	equ	0xFF8
  2365                           tblptrh	equ	0xFF7
  2366                           tblptrl	equ	0xFF6
  2367                           tablat	equ	0xFF5
  2368                           prodh	equ	0xFF4
  2369                           prodl	equ	0xFF3
  2370                           intcon	equ	0xFF2
  2371                           postinc0	equ	0xFEE
  2372                           fsr0h	equ	0xFEA
  2373                           fsr0l	equ	0xFE9
  2374                           wreg	equ	0xFE8
  2375                           fsr1h	equ	0xFE2
  2376                           fsr1l	equ	0xFE1
  2377                           indf2	equ	0xFDF
  2378                           fsr2h	equ	0xFDA
  2379                           fsr2l	equ	0xFD9
  2380                           status	equ	0xFD8
  2381                           
  2382 ;; *************** function _dir_fwd *****************
  2383 ;; Defined at:
  2384 ;;		line 157 in file "main.c"
  2385 ;; Parameters:    Size  Location     Type
  2386 ;;		None
  2387 ;; Auto vars:     Size  Location     Type
  2388 ;;		None
  2389 ;; Return value:  Size  Location     Type
  2390 ;;		None               void
  2391 ;; Registers used:
  2392 ;;		None
  2393 ;; Tracked objects:
  2394 ;;		On entry : 0/0
  2395 ;;		On exit  : 0/0
  2396 ;;		Unchanged: 0/0
  2397 ;; Data sizes:     COMRAM   BANK0   BANK1
  2398 ;;      Params:         0       0       0
  2399 ;;      Locals:         0       0       0
  2400 ;;      Temps:          0       0       0
  2401 ;;      Totals:         0       0       0
  2402 ;;Total ram usage:        0 bytes
  2403 ;; Hardware stack levels used:    1
  2404 ;; Hardware stack levels required when called:    1
  2405 ;; This function calls:
  2406 ;;		Nothing
  2407 ;; This function is called by:
  2408 ;;		_main
  2409 ;; This function uses a non-reentrant model
  2410 ;;
  2411                           
  2412                           	psect	text18
  2413  000722                     __ptext18:
  2414                           	opt stack 0
  2415  000722                     _dir_fwd:
  2416                           	opt stack 29
  2417                           
  2418                           ;main.c: 158: LATCbits.LATC3 = 0;
  2419                           
  2420                           ;incstack = 0
  2421  000722  968B               	bcf	3979,3,c	;volatile
  2422  000724  0012               	return	
  2423  000726                     __end_of_dir_fwd:
  2424                           	opt stack 0
  2425                           pclatu	equ	0xFFB
  2426                           pclath	equ	0xFFA
  2427                           tblptru	equ	0xFF8
  2428                           tblptrh	equ	0xFF7
  2429                           tblptrl	equ	0xFF6
  2430                           tablat	equ	0xFF5
  2431                           prodh	equ	0xFF4
  2432                           prodl	equ	0xFF3
  2433                           intcon	equ	0xFF2
  2434                           postinc0	equ	0xFEE
  2435                           fsr0h	equ	0xFEA
  2436                           fsr0l	equ	0xFE9
  2437                           wreg	equ	0xFE8
  2438                           fsr1h	equ	0xFE2
  2439                           fsr1l	equ	0xFE1
  2440                           indf2	equ	0xFDF
  2441                           fsr2h	equ	0xFDA
  2442                           fsr2l	equ	0xFD9
  2443                           status	equ	0xFD8
  2444                           
  2445 ;; *************** function _abs *****************
  2446 ;; Defined at:
  2447 ;;		line 4 in file "C:\Program Files\Microchip\xc8\v1.30\sources\common\abs.c"
  2448 ;; Parameters:    Size  Location     Type
  2449 ;;  a               2   14[COMRAM] int 
  2450 ;; Auto vars:     Size  Location     Type
  2451 ;;		None
  2452 ;; Return value:  Size  Location     Type
  2453 ;;                  2   14[COMRAM] int 
  2454 ;; Registers used:
  2455 ;;		wreg, status,2, status,0, prodl
  2456 ;; Tracked objects:
  2457 ;;		On entry : 0/0
  2458 ;;		On exit  : 0/0
  2459 ;;		Unchanged: 0/0
  2460 ;; Data sizes:     COMRAM   BANK0   BANK1
  2461 ;;      Params:         2       0       0
  2462 ;;      Locals:         0       0       0
  2463 ;;      Temps:          2       0       0
  2464 ;;      Totals:         4       0       0
  2465 ;;Total ram usage:        4 bytes
  2466 ;; Hardware stack levels used:    1
  2467 ;; Hardware stack levels required when called:    1
  2468 ;; This function calls:
  2469 ;;		Nothing
  2470 ;; This function is called by:
  2471 ;;		_main
  2472 ;; This function uses a non-reentrant model
  2473 ;;
  2474                           
  2475                           	psect	text19
  2476  0005FC                     __ptext19:
  2477                           	opt stack 0
  2478  0005FC                     _abs:
  2479                           	opt stack 29
  2480                           
  2481                           ;incstack = 0
  2482  0005FC  503A               	movf	abs@a+1,w,c
  2483  0005FE  0A80               	xorlw	128
  2484  000600  6EF3               	movwf	prodl,c
  2485  000602  0E80               	movlw	128
  2486  000604  5CF3               	subwf	prodl,w,c
  2487  000606  0E00               	movlw	0
  2488  000608  B4D8               	btfsc	status,2,c
  2489  00060A  5C39               	subwf	abs@a,w,c
  2490  00060C  B0D8               	btfsc	status,0,c
  2491  00060E  D00D               	goto	l197
  2492  000610  C039  F03B         	movff	abs@a,??_abs
  2493  000614  C03A  F03C         	movff	abs@a+1,??_abs+1
  2494  000618  1E3B               	comf	??_abs,f,c
  2495  00061A  1E3C               	comf	??_abs+1,f,c
  2496  00061C  4A3B               	infsnz	??_abs,f,c
  2497  00061E  2A3C               	incf	??_abs+1,f,c
  2498  000620  C03B  F039         	movff	??_abs,?_abs
  2499  000624  C03C  F03A         	movff	??_abs+1,?_abs+1
  2500  000628  0012               	return	
  2501  00062A                     l197:
  2502  00062A  C039  F039         	movff	abs@a,?_abs
  2503  00062E  C03A  F03A         	movff	abs@a+1,?_abs+1
  2504  000632  0012               	return	
  2505  000634                     __end_of_abs:
  2506                           	opt stack 0
  2507                           pclatu	equ	0xFFB
  2508                           pclath	equ	0xFFA
  2509                           tblptru	equ	0xFF8
  2510                           tblptrh	equ	0xFF7
  2511                           tblptrl	equ	0xFF6
  2512                           tablat	equ	0xFF5
  2513                           prodh	equ	0xFF4
  2514                           prodl	equ	0xFF3
  2515                           intcon	equ	0xFF2
  2516                           postinc0	equ	0xFEE
  2517                           fsr0h	equ	0xFEA
  2518                           fsr0l	equ	0xFE9
  2519                           wreg	equ	0xFE8
  2520                           fsr1h	equ	0xFE2
  2521                           fsr1l	equ	0xFE1
  2522                           indf2	equ	0xFDF
  2523                           fsr2h	equ	0xFDA
  2524                           fsr2l	equ	0xFD9
  2525                           status	equ	0xFD8
  2526                           
  2527 ;; *************** function ___awdiv *****************
  2528 ;; Defined at:
  2529 ;;		line 8 in file "C:\Program Files\Microchip\xc8\v1.30\sources\common\awdiv.c"
  2530 ;; Parameters:    Size  Location     Type
  2531 ;;  dividend        2   14[COMRAM] int 
  2532 ;;  divisor         2   16[COMRAM] int 
  2533 ;; Auto vars:     Size  Location     Type
  2534 ;;  quotient        2   21[COMRAM] int 
  2535 ;;  sign            1   20[COMRAM] unsigned char 
  2536 ;;  counter         1   19[COMRAM] unsigned char 
  2537 ;; Return value:  Size  Location     Type
  2538 ;;                  2   14[COMRAM] int 
  2539 ;; Registers used:
  2540 ;;		wreg, status,2, status,0, prodl
  2541 ;; Tracked objects:
  2542 ;;		On entry : 0/0
  2543 ;;		On exit  : 0/0
  2544 ;;		Unchanged: 0/0
  2545 ;; Data sizes:     COMRAM   BANK0   BANK1
  2546 ;;      Params:         4       0       0
  2547 ;;      Locals:         4       0       0
  2548 ;;      Temps:          1       0       0
  2549 ;;      Totals:         9       0       0
  2550 ;;Total ram usage:        9 bytes
  2551 ;; Hardware stack levels used:    1
  2552 ;; Hardware stack levels required when called:    1
  2553 ;; This function calls:
  2554 ;;		Nothing
  2555 ;; This function is called by:
  2556 ;;		_main
  2557 ;; This function uses a non-reentrant model
  2558 ;;
  2559                           
  2560                           	psect	text20
  2561  000340                     __ptext20:
  2562                           	opt stack 0
  2563  000340                     ___awdiv:
  2564                           	opt stack 29
  2565                           
  2566                           ;incstack = 0
  2567  000340  6E3D               	movwf	??___awdiv& (0+255),c
  2568  000342  0E00               	movlw	0
  2569  000344  6E3F               	movwf	___awdiv@sign,c
  2570  000346  503D               	movf	??___awdiv& (0+255),w,c
  2571  000348  503C               	movf	___awdiv@divisor+1,w,c
  2572  00034A  0A80               	xorlw	128
  2573  00034C  6EF3               	movwf	prodl,c
  2574  00034E  0E80               	movlw	128
  2575  000350  5CF3               	subwf	prodl,w,c
  2576  000352  0E00               	movlw	0
  2577  000354  B4D8               	btfsc	status,2,c
  2578  000356  5C3B               	subwf	___awdiv@divisor,w,c
  2579  000358  B0D8               	btfsc	status,0,c
  2580  00035A  D008               	goto	l1126
  2581  00035C  6C3B               	negf	___awdiv@divisor,c
  2582  00035E  1E3C               	comf	___awdiv@divisor+1,f,c
  2583  000360  B0D8               	btfsc	status,0,c
  2584  000362  2A3C               	incf	___awdiv@divisor+1,f,c
  2585  000364  6E3D               	movwf	??___awdiv& (0+255),c
  2586  000366  0E01               	movlw	1
  2587  000368  6E3F               	movwf	___awdiv@sign,c
  2588  00036A  503D               	movf	??___awdiv& (0+255),w,c
  2589  00036C                     l1126:
  2590  00036C  503A               	movf	___awdiv@dividend+1,w,c
  2591  00036E  0A80               	xorlw	128
  2592  000370  6EF3               	movwf	prodl,c
  2593  000372  0E80               	movlw	128
  2594  000374  5CF3               	subwf	prodl,w,c
  2595  000376  0E00               	movlw	0
  2596  000378  B4D8               	btfsc	status,2,c
  2597  00037A  5C39               	subwf	___awdiv@dividend,w,c
  2598  00037C  B0D8               	btfsc	status,0,c
  2599  00037E  D006               	goto	l1132
  2600  000380  6C39               	negf	___awdiv@dividend,c
  2601  000382  1E3A               	comf	___awdiv@dividend+1,f,c
  2602  000384  B0D8               	btfsc	status,0,c
  2603  000386  2A3A               	incf	___awdiv@dividend+1,f,c
  2604  000388  0E01               	movlw	1
  2605  00038A  1A3F               	xorwf	___awdiv@sign,f,c
  2606  00038C                     l1132:
  2607  00038C  0E00               	movlw	0
  2608  00038E  6E41               	movwf	___awdiv@quotient+1,c
  2609  000390  0E00               	movlw	0
  2610  000392  6E40               	movwf	___awdiv@quotient,c
  2611  000394  503C               	movf	___awdiv@divisor+1,w,c
  2612  000396  103B               	iorwf	___awdiv@divisor,w,c
  2613  000398  B4D8               	btfsc	status,2,c
  2614  00039A  D01E               	goto	l1154
  2615  00039C  6E3D               	movwf	??___awdiv& (0+255),c
  2616  00039E  0E01               	movlw	1
  2617  0003A0  6E3E               	movwf	___awdiv@counter,c
  2618  0003A2  503D               	movf	??___awdiv& (0+255),w,c
  2619  0003A4  D004               	goto	l1140
  2620  0003A6                     l1138:
  2621  0003A6  90D8               	bcf	status,0,c
  2622  0003A8  363B               	rlcf	___awdiv@divisor,f,c
  2623  0003AA  363C               	rlcf	___awdiv@divisor+1,f,c
  2624  0003AC  2A3E               	incf	___awdiv@counter,f,c
  2625  0003AE                     l1140:
  2626  0003AE  AE3C               	btfss	___awdiv@divisor+1,7,c
  2627  0003B0  D7FA               	goto	l1138
  2628  0003B2                     l1142:
  2629  0003B2  90D8               	bcf	status,0,c
  2630  0003B4  3640               	rlcf	___awdiv@quotient,f,c
  2631  0003B6  3641               	rlcf	___awdiv@quotient+1,f,c
  2632  0003B8  503B               	movf	___awdiv@divisor,w,c
  2633  0003BA  5C39               	subwf	___awdiv@dividend,w,c
  2634  0003BC  503C               	movf	___awdiv@divisor+1,w,c
  2635  0003BE  583A               	subwfb	___awdiv@dividend+1,w,c
  2636  0003C0  A0D8               	btfss	status,0,c
  2637  0003C2  D005               	goto	l1150
  2638  0003C4  503B               	movf	___awdiv@divisor,w,c
  2639  0003C6  5E39               	subwf	___awdiv@dividend,f,c
  2640  0003C8  503C               	movf	___awdiv@divisor+1,w,c
  2641  0003CA  5A3A               	subwfb	___awdiv@dividend+1,f,c
  2642  0003CC  8040               	bsf	___awdiv@quotient,0,c
  2643  0003CE                     l1150:
  2644  0003CE  90D8               	bcf	status,0,c
  2645  0003D0  323C               	rrcf	___awdiv@divisor+1,f,c
  2646  0003D2  323B               	rrcf	___awdiv@divisor,f,c
  2647  0003D4  2E3E               	decfsz	___awdiv@counter,f,c
  2648  0003D6  D7ED               	goto	l1142
  2649  0003D8                     l1154:
  2650  0003D8  503F               	movf	___awdiv@sign,w,c
  2651  0003DA  B4D8               	btfsc	status,2,c
  2652  0003DC  D004               	goto	l1158
  2653  0003DE  6C40               	negf	___awdiv@quotient,c
  2654  0003E0  1E41               	comf	___awdiv@quotient+1,f,c
  2655  0003E2  B0D8               	btfsc	status,0,c
  2656  0003E4  2A41               	incf	___awdiv@quotient+1,f,c
  2657  0003E6                     l1158:
  2658  0003E6  C040  F039         	movff	___awdiv@quotient,?___awdiv
  2659  0003EA  C041  F03A         	movff	___awdiv@quotient+1,?___awdiv+1
  2660  0003EE  0012               	return	
  2661  0003F0                     __end_of___awdiv:
  2662                           	opt stack 0
  2663                           pclatu	equ	0xFFB
  2664                           pclath	equ	0xFFA
  2665                           tblptru	equ	0xFF8
  2666                           tblptrh	equ	0xFF7
  2667                           tblptrl	equ	0xFF6
  2668                           tablat	equ	0xFF5
  2669                           prodh	equ	0xFF4
  2670                           prodl	equ	0xFF3
  2671                           intcon	equ	0xFF2
  2672                           postinc0	equ	0xFEE
  2673                           fsr0h	equ	0xFEA
  2674                           fsr0l	equ	0xFE9
  2675                           wreg	equ	0xFE8
  2676                           fsr1h	equ	0xFE2
  2677                           fsr1l	equ	0xFE1
  2678                           indf2	equ	0xFDF
  2679                           fsr2h	equ	0xFDA
  2680                           fsr2l	equ	0xFD9
  2681                           status	equ	0xFD8
  2682                           pclatu	equ	0xFFB
  2683                           pclath	equ	0xFFA
  2684                           tblptru	equ	0xFF8
  2685                           tblptrh	equ	0xFF7
  2686                           tblptrl	equ	0xFF6
  2687                           tablat	equ	0xFF5
  2688                           prodh	equ	0xFF4
  2689                           prodl	equ	0xFF3
  2690                           intcon	equ	0xFF2
  2691                           postinc0	equ	0xFEE
  2692                           fsr0h	equ	0xFEA
  2693                           fsr0l	equ	0xFE9
  2694                           wreg	equ	0xFE8
  2695                           fsr1h	equ	0xFE2
  2696                           fsr1l	equ	0xFE1
  2697                           indf2	equ	0xFDF
  2698                           fsr2h	equ	0xFDA
  2699                           fsr2l	equ	0xFD9
  2700                           status	equ	0xFD8
  2701                           
  2702                           	psect	rparam
  2703  0000                     pclatu	equ	0xFFB
  2704                           pclath	equ	0xFFA
  2705                           tblptru	equ	0xFF8
  2706                           tblptrh	equ	0xFF7
  2707                           tblptrl	equ	0xFF6
  2708                           tablat	equ	0xFF5
  2709                           prodh	equ	0xFF4
  2710                           prodl	equ	0xFF3
  2711                           intcon	equ	0xFF2
  2712                           postinc0	equ	0xFEE
  2713                           fsr0h	equ	0xFEA
  2714                           fsr0l	equ	0xFE9
  2715                           wreg	equ	0xFE8
  2716                           fsr1h	equ	0xFE2
  2717                           fsr1l	equ	0xFE1
  2718                           indf2	equ	0xFDF
  2719                           fsr2h	equ	0xFDA
  2720                           fsr2l	equ	0xFD9
  2721                           status	equ	0xFD8


Data Sizes:
    Strings     0
    Constant    0
    Data        0
    BSS         42
    Persistent  0
    Stack       0

Auto Spaces:
    Space          Size  Autos    Used
    COMRAM           95     41      83
    BANK0           160      0       0
    BANK1           256      0       0

Pointer List with Targets:

    utoa@buf	PTR unsigned char  size(2) Largest target is 10
		 -> buf(COMRAM[10]), 

    sp__utoa	PTR unsigned char  size(2) Largest target is 10
		 -> buf(COMRAM[10]), 

    itoa@buf	PTR unsigned char  size(2) Largest target is 10
		 -> buf(COMRAM[10]), 

    itoa@cp	PTR unsigned char  size(2) Largest target is 10
		 -> buf(COMRAM[10]), 

    sp__itoa	PTR unsigned char  size(2) Largest target is 10
		 -> buf(COMRAM[10]), 

    write_uart@txt	PTR const unsigned char  size(2) Largest target is 10
		 -> buf(COMRAM[10]), 


Critical Paths under _main in COMRAM

    _main->_itoa
    _write_uart->_uart_xmit
    _itoa->_utoa
    _utoa->___lwdiv

Critical Paths under _ISR in COMRAM

    None.

Critical Paths under _main in BANK0

    None.

Critical Paths under _ISR in BANK0

    None.

Critical Paths under _main in BANK1

    None.

Critical Paths under _ISR in BANK1

    None.

Call Graph Tables:

 ---------------------------------------------------------------------------------
 (Depth) Function   	        Calls       Base Space   Used Autos Params    Refs
 ---------------------------------------------------------------------------------
 (0) _main                                                 2     2      0    3058
                                             39 COMRAM     2     2      0
                            ___awdiv
                                _abs
                            _dir_fwd
                            _dir_rev
                          _dis_drive
                              _drive
                           _en_drive
                           _init_adc
                            _init_io
                               _itoa
                          _low_speed
                                _pid
                           _read_adc
                          _run_timer
                        _serial_init
                          _uart_xmit
                         _write_uart
 ---------------------------------------------------------------------------------
 (1) _write_uart                                           3     1      2     518
                                             16 COMRAM     3     1      2
                          _uart_xmit
 ---------------------------------------------------------------------------------
 (2) _uart_xmit                                            2     0      2     316
                                             14 COMRAM     2     0      2
 ---------------------------------------------------------------------------------
 (1) _serial_init                                          1     1      0       0
                                             14 COMRAM     1     1      0
 ---------------------------------------------------------------------------------
 (1) _run_timer                                            0     0      0       0
 ---------------------------------------------------------------------------------
 (1) _read_adc                                             0     0      0       0
 ---------------------------------------------------------------------------------
 (1) _pid                                                  4     2      2      73
                                             14 COMRAM     4     2      2
 ---------------------------------------------------------------------------------
 (1) _low_speed                                            0     0      0       0
 ---------------------------------------------------------------------------------
 (1) _itoa                                                 8     2      6    1423
                                             31 COMRAM     8     2      6
                               _utoa
 ---------------------------------------------------------------------------------
 (2) _utoa                                                 9     3      6     797
                                             22 COMRAM     9     3      6
                            ___lwdiv
                            ___lwmod
 ---------------------------------------------------------------------------------
 (3) ___lwmod                                              6     2      4     191
                                             14 COMRAM     6     2      4
 ---------------------------------------------------------------------------------
 (3) ___lwdiv                                              8     4      4     277
                                             14 COMRAM     8     4      4
 ---------------------------------------------------------------------------------
 (1) _init_io                                              0     0      0       0
 ---------------------------------------------------------------------------------
 (1) _init_adc                                             0     0      0       0
 ---------------------------------------------------------------------------------
 (1) _en_drive                                             0     0      0       0
 ---------------------------------------------------------------------------------
 (1) _drive                                                3     1      2     144
                                             14 COMRAM     3     1      2
 ---------------------------------------------------------------------------------
 (1) _dis_drive                                            0     0      0       0
 ---------------------------------------------------------------------------------
 (1) _dir_rev                                              0     0      0       0
 ---------------------------------------------------------------------------------
 (1) _dir_fwd                                              0     0      0       0
 ---------------------------------------------------------------------------------
 (1) _abs                                                  4     2      2     131
                                             14 COMRAM     4     2      2
 ---------------------------------------------------------------------------------
 (1) ___awdiv                                              9     5      4     453
                                             14 COMRAM     9     5      4
 ---------------------------------------------------------------------------------
 Estimated maximum stack depth 3
 ---------------------------------------------------------------------------------
 (Depth) Function   	        Calls       Base Space   Used Autos Params    Refs
 ---------------------------------------------------------------------------------
 (4) _ISR                                                 14    14      0       0
                                              0 COMRAM    14    14      0
 ---------------------------------------------------------------------------------
 Estimated maximum stack depth 4
 ---------------------------------------------------------------------------------

 Call Graph Graphs:

 _main (ROOT)
   ___awdiv
   _abs
   _dir_fwd
   _dir_rev
   _dis_drive
   _drive
   _en_drive
   _init_adc
   _init_io
   _itoa
     _utoa
       ___lwdiv
       ___lwmod
   _low_speed
   _pid
   _read_adc
   _run_timer
   _serial_init
   _uart_xmit
   _write_uart
     _uart_xmit

 _ISR (ROOT)

 Address spaces:
Name               Size   Autos  Total    Cost      Usage
BIGRAM             1FF      0       0       8        0.0%
EEDATA             100      0       0       0        0.0%
BITBANK1           100      0       0       5        0.0%
BANK1              100      0       0       6        0.0%
BITBANK0            A0      0       0       3        0.0%
BANK0               A0      0       0       4        0.0%
BITCOMRAM           5F      0       0       0        0.0%
COMRAM              5F     29      53       1       87.4%
BITSFR               0      0       0      40        0.0%
SFR                  0      0       0      40        0.0%
STACK                0      0       0       2        0.0%
NULL                 0      0       0       0        0.0%
ABS                  0      0      53       7        0.0%
DATA                 0      0      53       9        0.0%
CODE                 0      0       0       0        0.0%


Microchip Technology PIC18 Macro Assembler V1.30 build 55553 
Symbol Table                                                                                   Sat Dec 27 10:51:38 2014

                      _i 000B             ___awdiv@sign 003F                       _tc 0019  
           __CFG_CP0$OFF 000000             __CFG_CP1$OFF 000000                      l102 0708  
                    l153 059E                      l139 05C6                      l197 062A  
                    l702 0578                      l592 0470                      l692 04E0  
                    l954 05EA                      l884 0636                      l888 0650  
                    u327 06A8                      u337 058E                      u347 0598  
                    _ISR 0008                      u357 05CE                      u367 05E0  
                    _abs 05FC                      _buf 0021                      _pid 06CE  
                    wreg 000FE8             __CFG_LVP$OFF 000000                     ?_ISR 002B  
                   l1110 051E                     l1014 00E4                     l1200 04B6  
                   l1210 04D6                     l1202 04BA                     l1034 0160  
                   ?_abs 0039                     l1140 03AE                     l1132 038C  
                   l1220 0556                     l1150 03CE                     l1142 03B2  
                   l1126 036C                     l1222 055A                     l1064 0222  
                   l1138 03A6                     l1154 03D8                     l1226 056E  
                   l1218 054E                     l1164 03F8                     l1158 03E6  
                   l1174 0432                     l1088 02C2                     l1198 04AE  
                   ?_pid 0039                     i2l91 004C                     i2l93 005A  
                   abs@a 0039                     _decm 0001                     _gain 0009  
                   _main 0098                     _itoa 04EA                     fsr0h 000FEA  
                   fsr1h 000FE2                     fsr0l 000FE9                     fsr2h 000FDA  
                   fsr1l 000FE1                     indf2 000FDF                     fsr2l 000FD9  
                   _utoa 03F0                     pclat 000FFA            __CFG_BOREN$ON 000000  
                   prodh 000FF4                     prodl 000FF3                     start 0094  
          __CFG_IESO$OFF 000000            __CFG_FOSC$IRC 000000            __CFG_MCLRE$ON 000000  
                  ??_ISR 002B            write_uart@txt 003B                    ??_abs 003B  
                  ??_pid 003B                    ?_main 002B                    ?_itoa 004A  
        __end_of___awdiv 03F0                    _ANSEL 000F7E                    ?_utoa 0041  
        ___awdiv@divisor 003B          __end_of___lwdiv 04EA          __end_of___lwmod 0582  
        ___awdiv@counter 003E                    _RCREG 000FAE                    _TMR1H 000FCF  
                  _TMR1L 000FCE                    _SPBRG 000FAF                    _TXREG 000FAD  
         __CFG_FCMEN$OFF 000000          __end_of_dir_fwd 0726          __end_of_dir_rev 0722  
                  _drive 05C4                    _pband 0011          __end_of_init_io 068C  
                  _error 0007                    _tempi 001B                    pid@pv 0039  
                  tablat 000FF5                    utoa@c 0049                    utoa@v 0047  
                  status 000FD8          __initialization 06E4             __end_of_main 0340  
           __end_of_itoa 053C             __end_of_utoa 0494                   ??_main 0052  
                 ??_itoa 0050                   ??_utoa 0047            __activetblptr 000000  
                 _ADCON1 000FC1                   ?_drive 0039                   _ADRESH 000FC4  
       ___awdiv@dividend 0039                   _ANSELH 000F7F           __CFG_WDTEN$OFF 000000  
       __end_of_en_drive 071A             ?_serial_init 002B                ??___awdiv 003D  
         __CFG_STVREN$ON 000000                ??___lwdiv 003D                ??___lwmod 003D  
                 _ilevel 000D         __end_of_init_adc 0708         __end_of_read_adc 05C4  
                 clear_0 06EA         ___awdiv@quotient 0040                ??_dir_fwd 0039  
              ??_dir_rev 0039                   _txdata 001D                   pid@err 003B  
                 itoa@cp 0050                ??_init_io 0039                   tblptrh 000FF7  
                 tblptrl 000FF6                   tblptru 000FF8          __CFG_HFOFST$OFF 000000  
             __accesstop 0060  __end_of__initialization 06F0           __pcstackCOMRAM 002B  
          __end_of_drive 05FC       __size_of_dis_drive 0004                  ??_drive 003B  
     __size_of_low_speed 0004       __size_of_uart_xmit 000A                ?_en_drive 002B  
     __size_of_run_timer 001C                ?_init_adc 002B                ?_read_adc 002B  
        __CFG_PWRTEN$OFF 000000                  __Hparam 0000        __end_of_dis_drive 071E  
                __Lparam 0000                  ___awdiv 0340                  ___lwdiv 0494  
                ___lwmod 053C     __size_of_serial_init 0026                  __pcinit 06E4  
              _ANSELbits 000F7E                  __ramtop 0200                  __ptext0 0098  
                __ptext1 0634                  __ptext2 0708                  _dir_fwd 0722  
                __ptext3 068C                  __ptext4 06B2                  __ptext5 0582  
                __ptext6 06CE                  __ptext7 0712                  __ptext8 04EA  
                __ptext9 03F0                  _dir_rev 071E             __size_of_ISR 008C  
              _T1CONbits 000FCD             __size_of_abs 0038                  _init_io 0660  
           __size_of_pid 0016                  _pid_int 0013                  _pid_out 0015  
                _itxdata 000F               ??_en_drive 0039     end_of_initialization 06F0  
      __end_of_low_speed 0716                  itoa@buf 004A               ??_init_adc 0039  
                itoa@val 004C               ??_read_adc 0039        __end_of_uart_xmit 0712  
              _RCSTAbits 000FAB                  postinc0 000FEE                  utoa@buf 0041  
                utoa@val 0043        __end_of_run_timer 06CE                _TRISAbits 000F92  
              _TRISBbits 000F93                _TRISCbits 000F94     uart_xmit@mydata_byte 0039  
              _TXSTAbits 000FAC              _BAUDCONbits 000FB8               _write_uart 0634  
    start_initialization 06E4              __end_of_ISR 0094              __end_of_abs 0634  
            __end_of_pid 06E4                _an4_value 0005              __pbssCOMRAM 0001  
      __size_of_en_drive 0004        __size_of_init_adc 0012        __size_of_read_adc 0042  
       ___lwdiv@dividend 0039                __pintcode 0008                 ?___awdiv 0039  
               ?___lwdiv 0039                 ?___lwmod 0039                _dis_drive 071A  
            ?_write_uart 003B                 ?_dir_fwd 002B                 ?_dir_rev 002B  
               ?_init_io 002B         ___lwdiv@quotient 003E           __size_of_drive 0038  
               _LATAbits 000F89                 _LATCbits 000F8B                 _PIE1bits 000F9D  
              _low_speed 0712                 _PIR1bits 000F9E            ??_serial_init 0039  
              _uart_data 001F                _uart_xmit 0708               ?_dis_drive 002B  
             _ADCON0bits 000FC2               _ADCON2bits 000FC0                _run_timer 06B2  
    __size_of_write_uart 002C                 __Hrparam 0000               ?_low_speed 002B  
               __Lrparam 0000               ?_uart_xmit 0039         __size_of___awdiv 00B0  
       __size_of___lwdiv 0056         __size_of___lwmod 0046      __end_of_serial_init 06B2  
       __size_of_dir_fwd 0004         __size_of_dir_rev 0004               ?_run_timer 002B  
       __size_of_init_io 002C          ___lwdiv@divisor 003B          ___lwdiv@counter 0040  
               __ptext10 053C                 __ptext11 0494                 __ptext20 0340  
               __ptext12 0660                 __ptext13 06F6                 __ptext14 0716  
               __ptext15 05C4                 __ptext16 071A                 __ptext17 071E  
               __ptext18 0722                 __ptext19 05FC                 _en_drive 0716  
               _init_adc 06F6                 _read_adc 0582            __size_of_main 02A8  
          __size_of_itoa 0052            __size_of_utoa 00A4                 _pid_outi 0017  
            ??_dis_drive 0039                 drive@inc 0039               _INTCONbits 000FF2  
               itoa@base 004E                 intlevel2 0000         ___lwmod@dividend 0039  
            ??_low_speed 0039               _OSCCONbits 000FD3              _serial_init 068C  
            ??_uart_xmit 003B             ??_write_uart 003D                 utoa@base 0045  
            ??_run_timer 0039          ___lwmod@divisor 003B          ___lwmod@counter 003E  
     __end_of_write_uart 0660  
