

Microchip MPLAB XC8 Assembler V2.05 build -831301201 
                                                                                               Sun Apr 05 15:28:22 2020

Microchip MPLAB XC8 C Compiler v2.05 (Free license) build 20181220022703 Og1 
     1                           	processor	18F47Q10
     2                           	fnconf	rparam,??,?,0
     3                           	opt	pw 120
     4                           	opt	flic
     5                           	psect	nvCOMRAM,global,class=COMRAM,space=1,delta=1,noexec
     6                           	psect	cinit,global,reloc=2,class=CODE,delta=1
     7                           	psect	bssCOMRAM,global,class=COMRAM,space=1,delta=1,noexec
     8                           	psect	cstackCOMRAM,global,class=COMRAM,space=1,delta=1,noexec
     9                           	psect	text0,global,reloc=2,class=CODE,delta=1
    10                           	psect	text1,global,reloc=2,class=CODE,delta=1
    11                           	psect	text2,global,reloc=2,class=CODE,delta=1
    12                           	psect	text3,global,reloc=2,class=CODE,delta=1
    13                           	psect	text4,global,reloc=2,class=CODE,delta=1
    14                           	psect	text5,global,reloc=2,class=CODE,delta=1
    15                           	psect	text6,global,reloc=2,class=CODE,delta=1
    16                           	psect	text7,global,reloc=2,class=CODE,delta=1
    17                           	psect	text8,global,reloc=2,class=CODE,delta=1
    18                           	psect	text9,global,reloc=2,class=CODE,delta=1
    19                           	psect	text10,global,reloc=2,class=CODE,delta=1
    20                           	psect	text11,global,reloc=2,class=CODE,delta=1
    21                           	psect	text12,global,reloc=2,class=CODE,delta=1
    22                           	psect	text13,global,reloc=2,class=CODE,delta=1
    23                           	psect	text14,global,reloc=2,class=CODE,delta=1
    24                           	psect	text15,global,reloc=2,class=CODE,delta=1
    25                           	psect	text16,global,reloc=2,class=CODE,delta=1
    26                           	psect	intcode,global,reloc=2,class=CODE,delta=1
    27                           	psect	text18,global,reloc=2,class=CODE,delta=1
    28                           	psect	text19,global,reloc=2,class=CODE,delta=1
    29                           	psect	text20,global,reloc=2,class=CODE,delta=1
    30                           	psect	text21,global,reloc=2,class=CODE,delta=1
    31                           	psect	text22,global,reloc=2,class=CODE,delta=1
    32                           	psect	text23,global,reloc=2,class=CODE,delta=1
    33                           	psect	intsave_regs,global,class=BIGRAM,space=1,delta=1,noexec
    34                           	psect	text24,global,reloc=2,class=CODE,delta=1
    35                           	psect	rparam,global,class=COMRAM,space=1,delta=1,noexec
    36                           	psect	temp,global,ovrld,common,class=COMRAM,space=1,delta=1
    37  0000                     
    38                           ; Version 2.05
    39                           ; Generated 20/12/2018 GMT
    40                           ; 
    41                           ; Copyright © 2018, Microchip Technology Inc. and its subsidiaries ("Microchip")
    42                           ; All rights reserved.
    43                           ; 
    44                           ; This software is developed by Microchip Technology Inc. and its subsidiaries ("Microch
      +                          ip").
    45                           ; 
    46                           ; Redistribution and use in source and binary forms, with or without modification, are
    47                           ; permitted provided that the following conditions are met:
    48                           ; 
    49                           ;     1. Redistributions of source code must retain the above copyright notice, this lis
      +                          t of
    50                           ;        conditions and the following disclaimer.
    51                           ; 
    52                           ;     2. Redistributions in binary form must reproduce the above copyright notice, this 
      +                          list
    53                           ;        of conditions and the following disclaimer in the documentation and/or other
    54                           ;        materials provided with the distribution.
    55                           ; 
    56                           ;     3. Microchip's name may not be used to endorse or promote products derived from th
      +                          is
    57                           ;        software without specific prior written permission.
    58                           ; 
    59                           ; THIS SOFTWARE IS PROVIDED BY MICROCHIP "AS IS" AND ANY EXPRESS OR IMPLIED WARRANTIES,
    60                           ; INCLUDING, BUT NOT LIMITED TO, THE IMPLIED WARRANTIES OF MERCHANTABILITY AND FITNESS F
      +                          OR
    61                           ; PURPOSE ARE DISCLAIMED.  IN NO EVENT SHALL MICROCHIP BE LIABLE FOR ANY DIRECT, INDIREC
      +                          T,
    62                           ; INCIDENTAL, SPECIAL, EXEMPLARY, OR CONSEQUENTIAL DAMAGES (INCLUDING BUT NOT LIMITED TO
    63                           ; PROCUREMENT OF SUBSTITUTE GOODS OR SERVICES; LOSS OF USE, DATA OR PROFITS; OR BUSINESS
    64                           ; INTERRUPTION) HOWSOEVER CAUSED AND ON ANY THEORY OF LIABILITY, WHETHER IN CONTRACT, ST
      +                          RICT
    65                           ; LIABILITY, OR TORT (INCLUDING NEGLIGENCE OR OTHERWISE) ARISING IN ANY WAY OUT OF THE U
      +                          SE OF
    66                           ; THIS SOFTWARE, EVEN IF ADVISED OF THE POSSIBILITY OF SUCH DAMAGE.
    67                           ; 
    68                           ; 
    69                           ; Code-generator required, PIC18F47Q10 Definitions
    70                           ; 
    71                           ; SFR Addresses
    72  0000                     
    73                           	psect	nvCOMRAM
    74  00001F                     __pnvCOMRAM:
    75                           	opt callstack 0
    76  00001F                     _EUSART1_ErrorHandler:
    77                           	opt callstack 0
    78  00001F                     	ds	3
    79  000022                     _EUSART1_OverrunErrorHandler:
    80                           	opt callstack 0
    81  000022                     	ds	3
    82  000025                     _EUSART1_FramingErrorHandler:
    83                           	opt callstack 0
    84  000025                     	ds	3
    85  000028                     _EUSART1_RxDefaultInterruptHandler:
    86                           	opt callstack 0
    87  000028                     	ds	3
    88  00002B                     _EUSART1_TxDefaultInterruptHandler:
    89                           	opt callstack 0
    90  00002B                     	ds	3
    91  00002E                     _eusart1TxBufferRemaining:
    92                           	opt callstack 0
    93  00002E                     	ds	1
    94  0000                     _PIR3bits	set	3784
    95  0000                     _IPR3bits	set	3768
    96  0000                     _RC6PPS	set	3832
    97  0000                     _RX1PPS	set	3760
    98  0000                     _PMD5	set	3809
    99  0000                     _PMD4	set	3808
   100  0000                     _PMD3	set	3807
   101  0000                     _PMD2	set	3806
   102  0000                     _PMD1	set	3805
   103  0000                     _PMD0	set	3804
   104  0000                     _OSCTUNE	set	3800
   105  0000                     _OSCFRQ	set	3801
   106  0000                     _OSCEN	set	3799
   107  0000                     _OSCCON3	set	3797
   108  0000                     _OSCCON1	set	3795
   109  0000                     _PIE3bits	set	3776
   110  0000                     _INLVLE	set	3877
   111  0000                     _INLVLD	set	3869
   112  0000                     _INLVLC	set	3864
   113  0000                     _INLVLB	set	3856
   114  0000                     _INLVLA	set	3848
   115  0000                     _SLRCONE	set	3878
   116  0000                     _SLRCOND	set	3870
   117  0000                     _SLRCONC	set	3865
   118  0000                     _SLRCONB	set	3857
   119  0000                     _SLRCONA	set	3849
   120  0000                     _ODCOND	set	3871
   121  0000                     _ODCONC	set	3866
   122  0000                     _ODCONB	set	3858
   123  0000                     _ODCONA	set	3850
   124  0000                     _ODCONE	set	3879
   125  0000                     _WPUC	set	3867
   126  0000                     _WPUA	set	3851
   127  0000                     _WPUB	set	3859
   128  0000                     _WPUE	set	3880
   129  0000                     _WPUD	set	3872
   130  0000                     _ANSELA	set	3852
   131  0000                     _ANSELE	set	3881
   132  0000                     _ANSELB	set	3860
   133  0000                     _ANSELC	set	3868
   134  0000                     _ANSELD	set	3873
   135  0000                     _ADCON1bits	set	3924
   136  0000                     _ADPREVL	set	3932
   137  0000                     _ADPREVH	set	3933
   138  0000                     _ADCON2bits	set	3925
   139  0000                     _ADPRE	set	3929
   140  0000                     _ADCON3bits	set	3926
   141  0000                     _ADRESL	set	3934
   142  0000                     _ADRESH	set	3935
   143  0000                     _ADCON0bits	set	3931
   144  0000                     _ADACQ	set	3927
   145  0000                     _ADCON0	set	3931
   146  0000                     _ADCLK	set	3922
   147  0000                     _ADACT	set	3921
   148  0000                     _ADREF	set	3923
   149  0000                     _ADCON3	set	3926
   150  0000                     _ADCON2	set	3925
   151  0000                     _ADCON1	set	3924
   152  0000                     _ADCAP	set	3928
   153  0000                     _ADPCH	set	3930
   154  0000                     _TRISD	set	3978
   155  0000                     _TRISC	set	3977
   156  0000                     _TRISB	set	3976
   157  0000                     _TRISA	set	3975
   158  0000                     _TRISE	set	3979
   159  0000                     _LATC	set	3972
   160  0000                     _LATB	set	3971
   161  0000                     _LATA	set	3970
   162  0000                     _LATD	set	3973
   163  0000                     _LATE	set	3974
   164  0000                     _RC1REG	set	3992
   165  0000                     _RC1STAbits	set	3996
   166  0000                     _TX1REG	set	3993
   167  0000                     _TX1STAbits	set	3997
   168  0000                     _SP1BRGH	set	3995
   169  0000                     _SP1BRGL	set	3994
   170  0000                     _TX1STA	set	3997
   171  0000                     _RC1STA	set	3996
   172  0000                     _BAUD1CON	set	3998
   173  0000                     _INTCONbits	set	4082
   174  0000                     _ADERRL	set	3945
   175  0000                     _ADERRH	set	3946
   176  0000                     _ADFLTRL	set	3949
   177  0000                     _ADFLTRH	set	3950
   178  0000                     _ADSTATbits	set	3936
   179  0000                     _ADACCL	set	3947
   180  0000                     _ADACCH	set	3948
   181  0000                     _ADCNT	set	3938
   182  0000                     _ADSTAT	set	3936
   183  0000                     _ADRPT	set	3937
   184  0000                     _ADSTPTH	set	3940
   185  0000                     _ADSTPTL	set	3939
   186  0000                     _ADUTHH	set	3944
   187  0000                     _ADUTHL	set	3943
   188  0000                     _ADLTHH	set	3942
   189  0000                     _ADLTHL	set	3941
   190                           
   191                           ; #config settings
   192  0000                     
   193                           	psect	cinit
   194  000394                     __pcinit:
   195                           	opt callstack 0
   196  000394                     start_initialization:
   197                           	opt callstack 0
   198  000394                     __initialization:
   199                           	opt callstack 0
   200                           
   201                           ; Clear objects allocated to COMRAM (30 bytes)
   202  000394  EE00  F001         	lfsr	0,__pbssCOMRAM
   203  000398  0E1E               	movlw	30
   204  00039A                     clear_0:
   205  00039A  6AEE               	clrf	postinc0,c
   206  00039C  06E8               	decf	wreg,f,c
   207  00039E  E1FD               	bnz	clear_0
   208  0003A0                     end_of_initialization:
   209                           	opt callstack 0
   210  0003A0                     __end_of__initialization:
   211                           	opt callstack 0
   212  0003A0  9037               	bcf	int$flags,0,c	;clear compiler interrupt flag (level 1)
   213  0003A2  9237               	bcf	int$flags,1,c	;clear compiler interrupt flag (level 2)
   214  0003A4  0100               	movlb	0
   215  0003A6  EF7F  F001         	goto	_main	;jump to C main() function
   216                           
   217                           	psect	bssCOMRAM
   218  000001                     __pbssCOMRAM:
   219                           	opt callstack 0
   220  000001                     _eusart1RxStatusBuffer:
   221                           	opt callstack 0
   222  000001                     	ds	8
   223  000009                     _eusart1RxBuffer:
   224                           	opt callstack 0
   225  000009                     	ds	8
   226  000011                     _eusart1TxBuffer:
   227                           	opt callstack 0
   228  000011                     	ds	8
   229  000019                     _eusart1RxLastError:
   230                           	opt callstack 0
   231  000019                     	ds	1
   232  00001A                     _eusart1RxCount:
   233                           	opt callstack 0
   234  00001A                     	ds	1
   235  00001B                     _eusart1RxTail:
   236                           	opt callstack 0
   237  00001B                     	ds	1
   238  00001C                     _eusart1RxHead:
   239                           	opt callstack 0
   240  00001C                     	ds	1
   241  00001D                     _eusart1TxTail:
   242                           	opt callstack 0
   243  00001D                     	ds	1
   244  00001E                     _eusart1TxHead:
   245                           	opt callstack 0
   246  00001E                     	ds	1
   247                           
   248                           	psect	cstackCOMRAM
   249  00002F                     __pcstackCOMRAM:
   250                           	opt callstack 0
   251  00002F                     ??_INTERRUPT_InterruptManagerHigh:
   252                           
   253                           ; 1 bytes @ 0x0
   254  00002F                     	ds	4
   255  000033                     EUSART1_Read@readValue:
   256                           	opt callstack 0
   257  000033                     EUSART1_Write@txData:
   258                           	opt callstack 0
   259  000033                     EUSART1_SetFramingErrorHandler@interruptHandler:
   260                           	opt callstack 0
   261  000033                     EUSART1_SetOverrunErrorHandler@interruptHandler:
   262                           	opt callstack 0
   263  000033                     EUSART1_SetErrorHandler@interruptHandler:
   264                           	opt callstack 0
   265  000033                     EUSART1_SetTxInterruptHandler@interruptHandler:
   266                           	opt callstack 0
   267  000033                     EUSART1_SetRxInterruptHandler@interruptHandler:
   268                           	opt callstack 0
   269                           
   270                           ; 3 bytes @ 0x4
   271  000033                     	ds	3
   272  000036                     main@rxData:
   273                           	opt callstack 0
   274                           
   275                           ; 1 bytes @ 0x7
   276  000036                     	ds	1
   277                           
   278 ;;
   279 ;;Main: autosize = 0, tempsize = 0, incstack = 0, save=0
   280 ;;
   281 ;; *************** function _main *****************
   282 ;; Defined at:
   283 ;;		line 49 in file "main.c"
   284 ;; Parameters:    Size  Location     Type
   285 ;;		None
   286 ;; Auto vars:     Size  Location     Type
   287 ;;  rxData          1    7[COMRAM] volatile unsigned char 
   288 ;;  rxStatus        1    0        volatile struct .
   289 ;; Return value:  Size  Location     Type
   290 ;;                  1    wreg      void 
   291 ;; Registers used:
   292 ;;		wreg, fsr2l, fsr2h, status,2, status,0, cstack
   293 ;; Tracked objects:
   294 ;;		On entry : 0/0
   295 ;;		On exit  : 0/0
   296 ;;		Unchanged: 0/0
   297 ;; Data sizes:     COMRAM   BANK0   BANK1   BANK2   BANK3   BANK4   BANK5   BANK6   BANK7   BANK8   BANK9  BANK10  BANK1
      +1  BANK12  BANK14
   298 ;;      Params:         0       0       0       0       0       0       0       0       0       0       0       0       
      +0       0       0
   299 ;;      Locals:         1       0       0       0       0       0       0       0       0       0       0       0       
      +0       0       0
   300 ;;      Temps:          0       0       0       0       0       0       0       0       0       0       0       0       
      +0       0       0
   301 ;;      Totals:         1       0       0       0       0       0       0       0       0       0       0       0       
      +0       0       0
   302 ;;Total ram usage:        1 bytes
   303 ;; Hardware stack levels required when called:    7
   304 ;; This function calls:
   305 ;;		_EUSART1_Read
   306 ;;		_EUSART1_Write
   307 ;;		_EUSART1_is_rx_ready
   308 ;;		_EUSART1_is_tx_ready
   309 ;;		_SYSTEM_Initialize
   310 ;; This function is called by:
   311 ;;		Startup code after reset
   312 ;; This function uses a non-reentrant model
   313 ;;
   314                           
   315                           	psect	text0
   316  0002FE                     __ptext0:
   317                           	opt callstack 0
   318  0002FE                     _main:
   319                           	opt callstack 24
   320                           
   321                           ;main.c: 52:     volatile uint8_t rxData;;main.c: 53:     volatile eusart1_status_t rxSt
      +                          atus;;main.c: 56:     SYSTEM_Initialize();
   322                           
   323                           ;incstack = 0
   324  0002FE  ECB1  F001         	call	_SYSTEM_Initialize	;wreg free
   325                           
   326                           ;main.c: 66:         (INTCONbits.PEIE = 1);
   327  000302  8CF2               	bsf	4082,6,c	;volatile
   328  000304                     l1497:
   329                           
   330                           ;main.c: 69:     {;main.c: 72:             if(EUSART1_is_rx_ready())
   331  000304  EC05  F002         	call	_EUSART1_is_rx_ready	;wreg free
   332  000308  0900               	iorlw	0
   333  00030A  B4D8               	btfsc	status,2,c
   334  00030C  D7FB               	goto	l1497
   335                           
   336                           ;main.c: 73:             {;main.c: 74:                 rxData = EUSART1_Read();
   337  00030E  EC2E  F001         	call	_EUSART1_Read	;wreg free
   338  000312  6E36               	movwf	main@rxData,c	;volatile
   339                           
   340                           ;main.c: 75:                 if(EUSART1_is_tx_ready())
   341  000314  EC03  F002         	call	_EUSART1_is_tx_ready	;wreg free
   342  000318  0900               	iorlw	0
   343  00031A  B4D8               	btfsc	status,2,c
   344  00031C  D7F3               	goto	l1497
   345                           
   346                           ;main.c: 76:                 {;main.c: 77:                     EUSART1_Write(rxData);
   347  00031E  5036               	movf	main@rxData,w,c	;volatile
   348  000320  EC4D  F001         	call	_EUSART1_Write
   349  000324  D7EF               	goto	l1497
   350  000326                     __end_of_main:
   351                           	opt callstack 0
   352                           
   353 ;; *************** function _SYSTEM_Initialize *****************
   354 ;; Defined at:
   355 ;;		line 50 in file "mcc_generated_files/mcc.c"
   356 ;; Parameters:    Size  Location     Type
   357 ;;		None
   358 ;; Auto vars:     Size  Location     Type
   359 ;;		None
   360 ;; Return value:  Size  Location     Type
   361 ;;                  1    wreg      void 
   362 ;; Registers used:
   363 ;;		wreg, status,2, status,0, cstack
   364 ;; Tracked objects:
   365 ;;		On entry : 0/0
   366 ;;		On exit  : 0/0
   367 ;;		Unchanged: 0/0
   368 ;; Data sizes:     COMRAM   BANK0   BANK1   BANK2   BANK3   BANK4   BANK5   BANK6   BANK7   BANK8   BANK9  BANK10  BANK1
      +1  BANK12  BANK14
   369 ;;      Params:         0       0       0       0       0       0       0       0       0       0       0       0       
      +0       0       0
   370 ;;      Locals:         0       0       0       0       0       0       0       0       0       0       0       0       
      +0       0       0
   371 ;;      Temps:          0       0       0       0       0       0       0       0       0       0       0       0       
      +0       0       0
   372 ;;      Totals:         0       0       0       0       0       0       0       0       0       0       0       0       
      +0       0       0
   373 ;;Total ram usage:        0 bytes
   374 ;; Hardware stack levels used:    1
   375 ;; Hardware stack levels required when called:    6
   376 ;; This function calls:
   377 ;;		_ADCC_Initialize
   378 ;;		_EUSART1_Initialize
   379 ;;		_INTERRUPT_Initialize
   380 ;;		_OSCILLATOR_Initialize
   381 ;;		_PIN_MANAGER_Initialize
   382 ;;		_PMD_Initialize
   383 ;; This function is called by:
   384 ;;		_main
   385 ;; This function uses a non-reentrant model
   386 ;;
   387                           
   388                           	psect	text1
   389  000362                     __ptext1:
   390                           	opt callstack 0
   391  000362                     _SYSTEM_Initialize:
   392                           	opt callstack 24
   393                           
   394                           ;mcc_generated_files/mcc.c: 52:     INTERRUPT_Initialize();
   395                           
   396                           ;incstack = 0
   397  000362  ECF8  F001         	call	_INTERRUPT_Initialize	;wreg free
   398                           
   399                           ;mcc_generated_files/mcc.c: 53:     PMD_Initialize();
   400  000366  ECA3  F001         	call	_PMD_Initialize	;wreg free
   401                           
   402                           ;mcc_generated_files/mcc.c: 54:     PIN_MANAGER_Initialize();
   403  00036A  ECC9  F000         	call	_PIN_MANAGER_Initialize	;wreg free
   404                           
   405                           ;mcc_generated_files/mcc.c: 55:     OSCILLATOR_Initialize();
   406  00036E  ECBE  F001         	call	_OSCILLATOR_Initialize	;wreg free
   407                           
   408                           ;mcc_generated_files/mcc.c: 56:     ADCC_Initialize();
   409  000372  EC08  F001         	call	_ADCC_Initialize	;wreg free
   410                           
   411                           ;mcc_generated_files/mcc.c: 57:     EUSART1_Initialize();
   412  000376  EC82  F000         	call	_EUSART1_Initialize	;wreg free
   413  00037A  0012               	return		;funcret
   414  00037C                     __end_of_SYSTEM_Initialize:
   415                           	opt callstack 0
   416                           
   417 ;; *************** function _PMD_Initialize *****************
   418 ;; Defined at:
   419 ;;		line 74 in file "mcc_generated_files/mcc.c"
   420 ;; Parameters:    Size  Location     Type
   421 ;;		None
   422 ;; Auto vars:     Size  Location     Type
   423 ;;		None
   424 ;; Return value:  Size  Location     Type
   425 ;;                  1    wreg      void 
   426 ;; Registers used:
   427 ;;		wreg, status,2
   428 ;; Tracked objects:
   429 ;;		On entry : 0/0
   430 ;;		On exit  : 0/0
   431 ;;		Unchanged: 0/0
   432 ;; Data sizes:     COMRAM   BANK0   BANK1   BANK2   BANK3   BANK4   BANK5   BANK6   BANK7   BANK8   BANK9  BANK10  BANK1
      +1  BANK12  BANK14
   433 ;;      Params:         0       0       0       0       0       0       0       0       0       0       0       0       
      +0       0       0
   434 ;;      Locals:         0       0       0       0       0       0       0       0       0       0       0       0       
      +0       0       0
   435 ;;      Temps:          0       0       0       0       0       0       0       0       0       0       0       0       
      +0       0       0
   436 ;;      Totals:         0       0       0       0       0       0       0       0       0       0       0       0       
      +0       0       0
   437 ;;Total ram usage:        0 bytes
   438 ;; Hardware stack levels used:    1
   439 ;; Hardware stack levels required when called:    4
   440 ;; This function calls:
   441 ;;		Nothing
   442 ;; This function is called by:
   443 ;;		_SYSTEM_Initialize
   444 ;; This function uses a non-reentrant model
   445 ;;
   446                           
   447                           	psect	text2
   448  000346                     __ptext2:
   449                           	opt callstack 0
   450  000346                     _PMD_Initialize:
   451                           	opt callstack 25
   452                           
   453                           ;mcc_generated_files/mcc.c: 77:     PMD0 = 0x00;
   454                           
   455                           ;incstack = 0
   456  000346  0E00               	movlw	0
   457  000348  010E               	movlb	14	; () banked
   458  00034A  6FDC               	movwf	220,b	;volatile
   459                           
   460                           ;mcc_generated_files/mcc.c: 79:     PMD1 = 0x00;
   461  00034C  0E00               	movlw	0
   462  00034E  6FDD               	movwf	221,b	;volatile
   463                           
   464                           ;mcc_generated_files/mcc.c: 81:     PMD2 = 0x00;
   465  000350  0E00               	movlw	0
   466  000352  6FDE               	movwf	222,b	;volatile
   467                           
   468                           ;mcc_generated_files/mcc.c: 83:     PMD3 = 0x00;
   469  000354  0E00               	movlw	0
   470  000356  6FDF               	movwf	223,b	;volatile
   471                           
   472                           ;mcc_generated_files/mcc.c: 85:     PMD4 = 0x00;
   473  000358  0E00               	movlw	0
   474  00035A  6FE0               	movwf	224,b	;volatile
   475                           
   476                           ;mcc_generated_files/mcc.c: 87:     PMD5 = 0x00;
   477  00035C  0E00               	movlw	0
   478  00035E  6FE1               	movwf	225,b	;volatile
   479                           
   480                           ; BSR set to: 14
   481  000360  0012               	return		;funcret
   482  000362                     __end_of_PMD_Initialize:
   483                           	opt callstack 0
   484                           
   485 ;; *************** function _PIN_MANAGER_Initialize *****************
   486 ;; Defined at:
   487 ;;		line 55 in file "mcc_generated_files/pin_manager.c"
   488 ;; Parameters:    Size  Location     Type
   489 ;;		None
   490 ;; Auto vars:     Size  Location     Type
   491 ;;		None
   492 ;; Return value:  Size  Location     Type
   493 ;;                  1    wreg      void 
   494 ;; Registers used:
   495 ;;		wreg, status,2
   496 ;; Tracked objects:
   497 ;;		On entry : 0/0
   498 ;;		On exit  : 0/0
   499 ;;		Unchanged: 0/0
   500 ;; Data sizes:     COMRAM   BANK0   BANK1   BANK2   BANK3   BANK4   BANK5   BANK6   BANK7   BANK8   BANK9  BANK10  BANK1
      +1  BANK12  BANK14
   501 ;;      Params:         0       0       0       0       0       0       0       0       0       0       0       0       
      +0       0       0
   502 ;;      Locals:         0       0       0       0       0       0       0       0       0       0       0       0       
      +0       0       0
   503 ;;      Temps:          0       0       0       0       0       0       0       0       0       0       0       0       
      +0       0       0
   504 ;;      Totals:         0       0       0       0       0       0       0       0       0       0       0       0       
      +0       0       0
   505 ;;Total ram usage:        0 bytes
   506 ;; Hardware stack levels used:    1
   507 ;; Hardware stack levels required when called:    4
   508 ;; This function calls:
   509 ;;		Nothing
   510 ;; This function is called by:
   511 ;;		_SYSTEM_Initialize
   512 ;; This function uses a non-reentrant model
   513 ;;
   514                           
   515                           	psect	text3
   516  000192                     __ptext3:
   517                           	opt callstack 0
   518  000192                     _PIN_MANAGER_Initialize:
   519                           	opt callstack 25
   520                           
   521                           ;mcc_generated_files/pin_manager.c: 60:     LATE = 0x00;
   522                           
   523                           ; BSR set to: 14
   524                           ;incstack = 0
   525  000192  0E00               	movlw	0
   526  000194  6E86               	movwf	3974,c	;volatile
   527                           
   528                           ;mcc_generated_files/pin_manager.c: 61:     LATD = 0x00;
   529  000196  0E00               	movlw	0
   530  000198  6E85               	movwf	3973,c	;volatile
   531                           
   532                           ;mcc_generated_files/pin_manager.c: 62:     LATA = 0x00;
   533  00019A  0E00               	movlw	0
   534  00019C  6E82               	movwf	3970,c	;volatile
   535                           
   536                           ;mcc_generated_files/pin_manager.c: 63:     LATB = 0x00;
   537  00019E  0E00               	movlw	0
   538  0001A0  6E83               	movwf	3971,c	;volatile
   539                           
   540                           ;mcc_generated_files/pin_manager.c: 64:     LATC = 0x00;
   541  0001A2  0E00               	movlw	0
   542  0001A4  6E84               	movwf	3972,c	;volatile
   543                           
   544                           ;mcc_generated_files/pin_manager.c: 69:     TRISE = 0x07;
   545  0001A6  0E07               	movlw	7
   546  0001A8  6E8B               	movwf	3979,c	;volatile
   547                           
   548                           ;mcc_generated_files/pin_manager.c: 70:     TRISA = 0xFF;
   549  0001AA  6887               	setf	3975,c	;volatile
   550                           
   551                           ;mcc_generated_files/pin_manager.c: 71:     TRISB = 0xFF;
   552  0001AC  6888               	setf	3976,c	;volatile
   553                           
   554                           ;mcc_generated_files/pin_manager.c: 72:     TRISC = 0xBF;
   555  0001AE  0EBF               	movlw	191
   556  0001B0  6E89               	movwf	3977,c	;volatile
   557                           
   558                           ;mcc_generated_files/pin_manager.c: 73:     TRISD = 0xFF;
   559  0001B2  688A               	setf	3978,c	;volatile
   560                           
   561                           ;mcc_generated_files/pin_manager.c: 78:     ANSELD = 0xFF;
   562  0001B4  010F               	movlb	15	; () banked
   563  0001B6  6921               	setf	33,b	;volatile
   564                           
   565                           ;mcc_generated_files/pin_manager.c: 79:     ANSELC = 0x7F;
   566  0001B8  0E7F               	movlw	127
   567  0001BA  6F1C               	movwf	28,b	;volatile
   568                           
   569                           ; BSR set to: 15
   570                           ;mcc_generated_files/pin_manager.c: 80:     ANSELB = 0xFF;
   571  0001BC  6914               	setf	20,b	;volatile
   572                           
   573                           ;mcc_generated_files/pin_manager.c: 81:     ANSELE = 0x07;
   574  0001BE  0E07               	movlw	7
   575  0001C0  6F29               	movwf	41,b	;volatile
   576                           
   577                           ; BSR set to: 15
   578                           ;mcc_generated_files/pin_manager.c: 82:     ANSELA = 0xFF;
   579  0001C2  690C               	setf	12,b	;volatile
   580                           
   581                           ;mcc_generated_files/pin_manager.c: 87:     WPUD = 0x00;
   582  0001C4  0E00               	movlw	0
   583  0001C6  6F20               	movwf	32,b	;volatile
   584                           
   585                           ;mcc_generated_files/pin_manager.c: 88:     WPUE = 0x00;
   586  0001C8  0E00               	movlw	0
   587  0001CA  6F28               	movwf	40,b	;volatile
   588                           
   589                           ;mcc_generated_files/pin_manager.c: 89:     WPUB = 0x00;
   590  0001CC  0E00               	movlw	0
   591  0001CE  6F13               	movwf	19,b	;volatile
   592                           
   593                           ;mcc_generated_files/pin_manager.c: 90:     WPUA = 0x00;
   594  0001D0  0E00               	movlw	0
   595  0001D2  6F0B               	movwf	11,b	;volatile
   596                           
   597                           ;mcc_generated_files/pin_manager.c: 91:     WPUC = 0x00;
   598  0001D4  0E00               	movlw	0
   599  0001D6  6F1B               	movwf	27,b	;volatile
   600                           
   601                           ;mcc_generated_files/pin_manager.c: 96:     ODCONE = 0x00;
   602  0001D8  0E00               	movlw	0
   603  0001DA  6F27               	movwf	39,b	;volatile
   604                           
   605                           ;mcc_generated_files/pin_manager.c: 97:     ODCONA = 0x00;
   606  0001DC  0E00               	movlw	0
   607  0001DE  6F0A               	movwf	10,b	;volatile
   608                           
   609                           ;mcc_generated_files/pin_manager.c: 98:     ODCONB = 0x00;
   610  0001E0  0E00               	movlw	0
   611  0001E2  6F12               	movwf	18,b	;volatile
   612                           
   613                           ;mcc_generated_files/pin_manager.c: 99:     ODCONC = 0x00;
   614  0001E4  0E00               	movlw	0
   615  0001E6  6F1A               	movwf	26,b	;volatile
   616                           
   617                           ;mcc_generated_files/pin_manager.c: 100:     ODCOND = 0x00;
   618  0001E8  0E00               	movlw	0
   619  0001EA  6F1F               	movwf	31,b	;volatile
   620                           
   621                           ; BSR set to: 15
   622                           ;mcc_generated_files/pin_manager.c: 105:     SLRCONA = 0xFF;
   623  0001EC  6909               	setf	9,b	;volatile
   624                           
   625                           ; BSR set to: 15
   626                           ;mcc_generated_files/pin_manager.c: 106:     SLRCONB = 0xFF;
   627  0001EE  6911               	setf	17,b	;volatile
   628                           
   629                           ; BSR set to: 15
   630                           ;mcc_generated_files/pin_manager.c: 107:     SLRCONC = 0xFF;
   631  0001F0  6919               	setf	25,b	;volatile
   632                           
   633                           ; BSR set to: 15
   634                           ;mcc_generated_files/pin_manager.c: 108:     SLRCOND = 0xFF;
   635  0001F2  691E               	setf	30,b	;volatile
   636                           
   637                           ;mcc_generated_files/pin_manager.c: 109:     SLRCONE = 0x07;
   638  0001F4  0E07               	movlw	7
   639  0001F6  6F26               	movwf	38,b	;volatile
   640                           
   641                           ; BSR set to: 15
   642                           ;mcc_generated_files/pin_manager.c: 114:     INLVLA = 0xFF;
   643  0001F8  6908               	setf	8,b	;volatile
   644                           
   645                           ; BSR set to: 15
   646                           ;mcc_generated_files/pin_manager.c: 115:     INLVLB = 0xFF;
   647  0001FA  6910               	setf	16,b	;volatile
   648                           
   649                           ; BSR set to: 15
   650                           ;mcc_generated_files/pin_manager.c: 116:     INLVLC = 0xFF;
   651  0001FC  6918               	setf	24,b	;volatile
   652                           
   653                           ; BSR set to: 15
   654                           ;mcc_generated_files/pin_manager.c: 117:     INLVLD = 0xFF;
   655  0001FE  691D               	setf	29,b	;volatile
   656                           
   657                           ;mcc_generated_files/pin_manager.c: 118:     INLVLE = 0x0F;
   658  000200  0E0F               	movlw	15
   659  000202  6F25               	movwf	37,b	;volatile
   660                           
   661                           ;mcc_generated_files/pin_manager.c: 127:     RX1PPS = 0x17;
   662  000204  0E17               	movlw	23
   663  000206  010E               	movlb	14	; () banked
   664  000208  6FB0               	movwf	176,b	;volatile
   665                           
   666                           ;mcc_generated_files/pin_manager.c: 128:     RC6PPS = 0x09;
   667  00020A  0E09               	movlw	9
   668  00020C  6FF8               	movwf	248,b	;volatile
   669                           
   670                           ; BSR set to: 14
   671  00020E  0012               	return		;funcret
   672  000210                     __end_of_PIN_MANAGER_Initialize:
   673                           	opt callstack 0
   674                           
   675 ;; *************** function _OSCILLATOR_Initialize *****************
   676 ;; Defined at:
   677 ;;		line 60 in file "mcc_generated_files/mcc.c"
   678 ;; Parameters:    Size  Location     Type
   679 ;;		None
   680 ;; Auto vars:     Size  Location     Type
   681 ;;		None
   682 ;; Return value:  Size  Location     Type
   683 ;;                  1    wreg      void 
   684 ;; Registers used:
   685 ;;		wreg, status,2
   686 ;; Tracked objects:
   687 ;;		On entry : 0/0
   688 ;;		On exit  : 0/0
   689 ;;		Unchanged: 0/0
   690 ;; Data sizes:     COMRAM   BANK0   BANK1   BANK2   BANK3   BANK4   BANK5   BANK6   BANK7   BANK8   BANK9  BANK10  BANK1
      +1  BANK12  BANK14
   691 ;;      Params:         0       0       0       0       0       0       0       0       0       0       0       0       
      +0       0       0
   692 ;;      Locals:         0       0       0       0       0       0       0       0       0       0       0       0       
      +0       0       0
   693 ;;      Temps:          0       0       0       0       0       0       0       0       0       0       0       0       
      +0       0       0
   694 ;;      Totals:         0       0       0       0       0       0       0       0       0       0       0       0       
      +0       0       0
   695 ;;Total ram usage:        0 bytes
   696 ;; Hardware stack levels used:    1
   697 ;; Hardware stack levels required when called:    4
   698 ;; This function calls:
   699 ;;		Nothing
   700 ;; This function is called by:
   701 ;;		_SYSTEM_Initialize
   702 ;; This function uses a non-reentrant model
   703 ;;
   704                           
   705                           	psect	text4
   706  00037C                     __ptext4:
   707                           	opt callstack 0
   708  00037C                     _OSCILLATOR_Initialize:
   709                           	opt callstack 25
   710                           
   711                           ;mcc_generated_files/mcc.c: 63:     OSCCON1 = 0x62;
   712                           
   713                           ; BSR set to: 14
   714                           ;incstack = 0
   715  00037C  0E62               	movlw	98
   716  00037E  010E               	movlb	14	; () banked
   717  000380  6FD3               	movwf	211,b	;volatile
   718                           
   719                           ;mcc_generated_files/mcc.c: 65:     OSCCON3 = 0x00;
   720  000382  0E00               	movlw	0
   721  000384  6FD5               	movwf	213,b	;volatile
   722                           
   723                           ;mcc_generated_files/mcc.c: 67:     OSCEN = 0x00;
   724  000386  0E00               	movlw	0
   725  000388  6FD7               	movwf	215,b	;volatile
   726                           
   727                           ;mcc_generated_files/mcc.c: 69:     OSCFRQ = 0x02;
   728  00038A  0E02               	movlw	2
   729  00038C  6FD9               	movwf	217,b	;volatile
   730                           
   731                           ;mcc_generated_files/mcc.c: 71:     OSCTUNE = 0x00;
   732  00038E  0E00               	movlw	0
   733  000390  6FD8               	movwf	216,b	;volatile
   734                           
   735                           ; BSR set to: 14
   736  000392  0012               	return		;funcret
   737  000394                     __end_of_OSCILLATOR_Initialize:
   738                           	opt callstack 0
   739                           
   740 ;; *************** function _INTERRUPT_Initialize *****************
   741 ;; Defined at:
   742 ;;		line 52 in file "mcc_generated_files/interrupt_manager.c"
   743 ;; Parameters:    Size  Location     Type
   744 ;;		None
   745 ;; Auto vars:     Size  Location     Type
   746 ;;		None
   747 ;; Return value:  Size  Location     Type
   748 ;;                  1    wreg      void 
   749 ;; Registers used:
   750 ;;		None
   751 ;; Tracked objects:
   752 ;;		On entry : 0/0
   753 ;;		On exit  : 0/0
   754 ;;		Unchanged: 0/0
   755 ;; Data sizes:     COMRAM   BANK0   BANK1   BANK2   BANK3   BANK4   BANK5   BANK6   BANK7   BANK8   BANK9  BANK10  BANK1
      +1  BANK12  BANK14
   756 ;;      Params:         0       0       0       0       0       0       0       0       0       0       0       0       
      +0       0       0
   757 ;;      Locals:         0       0       0       0       0       0       0       0       0       0       0       0       
      +0       0       0
   758 ;;      Temps:          0       0       0       0       0       0       0       0       0       0       0       0       
      +0       0       0
   759 ;;      Totals:         0       0       0       0       0       0       0       0       0       0       0       0       
      +0       0       0
   760 ;;Total ram usage:        0 bytes
   761 ;; Hardware stack levels used:    1
   762 ;; Hardware stack levels required when called:    4
   763 ;; This function calls:
   764 ;;		Nothing
   765 ;; This function is called by:
   766 ;;		_SYSTEM_Initialize
   767 ;; This function uses a non-reentrant model
   768 ;;
   769                           
   770                           	psect	text5
   771  0003F0                     __ptext5:
   772                           	opt callstack 0
   773  0003F0                     _INTERRUPT_Initialize:
   774                           	opt callstack 25
   775                           
   776                           ;mcc_generated_files/interrupt_manager.c: 55:     INTCONbits.IPEN = 1;
   777                           
   778                           ; BSR set to: 14
   779                           ;incstack = 0
   780  0003F0  8AF2               	bsf	4082,5,c	;volatile
   781                           
   782                           ;mcc_generated_files/interrupt_manager.c: 60:     IPR3bits.TX1IP = 1;
   783  0003F2  010E               	movlb	14	; () banked
   784  0003F4  89B8               	bsf	184,4,b	;volatile
   785                           
   786                           ;mcc_generated_files/interrupt_manager.c: 63:     IPR3bits.RC1IP = 1;
   787  0003F6  8BB8               	bsf	184,5,b	;volatile
   788                           
   789                           ; BSR set to: 14
   790  0003F8  0012               	return		;funcret
   791  0003FA                     __end_of_INTERRUPT_Initialize:
   792                           	opt callstack 0
   793                           
   794 ;; *************** function _EUSART1_Initialize *****************
   795 ;; Defined at:
   796 ;;		line 85 in file "mcc_generated_files/eusart1.c"
   797 ;; Parameters:    Size  Location     Type
   798 ;;		None
   799 ;; Auto vars:     Size  Location     Type
   800 ;;		None
   801 ;; Return value:  Size  Location     Type
   802 ;;                  1    wreg      void 
   803 ;; Registers used:
   804 ;;		wreg, status,2, status,0, cstack
   805 ;; Tracked objects:
   806 ;;		On entry : 0/0
   807 ;;		On exit  : 0/0
   808 ;;		Unchanged: 0/0
   809 ;; Data sizes:     COMRAM   BANK0   BANK1   BANK2   BANK3   BANK4   BANK5   BANK6   BANK7   BANK8   BANK9  BANK10  BANK1
      +1  BANK12  BANK14
   810 ;;      Params:         0       0       0       0       0       0       0       0       0       0       0       0       
      +0       0       0
   811 ;;      Locals:         0       0       0       0       0       0       0       0       0       0       0       0       
      +0       0       0
   812 ;;      Temps:          0       0       0       0       0       0       0       0       0       0       0       0       
      +0       0       0
   813 ;;      Totals:         0       0       0       0       0       0       0       0       0       0       0       0       
      +0       0       0
   814 ;;Total ram usage:        0 bytes
   815 ;; Hardware stack levels used:    1
   816 ;; Hardware stack levels required when called:    5
   817 ;; This function calls:
   818 ;;		_EUSART1_SetErrorHandler
   819 ;;		_EUSART1_SetFramingErrorHandler
   820 ;;		_EUSART1_SetOverrunErrorHandler
   821 ;;		_EUSART1_SetRxInterruptHandler
   822 ;;		_EUSART1_SetTxInterruptHandler
   823 ;; This function is called by:
   824 ;;		_SYSTEM_Initialize
   825 ;; This function uses a non-reentrant model
   826 ;;
   827                           
   828                           	psect	text6
   829  000104                     __ptext6:
   830                           	opt callstack 0
   831  000104                     _EUSART1_Initialize:
   832                           	opt callstack 24
   833                           
   834                           ;mcc_generated_files/eusart1.c: 88:     PIE3bits.RC1IE = 0;
   835                           
   836                           ; BSR set to: 14
   837                           ;incstack = 0
   838  000104  010E               	movlb	14	; () banked
   839  000106  9BC0               	bcf	192,5,b	;volatile
   840                           
   841                           ; BSR set to: 14
   842                           ;mcc_generated_files/eusart1.c: 89:     EUSART1_SetRxInterruptHandler(EUSART1_Receive_IS
      +                          R);
   843  000108  0E70               	movlw	low _EUSART1_Receive_ISR
   844  00010A  6E33               	movwf	EUSART1_SetRxInterruptHandler@interruptHandler,c
   845  00010C  0E00               	movlw	high _EUSART1_Receive_ISR
   846  00010E  6E34               	movwf	EUSART1_SetRxInterruptHandler@interruptHandler+1,c
   847  000110  0E00               	movlw	low (_EUSART1_Receive_ISR shr (0+16))
   848  000112  6E35               	movwf	EUSART1_SetRxInterruptHandler@interruptHandler+2,c
   849  000114  ECDC  F001         	call	_EUSART1_SetRxInterruptHandler	;wreg free
   850                           
   851                           ;mcc_generated_files/eusart1.c: 90:     PIE3bits.TX1IE = 0;
   852  000118  010E               	movlb	14	; () banked
   853  00011A  99C0               	bcf	192,4,b	;volatile
   854                           
   855                           ;mcc_generated_files/eusart1.c: 91:     EUSART1_SetTxInterruptHandler(EUSART1_Transmit_I
      +                          SR);
   856  00011C  0ED2               	movlw	low _EUSART1_Transmit_ISR
   857  00011E  6E33               	movwf	EUSART1_SetTxInterruptHandler@interruptHandler,c
   858  000120  0E02               	movlw	high _EUSART1_Transmit_ISR
   859  000122  6E34               	movwf	EUSART1_SetTxInterruptHandler@interruptHandler+1,c
   860  000124  0E00               	movlw	low (_EUSART1_Transmit_ISR shr (0+16))
   861  000126  6E35               	movwf	EUSART1_SetTxInterruptHandler@interruptHandler+2,c
   862  000128  ECD5  F001         	call	_EUSART1_SetTxInterruptHandler	;wreg free
   863                           
   864                           ;mcc_generated_files/eusart1.c: 95:     BAUD1CON = 0x08;
   865  00012C  0E08               	movlw	8
   866  00012E  6E9E               	movwf	3998,c	;volatile
   867                           
   868                           ;mcc_generated_files/eusart1.c: 98:     RC1STA = 0x90;
   869  000130  0E90               	movlw	144
   870  000132  6E9C               	movwf	3996,c	;volatile
   871                           
   872                           ;mcc_generated_files/eusart1.c: 101:     TX1STA = 0x24;
   873  000134  0E24               	movlw	36
   874  000136  6E9D               	movwf	3997,c	;volatile
   875                           
   876                           ;mcc_generated_files/eusart1.c: 104:     SP1BRGL = 0x19;
   877  000138  0E19               	movlw	25
   878  00013A  6E9A               	movwf	3994,c	;volatile
   879                           
   880                           ;mcc_generated_files/eusart1.c: 107:     SP1BRGH = 0x00;
   881  00013C  0E00               	movlw	0
   882  00013E  6E9B               	movwf	3995,c	;volatile
   883                           
   884                           ;mcc_generated_files/eusart1.c: 110:     EUSART1_SetFramingErrorHandler(EUSART1_DefaultF
      +                          ramingErrorHandler);
   885  000140  0E0E               	movlw	low _EUSART1_DefaultFramingErrorHandler
   886  000142  6E33               	movwf	EUSART1_SetFramingErrorHandler@interruptHandler,c
   887  000144  0E04               	movlw	high _EUSART1_DefaultFramingErrorHandler
   888  000146  6E34               	movwf	EUSART1_SetFramingErrorHandler@interruptHandler+1,c
   889  000148  0E00               	movlw	low (_EUSART1_DefaultFramingErrorHandler shr (0+16))
   890  00014A  6E35               	movwf	EUSART1_SetFramingErrorHandler@interruptHandler+2,c
   891  00014C  ECEA  F001         	call	_EUSART1_SetFramingErrorHandler	;wreg free
   892                           
   893                           ;mcc_generated_files/eusart1.c: 111:     EUSART1_SetOverrunErrorHandler(EUSART1_DefaultO
      +                          verrunErrorHandler);
   894  000150  0EFA               	movlw	low _EUSART1_DefaultOverrunErrorHandler
   895  000152  6E33               	movwf	EUSART1_SetOverrunErrorHandler@interruptHandler,c
   896  000154  0E03               	movlw	high _EUSART1_DefaultOverrunErrorHandler
   897  000156  6E34               	movwf	EUSART1_SetOverrunErrorHandler@interruptHandler+1,c
   898  000158  0E00               	movlw	low (_EUSART1_DefaultOverrunErrorHandler shr (0+16))
   899  00015A  6E35               	movwf	EUSART1_SetOverrunErrorHandler@interruptHandler+2,c
   900  00015C  ECE3  F001         	call	_EUSART1_SetOverrunErrorHandler	;wreg free
   901                           
   902                           ;mcc_generated_files/eusart1.c: 112:     EUSART1_SetErrorHandler(EUSART1_DefaultErrorHan
      +                          dler);
   903  000160  0E00               	movlw	low _EUSART1_DefaultErrorHandler
   904  000162  6E33               	movwf	EUSART1_SetErrorHandler@interruptHandler,c
   905  000164  0E04               	movlw	high _EUSART1_DefaultErrorHandler
   906  000166  6E34               	movwf	EUSART1_SetErrorHandler@interruptHandler+1,c
   907  000168  0E00               	movlw	low (_EUSART1_DefaultErrorHandler shr (0+16))
   908  00016A  6E35               	movwf	EUSART1_SetErrorHandler@interruptHandler+2,c
   909  00016C  ECF1  F001         	call	_EUSART1_SetErrorHandler	;wreg free
   910                           
   911                           ;mcc_generated_files/eusart1.c: 114:     eusart1RxLastError.status = 0;
   912  000170  0E00               	movlw	0
   913  000172  6E19               	movwf	_eusart1RxLastError,c	;volatile
   914                           
   915                           ;mcc_generated_files/eusart1.c: 117:     eusart1TxHead = 0;
   916  000174  0E00               	movlw	0
   917  000176  6E1E               	movwf	_eusart1TxHead,c	;volatile
   918                           
   919                           ;mcc_generated_files/eusart1.c: 118:     eusart1TxTail = 0;
   920  000178  0E00               	movlw	0
   921  00017A  6E1D               	movwf	_eusart1TxTail,c	;volatile
   922                           
   923                           ;mcc_generated_files/eusart1.c: 119:     eusart1TxBufferRemaining = sizeof(eusart1TxBuff
      +                          er);
   924  00017C  0E08               	movlw	8
   925  00017E  6E2E               	movwf	_eusart1TxBufferRemaining,c	;volatile
   926                           
   927                           ;mcc_generated_files/eusart1.c: 121:     eusart1RxHead = 0;
   928  000180  0E00               	movlw	0
   929  000182  6E1C               	movwf	_eusart1RxHead,c	;volatile
   930                           
   931                           ;mcc_generated_files/eusart1.c: 122:     eusart1RxTail = 0;
   932  000184  0E00               	movlw	0
   933  000186  6E1B               	movwf	_eusart1RxTail,c	;volatile
   934                           
   935                           ;mcc_generated_files/eusart1.c: 123:     eusart1RxCount = 0;
   936  000188  0E00               	movlw	0
   937  00018A  6E1A               	movwf	_eusart1RxCount,c	;volatile
   938                           
   939                           ;mcc_generated_files/eusart1.c: 126:     PIE3bits.RC1IE = 1;
   940  00018C  010E               	movlb	14	; () banked
   941  00018E  8BC0               	bsf	192,5,b	;volatile
   942                           
   943                           ; BSR set to: 14
   944  000190  0012               	return		;funcret
   945  000192                     __end_of_EUSART1_Initialize:
   946                           	opt callstack 0
   947                           
   948 ;; *************** function _EUSART1_SetTxInterruptHandler *****************
   949 ;; Defined at:
   950 ;;		line 273 in file "mcc_generated_files/eusart1.c"
   951 ;; Parameters:    Size  Location     Type
   952 ;;  interruptHan    3    4[COMRAM] PTR FTN()void 
   953 ;;		 -> EUSART1_Transmit_ISR(1), 
   954 ;; Auto vars:     Size  Location     Type
   955 ;;		None
   956 ;; Return value:  Size  Location     Type
   957 ;;                  1    wreg      void 
   958 ;; Registers used:
   959 ;;		wreg, status,2, status,0
   960 ;; Tracked objects:
   961 ;;		On entry : 0/0
   962 ;;		On exit  : 0/0
   963 ;;		Unchanged: 0/0
   964 ;; Data sizes:     COMRAM   BANK0   BANK1   BANK2   BANK3   BANK4   BANK5   BANK6   BANK7   BANK8   BANK9  BANK10  BANK1
      +1  BANK12  BANK14
   965 ;;      Params:         3       0       0       0       0       0       0       0       0       0       0       0       
      +0       0       0
   966 ;;      Locals:         0       0       0       0       0       0       0       0       0       0       0       0       
      +0       0       0
   967 ;;      Temps:          0       0       0       0       0       0       0       0       0       0       0       0       
      +0       0       0
   968 ;;      Totals:         3       0       0       0       0       0       0       0       0       0       0       0       
      +0       0       0
   969 ;;Total ram usage:        3 bytes
   970 ;; Hardware stack levels used:    1
   971 ;; Hardware stack levels required when called:    4
   972 ;; This function calls:
   973 ;;		Nothing
   974 ;; This function is called by:
   975 ;;		_EUSART1_Initialize
   976 ;; This function uses a non-reentrant model
   977 ;;
   978                           
   979                           	psect	text7
   980  0003AA                     __ptext7:
   981                           	opt callstack 0
   982  0003AA                     _EUSART1_SetTxInterruptHandler:
   983                           	opt callstack 24
   984                           
   985                           ;mcc_generated_files/eusart1.c: 274:     EUSART1_TxDefaultInterruptHandler = interruptHa
      +                          ndler;
   986                           
   987                           ; BSR set to: 14
   988                           ;incstack = 0
   989  0003AA  C033  F02B         	movff	EUSART1_SetTxInterruptHandler@interruptHandler,_EUSART1_TxDefaultInterruptHandler
   990  0003AE  C034  F02C         	movff	EUSART1_SetTxInterruptHandler@interruptHandler+1,_EUSART1_TxDefaultInterruptHandl
      +                          er+1
   991  0003B2  C035  F02D         	movff	EUSART1_SetTxInterruptHandler@interruptHandler+2,_EUSART1_TxDefaultInterruptHandl
      +                          er+2
   992  0003B6  0012               	return		;funcret
   993  0003B8                     __end_of_EUSART1_SetTxInterruptHandler:
   994                           	opt callstack 0
   995                           
   996 ;; *************** function _EUSART1_SetRxInterruptHandler *****************
   997 ;; Defined at:
   998 ;;		line 277 in file "mcc_generated_files/eusart1.c"
   999 ;; Parameters:    Size  Location     Type
  1000 ;;  interruptHan    3    4[COMRAM] PTR FTN()void 
  1001 ;;		 -> EUSART1_Receive_ISR(1), 
  1002 ;; Auto vars:     Size  Location     Type
  1003 ;;		None
  1004 ;; Return value:  Size  Location     Type
  1005 ;;                  1    wreg      void 
  1006 ;; Registers used:
  1007 ;;		wreg, status,2, status,0
  1008 ;; Tracked objects:
  1009 ;;		On entry : 0/0
  1010 ;;		On exit  : 0/0
  1011 ;;		Unchanged: 0/0
  1012 ;; Data sizes:     COMRAM   BANK0   BANK1   BANK2   BANK3   BANK4   BANK5   BANK6   BANK7   BANK8   BANK9  BANK10  BANK1
      +1  BANK12  BANK14
  1013 ;;      Params:         3       0       0       0       0       0       0       0       0       0       0       0       
      +0       0       0
  1014 ;;      Locals:         0       0       0       0       0       0       0       0       0       0       0       0       
      +0       0       0
  1015 ;;      Temps:          0       0       0       0       0       0       0       0       0       0       0       0       
      +0       0       0
  1016 ;;      Totals:         3       0       0       0       0       0       0       0       0       0       0       0       
      +0       0       0
  1017 ;;Total ram usage:        3 bytes
  1018 ;; Hardware stack levels used:    1
  1019 ;; Hardware stack levels required when called:    4
  1020 ;; This function calls:
  1021 ;;		Nothing
  1022 ;; This function is called by:
  1023 ;;		_EUSART1_Initialize
  1024 ;; This function uses a non-reentrant model
  1025 ;;
  1026                           
  1027                           	psect	text8
  1028  0003B8                     __ptext8:
  1029                           	opt callstack 0
  1030  0003B8                     _EUSART1_SetRxInterruptHandler:
  1031                           	opt callstack 24
  1032                           
  1033                           ;mcc_generated_files/eusart1.c: 278:     EUSART1_RxDefaultInterruptHandler = interruptHa
      +                          ndler;
  1034                           
  1035                           ;incstack = 0
  1036  0003B8  C033  F028         	movff	EUSART1_SetRxInterruptHandler@interruptHandler,_EUSART1_RxDefaultInterruptHandler
  1037  0003BC  C034  F029         	movff	EUSART1_SetRxInterruptHandler@interruptHandler+1,_EUSART1_RxDefaultInterruptHandl
      +                          er+1
  1038  0003C0  C035  F02A         	movff	EUSART1_SetRxInterruptHandler@interruptHandler+2,_EUSART1_RxDefaultInterruptHandl
      +                          er+2
  1039  0003C4  0012               	return		;funcret
  1040  0003C6                     __end_of_EUSART1_SetRxInterruptHandler:
  1041                           	opt callstack 0
  1042                           
  1043 ;; *************** function _EUSART1_SetOverrunErrorHandler *****************
  1044 ;; Defined at:
  1045 ;;		line 265 in file "mcc_generated_files/eusart1.c"
  1046 ;; Parameters:    Size  Location     Type
  1047 ;;  interruptHan    3    4[COMRAM] PTR FTN()void 
  1048 ;;		 -> EUSART1_DefaultOverrunErrorHandler(1), 
  1049 ;; Auto vars:     Size  Location     Type
  1050 ;;		None
  1051 ;; Return value:  Size  Location     Type
  1052 ;;                  1    wreg      void 
  1053 ;; Registers used:
  1054 ;;		wreg, status,2, status,0
  1055 ;; Tracked objects:
  1056 ;;		On entry : 0/0
  1057 ;;		On exit  : 0/0
  1058 ;;		Unchanged: 0/0
  1059 ;; Data sizes:     COMRAM   BANK0   BANK1   BANK2   BANK3   BANK4   BANK5   BANK6   BANK7   BANK8   BANK9  BANK10  BANK1
      +1  BANK12  BANK14
  1060 ;;      Params:         3       0       0       0       0       0       0       0       0       0       0       0       
      +0       0       0
  1061 ;;      Locals:         0       0       0       0       0       0       0       0       0       0       0       0       
      +0       0       0
  1062 ;;      Temps:          0       0       0       0       0       0       0       0       0       0       0       0       
      +0       0       0
  1063 ;;      Totals:         3       0       0       0       0       0       0       0       0       0       0       0       
      +0       0       0
  1064 ;;Total ram usage:        3 bytes
  1065 ;; Hardware stack levels used:    1
  1066 ;; Hardware stack levels required when called:    4
  1067 ;; This function calls:
  1068 ;;		Nothing
  1069 ;; This function is called by:
  1070 ;;		_EUSART1_Initialize
  1071 ;; This function uses a non-reentrant model
  1072 ;;
  1073                           
  1074                           	psect	text9
  1075  0003C6                     __ptext9:
  1076                           	opt callstack 0
  1077  0003C6                     _EUSART1_SetOverrunErrorHandler:
  1078                           	opt callstack 24
  1079                           
  1080                           ;mcc_generated_files/eusart1.c: 266:     EUSART1_OverrunErrorHandler = interruptHandler;
  1081                           
  1082                           ;incstack = 0
  1083  0003C6  C033  F022         	movff	EUSART1_SetOverrunErrorHandler@interruptHandler,_EUSART1_OverrunErrorHandler
  1084  0003CA  C034  F023         	movff	EUSART1_SetOverrunErrorHandler@interruptHandler+1,_EUSART1_OverrunErrorHandler+1
  1085  0003CE  C035  F024         	movff	EUSART1_SetOverrunErrorHandler@interruptHandler+2,_EUSART1_OverrunErrorHandler+2
  1086  0003D2  0012               	return		;funcret
  1087  0003D4                     __end_of_EUSART1_SetOverrunErrorHandler:
  1088                           	opt callstack 0
  1089                           
  1090 ;; *************** function _EUSART1_SetFramingErrorHandler *****************
  1091 ;; Defined at:
  1092 ;;		line 261 in file "mcc_generated_files/eusart1.c"
  1093 ;; Parameters:    Size  Location     Type
  1094 ;;  interruptHan    3    4[COMRAM] PTR FTN()void 
  1095 ;;		 -> EUSART1_DefaultFramingErrorHandler(1), 
  1096 ;; Auto vars:     Size  Location     Type
  1097 ;;		None
  1098 ;; Return value:  Size  Location     Type
  1099 ;;                  1    wreg      void 
  1100 ;; Registers used:
  1101 ;;		wreg, status,2, status,0
  1102 ;; Tracked objects:
  1103 ;;		On entry : 0/0
  1104 ;;		On exit  : 0/0
  1105 ;;		Unchanged: 0/0
  1106 ;; Data sizes:     COMRAM   BANK0   BANK1   BANK2   BANK3   BANK4   BANK5   BANK6   BANK7   BANK8   BANK9  BANK10  BANK1
      +1  BANK12  BANK14
  1107 ;;      Params:         3       0       0       0       0       0       0       0       0       0       0       0       
      +0       0       0
  1108 ;;      Locals:         0       0       0       0       0       0       0       0       0       0       0       0       
      +0       0       0
  1109 ;;      Temps:          0       0       0       0       0       0       0       0       0       0       0       0       
      +0       0       0
  1110 ;;      Totals:         3       0       0       0       0       0       0       0       0       0       0       0       
      +0       0       0
  1111 ;;Total ram usage:        3 bytes
  1112 ;; Hardware stack levels used:    1
  1113 ;; Hardware stack levels required when called:    4
  1114 ;; This function calls:
  1115 ;;		Nothing
  1116 ;; This function is called by:
  1117 ;;		_EUSART1_Initialize
  1118 ;; This function uses a non-reentrant model
  1119 ;;
  1120                           
  1121                           	psect	text10
  1122  0003D4                     __ptext10:
  1123                           	opt callstack 0
  1124  0003D4                     _EUSART1_SetFramingErrorHandler:
  1125                           	opt callstack 24
  1126                           
  1127                           ;mcc_generated_files/eusart1.c: 262:     EUSART1_FramingErrorHandler = interruptHandler;
  1128                           
  1129                           ;incstack = 0
  1130  0003D4  C033  F025         	movff	EUSART1_SetFramingErrorHandler@interruptHandler,_EUSART1_FramingErrorHandler
  1131  0003D8  C034  F026         	movff	EUSART1_SetFramingErrorHandler@interruptHandler+1,_EUSART1_FramingErrorHandler+1
  1132  0003DC  C035  F027         	movff	EUSART1_SetFramingErrorHandler@interruptHandler+2,_EUSART1_FramingErrorHandler+2
  1133  0003E0  0012               	return		;funcret
  1134  0003E2                     __end_of_EUSART1_SetFramingErrorHandler:
  1135                           	opt callstack 0
  1136                           
  1137 ;; *************** function _EUSART1_SetErrorHandler *****************
  1138 ;; Defined at:
  1139 ;;		line 269 in file "mcc_generated_files/eusart1.c"
  1140 ;; Parameters:    Size  Location     Type
  1141 ;;  interruptHan    3    4[COMRAM] PTR FTN()void 
  1142 ;;		 -> EUSART1_DefaultErrorHandler(1), 
  1143 ;; Auto vars:     Size  Location     Type
  1144 ;;		None
  1145 ;; Return value:  Size  Location     Type
  1146 ;;                  1    wreg      void 
  1147 ;; Registers used:
  1148 ;;		wreg, status,2, status,0
  1149 ;; Tracked objects:
  1150 ;;		On entry : 0/0
  1151 ;;		On exit  : 0/0
  1152 ;;		Unchanged: 0/0
  1153 ;; Data sizes:     COMRAM   BANK0   BANK1   BANK2   BANK3   BANK4   BANK5   BANK6   BANK7   BANK8   BANK9  BANK10  BANK1
      +1  BANK12  BANK14
  1154 ;;      Params:         3       0       0       0       0       0       0       0       0       0       0       0       
      +0       0       0
  1155 ;;      Locals:         0       0       0       0       0       0       0       0       0       0       0       0       
      +0       0       0
  1156 ;;      Temps:          0       0       0       0       0       0       0       0       0       0       0       0       
      +0       0       0
  1157 ;;      Totals:         3       0       0       0       0       0       0       0       0       0       0       0       
      +0       0       0
  1158 ;;Total ram usage:        3 bytes
  1159 ;; Hardware stack levels used:    1
  1160 ;; Hardware stack levels required when called:    4
  1161 ;; This function calls:
  1162 ;;		Nothing
  1163 ;; This function is called by:
  1164 ;;		_EUSART1_Initialize
  1165 ;; This function uses a non-reentrant model
  1166 ;;
  1167                           
  1168                           	psect	text11
  1169  0003E2                     __ptext11:
  1170                           	opt callstack 0
  1171  0003E2                     _EUSART1_SetErrorHandler:
  1172                           	opt callstack 24
  1173                           
  1174                           ;mcc_generated_files/eusart1.c: 270:     EUSART1_ErrorHandler = interruptHandler;
  1175                           
  1176                           ;incstack = 0
  1177  0003E2  C033  F01F         	movff	EUSART1_SetErrorHandler@interruptHandler,_EUSART1_ErrorHandler
  1178  0003E6  C034  F020         	movff	EUSART1_SetErrorHandler@interruptHandler+1,_EUSART1_ErrorHandler+1
  1179  0003EA  C035  F021         	movff	EUSART1_SetErrorHandler@interruptHandler+2,_EUSART1_ErrorHandler+2
  1180  0003EE  0012               	return		;funcret
  1181  0003F0                     __end_of_EUSART1_SetErrorHandler:
  1182                           	opt callstack 0
  1183                           
  1184 ;; *************** function _ADCC_Initialize *****************
  1185 ;; Defined at:
  1186 ;;		line 62 in file "mcc_generated_files/adcc.c"
  1187 ;; Parameters:    Size  Location     Type
  1188 ;;		None
  1189 ;; Auto vars:     Size  Location     Type
  1190 ;;		None
  1191 ;; Return value:  Size  Location     Type
  1192 ;;                  1    wreg      void 
  1193 ;; Registers used:
  1194 ;;		wreg, status,2
  1195 ;; Tracked objects:
  1196 ;;		On entry : 0/0
  1197 ;;		On exit  : 0/0
  1198 ;;		Unchanged: 0/0
  1199 ;; Data sizes:     COMRAM   BANK0   BANK1   BANK2   BANK3   BANK4   BANK5   BANK6   BANK7   BANK8   BANK9  BANK10  BANK1
      +1  BANK12  BANK14
  1200 ;;      Params:         0       0       0       0       0       0       0       0       0       0       0       0       
      +0       0       0
  1201 ;;      Locals:         0       0       0       0       0       0       0       0       0       0       0       0       
      +0       0       0
  1202 ;;      Temps:          0       0       0       0       0       0       0       0       0       0       0       0       
      +0       0       0
  1203 ;;      Totals:         0       0       0       0       0       0       0       0       0       0       0       0       
      +0       0       0
  1204 ;;Total ram usage:        0 bytes
  1205 ;; Hardware stack levels used:    1
  1206 ;; Hardware stack levels required when called:    4
  1207 ;; This function calls:
  1208 ;;		Nothing
  1209 ;; This function is called by:
  1210 ;;		_SYSTEM_Initialize
  1211 ;; This function uses a non-reentrant model
  1212 ;;
  1213                           
  1214                           	psect	text12
  1215  000210                     __ptext12:
  1216                           	opt callstack 0
  1217  000210                     _ADCC_Initialize:
  1218                           	opt callstack 25
  1219                           
  1220                           ;mcc_generated_files/adcc.c: 66:     ADLTHL = 0x00;
  1221                           
  1222                           ;incstack = 0
  1223  000210  0E00               	movlw	0
  1224  000212  6E65               	movwf	3941,c	;volatile
  1225                           
  1226                           ;mcc_generated_files/adcc.c: 68:     ADLTHH = 0x00;
  1227  000214  0E00               	movlw	0
  1228  000216  6E66               	movwf	3942,c	;volatile
  1229                           
  1230                           ;mcc_generated_files/adcc.c: 70:     ADUTHL = 0x00;
  1231  000218  0E00               	movlw	0
  1232  00021A  6E67               	movwf	3943,c	;volatile
  1233                           
  1234                           ;mcc_generated_files/adcc.c: 72:     ADUTHH = 0x00;
  1235  00021C  0E00               	movlw	0
  1236  00021E  6E68               	movwf	3944,c	;volatile
  1237                           
  1238                           ;mcc_generated_files/adcc.c: 74:     ADSTPTL = 0x00;
  1239  000220  0E00               	movlw	0
  1240  000222  6E63               	movwf	3939,c	;volatile
  1241                           
  1242                           ;mcc_generated_files/adcc.c: 76:     ADSTPTH = 0x00;
  1243  000224  0E00               	movlw	0
  1244  000226  6E64               	movwf	3940,c	;volatile
  1245                           
  1246                           ;mcc_generated_files/adcc.c: 78:     ADRPT = 0x00;
  1247  000228  0E00               	movlw	0
  1248  00022A  6E61               	movwf	3937,c	;volatile
  1249                           
  1250                           ;mcc_generated_files/adcc.c: 80:     ADPCH = 0x00;
  1251  00022C  0E00               	movlw	0
  1252  00022E  010F               	movlb	15	; () banked
  1253  000230  6F5A               	movwf	90,b	;volatile
  1254                           
  1255                           ;mcc_generated_files/adcc.c: 82:     ADCAP = 0x00;
  1256  000232  0E00               	movlw	0
  1257  000234  6F58               	movwf	88,b	;volatile
  1258                           
  1259                           ;mcc_generated_files/adcc.c: 84:     ADCON1 = 0x00;
  1260  000236  0E00               	movlw	0
  1261  000238  6F54               	movwf	84,b	;volatile
  1262                           
  1263                           ;mcc_generated_files/adcc.c: 86:     ADCON2 = 0x00;
  1264  00023A  0E00               	movlw	0
  1265  00023C  6F55               	movwf	85,b	;volatile
  1266                           
  1267                           ;mcc_generated_files/adcc.c: 88:     ADCON3 = 0x00;
  1268  00023E  0E00               	movlw	0
  1269  000240  6F56               	movwf	86,b	;volatile
  1270                           
  1271                           ;mcc_generated_files/adcc.c: 90:     ADSTAT = 0x00;
  1272  000242  0E00               	movlw	0
  1273  000244  6E60               	movwf	3936,c	;volatile
  1274                           
  1275                           ;mcc_generated_files/adcc.c: 92:     ADREF = 0x00;
  1276  000246  0E00               	movlw	0
  1277  000248  6F53               	movwf	83,b	;volatile
  1278                           
  1279                           ;mcc_generated_files/adcc.c: 94:     ADACT = 0x00;
  1280  00024A  0E00               	movlw	0
  1281  00024C  6F51               	movwf	81,b	;volatile
  1282                           
  1283                           ;mcc_generated_files/adcc.c: 96:     ADCLK = 0x00;
  1284  00024E  0E00               	movlw	0
  1285  000250  6F52               	movwf	82,b	;volatile
  1286                           
  1287                           ;mcc_generated_files/adcc.c: 98:     ADCON0 = 0x84;
  1288  000252  0E84               	movlw	132
  1289  000254  6F5B               	movwf	91,b	;volatile
  1290                           
  1291                           ;mcc_generated_files/adcc.c: 100:     ADACQ = 0x00;
  1292  000256  0E00               	movlw	0
  1293  000258  6F57               	movwf	87,b	;volatile
  1294                           
  1295                           ; BSR set to: 15
  1296  00025A  0012               	return		;funcret
  1297  00025C                     __end_of_ADCC_Initialize:
  1298                           	opt callstack 0
  1299                           
  1300 ;; *************** function _EUSART1_is_tx_ready *****************
  1301 ;; Defined at:
  1302 ;;		line 129 in file "mcc_generated_files/eusart1.c"
  1303 ;; Parameters:    Size  Location     Type
  1304 ;;		None
  1305 ;; Auto vars:     Size  Location     Type
  1306 ;;		None
  1307 ;; Return value:  Size  Location     Type
  1308 ;;                  1    wreg      unsigned char 
  1309 ;; Registers used:
  1310 ;;		wreg, status,2
  1311 ;; Tracked objects:
  1312 ;;		On entry : 0/0
  1313 ;;		On exit  : 0/0
  1314 ;;		Unchanged: 0/0
  1315 ;; Data sizes:     COMRAM   BANK0   BANK1   BANK2   BANK3   BANK4   BANK5   BANK6   BANK7   BANK8   BANK9  BANK10  BANK1
      +1  BANK12  BANK14
  1316 ;;      Params:         0       0       0       0       0       0       0       0       0       0       0       0       
      +0       0       0
  1317 ;;      Locals:         0       0       0       0       0       0       0       0       0       0       0       0       
      +0       0       0
  1318 ;;      Temps:          0       0       0       0       0       0       0       0       0       0       0       0       
      +0       0       0
  1319 ;;      Totals:         0       0       0       0       0       0       0       0       0       0       0       0       
      +0       0       0
  1320 ;;Total ram usage:        0 bytes
  1321 ;; Hardware stack levels used:    1
  1322 ;; Hardware stack levels required when called:    4
  1323 ;; This function calls:
  1324 ;;		Nothing
  1325 ;; This function is called by:
  1326 ;;		_main
  1327 ;; This function uses a non-reentrant model
  1328 ;;
  1329                           
  1330                           	psect	text13
  1331  000406                     __ptext13:
  1332                           	opt callstack 0
  1333  000406                     _EUSART1_is_tx_ready:
  1334                           	opt callstack 26
  1335                           
  1336                           ;mcc_generated_files/eusart1.c: 131:     return eusart1TxBufferRemaining;
  1337                           
  1338                           ; BSR set to: 15
  1339                           ;incstack = 0
  1340  000406  502E               	movf	_eusart1TxBufferRemaining,w,c	;volatile
  1341  000408  0012               	return		;funcret
  1342  00040A                     __end_of_EUSART1_is_tx_ready:
  1343                           	opt callstack 0
  1344                           
  1345 ;; *************** function _EUSART1_is_rx_ready *****************
  1346 ;; Defined at:
  1347 ;;		line 134 in file "mcc_generated_files/eusart1.c"
  1348 ;; Parameters:    Size  Location     Type
  1349 ;;		None
  1350 ;; Auto vars:     Size  Location     Type
  1351 ;;		None
  1352 ;; Return value:  Size  Location     Type
  1353 ;;                  1    wreg      unsigned char 
  1354 ;; Registers used:
  1355 ;;		wreg, status,2
  1356 ;; Tracked objects:
  1357 ;;		On entry : 0/0
  1358 ;;		On exit  : 0/0
  1359 ;;		Unchanged: 0/0
  1360 ;; Data sizes:     COMRAM   BANK0   BANK1   BANK2   BANK3   BANK4   BANK5   BANK6   BANK7   BANK8   BANK9  BANK10  BANK1
      +1  BANK12  BANK14
  1361 ;;      Params:         0       0       0       0       0       0       0       0       0       0       0       0       
      +0       0       0
  1362 ;;      Locals:         0       0       0       0       0       0       0       0       0       0       0       0       
      +0       0       0
  1363 ;;      Temps:          0       0       0       0       0       0       0       0       0       0       0       0       
      +0       0       0
  1364 ;;      Totals:         0       0       0       0       0       0       0       0       0       0       0       0       
      +0       0       0
  1365 ;;Total ram usage:        0 bytes
  1366 ;; Hardware stack levels used:    1
  1367 ;; Hardware stack levels required when called:    4
  1368 ;; This function calls:
  1369 ;;		Nothing
  1370 ;; This function is called by:
  1371 ;;		_main
  1372 ;; This function uses a non-reentrant model
  1373 ;;
  1374                           
  1375                           	psect	text14
  1376  00040A                     __ptext14:
  1377                           	opt callstack 0
  1378  00040A                     _EUSART1_is_rx_ready:
  1379                           	opt callstack 26
  1380                           
  1381                           ;mcc_generated_files/eusart1.c: 136:     return eusart1RxCount;
  1382                           
  1383                           ;incstack = 0
  1384  00040A  501A               	movf	_eusart1RxCount,w,c	;volatile
  1385  00040C  0012               	return		;funcret
  1386  00040E                     __end_of_EUSART1_is_rx_ready:
  1387                           	opt callstack 0
  1388                           
  1389 ;; *************** function _EUSART1_Write *****************
  1390 ;; Defined at:
  1391 ;;		line 170 in file "mcc_generated_files/eusart1.c"
  1392 ;; Parameters:    Size  Location     Type
  1393 ;;  txData          1    wreg     unsigned char 
  1394 ;; Auto vars:     Size  Location     Type
  1395 ;;  txData          1    4[COMRAM] unsigned char 
  1396 ;; Return value:  Size  Location     Type
  1397 ;;                  1    wreg      void 
  1398 ;; Registers used:
  1399 ;;		wreg, fsr2l, fsr2h, status,2, status,0
  1400 ;; Tracked objects:
  1401 ;;		On entry : 0/0
  1402 ;;		On exit  : 0/0
  1403 ;;		Unchanged: 0/0
  1404 ;; Data sizes:     COMRAM   BANK0   BANK1   BANK2   BANK3   BANK4   BANK5   BANK6   BANK7   BANK8   BANK9  BANK10  BANK1
      +1  BANK12  BANK14
  1405 ;;      Params:         0       0       0       0       0       0       0       0       0       0       0       0       
      +0       0       0
  1406 ;;      Locals:         1       0       0       0       0       0       0       0       0       0       0       0       
      +0       0       0
  1407 ;;      Temps:          0       0       0       0       0       0       0       0       0       0       0       0       
      +0       0       0
  1408 ;;      Totals:         1       0       0       0       0       0       0       0       0       0       0       0       
      +0       0       0
  1409 ;;Total ram usage:        1 bytes
  1410 ;; Hardware stack levels used:    1
  1411 ;; Hardware stack levels required when called:    4
  1412 ;; This function calls:
  1413 ;;		Nothing
  1414 ;; This function is called by:
  1415 ;;		_main
  1416 ;; This function uses a non-reentrant model
  1417 ;;
  1418                           
  1419                           	psect	text15
  1420  00029A                     __ptext15:
  1421                           	opt callstack 0
  1422  00029A                     _EUSART1_Write:
  1423                           	opt callstack 26
  1424                           
  1425                           ;incstack = 0
  1426                           ;EUSART1_Write@txData stored from wreg
  1427  00029A  6E33               	movwf	EUSART1_Write@txData,c
  1428  00029C                     
  1429                           ;mcc_generated_files/eusart1.c: 172:     while(0 == eusart1TxBufferRemaining)
  1430                           
  1431                           ;mcc_generated_files/eusart1.c: 170: void EUSART1_Write(uint8_t txData);mcc_generated_fi
      +                          les/eusart1.c: 171: {;mcc_generated_files/eusart1.c: 172:     while(0 == eusart1TxBuffer
      +                          Remaining)
  1432  00029C  502E               	movf	_eusart1TxBufferRemaining,w,c	;volatile
  1433  00029E  B4D8               	btfsc	status,2,c
  1434  0002A0  D7FD               	goto	l1279
  1435                           
  1436                           ;mcc_generated_files/eusart1.c: 176:     if(0 == PIE3bits.TX1IE)
  1437  0002A2  010E               	movlb	14	; () banked
  1438  0002A4  B9C0               	btfsc	192,4,b	;volatile
  1439  0002A6  D003               	goto	l280
  1440                           
  1441                           ; BSR set to: 14
  1442                           ;mcc_generated_files/eusart1.c: 177:     {;mcc_generated_files/eusart1.c: 178:         T
      +                          X1REG = txData;
  1443  0002A8  C033  FF99         	movff	EUSART1_Write@txData,3993	;volatile
  1444                           
  1445                           ;mcc_generated_files/eusart1.c: 179:     }
  1446  0002AC  D010               	goto	l1295
  1447  0002AE                     l280:
  1448                           
  1449                           ; BSR set to: 14
  1450                           ;mcc_generated_files/eusart1.c: 181:     {;mcc_generated_files/eusart1.c: 182:         P
      +                          IE3bits.TX1IE = 0;
  1451  0002AE  99C0               	bcf	192,4,b	;volatile
  1452                           
  1453                           ; BSR set to: 14
  1454                           ;mcc_generated_files/eusart1.c: 183:         eusart1TxBuffer[eusart1TxHead++] = txData;
  1455  0002B0  0E11               	movlw	low _eusart1TxBuffer
  1456  0002B2  241E               	addwf	_eusart1TxHead,w,c	;volatile
  1457  0002B4  6ED9               	movwf	fsr2l,c
  1458  0002B6  6ADA               	clrf	fsr2h,c
  1459  0002B8  0E00               	movlw	high _eusart1TxBuffer
  1460  0002BA  22DA               	addwfc	fsr2h,f,c
  1461  0002BC  C033  FFDF         	movff	EUSART1_Write@txData,indf2
  1462                           
  1463                           ; BSR set to: 14
  1464  0002C0  2A1E               	incf	_eusart1TxHead,f,c	;volatile
  1465                           
  1466                           ; BSR set to: 14
  1467                           ;mcc_generated_files/eusart1.c: 184:         if(sizeof(eusart1TxBuffer) <= eusart1TxHead
      +                          )
  1468  0002C2  0E07               	movlw	7
  1469  0002C4  641E               	cpfsgt	_eusart1TxHead,c	;volatile
  1470  0002C6  D002               	goto	l1293
  1471                           
  1472                           ; BSR set to: 14
  1473                           ;mcc_generated_files/eusart1.c: 185:         {;mcc_generated_files/eusart1.c: 186:      
      +                                 eusart1TxHead = 0;
  1474  0002C8  0E00               	movlw	0
  1475  0002CA  6E1E               	movwf	_eusart1TxHead,c	;volatile
  1476  0002CC                     l1293:
  1477                           
  1478                           ; BSR set to: 14
  1479                           ;mcc_generated_files/eusart1.c: 188:         eusart1TxBufferRemaining--;
  1480  0002CC  062E               	decf	_eusart1TxBufferRemaining,f,c	;volatile
  1481  0002CE                     l1295:
  1482                           
  1483                           ; BSR set to: 14
  1484                           ;mcc_generated_files/eusart1.c: 190:     PIE3bits.TX1IE = 1;
  1485  0002CE  89C0               	bsf	192,4,b	;volatile
  1486                           
  1487                           ; BSR set to: 14
  1488  0002D0  0012               	return		;funcret
  1489  0002D2                     __end_of_EUSART1_Write:
  1490                           	opt callstack 0
  1491                           
  1492 ;; *************** function _EUSART1_Read *****************
  1493 ;; Defined at:
  1494 ;;		line 148 in file "mcc_generated_files/eusart1.c"
  1495 ;; Parameters:    Size  Location     Type
  1496 ;;		None
  1497 ;; Auto vars:     Size  Location     Type
  1498 ;;  readValue       1    4[COMRAM] unsigned char 
  1499 ;; Return value:  Size  Location     Type
  1500 ;;                  1    wreg      unsigned char 
  1501 ;; Registers used:
  1502 ;;		wreg, fsr2l, fsr2h, status,2, status,0
  1503 ;; Tracked objects:
  1504 ;;		On entry : 0/0
  1505 ;;		On exit  : 0/0
  1506 ;;		Unchanged: 0/0
  1507 ;; Data sizes:     COMRAM   BANK0   BANK1   BANK2   BANK3   BANK4   BANK5   BANK6   BANK7   BANK8   BANK9  BANK10  BANK1
      +1  BANK12  BANK14
  1508 ;;      Params:         0       0       0       0       0       0       0       0       0       0       0       0       
      +0       0       0
  1509 ;;      Locals:         1       0       0       0       0       0       0       0       0       0       0       0       
      +0       0       0
  1510 ;;      Temps:          0       0       0       0       0       0       0       0       0       0       0       0       
      +0       0       0
  1511 ;;      Totals:         1       0       0       0       0       0       0       0       0       0       0       0       
      +0       0       0
  1512 ;;Total ram usage:        1 bytes
  1513 ;; Hardware stack levels used:    1
  1514 ;; Hardware stack levels required when called:    4
  1515 ;; This function calls:
  1516 ;;		Nothing
  1517 ;; This function is called by:
  1518 ;;		_main
  1519 ;; This function uses a non-reentrant model
  1520 ;;
  1521                           
  1522                           	psect	text16
  1523  00025C                     __ptext16:
  1524                           	opt callstack 0
  1525  00025C                     _EUSART1_Read:
  1526                           	opt callstack 26
  1527                           
  1528                           ;mcc_generated_files/eusart1.c: 152:     while(0 == eusart1RxCount)
  1529                           
  1530                           ;mcc_generated_files/eusart1.c: 152:     while(0 == eusart1RxCount)
  1531                           
  1532                           ; BSR set to: 14
  1533                           ;incstack = 0
  1534  00025C  501A               	movf	_eusart1RxCount,w,c	;volatile
  1535  00025E  B4D8               	btfsc	status,2,c
  1536  000260  D7FD               	goto	_EUSART1_Read
  1537                           
  1538                           ;mcc_generated_files/eusart1.c: 156:     eusart1RxLastError = eusart1RxStatusBuffer[eusa
      +                          rt1RxTail];
  1539  000262  0E01               	movlw	low _eusart1RxStatusBuffer
  1540  000264  241B               	addwf	_eusart1RxTail,w,c	;volatile
  1541  000266  6ED9               	movwf	fsr2l,c
  1542  000268  6ADA               	clrf	fsr2h,c
  1543  00026A  0E00               	movlw	high _eusart1RxStatusBuffer
  1544  00026C  22DA               	addwfc	fsr2h,f,c
  1545  00026E  50DF               	movf	indf2,w,c
  1546  000270  6E19               	movwf	_eusart1RxLastError,c	;volatile
  1547                           
  1548                           ;mcc_generated_files/eusart1.c: 158:     readValue = eusart1RxBuffer[eusart1RxTail++];
  1549  000272  0E09               	movlw	low _eusart1RxBuffer
  1550  000274  241B               	addwf	_eusart1RxTail,w,c	;volatile
  1551  000276  6ED9               	movwf	fsr2l,c
  1552  000278  6ADA               	clrf	fsr2h,c
  1553  00027A  0E00               	movlw	high _eusart1RxBuffer
  1554  00027C  22DA               	addwfc	fsr2h,f,c
  1555  00027E  50DF               	movf	indf2,w,c
  1556  000280  6E33               	movwf	EUSART1_Read@readValue,c
  1557  000282  2A1B               	incf	_eusart1RxTail,f,c	;volatile
  1558                           
  1559                           ;mcc_generated_files/eusart1.c: 159:     if(sizeof(eusart1RxBuffer) <= eusart1RxTail)
  1560  000284  0E07               	movlw	7
  1561  000286  641B               	cpfsgt	_eusart1RxTail,c	;volatile
  1562  000288  D002               	goto	l1265
  1563                           
  1564                           ;mcc_generated_files/eusart1.c: 160:     {;mcc_generated_files/eusart1.c: 161:         e
      +                          usart1RxTail = 0;
  1565  00028A  0E00               	movlw	0
  1566  00028C  6E1B               	movwf	_eusart1RxTail,c	;volatile
  1567  00028E                     l1265:
  1568                           
  1569                           ;mcc_generated_files/eusart1.c: 163:     PIE3bits.RC1IE = 0;
  1570  00028E  010E               	movlb	14	; () banked
  1571  000290  9BC0               	bcf	192,5,b	;volatile
  1572                           
  1573                           ; BSR set to: 14
  1574                           ;mcc_generated_files/eusart1.c: 164:     eusart1RxCount--;
  1575  000292  061A               	decf	_eusart1RxCount,f,c	;volatile
  1576                           
  1577                           ; BSR set to: 14
  1578                           ;mcc_generated_files/eusart1.c: 165:     PIE3bits.RC1IE = 1;
  1579  000294  8BC0               	bsf	192,5,b	;volatile
  1580                           
  1581                           ; BSR set to: 14
  1582                           ;mcc_generated_files/eusart1.c: 167:     return readValue;
  1583  000296  5033               	movf	EUSART1_Read@readValue,w,c
  1584                           
  1585                           ; BSR set to: 14
  1586  000298  0012               	return		;funcret
  1587  00029A                     __end_of_EUSART1_Read:
  1588                           	opt callstack 0
  1589                           
  1590 ;; *************** function _INTERRUPT_InterruptManagerHigh *****************
  1591 ;; Defined at:
  1592 ;;		line 68 in file "mcc_generated_files/interrupt_manager.c"
  1593 ;; Parameters:    Size  Location     Type
  1594 ;;		None
  1595 ;; Auto vars:     Size  Location     Type
  1596 ;;		None
  1597 ;; Return value:  Size  Location     Type
  1598 ;;                  1    wreg      void 
  1599 ;; Registers used:
  1600 ;;		wreg, fsr2l, fsr2h, status,2, status,0, pclath, tosl, cstack
  1601 ;; Tracked objects:
  1602 ;;		On entry : 0/0
  1603 ;;		On exit  : 0/0
  1604 ;;		Unchanged: 0/0
  1605 ;; Data sizes:     COMRAM   BANK0   BANK1   BANK2   BANK3   BANK4   BANK5   BANK6   BANK7   BANK8   BANK9  BANK10  BANK1
      +1  BANK12  BANK14
  1606 ;;      Params:         0       0       0       0       0       0       0       0       0       0       0       0       
      +0       0       0
  1607 ;;      Locals:         0       0       0       0       0       0       0       0       0       0       0       0       
      +0       0       0
  1608 ;;      Temps:          4       0       0       0       0       0       0       0       0       0       0       0       
      +0       0       0
  1609 ;;      Totals:         4       0       0       0       0       0       0       0       0       0       0       0       
      +0       0       0
  1610 ;;Total ram usage:        4 bytes
  1611 ;; Hardware stack levels used:    1
  1612 ;; Hardware stack levels required when called:    3
  1613 ;; This function calls:
  1614 ;;		Absolute function
  1615 ;;		_EUSART1_Receive_ISR
  1616 ;;		_EUSART1_Transmit_ISR
  1617 ;; This function is called by:
  1618 ;;		Interrupt level 2
  1619 ;; This function uses a non-reentrant model
  1620 ;;
  1621                           
  1622                           	psect	intcode
  1623  000008                     __pintcode:
  1624                           	opt callstack 0
  1625  000008                     _INTERRUPT_InterruptManagerHigh:
  1626                           	opt callstack 24
  1627                           
  1628                           ; BSR set to: 14
  1629                           ;incstack = 0
  1630  000008  8237               	bsf	btemp,1,c	;set compiler interrupt flag (level 2)
  1631  00000A  CFFA F02F          	movff	pclath,??_INTERRUPT_InterruptManagerHigh
  1632  00000E  CFFB F030          	movff	pclatu,??_INTERRUPT_InterruptManagerHigh+1
  1633  000012  CFD9 F031          	movff	fsr2l,??_INTERRUPT_InterruptManagerHigh+2
  1634  000016  CFDA F032          	movff	fsr2h,??_INTERRUPT_InterruptManagerHigh+3
  1635                           
  1636                           ;mcc_generated_files/interrupt_manager.c: 71:     if(PIE3bits.TX1IE == 1 && PIR3bits.TX1
      +                          IF == 1)
  1637  00001A  010E               	movlb	14	; () banked
  1638  00001C  B9C0               	btfsc	192,4,b	;volatile
  1639                           
  1640                           ; BSR set to: 14
  1641  00001E  A9C8               	btfss	200,4,b	;volatile
  1642  000020  D00C               	goto	i2l471
  1643                           
  1644                           ; BSR set to: 14
  1645                           ;mcc_generated_files/interrupt_manager.c: 72:     {;mcc_generated_files/interrupt_manage
      +                          r.c: 73:         EUSART1_TxDefaultInterruptHandler();
  1646  000022  D801               	call	i2u20_48
  1647  000024  D019               	goto	i2u23_49
  1648  000026                     i2u20_48:
  1649  000026  0005               	push	
  1650  000028  6EFA               	movwf	pclath,c
  1651  00002A  502B               	movf	_EUSART1_TxDefaultInterruptHandler,w,c
  1652  00002C  6EFD               	movwf	tosl,c
  1653  00002E  502C               	movf	_EUSART1_TxDefaultInterruptHandler+1,w,c
  1654  000030  6EFE               	movwf	tosh,c
  1655  000032  502D               	movf	_EUSART1_TxDefaultInterruptHandler+2,w,c
  1656  000034  6EFF               	movwf	tosu,c
  1657  000036  50FA               	movf	pclath,w,c
  1658  000038  0012               	return		;indir
  1659  00003A                     i2l471:
  1660                           
  1661                           ; BSR set to: 14
  1662  00003A  BBC0               	btfsc	192,5,b	;volatile
  1663                           
  1664                           ; BSR set to: 14
  1665  00003C  ABC8               	btfss	200,5,b	;volatile
  1666  00003E  D00C               	goto	i2u23_49
  1667                           
  1668                           ; BSR set to: 14
  1669                           ;mcc_generated_files/interrupt_manager.c: 76:     {;mcc_generated_files/interrupt_manage
      +                          r.c: 77:         EUSART1_RxDefaultInterruptHandler();
  1670  000040  D801               	call	i2u23_48
  1671  000042  D00A               	goto	i2u23_49
  1672  000044                     i2u23_48:
  1673  000044  0005               	push	
  1674  000046  6EFA               	movwf	pclath,c
  1675  000048  5028               	movf	_EUSART1_RxDefaultInterruptHandler,w,c
  1676  00004A  6EFD               	movwf	tosl,c
  1677  00004C  5029               	movf	_EUSART1_RxDefaultInterruptHandler+1,w,c
  1678  00004E  6EFE               	movwf	tosh,c
  1679  000050  502A               	movf	_EUSART1_RxDefaultInterruptHandler+2,w,c
  1680  000052  6EFF               	movwf	tosu,c
  1681  000054  50FA               	movf	pclath,w,c
  1682  000056  0012               	return		;indir
  1683  000058                     i2u23_49:
  1684                           
  1685                           ;mcc_generated_files/interrupt_manager.c: 78:     }
  1686  000058  C032  FFDA         	movff	??_INTERRUPT_InterruptManagerHigh+3,fsr2h
  1687  00005C  C031  FFD9         	movff	??_INTERRUPT_InterruptManagerHigh+2,fsr2l
  1688  000060  C030  FFFB         	movff	??_INTERRUPT_InterruptManagerHigh+1,pclatu
  1689  000064  C02F  FFFA         	movff	??_INTERRUPT_InterruptManagerHigh,pclath
  1690  000068  9237               	bcf	btemp,1,c	;clear compiler interrupt flag (level 2)
  1691  00006A  0011               	retfie		f
  1692  00006C                     __end_of_INTERRUPT_InterruptManagerHigh:
  1693                           	opt callstack 0
  1694                           
  1695 ;; *************** function _EUSART1_Transmit_ISR *****************
  1696 ;; Defined at:
  1697 ;;		line 194 in file "mcc_generated_files/eusart1.c"
  1698 ;; Parameters:    Size  Location     Type
  1699 ;;		None
  1700 ;; Auto vars:     Size  Location     Type
  1701 ;;		None
  1702 ;; Return value:  Size  Location     Type
  1703 ;;                  1    wreg      void 
  1704 ;; Registers used:
  1705 ;;		wreg, fsr2l, fsr2h, status,2, status,0
  1706 ;; Tracked objects:
  1707 ;;		On entry : 0/0
  1708 ;;		On exit  : 0/0
  1709 ;;		Unchanged: 0/0
  1710 ;; Data sizes:     COMRAM   BANK0   BANK1   BANK2   BANK3   BANK4   BANK5   BANK6   BANK7   BANK8   BANK9  BANK10  BANK1
      +1  BANK12  BANK14
  1711 ;;      Params:         0       0       0       0       0       0       0       0       0       0       0       0       
      +0       0       0
  1712 ;;      Locals:         0       0       0       0       0       0       0       0       0       0       0       0       
      +0       0       0
  1713 ;;      Temps:          0       0       0       0       0       0       0       0       0       0       0       0       
      +0       0       0
  1714 ;;      Totals:         0       0       0       0       0       0       0       0       0       0       0       0       
      +0       0       0
  1715 ;;Total ram usage:        0 bytes
  1716 ;; Hardware stack levels used:    1
  1717 ;; This function calls:
  1718 ;;		Nothing
  1719 ;; This function is called by:
  1720 ;;		_EUSART1_Initialize
  1721 ;;		_INTERRUPT_InterruptManagerHigh
  1722 ;; This function uses a non-reentrant model
  1723 ;;
  1724                           
  1725                           	psect	text18
  1726  0002D2                     __ptext18:
  1727                           	opt callstack 0
  1728  0002D2                     _EUSART1_Transmit_ISR:
  1729                           	opt callstack 26
  1730                           
  1731                           ;mcc_generated_files/eusart1.c: 198:     if(sizeof(eusart1TxBuffer) > eusart1TxBufferRem
      +                          aining)
  1732                           
  1733                           ;incstack = 0
  1734  0002D2  0E08               	movlw	8
  1735  0002D4  602E               	cpfslt	_eusart1TxBufferRemaining,c	;volatile
  1736  0002D6  D010               	goto	i2l286
  1737                           
  1738                           ;mcc_generated_files/eusart1.c: 199:     {;mcc_generated_files/eusart1.c: 200:         T
      +                          X1REG = eusart1TxBuffer[eusart1TxTail++];
  1739  0002D8  0E11               	movlw	low _eusart1TxBuffer
  1740  0002DA  241D               	addwf	_eusart1TxTail,w,c	;volatile
  1741  0002DC  6ED9               	movwf	fsr2l,c
  1742  0002DE  6ADA               	clrf	fsr2h,c
  1743  0002E0  0E00               	movlw	high _eusart1TxBuffer
  1744  0002E2  22DA               	addwfc	fsr2h,f,c
  1745  0002E4  50DF               	movf	indf2,w,c
  1746  0002E6  6E99               	movwf	3993,c	;volatile
  1747  0002E8  2A1D               	incf	_eusart1TxTail,f,c	;volatile
  1748                           
  1749                           ;mcc_generated_files/eusart1.c: 201:         if(sizeof(eusart1TxBuffer) <= eusart1TxTail
      +                          )
  1750  0002EA  0E07               	movlw	7
  1751  0002EC  641D               	cpfsgt	_eusart1TxTail,c	;volatile
  1752  0002EE  D002               	goto	i2l1307
  1753                           
  1754                           ;mcc_generated_files/eusart1.c: 202:         {;mcc_generated_files/eusart1.c: 203:      
      +                                 eusart1TxTail = 0;
  1755  0002F0  0E00               	movlw	0
  1756  0002F2  6E1D               	movwf	_eusart1TxTail,c	;volatile
  1757  0002F4                     i2l1307:
  1758                           
  1759                           ;mcc_generated_files/eusart1.c: 205:         eusart1TxBufferRemaining++;
  1760  0002F4  2A2E               	incf	_eusart1TxBufferRemaining,f,c	;volatile
  1761                           
  1762                           ;mcc_generated_files/eusart1.c: 206:     }
  1763  0002F6  0012               	return	
  1764  0002F8                     i2l286:
  1765                           
  1766                           ;mcc_generated_files/eusart1.c: 208:     {;mcc_generated_files/eusart1.c: 209:         P
      +                          IE3bits.TX1IE = 0;
  1767  0002F8  010E               	movlb	14	; () banked
  1768  0002FA  99C0               	bcf	192,4,b	;volatile
  1769  0002FC  0012               	return		;funcret
  1770  0002FE                     __end_of_EUSART1_Transmit_ISR:
  1771                           	opt callstack 0
  1772                           
  1773 ;; *************** function _EUSART1_Receive_ISR *****************
  1774 ;; Defined at:
  1775 ;;		line 213 in file "mcc_generated_files/eusart1.c"
  1776 ;; Parameters:    Size  Location     Type
  1777 ;;		None
  1778 ;; Auto vars:     Size  Location     Type
  1779 ;;		None
  1780 ;; Return value:  Size  Location     Type
  1781 ;;                  1    wreg      void 
  1782 ;; Registers used:
  1783 ;;		wreg, fsr2l, fsr2h, status,2, status,0, pclath, tosl, cstack
  1784 ;; Tracked objects:
  1785 ;;		On entry : 0/0
  1786 ;;		On exit  : 0/0
  1787 ;;		Unchanged: 0/0
  1788 ;; Data sizes:     COMRAM   BANK0   BANK1   BANK2   BANK3   BANK4   BANK5   BANK6   BANK7   BANK8   BANK9  BANK10  BANK1
      +1  BANK12  BANK14
  1789 ;;      Params:         0       0       0       0       0       0       0       0       0       0       0       0       
      +0       0       0
  1790 ;;      Locals:         0       0       0       0       0       0       0       0       0       0       0       0       
      +0       0       0
  1791 ;;      Temps:          0       0       0       0       0       0       0       0       0       0       0       0       
      +0       0       0
  1792 ;;      Totals:         0       0       0       0       0       0       0       0       0       0       0       0       
      +0       0       0
  1793 ;;Total ram usage:        0 bytes
  1794 ;; Hardware stack levels used:    1
  1795 ;; Hardware stack levels required when called:    2
  1796 ;; This function calls:
  1797 ;;		Absolute function
  1798 ;;		_EUSART1_DefaultErrorHandler
  1799 ;;		_EUSART1_DefaultFramingErrorHandler
  1800 ;;		_EUSART1_DefaultOverrunErrorHandler
  1801 ;;		_EUSART1_RxDataHandler
  1802 ;; This function is called by:
  1803 ;;		_EUSART1_Initialize
  1804 ;;		_INTERRUPT_InterruptManagerHigh
  1805 ;; This function uses a non-reentrant model
  1806 ;;
  1807                           
  1808                           	psect	text19
  1809  000070                     __ptext19:
  1810                           	opt callstack 0
  1811  000070                     _EUSART1_Receive_ISR:
  1812                           	opt callstack 24
  1813                           
  1814                           ;mcc_generated_files/eusart1.c: 216:     eusart1RxStatusBuffer[eusart1RxHead].status = 0
      +                          ;
  1815                           
  1816                           ;incstack = 0
  1817  000070  0E01               	movlw	low _eusart1RxStatusBuffer
  1818  000072  241C               	addwf	_eusart1RxHead,w,c	;volatile
  1819  000074  6ED9               	movwf	fsr2l,c
  1820  000076  6ADA               	clrf	fsr2h,c
  1821  000078  0E00               	movlw	high _eusart1RxStatusBuffer
  1822  00007A  22DA               	addwfc	fsr2h,f,c
  1823  00007C  0E00               	movlw	0
  1824  00007E  6EDF               	movwf	indf2,c
  1825                           
  1826                           ;mcc_generated_files/eusart1.c: 218:     if(RC1STAbits.FERR){
  1827  000080  A49C               	btfss	3996,2,c	;volatile
  1828  000082  D013               	goto	i2u10_49
  1829                           
  1830                           ;mcc_generated_files/eusart1.c: 219:         eusart1RxStatusBuffer[eusart1RxHead].ferr =
      +                           1;
  1831  000084  0E01               	movlw	low _eusart1RxStatusBuffer
  1832  000086  241C               	addwf	_eusart1RxHead,w,c	;volatile
  1833  000088  6ED9               	movwf	fsr2l,c
  1834  00008A  6ADA               	clrf	fsr2h,c
  1835  00008C  0E00               	movlw	high _eusart1RxStatusBuffer
  1836  00008E  22DA               	addwfc	fsr2h,f,c
  1837  000090  82DF               	bsf	indf2,1,c
  1838                           
  1839                           ;mcc_generated_files/eusart1.c: 220:         EUSART1_FramingErrorHandler();
  1840  000092  D801               	call	i2u10_48
  1841  000094  D00A               	goto	i2u10_49
  1842  000096                     i2u10_48:
  1843  000096  0005               	push	
  1844  000098  6EFA               	movwf	pclath,c
  1845  00009A  5025               	movf	_EUSART1_FramingErrorHandler,w,c
  1846  00009C  6EFD               	movwf	tosl,c
  1847  00009E  5026               	movf	_EUSART1_FramingErrorHandler+1,w,c
  1848  0000A0  6EFE               	movwf	tosh,c
  1849  0000A2  5027               	movf	_EUSART1_FramingErrorHandler+2,w,c
  1850  0000A4  6EFF               	movwf	tosu,c
  1851  0000A6  50FA               	movf	pclath,w,c
  1852  0000A8  0012               	return		;indir
  1853  0000AA                     i2u10_49:
  1854                           
  1855                           ;mcc_generated_files/eusart1.c: 223:     if(RC1STAbits.OERR){
  1856  0000AA  A29C               	btfss	3996,1,c	;volatile
  1857  0000AC  D013               	goto	i2u12_49
  1858                           
  1859                           ;mcc_generated_files/eusart1.c: 224:         eusart1RxStatusBuffer[eusart1RxHead].oerr =
      +                           1;
  1860  0000AE  0E01               	movlw	low _eusart1RxStatusBuffer
  1861  0000B0  241C               	addwf	_eusart1RxHead,w,c	;volatile
  1862  0000B2  6ED9               	movwf	fsr2l,c
  1863  0000B4  6ADA               	clrf	fsr2h,c
  1864  0000B6  0E00               	movlw	high _eusart1RxStatusBuffer
  1865  0000B8  22DA               	addwfc	fsr2h,f,c
  1866  0000BA  84DF               	bsf	indf2,2,c
  1867                           
  1868                           ;mcc_generated_files/eusart1.c: 225:         EUSART1_OverrunErrorHandler();
  1869  0000BC  D801               	call	i2u12_48
  1870  0000BE  D00A               	goto	i2u12_49
  1871  0000C0                     i2u12_48:
  1872  0000C0  0005               	push	
  1873  0000C2  6EFA               	movwf	pclath,c
  1874  0000C4  5022               	movf	_EUSART1_OverrunErrorHandler,w,c
  1875  0000C6  6EFD               	movwf	tosl,c
  1876  0000C8  5023               	movf	_EUSART1_OverrunErrorHandler+1,w,c
  1877  0000CA  6EFE               	movwf	tosh,c
  1878  0000CC  5024               	movf	_EUSART1_OverrunErrorHandler+2,w,c
  1879  0000CE  6EFF               	movwf	tosu,c
  1880  0000D0  50FA               	movf	pclath,w,c
  1881  0000D2  0012               	return		;indir
  1882  0000D4                     i2u12_49:
  1883                           
  1884                           ;mcc_generated_files/eusart1.c: 228:     if(eusart1RxStatusBuffer[eusart1RxHead].status)
      +                          {
  1885  0000D4  0E01               	movlw	low _eusart1RxStatusBuffer
  1886  0000D6  241C               	addwf	_eusart1RxHead,w,c	;volatile
  1887  0000D8  6ED9               	movwf	fsr2l,c
  1888  0000DA  6ADA               	clrf	fsr2h,c
  1889  0000DC  0E00               	movlw	high _eusart1RxStatusBuffer
  1890  0000DE  22DA               	addwfc	fsr2h,f,c
  1891  0000E0  50DF               	movf	indf2,w,c
  1892  0000E2  B4D8               	btfsc	status,2,c
  1893  0000E4  D00C               	goto	i2l1327
  1894                           
  1895                           ;mcc_generated_files/eusart1.c: 229:         EUSART1_ErrorHandler();
  1896  0000E6  D801               	call	i2u14_48
  1897  0000E8  0012               	return	
  1898  0000EA                     i2u14_48:
  1899  0000EA  0005               	push	
  1900  0000EC  6EFA               	movwf	pclath,c
  1901  0000EE  501F               	movf	_EUSART1_ErrorHandler,w,c
  1902  0000F0  6EFD               	movwf	tosl,c
  1903  0000F2  5020               	movf	_EUSART1_ErrorHandler+1,w,c
  1904  0000F4  6EFE               	movwf	tosh,c
  1905  0000F6  5021               	movf	_EUSART1_ErrorHandler+2,w,c
  1906  0000F8  6EFF               	movwf	tosu,c
  1907  0000FA  50FA               	movf	pclath,w,c
  1908  0000FC  0012               	return		;indir
  1909  0000FE                     i2l1327:
  1910                           
  1911                           ;mcc_generated_files/eusart1.c: 231:         EUSART1_RxDataHandler();
  1912  0000FE  EC93  F001         	call	_EUSART1_RxDataHandler	;wreg free
  1913  000102  0012               	return		;funcret
  1914  000104                     __end_of_EUSART1_Receive_ISR:
  1915                           	opt callstack 0
  1916                           
  1917 ;; *************** function _EUSART1_DefaultOverrunErrorHandler *****************
  1918 ;; Defined at:
  1919 ;;		line 249 in file "mcc_generated_files/eusart1.c"
  1920 ;; Parameters:    Size  Location     Type
  1921 ;;		None
  1922 ;; Auto vars:     Size  Location     Type
  1923 ;;		None
  1924 ;; Return value:  Size  Location     Type
  1925 ;;                  1    wreg      void 
  1926 ;; Registers used:
  1927 ;;		None
  1928 ;; Tracked objects:
  1929 ;;		On entry : 0/0
  1930 ;;		On exit  : 0/0
  1931 ;;		Unchanged: 0/0
  1932 ;; Data sizes:     COMRAM   BANK0   BANK1   BANK2   BANK3   BANK4   BANK5   BANK6   BANK7   BANK8   BANK9  BANK10  BANK1
      +1  BANK12  BANK14
  1933 ;;      Params:         0       0       0       0       0       0       0       0       0       0       0       0       
      +0       0       0
  1934 ;;      Locals:         0       0       0       0       0       0       0       0       0       0       0       0       
      +0       0       0
  1935 ;;      Temps:          0       0       0       0       0       0       0       0       0       0       0       0       
      +0       0       0
  1936 ;;      Totals:         0       0       0       0       0       0       0       0       0       0       0       0       
      +0       0       0
  1937 ;;Total ram usage:        0 bytes
  1938 ;; Hardware stack levels used:    1
  1939 ;; This function calls:
  1940 ;;		Nothing
  1941 ;; This function is called by:
  1942 ;;		_EUSART1_Initialize
  1943 ;;		_EUSART1_Receive_ISR
  1944 ;; This function uses a non-reentrant model
  1945 ;;
  1946                           
  1947                           	psect	text20
  1948  0003FA                     __ptext20:
  1949                           	opt callstack 0
  1950  0003FA                     _EUSART1_DefaultOverrunErrorHandler:
  1951                           	opt callstack 25
  1952                           
  1953                           ;mcc_generated_files/eusart1.c: 252:     RC1STAbits.CREN = 0;
  1954                           
  1955                           ;incstack = 0
  1956  0003FA  989C               	bcf	3996,4,c	;volatile
  1957                           
  1958                           ;mcc_generated_files/eusart1.c: 253:     RC1STAbits.CREN = 1;
  1959  0003FC  889C               	bsf	3996,4,c	;volatile
  1960  0003FE  0012               	return		;funcret
  1961  000400                     __end_of_EUSART1_DefaultOverrunErrorHandler:
  1962                           	opt callstack 0
  1963                           
  1964 ;; *************** function _EUSART1_DefaultFramingErrorHandler *****************
  1965 ;; Defined at:
  1966 ;;		line 247 in file "mcc_generated_files/eusart1.c"
  1967 ;; Parameters:    Size  Location     Type
  1968 ;;		None
  1969 ;; Auto vars:     Size  Location     Type
  1970 ;;		None
  1971 ;; Return value:  Size  Location     Type
  1972 ;;                  1    wreg      void 
  1973 ;; Registers used:
  1974 ;;		None
  1975 ;; Tracked objects:
  1976 ;;		On entry : 0/0
  1977 ;;		On exit  : 0/0
  1978 ;;		Unchanged: 0/0
  1979 ;; Data sizes:     COMRAM   BANK0   BANK1   BANK2   BANK3   BANK4   BANK5   BANK6   BANK7   BANK8   BANK9  BANK10  BANK1
      +1  BANK12  BANK14
  1980 ;;      Params:         0       0       0       0       0       0       0       0       0       0       0       0       
      +0       0       0
  1981 ;;      Locals:         0       0       0       0       0       0       0       0       0       0       0       0       
      +0       0       0
  1982 ;;      Temps:          0       0       0       0       0       0       0       0       0       0       0       0       
      +0       0       0
  1983 ;;      Totals:         0       0       0       0       0       0       0       0       0       0       0       0       
      +0       0       0
  1984 ;;Total ram usage:        0 bytes
  1985 ;; Hardware stack levels used:    1
  1986 ;; This function calls:
  1987 ;;		Nothing
  1988 ;; This function is called by:
  1989 ;;		_EUSART1_Initialize
  1990 ;;		_EUSART1_Receive_ISR
  1991 ;; This function uses a non-reentrant model
  1992 ;;
  1993                           
  1994                           	psect	text21
  1995  00040E                     __ptext21:
  1996                           	opt callstack 0
  1997  00040E                     _EUSART1_DefaultFramingErrorHandler:
  1998                           	opt callstack 25
  1999                           
  2000                           ;incstack = 0
  2001  00040E  0012               	return		;funcret
  2002  000410                     __end_of_EUSART1_DefaultFramingErrorHandler:
  2003                           	opt callstack 0
  2004                           
  2005 ;; *************** function _EUSART1_DefaultErrorHandler *****************
  2006 ;; Defined at:
  2007 ;;		line 257 in file "mcc_generated_files/eusart1.c"
  2008 ;; Parameters:    Size  Location     Type
  2009 ;;		None
  2010 ;; Auto vars:     Size  Location     Type
  2011 ;;		None
  2012 ;; Return value:  Size  Location     Type
  2013 ;;                  1    wreg      void 
  2014 ;; Registers used:
  2015 ;;		wreg, fsr2l, fsr2h, status,2, status,0, cstack
  2016 ;; Tracked objects:
  2017 ;;		On entry : 0/0
  2018 ;;		On exit  : 0/0
  2019 ;;		Unchanged: 0/0
  2020 ;; Data sizes:     COMRAM   BANK0   BANK1   BANK2   BANK3   BANK4   BANK5   BANK6   BANK7   BANK8   BANK9  BANK10  BANK1
      +1  BANK12  BANK14
  2021 ;;      Params:         0       0       0       0       0       0       0       0       0       0       0       0       
      +0       0       0
  2022 ;;      Locals:         0       0       0       0       0       0       0       0       0       0       0       0       
      +0       0       0
  2023 ;;      Temps:          0       0       0       0       0       0       0       0       0       0       0       0       
      +0       0       0
  2024 ;;      Totals:         0       0       0       0       0       0       0       0       0       0       0       0       
      +0       0       0
  2025 ;;Total ram usage:        0 bytes
  2026 ;; Hardware stack levels used:    1
  2027 ;; Hardware stack levels required when called:    1
  2028 ;; This function calls:
  2029 ;;		_EUSART1_RxDataHandler
  2030 ;; This function is called by:
  2031 ;;		_EUSART1_Initialize
  2032 ;;		_EUSART1_Receive_ISR
  2033 ;; This function uses a non-reentrant model
  2034 ;;
  2035                           
  2036                           	psect	text22
  2037  000400                     __ptext22:
  2038                           	opt callstack 0
  2039  000400                     _EUSART1_DefaultErrorHandler:
  2040                           	opt callstack 24
  2041                           
  2042                           ;mcc_generated_files/eusart1.c: 258:     EUSART1_RxDataHandler();
  2043                           
  2044                           ;incstack = 0
  2045  000400  EC93  F001         	call	_EUSART1_RxDataHandler	;wreg free
  2046  000404  0012               	return		;funcret
  2047  000406                     __end_of_EUSART1_DefaultErrorHandler:
  2048                           	opt callstack 0
  2049                           
  2050 ;; *************** function _EUSART1_RxDataHandler *****************
  2051 ;; Defined at:
  2052 ;;		line 237 in file "mcc_generated_files/eusart1.c"
  2053 ;; Parameters:    Size  Location     Type
  2054 ;;		None
  2055 ;; Auto vars:     Size  Location     Type
  2056 ;;		None
  2057 ;; Return value:  Size  Location     Type
  2058 ;;                  1    wreg      void 
  2059 ;; Registers used:
  2060 ;;		wreg, fsr2l, fsr2h, status,2, status,0
  2061 ;; Tracked objects:
  2062 ;;		On entry : 0/0
  2063 ;;		On exit  : 0/0
  2064 ;;		Unchanged: 0/0
  2065 ;; Data sizes:     COMRAM   BANK0   BANK1   BANK2   BANK3   BANK4   BANK5   BANK6   BANK7   BANK8   BANK9  BANK10  BANK1
      +1  BANK12  BANK14
  2066 ;;      Params:         0       0       0       0       0       0       0       0       0       0       0       0       
      +0       0       0
  2067 ;;      Locals:         0       0       0       0       0       0       0       0       0       0       0       0       
      +0       0       0
  2068 ;;      Temps:          0       0       0       0       0       0       0       0       0       0       0       0       
      +0       0       0
  2069 ;;      Totals:         0       0       0       0       0       0       0       0       0       0       0       0       
      +0       0       0
  2070 ;;Total ram usage:        0 bytes
  2071 ;; Hardware stack levels used:    1
  2072 ;; This function calls:
  2073 ;;		Nothing
  2074 ;; This function is called by:
  2075 ;;		_EUSART1_Receive_ISR
  2076 ;;		_EUSART1_DefaultErrorHandler
  2077 ;; This function uses a non-reentrant model
  2078 ;;
  2079                           
  2080                           	psect	text23
  2081  000326                     __ptext23:
  2082                           	opt callstack 0
  2083  000326                     _EUSART1_RxDataHandler:
  2084                           	opt callstack 25
  2085                           
  2086                           ;mcc_generated_files/eusart1.c: 239:     eusart1RxBuffer[eusart1RxHead++] = RC1REG;
  2087                           
  2088                           ;incstack = 0
  2089  000326  0E09               	movlw	low _eusart1RxBuffer
  2090  000328  241C               	addwf	_eusart1RxHead,w,c	;volatile
  2091  00032A  6ED9               	movwf	fsr2l,c
  2092  00032C  6ADA               	clrf	fsr2h,c
  2093  00032E  0E00               	movlw	high _eusart1RxBuffer
  2094  000330  22DA               	addwfc	fsr2h,f,c
  2095  000332  CF98 FFDF          	movff	3992,indf2	;volatile
  2096  000336  2A1C               	incf	_eusart1RxHead,f,c	;volatile
  2097                           
  2098                           ;mcc_generated_files/eusart1.c: 240:     if(sizeof(eusart1RxBuffer) <= eusart1RxHead)
  2099  000338  0E07               	movlw	7
  2100  00033A  641C               	cpfsgt	_eusart1RxHead,c	;volatile
  2101  00033C  D002               	goto	i2l1169
  2102                           
  2103                           ;mcc_generated_files/eusart1.c: 241:     {;mcc_generated_files/eusart1.c: 242:         e
      +                          usart1RxHead = 0;
  2104  00033E  0E00               	movlw	0
  2105  000340  6E1C               	movwf	_eusart1RxHead,c	;volatile
  2106  000342                     i2l1169:
  2107                           
  2108                           ;mcc_generated_files/eusart1.c: 244:     eusart1RxCount++;
  2109  000342  2A1A               	incf	_eusart1RxCount,f,c	;volatile
  2110  000344  0012               	return		;funcret
  2111  000346                     __end_of_EUSART1_RxDataHandler:
  2112                           	opt callstack 0
  2113  0000                     
  2114                           	psect	text24
  2115  000000                     __ptext24:
  2116                           	opt callstack 0
  2117                           
  2118                           	psect	rparam
  2119  0000                     
  2120                           	psect	temp
  2121  000037                     btemp:
  2122                           	opt callstack 0
  2123  000037                     	ds	1
  2124  0000                     int$flags	set	btemp
  2125  0000                     wtemp8	set	btemp+1
  2126  0000                     ttemp5	set	btemp+1
  2127  0000                     ttemp6	set	btemp+4
  2128  0000                     ttemp7	set	btemp+8
  2129                           tosu	equ	0xFFF
  2130                           tosh	equ	0xFFE
  2131                           tosl	equ	0xFFD
  2132                           stkptr	equ	0xFFC
  2133                           pclatu	equ	0xFFB
  2134                           pclath	equ	0xFFA
  2135                           pcl	equ	0xFF9
  2136                           tblptru	equ	0xFF8
  2137                           tblptrh	equ	0xFF7
  2138                           tblptrl	equ	0xFF6
  2139                           tablat	equ	0xFF5
  2140                           prodh	equ	0xFF4
  2141                           prodl	equ	0xFF3
  2142                           indf0	equ	0xFEF
  2143                           postinc0	equ	0xFEE
  2144                           postdec0	equ	0xFED
  2145                           preinc0	equ	0xFEC
  2146                           plusw0	equ	0xFEB
  2147                           fsr0h	equ	0xFEA
  2148                           fsr0l	equ	0xFE9
  2149                           wreg	equ	0xFE8
  2150                           indf1	equ	0xFE7
  2151                           postinc1	equ	0xFE6
  2152                           postdec1	equ	0xFE5
  2153                           preinc1	equ	0xFE4
  2154                           plusw1	equ	0xFE3
  2155                           fsr1h	equ	0xFE2
  2156                           fsr1l	equ	0xFE1
  2157                           bsr	equ	0xFE0
  2158                           indf2	equ	0xFDF
  2159                           postinc2	equ	0xFDE
  2160                           postdec2	equ	0xFDD
  2161                           preinc2	equ	0xFDC
  2162                           plusw2	equ	0xFDB
  2163                           fsr2h	equ	0xFDA
  2164                           fsr2l	equ	0xFD9
  2165                           status	equ	0xFD8


Data Sizes:
    Strings     0
    Constant    0
    Data        0
    BSS         30
    Persistent  16
    Stack       0

Auto Spaces:
    Space          Size  Autos    Used
    COMRAM           94      8      54
    BANK0           160      0       0
    BANK1           256      0       0
    BANK2           256      0       0
    BANK3           256      0       0
    BANK4           256      0       0
    BANK5           256      0       0
    BANK6           256      0       0
    BANK7           256      0       0
    BANK8           256      0       0
    BANK9           256      0       0
    BANK10          256      0       0
    BANK11          256      0       0
    BANK12          256      0       0
    BANK14           31      0       0

Pointer List with Targets:

    EUSART1_SetRxInterruptHandler@interruptHandler	PTR FTN()void  size(3) Largest target is 1
		 -> EUSART1_Receive_ISR(), 

    EUSART1_RxDefaultInterruptHandler	PTR FTN()void  size(3) Largest target is 1
		 -> Absolute function(), EUSART1_Receive_ISR(), 

    EUSART1_SetTxInterruptHandler@interruptHandler	PTR FTN()void  size(3) Largest target is 1
		 -> EUSART1_Transmit_ISR(), 

    EUSART1_TxDefaultInterruptHandler	PTR FTN()void  size(3) Largest target is 1
		 -> Absolute function(), EUSART1_Transmit_ISR(), 

    EUSART1_SetErrorHandler@interruptHandler	PTR FTN()void  size(3) Largest target is 1
		 -> EUSART1_DefaultErrorHandler(), 

    EUSART1_SetOverrunErrorHandler@interruptHandler	PTR FTN()void  size(3) Largest target is 1
		 -> EUSART1_DefaultOverrunErrorHandler(), 

    EUSART1_SetFramingErrorHandler@interruptHandler	PTR FTN()void  size(3) Largest target is 1
		 -> EUSART1_DefaultFramingErrorHandler(), 

    EUSART1_ErrorHandler	PTR FTN()void  size(3) Largest target is 1
		 -> Absolute function(), EUSART1_DefaultErrorHandler(), 

    EUSART1_OverrunErrorHandler	PTR FTN()void  size(3) Largest target is 1
		 -> Absolute function(), EUSART1_DefaultOverrunErrorHandler(), 

    EUSART1_FramingErrorHandler	PTR FTN()void  size(3) Largest target is 1
		 -> Absolute function(), EUSART1_DefaultFramingErrorHandler(), 


Critical Paths under _main in COMRAM

    _EUSART1_Initialize->_EUSART1_SetErrorHandler
    _EUSART1_Initialize->_EUSART1_SetFramingErrorHandler
    _EUSART1_Initialize->_EUSART1_SetOverrunErrorHandler
    _EUSART1_Initialize->_EUSART1_SetRxInterruptHandler
    _EUSART1_Initialize->_EUSART1_SetTxInterruptHandler

Critical Paths under _INTERRUPT_InterruptManagerHigh in COMRAM

    None.

Critical Paths under _main in BANK0

    None.

Critical Paths under _INTERRUPT_InterruptManagerHigh in BANK0

    None.

Critical Paths under _main in BANK1

    None.

Critical Paths under _INTERRUPT_InterruptManagerHigh in BANK1

    None.

Critical Paths under _main in BANK2

    None.

Critical Paths under _INTERRUPT_InterruptManagerHigh in BANK2

    None.

Critical Paths under _main in BANK3

    None.

Critical Paths under _INTERRUPT_InterruptManagerHigh in BANK3

    None.

Critical Paths under _main in BANK4

    None.

Critical Paths under _INTERRUPT_InterruptManagerHigh in BANK4

    None.

Critical Paths under _main in BANK5

    None.

Critical Paths under _INTERRUPT_InterruptManagerHigh in BANK5

    None.

Critical Paths under _main in BANK6

    None.

Critical Paths under _INTERRUPT_InterruptManagerHigh in BANK6

    None.

Critical Paths under _main in BANK7

    None.

Critical Paths under _INTERRUPT_InterruptManagerHigh in BANK7

    None.

Critical Paths under _main in BANK8

    None.

Critical Paths under _INTERRUPT_InterruptManagerHigh in BANK8

    None.

Critical Paths under _main in BANK9

    None.

Critical Paths under _INTERRUPT_InterruptManagerHigh in BANK9

    None.

Critical Paths under _main in BANK10

    None.

Critical Paths under _INTERRUPT_InterruptManagerHigh in BANK10

    None.

Critical Paths under _main in BANK11

    None.

Critical Paths under _INTERRUPT_InterruptManagerHigh in BANK11

    None.

Critical Paths under _main in BANK12

    None.

Critical Paths under _INTERRUPT_InterruptManagerHigh in BANK12

    None.

Critical Paths under _main in BANK14

    None.

Critical Paths under _INTERRUPT_InterruptManagerHigh in BANK14

    None.

Call Graph Tables:

 ---------------------------------------------------------------------------------
 (Depth) Function   	        Calls       Base Space   Used Autos Params    Refs
 ---------------------------------------------------------------------------------
 (0) _main                                                 2     2      0     558
                                              7 COMRAM     1     1      0
                       _EUSART1_Read
                      _EUSART1_Write
                _EUSART1_is_rx_ready
                _EUSART1_is_tx_ready
                  _SYSTEM_Initialize
 ---------------------------------------------------------------------------------
 (1) _SYSTEM_Initialize                                    0     0      0     490
                    _ADCC_Initialize
                 _EUSART1_Initialize
               _INTERRUPT_Initialize
              _OSCILLATOR_Initialize
             _PIN_MANAGER_Initialize
                     _PMD_Initialize
 ---------------------------------------------------------------------------------
 (2) _PMD_Initialize                                       0     0      0       0
 ---------------------------------------------------------------------------------
 (2) _PIN_MANAGER_Initialize                               0     0      0       0
 ---------------------------------------------------------------------------------
 (2) _OSCILLATOR_Initialize                                0     0      0       0
 ---------------------------------------------------------------------------------
 (2) _INTERRUPT_Initialize                                 0     0      0       0
 ---------------------------------------------------------------------------------
 (2) _EUSART1_Initialize                                   0     0      0     490
            _EUSART1_SetErrorHandler
     _EUSART1_SetFramingErrorHandler
     _EUSART1_SetOverrunErrorHandler
      _EUSART1_SetRxInterruptHandler
      _EUSART1_SetTxInterruptHandler
 ---------------------------------------------------------------------------------
 (3) _EUSART1_SetTxInterruptHandler                        3     0      3      98
                                              4 COMRAM     3     0      3
 ---------------------------------------------------------------------------------
 (3) _EUSART1_SetRxInterruptHandler                        3     0      3      98
                                              4 COMRAM     3     0      3
 ---------------------------------------------------------------------------------
 (3) _EUSART1_SetOverrunErrorHandler                       3     0      3      98
                                              4 COMRAM     3     0      3
 ---------------------------------------------------------------------------------
 (3) _EUSART1_SetFramingErrorHandler                       3     0      3      98
                                              4 COMRAM     3     0      3
 ---------------------------------------------------------------------------------
 (3) _EUSART1_SetErrorHandler                              3     0      3      98
                                              4 COMRAM     3     0      3
 ---------------------------------------------------------------------------------
 (2) _ADCC_Initialize                                      0     0      0       0
 ---------------------------------------------------------------------------------
 (1) _EUSART1_is_tx_ready                                  0     0      0       0
 ---------------------------------------------------------------------------------
 (1) _EUSART1_is_rx_ready                                  0     0      0       0
 ---------------------------------------------------------------------------------
 (1) _EUSART1_Write                                        1     1      0      30
                                              4 COMRAM     1     1      0
 ---------------------------------------------------------------------------------
 (1) _EUSART1_Read                                         1     1      0      15
                                              4 COMRAM     1     1      0
 ---------------------------------------------------------------------------------
 Estimated maximum stack depth 3
 ---------------------------------------------------------------------------------
 (Depth) Function   	        Calls       Base Space   Used Autos Params    Refs
 ---------------------------------------------------------------------------------
 (4) _INTERRUPT_InterruptManagerHigh                       4     4      0       0
                                              0 COMRAM     4     4      0
                   Absolute function *
                _EUSART1_Receive_ISR *
               _EUSART1_Transmit_ISR *
 ---------------------------------------------------------------------------------
 (5) _EUSART1_Transmit_ISR                                 0     0      0       0
 ---------------------------------------------------------------------------------
 (5) _EUSART1_Receive_ISR                                  0     0      0       0
                   Absolute function *
        _EUSART1_DefaultErrorHandler *
 _EUSART1_DefaultFramingErrorHandler *
 _EUSART1_DefaultOverrunErrorHandler *
              _EUSART1_RxDataHandler
 ---------------------------------------------------------------------------------
 (6) _EUSART1_DefaultOverrunErrorHandler                   0     0      0       0
 ---------------------------------------------------------------------------------
 (6) _EUSART1_DefaultFramingErrorHandler                   0     0      0       0
 ---------------------------------------------------------------------------------
 (6) _EUSART1_DefaultErrorHandler                          0     0      0       0
              _EUSART1_RxDataHandler
 ---------------------------------------------------------------------------------
 (6) _EUSART1_RxDataHandler                                0     0      0       0
 ---------------------------------------------------------------------------------
 (6) Absolute function(Fake)                               0     0      0       0
 ---------------------------------------------------------------------------------
 Estimated maximum stack depth 6
 ---------------------------------------------------------------------------------

 Call Graph Graphs:

 _main (ROOT)
   _EUSART1_Read
   _EUSART1_Write
   _EUSART1_is_rx_ready
   _EUSART1_is_tx_ready
   _SYSTEM_Initialize
     _ADCC_Initialize
     _EUSART1_Initialize
       _EUSART1_SetErrorHandler
       _EUSART1_SetFramingErrorHandler
       _EUSART1_SetOverrunErrorHandler
       _EUSART1_SetRxInterruptHandler
       _EUSART1_SetTxInterruptHandler
     _INTERRUPT_Initialize
     _OSCILLATOR_Initialize
     _PIN_MANAGER_Initialize
     _PMD_Initialize

 _INTERRUPT_InterruptManagerHigh (ROOT)
   Absolute function(Fake) *
   _EUSART1_Receive_ISR *
     Absolute function(Fake) *
     _EUSART1_DefaultErrorHandler *
       _EUSART1_RxDataHandler
     _EUSART1_DefaultFramingErrorHandler *
     _EUSART1_DefaultOverrunErrorHandler *
     _EUSART1_RxDataHandler *
   _EUSART1_Transmit_ISR *

 Address spaces:
Name               Size   Autos  Total    Cost      Usage
BIGRAM             CFF      0       0      34        0.0%
EEDATA             400      0       0       0        0.0%
BITBANK12          100      0       0      29        0.0%
BANK12             100      0       0      30        0.0%
BITBANK11          100      0       0      26        0.0%
BANK11             100      0       0      27        0.0%
BITBANK10          100      0       0      24        0.0%
BANK10             100      0       0      25        0.0%
BITBANK9           100      0       0      22        0.0%
BANK9              100      0       0      23        0.0%
BITBANK8           100      0       0      20        0.0%
BANK8              100      0       0      21        0.0%
BITBANK7           100      0       0      18        0.0%
BANK7              100      0       0      19        0.0%
BITBANK6           100      0       0      16        0.0%
BANK6              100      0       0      17        0.0%
BITBANK5           100      0       0      14        0.0%
BANK5              100      0       0      15        0.0%
BITBANK4           100      0       0      12        0.0%
BANK4              100      0       0      13        0.0%
BITBANK3           100      0       0      10        0.0%
BANK3              100      0       0      11        0.0%
BITBANK2           100      0       0       8        0.0%
BANK2              100      0       0       9        0.0%
BITBANK1           100      0       0       6        0.0%
BANK1              100      0       0       7        0.0%
BITBANK0            A0      0       0       4        0.0%
BANK0               A0      0       0       5        0.0%
BITCOMRAM           5E      0       0       0        0.0%
COMRAM              5E      8      36       1       57.4%
BITBANK14           1F      0       0      31        0.0%
BANK14              1F      0       0      32        0.0%
BIGRAM_1            1F      0       0      33        0.0%
BITSFR_2             0      0       0     200        0.0%
SFR_2                0      0       0     200        0.0%
BITSFR_1             0      0       0     200        0.0%
SFR_1                0      0       0     200        0.0%
BITSFR               0      0       0     200        0.0%
SFR                  0      0       0     200        0.0%
STACK                0      0       0       2        0.0%
NULL                 0      0       0       0        0.0%
ABS                  0      0      36      28        0.0%
DATA                 0      0      36       3        0.0%
CODE                 0      0       0       0        0.0%


Microchip Technology PIC18 Macro Assembler V2.05 build -831301201 
Symbol Table                                                                                   Sun Apr 05 15:28:22 2020

                      _eusart1TxBufferRemaining 002E                                     __CFG_CP$OFF 000000  
                                   __CFG_LVP$ON 000000                                             l280 02AE  
                                  __CFG_CPD$OFF 000000                         __size_of_PMD_Initialize 001C  
                                           tosl 000FFD                                             wreg 000FE8  
                                  __CFG_ZCD$OFF 000000                                            l1265 028E  
                                          l1293 02CC                                            l1295 02CE  
                                          l1279 029C                                            l1497 0304  
                                          _LATA 000F82                                            _LATB 000F83  
                                          _LATC 000F84                                            _LATD 000F85  
                                          _LATE 000F86                                            _PMD0 000EDC  
                                          _PMD1 000EDD                                            _PMD2 000EDE  
                                          _PMD3 000EDF                                            _PMD4 000EE0  
                                          _PMD5 000EE1                                            _WPUA 000F0B  
                                          _WPUB 000F13                                            _WPUC 000F1B  
                                          _WPUD 000F20                                            _WPUE 000F28  
                                 _EUSART1_Write 029A                                   __CFG_FCMEN$ON 000000  
                                          _main 02FE                                   ?_EUSART1_Read 002F  
                                          fsr2h 000FDA                                            indf2 000FDF  
                                          fsr2l 000FD9                                            btemp 0037  
                                          start 006C                                   __CFG_CSWEN$ON 000000  
                                  ___param_bank 000000                                   __CFG_SCANE$ON 000000  
                __size_of_OSCILLATOR_Initialize 0018                   __end_of_OSCILLATOR_Initialize 0394  
                         _eusart1RxStatusBuffer 0001                                           _ADACQ 000F57  
                                         _ADCAP 000F58                                           _ADACT 000F51  
                                         ?_main 002F                                           _ADCLK 000F52  
                                         _ADCNT 000F62                                           _ADPCH 000F5A  
                                         _ADREF 000F53                                           _ADPRE 000F59  
                                 __CFG_WDTE$OFF 000000                                           _ADRPT 000F61  
                                __CFG_DEBUG$OFF 000000                                           i2l286 02F8  
                                         i2l471 003A                                           _OSCEN 000ED7  
                                         _TRISA 000F87                                           _TRISB 000F88  
                                         _TRISC 000F89                                           _TRISD 000F8A  
                                         _TRISE 000F8B                                   __CFG_WRT0$OFF 000000  
                                 __CFG_WRT1$OFF 000000                                   __CFG_WRT2$OFF 000000  
                                 __CFG_WRT3$OFF 000000                            _EUSART1_Transmit_ISR 02D2  
                                __CFG_EBTR0$OFF 000000                                  __CFG_EBTR1$OFF 000000  
                                __CFG_EBTR2$OFF 000000                                  __CFG_EBTR3$OFF 000000  
                                 __CFG_WRTB$OFF 000000                                   __CFG_WRTC$OFF 000000  
                                 __CFG_WRTD$OFF 000000                                  __CFG_EBTRB$OFF 000000  
                            __CFG_MCLRE$EXTMCLR 000000                                  ?_EUSART1_Write 002F  
                                         pclath 000FFA                                  ??_EUSART1_Read 0033  
                                         ttemp5 0038                                           ttemp6 003B  
                                         ttemp7 003F                                           status 000FD8  
                                         wtemp8 0038      __end_of_EUSART1_DefaultFramingErrorHandler 0410  
   __size_of_EUSART1_DefaultFramingErrorHandler 0002            ??_EUSART1_DefaultFramingErrorHandler 002F  
           ?_EUSART1_DefaultFramingErrorHandler 002F              _EUSART1_DefaultFramingErrorHandler 040E  
                               __initialization 0394                      __end_of_EUSART1_Initialize 0192  
                                  __end_of_main 0326                                          ??_main 0036  
                                 __activetblptr 000003                           ?_EUSART1_Transmit_ISR 002F  
                                        _ADACCH 000F6C                                          _ADACCL 000F6B  
                                        _ADCON0 000F5B                                          _ADCON1 000F54  
                                        _ADCON2 000F55                                          _ADCON3 000F56  
                                        _ADERRH 000F6A                                          _ADERRL 000F69  
                                        _ADLTHH 000F66                                          _ADLTHL 000F65  
                                        _ADRESH 000F5F                                          _ADRESL 000F5E  
                                        _ADSTAT 000F60                                          _ADUTHH 000F68  
                                        _ADUTHL 000F67                                          _ANSELA 000F0C  
                                        _ANSELB 000F14                                          _ANSELC 000F1C  
                                        _ANSELD 000F21                                          _ANSELE 000F29  
                                        _RC1REG 000F98                                          _RC1STA 000F9C  
                                        _ODCONA 000F0A                                          _ODCONB 000F12  
                                        _ODCONC 000F1A                                          _RC6PPS 000EF8  
                                        _ODCOND 000F1F                                          _ODCONE 000F27  
                  __size_of_EUSART1_is_rx_ready 0004                                          i2l1307 02F4  
                                        i2l1327 00FE                                          i2l1169 0342  
                                __CFG_WDTCCS$SC 000000                                          _INLVLA 000F08  
                                        _INLVLB 000F10                                          _INLVLC 000F18  
                                        _INLVLD 000F1D                                          _INLVLE 000F25  
                                        _OSCFRQ 000ED9                    __size_of_EUSART1_is_tx_ready 0004  
                                        _RX1PPS 000EB0                                          _TX1REG 000F99  
                                        _TX1STA 000F9D                                  __CFG_PWRTE$OFF 000000  
                                __CFG_XINST$OFF 000000                       __CFG_RSTOSC$HFINTOSC_1MHZ 000000  
                                __CFG_STVREN$ON 000000                        ?_EUSART1_SetErrorHandler 0033  
                                        clear_0 039A                ??_EUSART1_SetOverrunErrorHandler 0036  
               ?_EUSART1_SetOverrunErrorHandler 0033                                 _ADCC_Initialize 0210  
                                _PMD_Initialize 0346                                 ??_EUSART1_Write 0033  
                               _eusart1RxBuffer 0009                   __size_of_INTERRUPT_Initialize 000A  
                               _eusart1TxBuffer 0011                ??_INTERRUPT_InterruptManagerHigh 002F  
               ?_INTERRUPT_InterruptManagerHigh 002F                               _SYSTEM_Initialize 0362  
                                    __accesstop 0060                         __end_of__initialization 03A0  
                            ?_SYSTEM_Initialize 002F                                   ___rparam_used 000001  
                __size_of_EUSART1_RxDataHandler 0020                   __end_of_EUSART1_RxDataHandler 0346  
                                __pcstackCOMRAM 002F                             ??_SYSTEM_Initialize 0036  
                        __end_of_PMD_Initialize 0362                            __end_of_EUSART1_Read 029A  
                        ??_EUSART1_Transmit_ISR 002F                     __end_of_EUSART1_Receive_ISR 0104  
                     __end_of_SYSTEM_Initialize 037C                                   _eusart1RxHead 001C  
                                 _eusart1TxHead 001E                                   _eusart1RxTail 001B  
                                 _eusart1TxTail 001D               _EUSART1_TxDefaultInterruptHandler 002B  
               ??_EUSART1_SetRxInterruptHandler 0036                                      __pnvCOMRAM 001F  
               __end_of_EUSART1_SetErrorHandler 03F0                                 __CFG_PPS1WAY$ON 000000  
                       __end_of_ADCC_Initialize 025C                                         _ADFLTRH 000F6E  
                                       _ADFLTRL 000F6D                                         _ADPREVH 000F5D  
                                       _ADPREVL 000F5C                                         _ADSTPTH 000F64  
                                       _ADSTPTL 000F63                                 ?_PMD_Initialize 002F  
        __end_of_EUSART1_SetFramingErrorHandler 03E2         __size_of_EUSART1_SetFramingErrorHandler 000E  
                _EUSART1_SetFramingErrorHandler 03D4                    ?_EUSART1_DefaultErrorHandler 002F  
                                       _SP1BRGH 000F9B                                         _SP1BRGL 000F9A  
                                       _OSCCON1 000ED3                                         _OSCCON3 000ED5  
                                       i2u10_48 0096                                         i2u10_49 00AA  
                                       i2u12_48 00C0                                         i2u20_48 0026  
                                       i2u12_49 00D4                                         i2u14_48 00EA  
                                       i2u23_48 0044                                         i2u23_49 0058  
                                       _OSCTUNE 000ED8                                         _SLRCONA 000F09  
                                       _SLRCONB 000F11                                         _SLRCONC 000F19  
                                       _SLRCOND 000F1E                                         _SLRCONE 000F26  
                                       __Hparam 0000                                         __Lparam 0000  
                           _EUSART1_is_rx_ready 040A                                         __pcinit 0394  
                                       __ramtop 0F00                             _EUSART1_is_tx_ready 0406  
                                       __ptext0 02FE                                         __ptext1 0362  
                                       __ptext2 0346                                         __ptext3 0192  
                                       __ptext4 037C                                         __ptext5 03F0  
                                       __ptext6 0104                                         __ptext7 03AA  
                                       __ptext8 03B8                                         __ptext9 03C6  
                         _OSCILLATOR_Initialize 037C                              _EUSART1_Initialize 0104  
                      ??_PIN_MANAGER_Initialize 0033                   ??_EUSART1_DefaultErrorHandler 002F  
                    __size_of_SYSTEM_Initialize 001A                            end_of_initialization 03A0  
                          ?_EUSART1_is_rx_ready 002F                             ?_EUSART1_Initialize 002F  
                          ?_EUSART1_is_tx_ready 002F                     _EUSART1_OverrunErrorHandler 0022  
         __end_of_EUSART1_SetRxInterruptHandler 03C6          __size_of_EUSART1_SetRxInterruptHandler 000E  
                              __CFG_CLKOUTEN$ON 000000                   _EUSART1_SetRxInterruptHandler 03B8  
                                       postinc0 000FEE                           __size_of_EUSART1_Read 003E  
                              ?_ADCC_Initialize 002F                            ??_EUSART1_Initialize 0036  
                         __CFG_WDTCPS$WDTCPS_31 000000                __size_of_EUSART1_SetErrorHandler 000E  
                           EUSART1_Write@txData 0033                                __CFG_FEXTOSC$OFF 000000  
                         ??_EUSART1_is_rx_ready 0033                           ??_EUSART1_is_tx_ready 0033  
                                  _EUSART1_Read 025C                                      main@rxData 0036  
          __size_of_EUSART1_DefaultErrorHandler 0006                    __end_of_INTERRUPT_Initialize 03FA  
                        ?_OSCILLATOR_Initialize 002F                             start_initialization 0394  
               __size_of_PIN_MANAGER_Initialize 007E   EUSART1_SetRxInterruptHandler@interruptHandler 0033  
 EUSART1_SetTxInterruptHandler@interruptHandler 0033                           __end_of_EUSART1_Write 02D2  
                              __CFG_LPBOREN$OFF 000000                                ??_PMD_Initialize 0033  
                         _EUSART1_RxDataHandler 0326                  ?_EUSART1_SetRxInterruptHandler 0033  
                                _eusart1RxCount 001A                                     __pbssCOMRAM 0001  
             _EUSART1_RxDefaultInterruptHandler 0028                   __size_of_EUSART1_Transmit_ISR 002C  
               ??_EUSART1_SetTxInterruptHandler 0036                ??_EUSART1_SetFramingErrorHandler 0036  
               ?_EUSART1_SetFramingErrorHandler 0033                    __size_of_EUSART1_Receive_ISR 0094  
                        _PIN_MANAGER_Initialize 0192                                       __pintcode 0008  
                                      _BAUD1CON 000F9E      __end_of_EUSART1_DefaultOverrunErrorHandler 0400  
   __size_of_EUSART1_DefaultOverrunErrorHandler 0006            ??_EUSART1_DefaultOverrunErrorHandler 002F  
           ?_EUSART1_DefaultOverrunErrorHandler 002F              _EUSART1_DefaultOverrunErrorHandler 03FA  
                          _EUSART1_ErrorHandler 001F                         _EUSART1_SetErrorHandler 03E2  
                          _INTERRUPT_Initialize 03F0         EUSART1_SetErrorHandler@interruptHandler 0033  
                                      _IPR3bits 000EB8                                        _PIE3bits 000EC0  
                                      _PIR3bits 000EC8                          ?_EUSART1_RxDataHandler 002F  
                                    _ADCON0bits 000F5B                                      _ADCON1bits 000F54  
                                    _ADCON2bits 000F55                                      _ADCON3bits 000F56  
                         ?_INTERRUPT_Initialize 002F                           EUSART1_Read@readValue 0033  
                                    _ADSTATbits 000F60           __end_of_EUSART1_SetTxInterruptHandler 03B8  
        __size_of_EUSART1_SetTxInterruptHandler 000E                   _EUSART1_SetTxInterruptHandler 03AA  
                                      __Hrparam 0000                                        __Lrparam 0000  
                            __CFG_BOREN$SBORDIS 000000                         ??_OSCILLATOR_Initialize 0033  
                   __size_of_EUSART1_Initialize 008E                       ??_EUSART1_SetErrorHandler 0036  
           __end_of_EUSART1_DefaultErrorHandler 0406                     _EUSART1_DefaultErrorHandler 0400  
                   __end_of_EUSART1_is_rx_ready 040E                        __size_of_ADCC_Initialize 004C  
                   __end_of_EUSART1_is_tx_ready 040A                                        __ptext10 03D4  
                                      __ptext11 03E2                                        __ptext20 03FA  
                                      __ptext12 0210                                        __ptext21 040E  
                                      __ptext13 0406                                        __ptext22 0400  
                                      __ptext14 040A                                        __ptext23 0326  
                                      __ptext15 029A                                        __ptext24 0000  
                                      __ptext16 025C                                        __ptext18 02D2  
                                      __ptext19 0070                                   __size_of_main 0028  
                          __CFG_WDTCWS$WDTCWS_7 000000                              __CFG_BORV$VBOR_190 000000  
                                    _RC1STAbits 000F9C  EUSART1_SetOverrunErrorHandler@interruptHandler 0033  
                                      int$flags 0037                     _EUSART1_FramingErrorHandler 0025  
                           _EUSART1_Receive_ISR 0070                                      _INTCONbits 000FF2  
                        ??_INTERRUPT_Initialize 0033                                        intlevel2 0000  
                          ?_EUSART1_Receive_ISR 002F                         ?_PIN_MANAGER_Initialize 002F  
        __end_of_EUSART1_SetOverrunErrorHandler 03D4         __size_of_EUSART1_SetOverrunErrorHandler 000E  
                _EUSART1_SetOverrunErrorHandler 03C6                    __end_of_EUSART1_Transmit_ISR 02FE  
EUSART1_SetFramingErrorHandler@interruptHandler 0033                  ?_EUSART1_SetTxInterruptHandler 0033  
                        __size_of_EUSART1_Write 0038                              _eusart1RxLastError 0019  
        __end_of_INTERRUPT_InterruptManagerHigh 006C         __size_of_INTERRUPT_InterruptManagerHigh 0064  
                _INTERRUPT_InterruptManagerHigh 0008                                      _TX1STAbits 000F9D  
                         ??_EUSART1_Receive_ISR 002F                  __end_of_PIN_MANAGER_Initialize 0210  
                             ??_ADCC_Initialize 0033                         ??_EUSART1_RxDataHandler 002F  
