

Microchip Technology PIC18 LITE Macro Assembler V1.31 build 56723 
                                                                                               Sun Jul 13 11:44:36 2014

Microchip Technology Omniscient Code Generator (Lite mode) build 56723
     1                           	processor	18F26K22
     2                           	fnconf	rparam,??,?,0
     3                           	opt	pw 120
     4                           	opt	lm
     5                           	psect	idataBANK0,global,class=CODE,delta=1
     6                           	psect	smallconst,global,reloc=2,class=SMALLCONST,delta=1
     7                           	psect	cinit,global,reloc=2,class=CODE,delta=1
     8                           	psect	bssCOMRAM,global,class=COMRAM,space=1,delta=1
     9                           	psect	bssBANK0,global,class=BANK0,space=1,delta=1
    10                           	psect	dataBANK0,global,class=BANK0,space=1,delta=1
    11                           	psect	bssBANK1,global,class=BANK1,space=1,delta=1
    12                           	psect	cstackBANK0,global,class=BANK0,space=1,delta=1
    13                           	psect	cstackCOMRAM,global,class=COMRAM,space=1,delta=1
    14                           	psect	text0,global,reloc=2,class=CODE,delta=1
    15                           	psect	text1,global,reloc=2,class=CODE,delta=1
    16                           	psect	text2,global,reloc=2,class=CODE,delta=1
    17                           	psect	text3,global,reloc=2,class=CODE,delta=1
    18                           	psect	text4,global,reloc=2,class=CODE,delta=1
    19                           	psect	text5,global,reloc=2,class=CODE,delta=1
    20                           	psect	text6,global,reloc=2,class=CODE,delta=1
    21                           	psect	text7,global,reloc=2,class=CODE,delta=1
    22                           	psect	text8,global,reloc=2,class=CODE,delta=1
    23                           	psect	text9,global,reloc=2,class=CODE,delta=1
    24                           	psect	text10,global,reloc=2,class=CODE,delta=1
    25                           	psect	text11,global,reloc=2,class=CODE,delta=1
    26                           	psect	text12,global,reloc=2,class=CODE,delta=1
    27                           	psect	text13,global,reloc=2,class=CODE,delta=1
    28                           	psect	text14,global,reloc=2,class=CODE,delta=1
    29                           	psect	text15,global,reloc=2,class=CODE,delta=1
    30                           	psect	text16,global,reloc=2,class=CODE,delta=1
    31                           	psect	intcode,global,reloc=2,class=CODE,delta=1
    32                           	psect	intsave_regs,global,class=BIGRAM,space=1,delta=1
    33                           	psect	rparam,global,class=COMRAM,space=1,delta=1
    34  0000                     
    35                           	psect	idataBANK0
    36  001B60                     __pidataBANK0:
    37                           	opt stack 0
    38                           
    39                           ;initializer for _buffer
    40  001B60  6E                 	db	110
    41  001B61  6F                 	db	111
    42  001B62  6E                 	db	110
    43  001B63  65                 	db	101
    44  001B64  00                 	db	0
    45  001B65  00                 	db	0
    46  001B66  00                 	db	0
    47  001B67  00                 	db	0
    48  001B68  00                 	db	0
    49  001B69  00                 	db	0
    50  001B6A  00                 	db	0
    51  001B6B  00                 	db	0
    52  001B6C  00                 	db	0
    53  001B6D  00                 	db	0
    54  001B6E  00                 	db	0
    55  001B6F  00                 	db	0
    56  001B70  00                 	db	0
    57  001B71  00                 	db	0
    58  001B72  00                 	db	0
    59  001B73  00                 	db	0
    60  001B74  00                 	db	0
    61  001B75  00                 	db	0
    62  001B76  00                 	db	0
    63  001B77  00                 	db	0
    64  001B78  00                 	db	0
    65  001B79  00                 	db	0
    66  001B7A  00                 	db	0
    67  001B7B  00                 	db	0
    68  001B7C  00                 	db	0
    69  001B7D  00                 	db	0
    70  001B7E  00                 	db	0
    71  001B7F  00                 	db	0
    72                           
    73                           	psect	smallconst
    74  001000                     __psmallconst:
    75                           	opt stack 0
    76  001000  00                 	db	0
    77  001001                     _dpowers:
    78                           	opt stack 0
    79  001001  0001               	dw	1
    80  001003  0000               	dw	0
    81  001005  000A               	dw	10
    82  001007  0000               	dw	0
    83  001009  0064               	dw	100
    84  00100B  0000               	dw	0
    85  00100D  03E8               	dw	1000
    86  00100F  0000               	dw	0
    87  001011  2710               	dw	10000
    88  001013  0000               	dw	0
    89  001015  86A0               	dw	34464
    90  001017  0001               	dw	1
    91  001019  4240               	dw	16960
    92  00101B  000F               	dw	15
    93  00101D  9680               	dw	38528
    94  00101F  0098               	dw	152
    95  001021  E100               	dw	57600
    96  001023  05F5               	dw	1525
    97  001025  CA00               	dw	51712
    98  001027  3B9A               	dw	15258
    99  001029                     __end_of_dpowers:
   100                           	opt stack 0
   101  0000                     _ADCON0	set	4034
   102  0000                     _ADCON1	set	4033
   103  0000                     _ANSELA	set	3896
   104  0000                     _ANSELB	set	3897
   105  0000                     _ANSELC	set	3898
   106  0000                     _INTCONbits	set	4082
   107  0000                     _LATA	set	3977
   108  0000                     _LATAbits	set	3977
   109  0000                     _LATC	set	3979
   110  0000                     _LATCbits	set	3979
   111  0000                     _OSCCONbits	set	4051
   112  0000                     _PIE1bits	set	3997
   113  0000                     _PIR1bits	set	3998
   114  0000                     _PORTCbits	set	3970
   115  0000                     _RCREG1	set	4014
   116  0000                     _RCSTA1bits	set	4011
   117  0000                     _SPBRG1	set	4015
   118  0000                     _SPBRGH1	set	4016
   119  0000                     _TRISAbits	set	3986
   120  0000                     _TRISBbits	set	3987
   121  0000                     _TRISCbits	set	3988
   122  0000                     _TXREG1	set	4013
   123  0000                     _TXSTA1bits	set	4012
   124  001029                     __stringdata:
   125                           	opt stack 0
   126  001029                     STR_7:
   127  001029  47                 	db	71	;'G'
   128  00102A  50                 	db	80	;'P'
   129  00102B  47                 	db	71	;'G'
   130  00102C  47                 	db	71	;'G'
   131  00102D  41                 	db	65	;'A'
   132  00102E  00                 	db	0
   133  00102F                     STR_1:
   134  00102F  52                 	db	82	;'R'
   135  001030  45                 	db	69	;'E'
   136  001031  53                 	db	83	;'S'
   137  001032  45                 	db	69	;'E'
   138  001033  54                 	db	84	;'T'
   139  001034  00                 	db	0
   140  001035                     STR_3:
   141  001035  25                 	db	37
   142  001036  6C                 	db	108	;'l'
   143  001037  6C                 	db	108	;'l'
   144  001038  64                 	db	100	;'d'
   145  001039  00                 	db	0
   146  00103A                     STR_6:
   147  00103A  0D                 	db	13
   148  00103B  00                 	db	0
   149  00103C                     STR_2:
   150  00103C  20                 	db	32
   151  00103D  00                 	db	0
   152  00103E                     __end_of__stringdata:
   153                           	opt stack 0
   154                           
   155                           ; #config settings
   156  00103E  00                 	db	0	; dummy byte at the end
   157  0000                     
   158                           	psect	cinit
   159  001A42                     __pcinit:
   160                           	opt stack 0
   161  001A42                     start_initialization:
   162                           	opt stack 0
   163  001A42                     __initialization:
   164                           	opt stack 0
   165                           
   166                           ; Clear objects allocated to BANK1 (240 bytes)
   167  001A42  EE01  F000         	lfsr	0,__pbssBANK1
   168  001A46  0EF0               	movlw	240
   169  001A48                     clear_0:
   170  001A48  6AEE               	clrf	postinc0,c
   171  001A4A  06E8               	decf	wreg,f,c
   172  001A4C  E1FD               	bnz	clear_0
   173                           
   174                           ; Clear objects allocated to BANK0 (66 bytes)
   175  001A4E  EE00  F060         	lfsr	0,__pbssBANK0
   176  001A52  0E42               	movlw	66
   177  001A54                     clear_1:
   178  001A54  6AEE               	clrf	postinc0,c
   179  001A56  06E8               	decf	wreg,f,c
   180  001A58  E1FD               	bnz	clear_1
   181                           
   182                           ; Clear objects allocated to COMRAM (24 bytes)
   183  001A5A  EE00  F037         	lfsr	0,__pbssCOMRAM
   184  001A5E  0E18               	movlw	24
   185  001A60                     clear_2:
   186  001A60  6AEE               	clrf	postinc0,c
   187  001A62  06E8               	decf	wreg,f,c
   188  001A64  E1FD               	bnz	clear_2
   189                           
   190                           ; Initialize objects allocated to BANK0 (32 bytes)
   191                           ; load TBLPTR registers with __pidataBANK0
   192  001A66  0E60               	movlw	low __pidataBANK0
   193  001A68  6EF6               	movwf	tblptrl,c
   194  001A6A  0E1B               	movlw	high __pidataBANK0
   195  001A6C  6EF7               	movwf	tblptrh,c
   196  001A6E  0E00               	movlw	low (__pidataBANK0 shr (0+16))
   197  001A70  6EF8               	movwf	tblptru,c
   198  001A72  EE00  F0A2         	lfsr	0,__pdataBANK0
   199  001A76  EE10 F020          	lfsr	1,32
   200  001A7A                     copy_data0:
   201  001A7A  0009               	tblrd		*+
   202  001A7C  CFF5 FFEE          	movff	tablat,postinc0
   203  001A80  50E5               	movf	postdec1,w,c
   204  001A82  50E1               	movf	fsr1l,w,c
   205  001A84  E1FA               	bnz	copy_data0
   206  001A86                     end_of_initialization:
   207                           	opt stack 0
   208  001A86                     __end_of__initialization:
   209                           	opt stack 0
   210  001A86  0100               	movlb	0
   211  001A88  EF50  F00A         	goto	_main	;jump to C main() function
   212                           tblptru	equ	0xFF8
   213                           tblptrh	equ	0xFF7
   214                           tblptrl	equ	0xFF6
   215                           tablat	equ	0xFF5
   216                           postinc0	equ	0xFEE
   217                           wreg	equ	0xFE8
   218                           postdec1	equ	0xFE5
   219                           fsr1l	equ	0xFE1
   220                           
   221                           	psect	bssCOMRAM
   222  000037                     __pbssCOMRAM:
   223                           	opt stack 0
   224  000037                     _position_now:
   225                           	opt stack 0
   226  000037                     	ds	4
   227  00003B                     _position_set:
   228                           	opt stack 0
   229  00003B                     	ds	4
   230  00003F                     _gpgga:
   231                           	opt stack 0
   232  00003F                     	ds	2
   233  000041                     _index:
   234                           	opt stack 0
   235  000041                     	ds	2
   236  000043                     _mode:
   237                           	opt stack 0
   238  000043                     	ds	2
   239  000045                     _new_rx:
   240                           	opt stack 0
   241  000045                     	ds	2
   242  000047                     _reading:
   243                           	opt stack 0
   244  000047                     	ds	2
   245  000049                     _ready:
   246                           	opt stack 0
   247  000049                     	ds	2
   248  00004B                     _c:
   249                           	opt stack 0
   250  00004B                     	ds	1
   251  00004C                     _latstr:
   252                           	opt stack 0
   253  00004C                     	ds	1
   254  00004D                     _lonstr:
   255                           	opt stack 0
   256  00004D                     	ds	1
   257  00004E                     _setstr:
   258                           	opt stack 0
   259  00004E                     	ds	1
   260                           tblptru	equ	0xFF8
   261                           tblptrh	equ	0xFF7
   262                           tblptrl	equ	0xFF6
   263                           tablat	equ	0xFF5
   264                           postinc0	equ	0xFEE
   265                           wreg	equ	0xFE8
   266                           postdec1	equ	0xFE5
   267                           fsr1l	equ	0xFE1
   268                           
   269                           	psect	bssBANK0
   270  000060                     __pbssBANK0:
   271                           	opt stack 0
   272  000060                     _gprmc:
   273                           	opt stack 0
   274  000060                     	ds	2
   275  000062                     _isrcall:
   276                           	opt stack 0
   277  000062                     	ds	2
   278  000064                     _ping:
   279                           	opt stack 0
   280  000064                     	ds	2
   281  000066                     _str:
   282                           	opt stack 0
   283  000066                     	ds	60
   284                           tblptru	equ	0xFF8
   285                           tblptrh	equ	0xFF7
   286                           tblptrl	equ	0xFF6
   287                           tablat	equ	0xFF5
   288                           postinc0	equ	0xFEE
   289                           wreg	equ	0xFE8
   290                           postdec1	equ	0xFE5
   291                           fsr1l	equ	0xFE1
   292                           
   293                           	psect	dataBANK0
   294  0000A2                     __pdataBANK0:
   295                           	opt stack 0
   296  0000A2                     _buffer:
   297                           	opt stack 0
   298  0000A2                     	ds	32
   299                           tblptru	equ	0xFF8
   300                           tblptrh	equ	0xFF7
   301                           tblptrl	equ	0xFF6
   302                           tablat	equ	0xFF5
   303                           postinc0	equ	0xFEE
   304                           wreg	equ	0xFE8
   305                           postdec1	equ	0xFE5
   306                           fsr1l	equ	0xFE1
   307                           
   308                           	psect	bssBANK1
   309  000100                     __pbssBANK1:
   310                           	opt stack 0
   311  000100                     _ctxt:
   312                           	opt stack 0
   313  000100                     	ds	120
   314  000178                     _wstr:
   315                           	opt stack 0
   316  000178                     	ds	120
   317                           tblptru	equ	0xFF8
   318                           tblptrh	equ	0xFF7
   319                           tblptrl	equ	0xFF6
   320                           tablat	equ	0xFF5
   321                           postinc0	equ	0xFEE
   322                           wreg	equ	0xFE8
   323                           postdec1	equ	0xFE5
   324                           fsr1l	equ	0xFE1
   325                           
   326                           	psect	cstackBANK0
   327  0000C2                     __pcstackBANK0:
   328                           	opt stack 0
   329  0000C2                     sprintf@prec:
   330                           	opt stack 0
   331                           
   332                           ; 2 bytes @ 0x0
   333  0000C2                     	ds	2
   334  0000C4                     sprintf@ap:
   335                           	opt stack 0
   336                           
   337                           ; 2 bytes @ 0x2
   338  0000C4                     	ds	2
   339  0000C6                     sprintf@flag:
   340                           	opt stack 0
   341                           
   342                           ; 1 bytes @ 0x4
   343  0000C6                     	ds	1
   344  0000C7                     sprintf@_val:
   345                           	opt stack 0
   346                           
   347                           ; 5 bytes @ 0x5
   348  0000C7                     	ds	5
   349  0000CC                     sprintf@c:
   350                           	opt stack 0
   351                           
   352                           ; 1 bytes @ 0xA
   353  0000CC                     	ds	1
   354  0000CD                     ??_lat:
   355                           
   356                           ; 0 bytes @ 0xB
   357  0000CD                     	ds	5
   358                           tblptru	equ	0xFF8
   359                           tblptrh	equ	0xFF7
   360                           tblptrl	equ	0xFF6
   361                           tablat	equ	0xFF5
   362                           postinc0	equ	0xFEE
   363                           wreg	equ	0xFE8
   364                           postdec1	equ	0xFE5
   365                           fsr1l	equ	0xFE1
   366                           
   367                           	psect	cstackCOMRAM
   368  000001                     __pcstackCOMRAM:
   369                           	opt stack 0
   370  000001                     ??_ISR:
   371  000001                     
   372                           ; 2 bytes @ 0x0
   373  000001                     	ds	14
   374  00000F                     ISR@temp:
   375                           	opt stack 0
   376                           
   377                           ; 1 bytes @ 0xE
   378  00000F                     	ds	1
   379  000010                     ??_isdigit:
   380  000010                     ?_strlen:
   381                           	opt stack 0
   382  000010                     ?_strchr:
   383                           	opt stack 0
   384  000010                     ?___lmul:
   385                           	opt stack 0
   386  000010                     ?___lldiv:
   387                           	opt stack 0
   388  000010                     uart_xmit@mydata_byte:
   389                           	opt stack 0
   390  000010                     strlen@s:
   391                           	opt stack 0
   392  000010                     strncpy@to:
   393                           	opt stack 0
   394  000010                     strchr@ptr:
   395                           	opt stack 0
   396  000010                     ___lldiv@dividend:
   397                           	opt stack 0
   398  000010                     ___lmul@multiplier:
   399                           	opt stack 0
   400                           
   401                           ; 4 bytes @ 0xF
   402  000010                     	ds	1
   403  000011                     _isdigit$1209:
   404                           	opt stack 0
   405                           
   406                           ; 1 bytes @ 0x10
   407  000011                     	ds	1
   408  000012                     ??_strlen:
   409  000012                     isdigit@c:
   410                           	opt stack 0
   411  000012                     uart_write@txt:
   412                           	opt stack 0
   413  000012                     strncpy@from:
   414                           	opt stack 0
   415  000012                     strchr@chr:
   416                           	opt stack 0
   417                           
   418                           ; 2 bytes @ 0x11
   419  000012                     	ds	2
   420  000014                     ??_uart_write:
   421  000014                     strlen@cp:
   422                           	opt stack 0
   423  000014                     strncpy@size:
   424                           	opt stack 0
   425  000014                     ___lldiv@divisor:
   426                           	opt stack 0
   427  000014                     ___lmul@multiplicand:
   428                           	opt stack 0
   429                           
   430                           ; 4 bytes @ 0x13
   431  000014                     	ds	1
   432  000015                     ??_serial_init:
   433                           
   434                           ; 0 bytes @ 0x14
   435  000015                     	ds	1
   436  000016                     ?_strncmp:
   437                           	opt stack 0
   438  000016                     strncpy@cp:
   439                           	opt stack 0
   440  000016                     strncmp@s1:
   441                           	opt stack 0
   442                           
   443                           ; 2 bytes @ 0x15
   444  000016                     	ds	2
   445  000018                     ??___lldiv:
   446  000018                     strncmp@s2:
   447                           	opt stack 0
   448  000018                     ___lmul@product:
   449                           	opt stack 0
   450                           
   451                           ; 4 bytes @ 0x17
   452  000018                     	ds	1
   453  000019                     ___lldiv@quotient:
   454                           	opt stack 0
   455                           
   456                           ; 4 bytes @ 0x18
   457  000019                     	ds	1
   458  00001A                     strncmp@len:
   459                           	opt stack 0
   460                           
   461                           ; 2 bytes @ 0x19
   462  00001A                     	ds	2
   463  00001C                     ??_strncmp:
   464  00001C                     ?_atol:
   465                           	opt stack 0
   466  00001C                     atol@s:
   467                           	opt stack 0
   468                           
   469                           ; 2 bytes @ 0x1B
   470  00001C                     	ds	1
   471  00001D                     ___lldiv@counter:
   472                           	opt stack 0
   473                           
   474                           ; 1 bytes @ 0x1C
   475  00001D                     	ds	1
   476  00001E                     ?___llmod:
   477                           	opt stack 0
   478  00001E                     ___llmod@dividend:
   479                           	opt stack 0
   480                           
   481                           ; 4 bytes @ 0x1D
   482  00001E                     	ds	1
   483  00001F                     ?_strstr:
   484                           	opt stack 0
   485  00001F                     strstr@s1:
   486                           	opt stack 0
   487                           
   488                           ; 2 bytes @ 0x1E
   489  00001F                     	ds	1
   490  000020                     ??_atol:
   491                           
   492                           ; 0 bytes @ 0x1F
   493  000020                     	ds	1
   494  000021                     strstr@s2:
   495                           	opt stack 0
   496                           
   497                           ; 2 bytes @ 0x20
   498  000021                     	ds	1
   499  000022                     ___llmod@divisor:
   500                           	opt stack 0
   501                           
   502                           ; 4 bytes @ 0x21
   503  000022                     	ds	1
   504  000023                     
   505                           ; 0 bytes @ 0x22
   506  000023                     	ds	2
   507  000025                     atol@sign:
   508                           	opt stack 0
   509                           
   510                           ; 1 bytes @ 0x24
   511  000025                     	ds	1
   512  000026                     ??___llmod:
   513  000026                     atol@a:
   514                           	opt stack 0
   515                           
   516                           ; 4 bytes @ 0x25
   517  000026                     	ds	1
   518  000027                     ___llmod@counter:
   519                           	opt stack 0
   520                           
   521                           ; 1 bytes @ 0x26
   522  000027                     	ds	1
   523  000028                     ?_sprintf:
   524                           	opt stack 0
   525  000028                     sprintf@sp:
   526                           	opt stack 0
   527                           
   528                           ; 2 bytes @ 0x27
   529  000028                     	ds	2
   530  00002A                     atol@c:
   531                           	opt stack 0
   532  00002A                     sprintf@f:
   533                           	opt stack 0
   534                           
   535                           ; 2 bytes @ 0x29
   536  00002A                     	ds	6
   537  000030                     ??_sprintf:
   538                           
   539                           ; 0 bytes @ 0x2F
   540  000030                     	ds	6
   541  000036                     ??_main:
   542                           
   543                           ; 0 bytes @ 0x35
   544  000036                     	ds	1
   545                           tblptru	equ	0xFF8
   546                           tblptrh	equ	0xFF7
   547                           tblptrl	equ	0xFF6
   548                           tablat	equ	0xFF5
   549                           postinc0	equ	0xFEE
   550                           wreg	equ	0xFE8
   551                           postdec1	equ	0xFE5
   552                           fsr1l	equ	0xFE1
   553                           
   554 ;;
   555 ;;Main: autosize = 0, tempsize = 1, incstack = 0, save=0
   556 ;;
   557 ;; *************** function _main *****************
   558 ;; Defined at:
   559 ;;		line 239 in file "main.c"
   560 ;; Parameters:    Size  Location     Type
   561 ;;		None
   562 ;; Auto vars:     Size  Location     Type
   563 ;;		None
   564 ;; Return value:  Size  Location     Type
   565 ;;                  2  142[COMRAM] int 
   566 ;; Registers used:
   567 ;;		wreg, fsr0l, fsr0h, fsr1l, fsr1h, fsr2l, fsr2h, status,2, status,0, tblptrl, tblptrh, tblptru, prodl, prodh, cstack
   568 ;; Tracked objects:
   569 ;;		On entry : 0/0
   570 ;;		On exit  : 0/0
   571 ;;		Unchanged: 0/0
   572 ;; Data sizes:     COMRAM   BANK0   BANK1   BANK2   BANK3   BANK4   BANK5   BANK6   BANK7   BANK8   BANK9  BANK10  BANK1
      +1  BANK12  BANK13  BANK14  BANK15
   573 ;;      Params:         0       0       0       0       0       0       0       0       0       0       0       0       
      +0       0       0       0       0
   574 ;;      Locals:         0       0       0       0       0       0       0       0       0       0       0       0       
      +0       0       0       0       0
   575 ;;      Temps:          1       0       0       0       0       0       0       0       0       0       0       0       
      +0       0       0       0       0
   576 ;;      Totals:         1       0       0       0       0       0       0       0       0       0       0       0       
      +0       0       0       0       0
   577 ;;Total ram usage:        1 bytes
   578 ;; Hardware stack levels required when called:    4
   579 ;; This function calls:
   580 ;;		_init_io
   581 ;;		_lat
   582 ;;		_serial_init
   583 ;;		_strncpy
   584 ;;		_strstr
   585 ;; This function is called by:
   586 ;;		Startup code after reset
   587 ;; This function uses a non-reentrant model
   588 ;;
   589                           
   590                           	psect	text0
   591  0014A0                     __ptext0:
   592                           	opt stack 0
   593  0014A0                     _main:
   594                           	opt stack 27
   595                           
   596                           ;main.c: 242: OSCCONbits.IRCF = 0x05;
   597                           
   598                           ;incstack = 0
   599  0014A0  50D3               	movf	4051,w,c	;volatile
   600  0014A2  0B8F               	andlw	-113
   601  0014A4  0950               	iorlw	80
   602  0014A6  6ED3               	movwf	4051,c	;volatile
   603                           
   604                           ;main.c: 243: OSCCONbits.SCS = 0x02;
   605  0014A8  50D3               	movf	4051,w,c	;volatile
   606  0014AA  0BFC               	andlw	-4
   607  0014AC  0902               	iorlw	2
   608  0014AE  6ED3               	movwf	4051,c	;volatile
   609                           
   610                           ;main.c: 244: _delay((unsigned long)((50)*(4000000/4000.0)));
   611  0014B0  0E41               	movlw	65
   612  0014B2  6E36               	movwf	??_main& (0+255),c
   613  0014B4  0EEE               	movlw	238
   614  0014B6                     u1447:
   615  0014B6  2EE8               	decfsz	wreg,f,c
   616  0014B8  D7FE               	goto	u1447
   617  0014BA  2E36               	decfsz	??_main& (0+255),f,c
   618  0014BC  D7FC               	goto	u1447
   619  0014BE  D000               	nop2	
   620                           
   621                           ;main.c: 247: ping = 0;
   622  0014C0  0E00               	movlw	0
   623  0014C2  0100               	movlb	0	; () banked
   624  0014C4  0100               	movlb	0	; () banked
   625  0014C6  6F65               	movwf	(_ping+1)& (0+255),b	;volatile
   626  0014C8  0E00               	movlw	0
   627  0014CA  0100               	movlb	0	; () banked
   628  0014CC  6F64               	movwf	_ping& (0+255),b	;volatile
   629                           
   630                           ; BSR set to: 0
   631                           ;main.c: 248: new_rx = 0;
   632  0014CE  0E00               	movlw	0
   633  0014D0  6E46               	movwf	_new_rx+1,c	;volatile
   634  0014D2  0E00               	movlw	0
   635  0014D4  6E45               	movwf	_new_rx,c	;volatile
   636                           
   637                           ; BSR set to: 0
   638                           ;main.c: 249: isrcall = 0;
   639  0014D6  0E00               	movlw	0
   640  0014D8  0100               	movlb	0	; () banked
   641  0014DA  0100               	movlb	0	; () banked
   642  0014DC  6F63               	movwf	(_isrcall+1)& (0+255),b	;volatile
   643  0014DE  0E00               	movlw	0
   644  0014E0  0100               	movlb	0	; () banked
   645  0014E2  6F62               	movwf	_isrcall& (0+255),b	;volatile
   646                           
   647                           ; BSR set to: 0
   648                           ;main.c: 251: init_io();
   649  0014E4  ECC8  F00C         	call	_init_io	;wreg free
   650                           
   651                           ;main.c: 252: serial_init();
   652  0014E8  EC81  F00D         	call	_serial_init	;wreg free
   653                           
   654                           ;main.c: 255: PIE1bits.RC1IE = 1;
   655  0014EC  8A9D               	bsf	3997,5,c	;volatile
   656                           
   657                           ;main.c: 256: INTCONbits.PEIE = 1;
   658  0014EE  8CF2               	bsf	intcon,6,c	;volatile
   659                           
   660                           ;main.c: 257: INTCONbits.GIE = 1;
   661  0014F0  8EF2               	bsf	intcon,7,c	;volatile
   662                           
   663                           ;main.c: 260: ready = 0;
   664  0014F2  0E00               	movlw	0
   665  0014F4  6E4A               	movwf	_ready+1,c
   666  0014F6  0E00               	movlw	0
   667  0014F8  6E49               	movwf	_ready,c
   668  0014FA                     l1925:
   669                           
   670                           ;main.c: 263: isrcall = 0;
   671  0014FA  0E00               	movlw	0
   672  0014FC  0100               	movlb	0	; () banked
   673  0014FE  0100               	movlb	0	; () banked
   674  001500  6F63               	movwf	(_isrcall+1)& (0+255),b	;volatile
   675  001502  0E00               	movlw	0
   676  001504  0100               	movlb	0	; () banked
   677  001506  6F62               	movwf	_isrcall& (0+255),b	;volatile
   678                           
   679                           ; BSR set to: 0
   680                           ;main.c: 264: ping = 0;
   681  001508  0E00               	movlw	0
   682  00150A  0100               	movlb	0	; () banked
   683  00150C  0100               	movlb	0	; () banked
   684  00150E  6F65               	movwf	(_ping+1)& (0+255),b	;volatile
   685  001510  0E00               	movlw	0
   686  001512  0100               	movlb	0	; () banked
   687  001514  6F64               	movwf	_ping& (0+255),b	;volatile
   688                           
   689                           ; BSR set to: 0
   690                           ;main.c: 265: if (ready){
   691  001516  504A               	movf	_ready+1,w,c
   692  001518  1049               	iorwf	_ready,w,c
   693  00151A  A4D8               	btfss	status,2,c
   694                           
   695                           ; BSR set to: 0
   696                           ;main.c: 266: LATCbits.LATC2 = 1;
   697  00151C  848B               	bsf	3979,2,c	;volatile
   698                           
   699                           ; BSR set to: 0
   700                           ;main.c: 267: }
   701                           ;main.c: 269: LATAbits.LATA2 = 1;
   702  00151E  8489               	bsf	3977,2,c	;volatile
   703                           
   704                           ; BSR set to: 0
   705                           ;main.c: 270: _delay((unsigned long)((1)*(4000000/4000.0)));
   706  001520  0EFA               	movlw	250
   707  001522                     u1457:
   708  001522  F000               	nop	
   709  001524  2EE8               	decfsz	wreg,f,c
   710  001526  D7FD               	goto	u1457
   711                           
   712                           ;main.c: 271: LATAbits.LATA2 = 0;
   713  001528  9489               	bcf	3977,2,c	;volatile
   714                           
   715                           ;main.c: 273: if (new_rx == 1)
   716  00152A  0445               	decf	_new_rx,w,c	;volatile
   717  00152C  1046               	iorwf	_new_rx+1,w,c	;volatile
   718  00152E  A4D8               	btfss	status,2,c
   719  001530  D02A               	goto	l1947
   720                           
   721                           ;main.c: 274: {
   722                           ;main.c: 275: if (strstr(ctxt, "GPGGA"))
   723  001532  0101               	movlb	1	; () banked
   724  001534  0E01               	movlw	high _ctxt
   725  001536  6E20               	movwf	strstr@s1+1,c
   726  001538  0101               	movlb	1	; () banked
   727  00153A  0E00               	movlw	low _ctxt
   728  00153C  6E1F               	movwf	strstr@s1,c
   729  00153E  0E10               	movlw	high STR_7
   730  001540  6E22               	movwf	strstr@s2+1,c
   731  001542  0E29               	movlw	low STR_7
   732  001544  6E21               	movwf	strstr@s2,c
   733  001546  ECAE  F00B         	call	_strstr	;wreg free
   734  00154A  5020               	movf	?_strstr+1,w,c
   735  00154C  101F               	iorwf	?_strstr,w,c
   736  00154E  B4D8               	btfsc	status,2,c
   737  001550  D016               	goto	l1945
   738                           
   739                           ;main.c: 276: {
   740                           ;main.c: 277: gpgga = 1;
   741  001552  0E00               	movlw	0
   742  001554  6E40               	movwf	_gpgga+1,c
   743  001556  0E01               	movlw	1
   744  001558  6E3F               	movwf	_gpgga,c
   745                           
   746                           ;main.c: 278: strncpy((char*)wstr, (char*)ctxt, sizeof(ctxt));
   747  00155A  0101               	movlb	1	; () banked
   748  00155C  0E01               	movlw	high _wstr
   749  00155E  6E11               	movwf	strncpy@to+1,c
   750  001560  0101               	movlb	1	; () banked
   751  001562  0E78               	movlw	low _wstr
   752  001564  6E10               	movwf	strncpy@to,c
   753  001566  0101               	movlb	1	; () banked
   754  001568  0E01               	movlw	high _ctxt
   755  00156A  6E13               	movwf	strncpy@from+1,c
   756  00156C  0101               	movlb	1	; () banked
   757  00156E  0E00               	movlw	low _ctxt
   758  001570  6E12               	movwf	strncpy@from,c
   759  001572  0E00               	movlw	0
   760  001574  6E15               	movwf	strncpy@size+1,c
   761  001576  0E78               	movlw	120
   762  001578  6E14               	movwf	strncpy@size,c
   763  00157A  EC6A  F00C         	call	_strncpy	;wreg free
   764  00157E                     l1945:
   765                           
   766                           ;main.c: 279: }
   767                           ;main.c: 280: new_rx=0;
   768  00157E  0E00               	movlw	0
   769  001580  6E46               	movwf	_new_rx+1,c	;volatile
   770  001582  0E00               	movlw	0
   771  001584  6E45               	movwf	_new_rx,c	;volatile
   772  001586                     l1947:
   773                           
   774                           ;main.c: 281: }
   775                           ;main.c: 283: if (gpgga) {
   776  001586  5040               	movf	_gpgga+1,w,c
   777  001588  103F               	iorwf	_gpgga,w,c
   778  00158A  B4D8               	btfsc	status,2,c
   779  00158C  D00C               	goto	l1957
   780                           
   781                           ;main.c: 284: LATAbits.LA1 = 0;
   782  00158E  9289               	bcf	3977,1,c	;volatile
   783                           
   784                           ;main.c: 285: if(ctxt[42] == '1')
   785  001590  0101               	movlb	1	; () banked
   786  001592  0101               	movlb	1	; () banked
   787  001594  512A               	movf	(_ctxt+42)& (0+255),w,b
   788  001596  0A31               	xorlw	49
   789  001598  A4D8               	btfss	status,2,c
   790  00159A  D005               	goto	l1957
   791                           
   792                           ; BSR set to: 1
   793                           ;main.c: 286: {
   794                           ;main.c: 289: ready = 1;
   795  00159C  0E00               	movlw	0
   796  00159E  6E4A               	movwf	_ready+1,c
   797  0015A0  0E01               	movlw	1
   798  0015A2  6E49               	movwf	_ready,c
   799                           
   800                           ; BSR set to: 1
   801                           ;main.c: 290: LATAbits.LATA1 = 1;
   802  0015A4  8289               	bsf	3977,1,c	;volatile
   803  0015A6                     l1957:
   804                           
   805                           ;main.c: 291: }
   806                           ;main.c: 292: }
   807                           ;main.c: 294: if (ready) {
   808  0015A6  504A               	movf	_ready+1,w,c
   809  0015A8  1049               	iorwf	_ready,w,c
   810  0015AA  B4D8               	btfsc	status,2,c
   811  0015AC  D005               	goto	l1965
   812                           
   813                           ;main.c: 298: }
   814                           ;main.c: 299: if (!mode) {
   815  0015AE  5044               	movf	_mode+1,w,c
   816  0015B0  1043               	iorwf	_mode,w,c
   817  0015B2  B4D8               	btfsc	status,2,c
   818                           
   819                           ;main.c: 300: lat();
   820  0015B4  EC7B  F009         	call	_lat	;wreg free
   821  0015B8                     l1965:
   822                           
   823                           ;main.c: 301: }
   824                           ;main.c: 303: }
   825                           ;main.c: 304: _delay((unsigned long)((149)*(4000000/4000.0)));
   826  0015B8  0EC2               	movlw	194
   827  0015BA  6E36               	movwf	??_main& (0+255),c
   828  0015BC  0E80               	movlw	128
   829  0015BE                     u1467:
   830  0015BE  2EE8               	decfsz	wreg,f,c
   831  0015C0  D7FE               	goto	u1467
   832  0015C2  2E36               	decfsz	??_main& (0+255),f,c
   833  0015C4  D7FC               	goto	u1467
   834  0015C6  D000               	nop2	
   835  0015C8  D798               	goto	l1925
   836  0015CA                     __end_of_main:
   837                           	opt stack 0
   838                           tblptru	equ	0xFF8
   839                           tblptrh	equ	0xFF7
   840                           tblptrl	equ	0xFF6
   841                           tablat	equ	0xFF5
   842                           intcon	equ	0xFF2
   843                           postinc0	equ	0xFEE
   844                           wreg	equ	0xFE8
   845                           postdec1	equ	0xFE5
   846                           fsr1l	equ	0xFE1
   847                           status	equ	0xFD8
   848                           
   849 ;; *************** function _strstr *****************
   850 ;; Defined at:
   851 ;;		line 4 in file "C:\Program Files\Microchip\xc8\v1.31\sources\common\strstr.c"
   852 ;; Parameters:    Size  Location     Type
   853 ;;  s1              2   30[COMRAM] PTR const unsigned char 
   854 ;;		 -> NULL(0), ctxt(120), 
   855 ;;  s2              2   32[COMRAM] PTR const unsigned char 
   856 ;;		 -> STR_7(6), 
   857 ;; Auto vars:     Size  Location     Type
   858 ;;		None
   859 ;; Return value:  Size  Location     Type
   860 ;;                  2   30[COMRAM] PTR unsigned char 
   861 ;; Registers used:
   862 ;;		wreg, fsr2l, fsr2h, status,2, status,0, tblptrl, tblptrh, tblptru, cstack
   863 ;; Tracked objects:
   864 ;;		On entry : 0/0
   865 ;;		On exit  : 0/0
   866 ;;		Unchanged: 0/0
   867 ;; Data sizes:     COMRAM   BANK0   BANK1   BANK2   BANK3   BANK4   BANK5   BANK6   BANK7   BANK8   BANK9  BANK10  BANK1
      +1  BANK12  BANK13  BANK14  BANK15
   868 ;;      Params:         4       0       0       0       0       0       0       0       0       0       0       0       
      +0       0       0       0       0
   869 ;;      Locals:         0       0       0       0       0       0       0       0       0       0       0       0       
      +0       0       0       0       0
   870 ;;      Temps:          0       0       0       0       0       0       0       0       0       0       0       0       
      +0       0       0       0       0
   871 ;;      Totals:         4       0       0       0       0       0       0       0       0       0       0       0       
      +0       0       0       0       0
   872 ;;Total ram usage:        4 bytes
   873 ;; Hardware stack levels used:    1
   874 ;; Hardware stack levels required when called:    2
   875 ;; This function calls:
   876 ;;		_strchr
   877 ;;		_strlen
   878 ;;		_strncmp
   879 ;; This function is called by:
   880 ;;		_main
   881 ;; This function uses a non-reentrant model
   882 ;;
   883                           
   884                           	psect	text1
   885  00175C                     __ptext1:
   886                           	opt stack 0
   887  00175C                     _strstr:
   888                           	opt stack 28
   889                           
   890                           ;incstack = 0
   891  00175C  D033               	goto	l1647
   892  00175E                     l1639:
   893  00175E  C020  F017         	movff	strstr@s1+1,strncmp@s1+1
   894  001762  C01F  F016         	movff	strstr@s1,strncmp@s1
   895  001766  C022  F019         	movff	strstr@s2+1,strncmp@s2+1
   896  00176A  C021  F018         	movff	strstr@s2,strncmp@s2
   897  00176E  C022  F011         	movff	strstr@s2+1,strlen@s+1
   898  001772  C021  F010         	movff	strstr@s2,strlen@s
   899  001776  EC46  F00D         	call	_strlen	;wreg free
   900  00177A  C010  F01A         	movff	?_strlen,strncmp@len
   901  00177E  C011  F01B         	movff	?_strlen+1,strncmp@len+1
   902  001782  EC69  F00B         	call	_strncmp	;wreg free
   903  001786  5017               	movf	?_strncmp+1,w,c
   904  001788  1016               	iorwf	?_strncmp,w,c
   905  00178A  A4D8               	btfss	status,2,c
   906  00178C  D005               	goto	l1645
   907  00178E  C020  F020         	movff	strstr@s1+1,?_strstr+1
   908  001792  C01F  F01F         	movff	strstr@s1,?_strstr
   909  001796  0012               	return	
   910  001798                     l1645:
   911  001798  0E01               	movlw	1
   912  00179A  241F               	addwf	strstr@s1,w,c
   913  00179C  6E10               	movwf	strchr@ptr,c
   914  00179E  0E00               	movlw	0
   915  0017A0  2020               	addwfc	strstr@s1+1,w,c
   916  0017A2  6E11               	movwf	strchr@ptr+1,c
   917  0017A4  C021  FFF6         	movff	strstr@s2,tblptrl
   918  0017A8  C022  FFF7         	movff	strstr@s2+1,tblptrh
   919  0017AC  0E00               	movlw	low (__mediumconst shr (0+16))
   920  0017AE  6EF8               	movwf	tblptru,c
   921  0017B0  0008               	tblrd		*
   922  0017B2  50F5               	movf	tablat,w,c
   923  0017B4  6E12               	movwf	strchr@chr,c
   924  0017B6  6A13               	clrf	strchr@chr+1,c
   925  0017B8  EC67  F00D         	call	_strchr	;wreg free
   926  0017BC  C010  F01F         	movff	?_strchr,strstr@s1
   927  0017C0  C011  F020         	movff	?_strchr+1,strstr@s1+1
   928  0017C4                     l1647:
   929  0017C4  5020               	movf	strstr@s1+1,w,c
   930  0017C6  101F               	iorwf	strstr@s1,w,c
   931  0017C8  B4D8               	btfsc	status,2,c
   932  0017CA  D007               	goto	l1651
   933  0017CC  C01F  FFD9         	movff	strstr@s1,fsr2l
   934  0017D0  C020  FFDA         	movff	strstr@s1+1,fsr2h
   935  0017D4  50DF               	movf	indf2,w,c
   936  0017D6  A4D8               	btfss	status,2,c
   937  0017D8  D7C2               	goto	l1639
   938  0017DA                     l1651:
   939  0017DA  0E00               	movlw	0
   940  0017DC  6E20               	movwf	?_strstr+1,c
   941  0017DE  0E00               	movlw	0
   942  0017E0  6E1F               	movwf	?_strstr,c
   943  0017E2  0012               	return	
   944  0017E4                     __end_of_strstr:
   945                           	opt stack 0
   946                           tblptru	equ	0xFF8
   947                           tblptrh	equ	0xFF7
   948                           tblptrl	equ	0xFF6
   949                           tablat	equ	0xFF5
   950                           intcon	equ	0xFF2
   951                           postinc0	equ	0xFEE
   952                           wreg	equ	0xFE8
   953                           postdec1	equ	0xFE5
   954                           fsr1l	equ	0xFE1
   955                           indf2	equ	0xFDF
   956                           fsr2h	equ	0xFDA
   957                           fsr2l	equ	0xFD9
   958                           status	equ	0xFD8
   959                           
   960 ;; *************** function _strncmp *****************
   961 ;; Defined at:
   962 ;;		line 4 in file "C:\Program Files\Microchip\xc8\v1.31\sources\common\strncmp.c"
   963 ;; Parameters:    Size  Location     Type
   964 ;;  s1              2   21[COMRAM] PTR const unsigned char 
   965 ;;		 -> NULL(0), ctxt(120), 
   966 ;;  s2              2   23[COMRAM] PTR const unsigned char 
   967 ;;		 -> STR_7(6), 
   968 ;;  len             2   25[COMRAM] unsigned int 
   969 ;; Auto vars:     Size  Location     Type
   970 ;;		None
   971 ;; Return value:  Size  Location     Type
   972 ;;                  2   21[COMRAM] int 
   973 ;; Registers used:
   974 ;;		wreg, fsr2l, fsr2h, status,2, status,0, tblptrl, tblptrh, tblptru
   975 ;; Tracked objects:
   976 ;;		On entry : 0/0
   977 ;;		On exit  : 0/0
   978 ;;		Unchanged: 0/0
   979 ;; Data sizes:     COMRAM   BANK0   BANK1   BANK2   BANK3   BANK4   BANK5   BANK6   BANK7   BANK8   BANK9  BANK10  BANK1
      +1  BANK12  BANK13  BANK14  BANK15
   980 ;;      Params:         6       0       0       0       0       0       0       0       0       0       0       0       
      +0       0       0       0       0
   981 ;;      Locals:         0       0       0       0       0       0       0       0       0       0       0       0       
      +0       0       0       0       0
   982 ;;      Temps:          3       0       0       0       0       0       0       0       0       0       0       0       
      +0       0       0       0       0
   983 ;;      Totals:         9       0       0       0       0       0       0       0       0       0       0       0       
      +0       0       0       0       0
   984 ;;Total ram usage:        9 bytes
   985 ;; Hardware stack levels used:    1
   986 ;; Hardware stack levels required when called:    1
   987 ;; This function calls:
   988 ;;		Nothing
   989 ;; This function is called by:
   990 ;;		_strstr
   991 ;; This function uses a non-reentrant model
   992 ;;
   993                           
   994                           	psect	text2
   995  0016D2                     __ptext2:
   996                           	opt stack 0
   997  0016D2                     _strncmp:
   998                           	opt stack 28
   999                           
  1000                           ;incstack = 0
  1001  0016D2  D037               	goto	l1523
  1002  0016D4                     l1513:
  1003  0016D4  C016  FFD9         	movff	strncmp@s1,fsr2l
  1004  0016D8  C017  FFDA         	movff	strncmp@s1+1,fsr2h
  1005  0016DC  50DF               	movf	indf2,w,c
  1006  0016DE  B4D8               	btfsc	status,2,c
  1007  0016E0  D011               	goto	l1517
  1008  0016E2  C018  FFF6         	movff	strncmp@s2,tblptrl
  1009  0016E6  C019  FFF7         	movff	strncmp@s2+1,tblptrh
  1010  0016EA  0E00               	movlw	low (__mediumconst shr (0+16))
  1011  0016EC  6EF8               	movwf	tblptru,c
  1012  0016EE  0008               	tblrd		*
  1013  0016F0  CFF5 F01C          	movff	tablat,??_strncmp
  1014  0016F4  C016  FFD9         	movff	strncmp@s1,fsr2l
  1015  0016F8  C017  FFDA         	movff	strncmp@s1+1,fsr2h
  1016  0016FC  50DF               	movf	indf2,w,c
  1017  0016FE  181C               	xorwf	??_strncmp,w,c
  1018  001700  B4D8               	btfsc	status,2,c
  1019  001702  D01B               	goto	l1521
  1020  001704                     l1517:
  1021  001704  C018  FFF6         	movff	strncmp@s2,tblptrl
  1022  001708  C019  FFF7         	movff	strncmp@s2+1,tblptrh
  1023  00170C  0E00               	movlw	low (__mediumconst shr (0+16))
  1024  00170E  6EF8               	movwf	tblptru,c
  1025  001710  0008               	tblrd		*
  1026  001712  50F5               	movf	tablat,w,c
  1027  001714  6E1C               	movwf	??_strncmp& (0+255),c
  1028  001716  6A1D               	clrf	(??_strncmp+1)& (0+255),c
  1029  001718  1E1C               	comf	??_strncmp,f,c
  1030  00171A  1E1D               	comf	??_strncmp+1,f,c
  1031  00171C  4A1C               	infsnz	??_strncmp,f,c
  1032  00171E  2A1D               	incf	??_strncmp+1,f,c
  1033  001720  C016  FFD9         	movff	strncmp@s1,fsr2l
  1034  001724  C017  FFDA         	movff	strncmp@s1+1,fsr2h
  1035  001728  50DF               	movf	indf2,w,c
  1036  00172A  6E1E               	movwf	(??_strncmp+2)& (0+255),c
  1037  00172C  501E               	movf	??_strncmp+2,w,c
  1038  00172E  241C               	addwf	??_strncmp,w,c
  1039  001730  6E16               	movwf	?_strncmp,c
  1040  001732  0E00               	movlw	0
  1041  001734  201D               	addwfc	??_strncmp+1,w,c
  1042  001736  6E17               	movwf	?_strncmp+1,c
  1043  001738  0012               	return	
  1044  00173A                     l1521:
  1045  00173A  4A16               	infsnz	strncmp@s1,f,c
  1046  00173C  2A17               	incf	strncmp@s1+1,f,c
  1047  00173E  4A18               	infsnz	strncmp@s2,f,c
  1048  001740  2A19               	incf	strncmp@s2+1,f,c
  1049  001742                     l1523:
  1050  001742  061A               	decf	strncmp@len,f,c
  1051  001744  A0D8               	btfss	status,0,c
  1052  001746  061B               	decf	strncmp@len+1,f,c
  1053  001748  281A               	incf	strncmp@len& (0+255),w,c
  1054  00174A  B4D8               	btfsc	status,2,c
  1055  00174C  281B               	incf	(strncmp@len+1)& (0+255),w,c
  1056  00174E  A4D8               	btfss	status,2,c
  1057  001750  D7C1               	goto	l1513
  1058  001752  0E00               	movlw	0
  1059  001754  6E17               	movwf	?_strncmp+1,c
  1060  001756  0E00               	movlw	0
  1061  001758  6E16               	movwf	?_strncmp,c
  1062  00175A  0012               	return	
  1063  00175C                     __end_of_strncmp:
  1064                           	opt stack 0
  1065                           tblptru	equ	0xFF8
  1066                           tblptrh	equ	0xFF7
  1067                           tblptrl	equ	0xFF6
  1068                           tablat	equ	0xFF5
  1069                           intcon	equ	0xFF2
  1070                           postinc0	equ	0xFEE
  1071                           wreg	equ	0xFE8
  1072                           postdec1	equ	0xFE5
  1073                           fsr1l	equ	0xFE1
  1074                           indf2	equ	0xFDF
  1075                           fsr2h	equ	0xFDA
  1076                           fsr2l	equ	0xFD9
  1077                           status	equ	0xFD8
  1078                           
  1079 ;; *************** function _strlen *****************
  1080 ;; Defined at:
  1081 ;;		line 4 in file "C:\Program Files\Microchip\xc8\v1.31\sources\common\strlen.c"
  1082 ;; Parameters:    Size  Location     Type
  1083 ;;  s               2   15[COMRAM] PTR const unsigned char 
  1084 ;;		 -> STR_7(6), 
  1085 ;; Auto vars:     Size  Location     Type
  1086 ;;  cp              2   19[COMRAM] PTR const unsigned char 
  1087 ;;		 -> STR_7(6), 
  1088 ;; Return value:  Size  Location     Type
  1089 ;;                  2   15[COMRAM] unsigned int 
  1090 ;; Registers used:
  1091 ;;		wreg, status,2, status,0, tblptrl, tblptrh, tblptru
  1092 ;; Tracked objects:
  1093 ;;		On entry : 0/0
  1094 ;;		On exit  : 0/0
  1095 ;;		Unchanged: 0/0
  1096 ;; Data sizes:     COMRAM   BANK0   BANK1   BANK2   BANK3   BANK4   BANK5   BANK6   BANK7   BANK8   BANK9  BANK10  BANK1
      +1  BANK12  BANK13  BANK14  BANK15
  1097 ;;      Params:         2       0       0       0       0       0       0       0       0       0       0       0       
      +0       0       0       0       0
  1098 ;;      Locals:         2       0       0       0       0       0       0       0       0       0       0       0       
      +0       0       0       0       0
  1099 ;;      Temps:          2       0       0       0       0       0       0       0       0       0       0       0       
      +0       0       0       0       0
  1100 ;;      Totals:         6       0       0       0       0       0       0       0       0       0       0       0       
      +0       0       0       0       0
  1101 ;;Total ram usage:        6 bytes
  1102 ;; Hardware stack levels used:    1
  1103 ;; Hardware stack levels required when called:    1
  1104 ;; This function calls:
  1105 ;;		Nothing
  1106 ;; This function is called by:
  1107 ;;		_strstr
  1108 ;;		_append
  1109 ;; This function uses a non-reentrant model
  1110 ;;
  1111                           
  1112                           	psect	text3
  1113  001A8C                     __ptext3:
  1114                           	opt stack 0
  1115  001A8C                     _strlen:
  1116                           	opt stack 28
  1117                           
  1118                           ;incstack = 0
  1119  001A8C  C011  F015         	movff	strlen@s+1,strlen@cp+1
  1120  001A90  C010  F014         	movff	strlen@s,strlen@cp
  1121  001A94  D002               	goto	l1399
  1122  001A96                     l1397:
  1123  001A96  4A14               	infsnz	strlen@cp,f,c
  1124  001A98  2A15               	incf	strlen@cp+1,f,c
  1125  001A9A                     l1399:
  1126  001A9A  C014  FFF6         	movff	strlen@cp,tblptrl
  1127  001A9E  C015  FFF7         	movff	strlen@cp+1,tblptrh
  1128  001AA2  0E00               	movlw	low (__mediumconst shr (0+16))
  1129  001AA4  6EF8               	movwf	tblptru,c
  1130  001AA6  0008               	tblrd		*
  1131  001AA8  50F5               	movf	tablat,w,c
  1132  001AAA  0900               	iorlw	0
  1133  001AAC  A4D8               	btfss	status,2,c
  1134  001AAE  D7F3               	goto	l1397
  1135  001AB0  C010  F012         	movff	strlen@s,??_strlen
  1136  001AB4  C011  F013         	movff	strlen@s+1,??_strlen+1
  1137  001AB8  1E12               	comf	??_strlen,f,c
  1138  001ABA  1E13               	comf	??_strlen+1,f,c
  1139  001ABC  4A12               	infsnz	??_strlen,f,c
  1140  001ABE  2A13               	incf	??_strlen+1,f,c
  1141  001AC0  5014               	movf	strlen@cp,w,c
  1142  001AC2  2412               	addwf	??_strlen,w,c
  1143  001AC4  6E10               	movwf	?_strlen,c
  1144  001AC6  5015               	movf	strlen@cp+1,w,c
  1145  001AC8  2013               	addwfc	??_strlen+1,w,c
  1146  001ACA  6E11               	movwf	?_strlen+1,c
  1147  001ACC  0012               	return	
  1148  001ACE                     __end_of_strlen:
  1149                           	opt stack 0
  1150                           tblptru	equ	0xFF8
  1151                           tblptrh	equ	0xFF7
  1152                           tblptrl	equ	0xFF6
  1153                           tablat	equ	0xFF5
  1154                           intcon	equ	0xFF2
  1155                           postinc0	equ	0xFEE
  1156                           wreg	equ	0xFE8
  1157                           postdec1	equ	0xFE5
  1158                           fsr1l	equ	0xFE1
  1159                           indf2	equ	0xFDF
  1160                           fsr2h	equ	0xFDA
  1161                           fsr2l	equ	0xFD9
  1162                           status	equ	0xFD8
  1163                           
  1164 ;; *************** function _strchr *****************
  1165 ;; Defined at:
  1166 ;;		line 4 in file "C:\Program Files\Microchip\xc8\v1.31\sources\common\strchr.c"
  1167 ;; Parameters:    Size  Location     Type
  1168 ;;  ptr             2   15[COMRAM] PTR const unsigned char 
  1169 ;;		 -> NULL(0), ctxt(120), 
  1170 ;;  chr             2   17[COMRAM] int 
  1171 ;; Auto vars:     Size  Location     Type
  1172 ;;		None
  1173 ;; Return value:  Size  Location     Type
  1174 ;;                  2   15[COMRAM] PTR unsigned char 
  1175 ;; Registers used:
  1176 ;;		wreg, fsr2l, fsr2h, status,2, status,0
  1177 ;; Tracked objects:
  1178 ;;		On entry : 0/0
  1179 ;;		On exit  : 0/0
  1180 ;;		Unchanged: 0/0
  1181 ;; Data sizes:     COMRAM   BANK0   BANK1   BANK2   BANK3   BANK4   BANK5   BANK6   BANK7   BANK8   BANK9  BANK10  BANK1
      +1  BANK12  BANK13  BANK14  BANK15
  1182 ;;      Params:         4       0       0       0       0       0       0       0       0       0       0       0       
      +0       0       0       0       0
  1183 ;;      Locals:         0       0       0       0       0       0       0       0       0       0       0       0       
      +0       0       0       0       0
  1184 ;;      Temps:          0       0       0       0       0       0       0       0       0       0       0       0       
      +0       0       0       0       0
  1185 ;;      Totals:         4       0       0       0       0       0       0       0       0       0       0       0       
      +0       0       0       0       0
  1186 ;;Total ram usage:        4 bytes
  1187 ;; Hardware stack levels used:    1
  1188 ;; Hardware stack levels required when called:    1
  1189 ;; This function calls:
  1190 ;;		Nothing
  1191 ;; This function is called by:
  1192 ;;		_strstr
  1193 ;; This function uses a non-reentrant model
  1194 ;;
  1195                           
  1196                           	psect	text4
  1197  001ACE                     __ptext4:
  1198                           	opt stack 0
  1199  001ACE                     _strchr:
  1200                           	opt stack 28
  1201  001ACE                     l781:
  1202  001ACE  5012               	movf	strchr@chr,w,c
  1203  001AD0  C010  FFD9         	movff	strchr@ptr,fsr2l
  1204  001AD4  C011  FFDA         	movff	strchr@ptr+1,fsr2h
  1205  001AD8  62DF               	cpfseq	indf2,c
  1206  001ADA  D005               	goto	l1535
  1207  001ADC  C011  F011         	movff	strchr@ptr+1,?_strchr+1
  1208  001AE0  C010  F010         	movff	strchr@ptr,?_strchr
  1209  001AE4  0012               	return	
  1210  001AE6                     l1535:
  1211  001AE6  C010  FFD9         	movff	strchr@ptr,fsr2l
  1212  001AEA  C011  FFDA         	movff	strchr@ptr+1,fsr2h
  1213  001AEE  4A10               	infsnz	strchr@ptr,f,c
  1214  001AF0  2A11               	incf	strchr@ptr+1,f,c
  1215  001AF2  50DF               	movf	indf2,w,c
  1216  001AF4  A4D8               	btfss	status,2,c
  1217  001AF6  D7EB               	goto	l781
  1218  001AF8  0E00               	movlw	0
  1219  001AFA  6E11               	movwf	?_strchr+1,c
  1220  001AFC  0E00               	movlw	0
  1221  001AFE  6E10               	movwf	?_strchr,c
  1222  001B00  0012               	return	
  1223  001B02                     __end_of_strchr:
  1224                           	opt stack 0
  1225                           tblptru	equ	0xFF8
  1226                           tblptrh	equ	0xFF7
  1227                           tblptrl	equ	0xFF6
  1228                           tablat	equ	0xFF5
  1229                           intcon	equ	0xFF2
  1230                           postinc0	equ	0xFEE
  1231                           wreg	equ	0xFE8
  1232                           postdec1	equ	0xFE5
  1233                           fsr1l	equ	0xFE1
  1234                           indf2	equ	0xFDF
  1235                           fsr2h	equ	0xFDA
  1236                           fsr2l	equ	0xFD9
  1237                           status	equ	0xFD8
  1238                           
  1239 ;; *************** function _strncpy *****************
  1240 ;; Defined at:
  1241 ;;		line 8 in file "C:\Program Files\Microchip\xc8\v1.31\sources\common\strncpy.c"
  1242 ;; Parameters:    Size  Location     Type
  1243 ;;  to              2   15[COMRAM] PTR unsigned char 
  1244 ;;		 -> wstr(120), 
  1245 ;;  from            2   17[COMRAM] PTR const unsigned char 
  1246 ;;		 -> ctxt(120), 
  1247 ;;  size            2   19[COMRAM] unsigned int 
  1248 ;; Auto vars:     Size  Location     Type
  1249 ;;  cp              2   21[COMRAM] PTR unsigned char 
  1250 ;;		 -> wstr(120), 
  1251 ;; Return value:  Size  Location     Type
  1252 ;;                  2   15[COMRAM] PTR unsigned char 
  1253 ;; Registers used:
  1254 ;;		wreg, fsr1l, fsr1h, fsr2l, fsr2h, status,2, status,0
  1255 ;; Tracked objects:
  1256 ;;		On entry : 0/0
  1257 ;;		On exit  : 0/0
  1258 ;;		Unchanged: 0/0
  1259 ;; Data sizes:     COMRAM   BANK0   BANK1   BANK2   BANK3   BANK4   BANK5   BANK6   BANK7   BANK8   BANK9  BANK10  BANK1
      +1  BANK12  BANK13  BANK14  BANK15
  1260 ;;      Params:         6       0       0       0       0       0       0       0       0       0       0       0       
      +0       0       0       0       0
  1261 ;;      Locals:         2       0       0       0       0       0       0       0       0       0       0       0       
      +0       0       0       0       0
  1262 ;;      Temps:          0       0       0       0       0       0       0       0       0       0       0       0       
      +0       0       0       0       0
  1263 ;;      Totals:         8       0       0       0       0       0       0       0       0       0       0       0       
      +0       0       0       0       0
  1264 ;;Total ram usage:        8 bytes
  1265 ;; Hardware stack levels used:    1
  1266 ;; Hardware stack levels required when called:    1
  1267 ;; This function calls:
  1268 ;;		Nothing
  1269 ;; This function is called by:
  1270 ;;		_main
  1271 ;; This function uses a non-reentrant model
  1272 ;;
  1273                           
  1274                           	psect	text5
  1275  0018D4                     __ptext5:
  1276                           	opt stack 0
  1277  0018D4                     _strncpy:
  1278                           	opt stack 29
  1279                           
  1280                           ;incstack = 0
  1281  0018D4  C011  F017         	movff	strncpy@to+1,strncpy@cp+1
  1282  0018D8  C010  F016         	movff	strncpy@to,strncpy@cp
  1283  0018DC  D014               	goto	l1663
  1284  0018DE                     l1657:
  1285  0018DE  0614               	decf	strncpy@size,f,c
  1286  0018E0  A0D8               	btfss	status,0,c
  1287  0018E2  0615               	decf	strncpy@size+1,f,c
  1288  0018E4  C012  FFD9         	movff	strncpy@from,fsr2l
  1289  0018E8  C013  FFDA         	movff	strncpy@from+1,fsr2h
  1290  0018EC  4A12               	infsnz	strncpy@from,f,c
  1291  0018EE  2A13               	incf	strncpy@from+1,f,c
  1292  0018F0  C016  FFE1         	movff	strncpy@cp,fsr1l
  1293  0018F4  C017  FFE2         	movff	strncpy@cp+1,fsr1h
  1294  0018F8  4A16               	infsnz	strncpy@cp,f,c
  1295  0018FA  2A17               	incf	strncpy@cp+1,f,c
  1296  0018FC  CFDF FFE7          	movff	indf2,indf1
  1297  001900  50E7               	movf	indf1,w,c
  1298  001902  B4D8               	btfsc	status,2,c
  1299  001904  D00D               	goto	l1669
  1300  001906                     l1663:
  1301  001906  5015               	movf	strncpy@size+1,w,c
  1302  001908  1014               	iorwf	strncpy@size,w,c
  1303  00190A  B4D8               	btfsc	status,2,c
  1304  00190C  D009               	goto	l1669
  1305  00190E  D7E7               	goto	l1657
  1306  001910                     l1665:
  1307  001910  C016  FFD9         	movff	strncpy@cp,fsr2l
  1308  001914  C017  FFDA         	movff	strncpy@cp+1,fsr2h
  1309  001918  0E00               	movlw	0
  1310  00191A  6EDF               	movwf	indf2,c
  1311  00191C  4A16               	infsnz	strncpy@cp,f,c
  1312  00191E  2A17               	incf	strncpy@cp+1,f,c
  1313  001920                     l1669:
  1314  001920  0614               	decf	strncpy@size,f,c
  1315  001922  A0D8               	btfss	status,0,c
  1316  001924  0615               	decf	strncpy@size+1,f,c
  1317  001926  2814               	incf	strncpy@size& (0+255),w,c
  1318  001928  B4D8               	btfsc	status,2,c
  1319  00192A  2815               	incf	(strncpy@size+1)& (0+255),w,c
  1320  00192C  B4D8               	btfsc	status,2,c
  1321                           
  1322                           ;	Return value of _strncpy is never used
  1323  00192E  0012               	return	
  1324  001930  D7EF               	goto	l1665
  1325  001932                     __end_of_strncpy:
  1326                           	opt stack 0
  1327                           tblptru	equ	0xFF8
  1328                           tblptrh	equ	0xFF7
  1329                           tblptrl	equ	0xFF6
  1330                           tablat	equ	0xFF5
  1331                           intcon	equ	0xFF2
  1332                           postinc0	equ	0xFEE
  1333                           wreg	equ	0xFE8
  1334                           indf1	equ	0xFE7
  1335                           postdec1	equ	0xFE5
  1336                           fsr1h	equ	0xFE2
  1337                           fsr1l	equ	0xFE1
  1338                           indf2	equ	0xFDF
  1339                           fsr2h	equ	0xFDA
  1340                           fsr2l	equ	0xFD9
  1341                           status	equ	0xFD8
  1342                           
  1343 ;; *************** function _serial_init *****************
  1344 ;; Defined at:
  1345 ;;		line 139 in file "main.c"
  1346 ;; Parameters:    Size  Location     Type
  1347 ;;		None
  1348 ;; Auto vars:     Size  Location     Type
  1349 ;;		None
  1350 ;; Return value:  Size  Location     Type
  1351 ;;		None               void
  1352 ;; Registers used:
  1353 ;;		wreg, fsr0l, fsr0h, status,2, status,0, tblptrl, tblptrh, tblptru, cstack
  1354 ;; Tracked objects:
  1355 ;;		On entry : 0/0
  1356 ;;		On exit  : 0/0
  1357 ;;		Unchanged: 0/0
  1358 ;; Data sizes:     COMRAM   BANK0   BANK1   BANK2   BANK3   BANK4   BANK5   BANK6   BANK7   BANK8   BANK9  BANK10  BANK1
      +1  BANK12  BANK13  BANK14  BANK15
  1359 ;;      Params:         0       0       0       0       0       0       0       0       0       0       0       0       
      +0       0       0       0       0
  1360 ;;      Locals:         0       0       0       0       0       0       0       0       0       0       0       0       
      +0       0       0       0       0
  1361 ;;      Temps:          1       0       0       0       0       0       0       0       0       0       0       0       
      +0       0       0       0       0
  1362 ;;      Totals:         1       0       0       0       0       0       0       0       0       0       0       0       
      +0       0       0       0       0
  1363 ;;Total ram usage:        1 bytes
  1364 ;; Hardware stack levels used:    1
  1365 ;; Hardware stack levels required when called:    3
  1366 ;; This function calls:
  1367 ;;		_uart_write
  1368 ;; This function is called by:
  1369 ;;		_main
  1370 ;; This function uses a non-reentrant model
  1371 ;;
  1372                           
  1373                           	psect	text6
  1374  001B02                     __ptext6:
  1375                           	opt stack 0
  1376  001B02                     _serial_init:
  1377                           	opt stack 27
  1378                           
  1379                           ;main.c: 144: TXSTA1bits.BRGH=1;
  1380                           
  1381                           ;incstack = 0
  1382  001B02  84AC               	bsf	4012,2,c	;volatile
  1383                           
  1384                           ;main.c: 145: TXSTA1bits.TX9=0;
  1385  001B04  9CAC               	bcf	4012,6,c	;volatile
  1386                           
  1387                           ;main.c: 146: TXSTA1bits.TXEN = 1;
  1388  001B06  8AAC               	bsf	4012,5,c	;volatile
  1389                           
  1390                           ;main.c: 149: RCSTA1bits.SPEN=1;
  1391  001B08  8EAB               	bsf	4011,7,c	;volatile
  1392                           
  1393                           ;main.c: 150: RCSTA1bits.RX9=0;
  1394  001B0A  9CAB               	bcf	4011,6,c	;volatile
  1395                           
  1396                           ;main.c: 151: RCSTA1bits.CREN=1;
  1397  001B0C  88AB               	bsf	4011,4,c	;volatile
  1398                           
  1399                           ;main.c: 153: SPBRG1=25;
  1400  001B0E  0E19               	movlw	25
  1401  001B10  6EAF               	movwf	4015,c	;volatile
  1402                           
  1403                           ;main.c: 154: SPBRGH1=0;
  1404  001B12  0E00               	movlw	0
  1405  001B14  6EB0               	movwf	4016,c	;volatile
  1406                           
  1407                           ;main.c: 156: PIR1bits.RCIF=0;
  1408  001B16  9A9E               	bcf	3998,5,c	;volatile
  1409                           
  1410                           ;main.c: 158: _delay((unsigned long)((50)*(4000000/4000.0)));
  1411  001B18  0E41               	movlw	65
  1412  001B1A  6E15               	movwf	??_serial_init& (0+255),c
  1413  001B1C  0EEE               	movlw	238
  1414  001B1E                     u1477:
  1415  001B1E  2EE8               	decfsz	wreg,f,c
  1416  001B20  D7FE               	goto	u1477
  1417  001B22  2E15               	decfsz	??_serial_init& (0+255),f,c
  1418  001B24  D7FC               	goto	u1477
  1419  001B26  D000               	nop2	
  1420                           
  1421                           ;main.c: 159: uart_write("RESET");
  1422  001B28  0E10               	movlw	high STR_1
  1423  001B2A  6E13               	movwf	uart_write@txt+1,c
  1424  001B2C  0E2F               	movlw	low STR_1
  1425  001B2E  6E12               	movwf	uart_write@txt,c
  1426  001B30  EC99  F00C         	call	_uart_write	;wreg free
  1427  001B34  0012               	return	
  1428  001B36                     __end_of_serial_init:
  1429                           	opt stack 0
  1430                           tblptru	equ	0xFF8
  1431                           tblptrh	equ	0xFF7
  1432                           tblptrl	equ	0xFF6
  1433                           tablat	equ	0xFF5
  1434                           intcon	equ	0xFF2
  1435                           postinc0	equ	0xFEE
  1436                           wreg	equ	0xFE8
  1437                           indf1	equ	0xFE7
  1438                           postdec1	equ	0xFE5
  1439                           fsr1h	equ	0xFE2
  1440                           fsr1l	equ	0xFE1
  1441                           indf2	equ	0xFDF
  1442                           fsr2h	equ	0xFDA
  1443                           fsr2l	equ	0xFD9
  1444                           status	equ	0xFD8
  1445                           
  1446 ;; *************** function _lat *****************
  1447 ;; Defined at:
  1448 ;;		line 189 in file "main.c"
  1449 ;; Parameters:    Size  Location     Type
  1450 ;;		None
  1451 ;; Auto vars:     Size  Location     Type
  1452 ;;		None
  1453 ;; Return value:  Size  Location     Type
  1454 ;;		None               void
  1455 ;; Registers used:
  1456 ;;		wreg, fsr0l, fsr0h, fsr2l, fsr2h, status,2, status,0, tblptrl, tblptrh, tblptru, prodl, prodh, cstack
  1457 ;; Tracked objects:
  1458 ;;		On entry : 0/0
  1459 ;;		On exit  : 0/0
  1460 ;;		Unchanged: 0/0
  1461 ;; Data sizes:     COMRAM   BANK0   BANK1   BANK2   BANK3   BANK4   BANK5   BANK6   BANK7   BANK8   BANK9  BANK10  BANK1
      +1  BANK12  BANK13  BANK14  BANK15
  1462 ;;      Params:         0       0       0       0       0       0       0       0       0       0       0       0       
      +0       0       0       0       0
  1463 ;;      Locals:         0       0       0       0       0       0       0       0       0       0       0       0       
      +0       0       0       0       0
  1464 ;;      Temps:          0       5       0       0       0       0       0       0       0       0       0       0       
      +0       0       0       0       0
  1465 ;;      Totals:         0       5       0       0       0       0       0       0       0       0       0       0       
      +0       0       0       0       0
  1466 ;;Total ram usage:        5 bytes
  1467 ;; Hardware stack levels used:    1
  1468 ;; Hardware stack levels required when called:    3
  1469 ;; This function calls:
  1470 ;;		_atol
  1471 ;;		_sprintf
  1472 ;;		_uart_write
  1473 ;; This function is called by:
  1474 ;;		_main
  1475 ;; This function uses a non-reentrant model
  1476 ;;
  1477                           
  1478                           	psect	text7
  1479  0012F6                     __ptext7:
  1480                           	opt stack 0
  1481  0012F6                     _lat:
  1482                           	opt stack 27
  1483                           
  1484                           ;main.c: 190: str[0] = wstr[17];
  1485                           
  1486                           ;incstack = 0
  1487  0012F6  C189  F066         	movff	_wstr+17,_str
  1488                           
  1489                           ;main.c: 191: str[1] = wstr[18];
  1490  0012FA  C18A  F067         	movff	_wstr+18,_str+1
  1491                           
  1492                           ;main.c: 192: str[2] = wstr[19];
  1493  0012FE  C18B  F068         	movff	_wstr+19,_str+2
  1494                           
  1495                           ;main.c: 193: str[3] = wstr[20];
  1496  001302  C18C  F069         	movff	_wstr+20,_str+3
  1497                           
  1498                           ;main.c: 194: str[4] = wstr[22];
  1499  001306  C18E  F06A         	movff	_wstr+22,_str+4
  1500                           
  1501                           ;main.c: 195: str[5] = wstr[23];
  1502  00130A  C18F  F06B         	movff	_wstr+23,_str+5
  1503                           
  1504                           ;main.c: 196: str[6] = wstr[24];
  1505  00130E  C190  F06C         	movff	_wstr+24,_str+6
  1506                           
  1507                           ;main.c: 197: str[7] = wstr[25];
  1508  001312  C191  F06D         	movff	_wstr+25,_str+7
  1509                           
  1510                           ;main.c: 199: position_now = atol(str);
  1511  001316  0100               	movlb	0	; () banked
  1512  001318  0E00               	movlw	high _str
  1513  00131A  6E1D               	movwf	atol@s+1,c
  1514  00131C  0100               	movlb	0	; () banked
  1515  00131E  0E66               	movlw	low _str
  1516  001320  6E1C               	movwf	atol@s,c
  1517  001322  ECE5  F00A         	call	_atol	;wreg free
  1518  001326  C01C  F037         	movff	?_atol,_position_now
  1519  00132A  C01D  F038         	movff	?_atol+1,_position_now+1
  1520  00132E  C01E  F039         	movff	?_atol+2,_position_now+2
  1521  001332  C01F  F03A         	movff	?_atol+3,_position_now+3
  1522                           
  1523                           ;main.c: 201: uart_write(str);
  1524  001336  0100               	movlb	0	; () banked
  1525  001338  0E00               	movlw	high _str
  1526  00133A  6E13               	movwf	uart_write@txt+1,c
  1527  00133C  0100               	movlb	0	; () banked
  1528  00133E  0E66               	movlw	low _str
  1529  001340  6E12               	movwf	uart_write@txt,c
  1530  001342  EC99  F00C         	call	_uart_write	;wreg free
  1531                           
  1532                           ;main.c: 202: uart_write(" ");
  1533  001346  0E10               	movlw	high STR_2
  1534  001348  6E13               	movwf	uart_write@txt+1,c
  1535  00134A  0E3C               	movlw	low STR_2
  1536  00134C  6E12               	movwf	uart_write@txt,c
  1537  00134E  EC99  F00C         	call	_uart_write	;wreg free
  1538                           
  1539                           ;main.c: 205: if (PORTCbits.RC4 && ready) {
  1540  001352  A882               	btfss	3970,4,c	;volatile
  1541  001354  D00C               	goto	l1883
  1542  001356  504A               	movf	_ready+1,w,c
  1543  001358  1049               	iorwf	_ready,w,c
  1544  00135A  B4D8               	btfsc	status,2,c
  1545  00135C  D008               	goto	l1883
  1546                           
  1547                           ;main.c: 206: position_set = position_now;
  1548  00135E  C037  F03B         	movff	_position_now,_position_set
  1549  001362  C038  F03C         	movff	_position_now+1,_position_set+1
  1550  001366  C039  F03D         	movff	_position_now+2,_position_set+2
  1551  00136A  C03A  F03E         	movff	_position_now+3,_position_set+3
  1552  00136E                     l1883:
  1553                           
  1554                           ;main.c: 207: }
  1555                           ;main.c: 209: if (position_set){
  1556  00136E  503E               	movf	_position_set+3,w,c
  1557  001370  103B               	iorwf	_position_set,w,c
  1558  001372  103C               	iorwf	_position_set+1,w,c
  1559  001374  103D               	iorwf	_position_set+2,w,c
  1560  001376  B4D8               	btfsc	status,2,c
  1561  001378  D04E               	goto	l1893
  1562                           
  1563                           ;main.c: 210: if (position_now > (position_set + 3)) {
  1564  00137A  0E03               	movlw	3
  1565  00137C  243B               	addwf	_position_set,w,c
  1566  00137E  0100               	movlb	0	; () banked
  1567  001380  6FCD               	movwf	??_lat& (0+255),b
  1568  001382  0E00               	movlw	0
  1569  001384  203C               	addwfc	_position_set+1,w,c
  1570  001386  0100               	movlb	0	; () banked
  1571  001388  6FCE               	movwf	(??_lat+1)& (0+255),b
  1572  00138A  0E00               	movlw	0
  1573  00138C  203D               	addwfc	_position_set+2,w,c
  1574  00138E  0100               	movlb	0	; () banked
  1575  001390  6FCF               	movwf	(??_lat+2)& (0+255),b
  1576  001392  0E00               	movlw	0
  1577  001394  203E               	addwfc	_position_set+3,w,c
  1578  001396  0100               	movlb	0	; () banked
  1579  001398  6FD0               	movwf	(??_lat+3)& (0+255),b
  1580  00139A  0100               	movlb	0	; () banked
  1581  00139C  51D0               	movf	(??_lat+3)& (0+255),w,b
  1582  00139E  0A80               	xorlw	128
  1583  0013A0  0100               	movlb	0	; () banked
  1584  0013A2  6FD1               	movwf	(??_lat+4)& (0+255),b
  1585  0013A4  5037               	movf	_position_now,w,c
  1586  0013A6  0100               	movlb	0	; () banked
  1587  0013A8  5DCD               	subwf	??_lat& (0+255),w,b
  1588  0013AA  5038               	movf	_position_now+1,w,c
  1589  0013AC  0100               	movlb	0	; () banked
  1590  0013AE  59CE               	subwfb	(??_lat+1)& (0+255),w,b
  1591  0013B0  5039               	movf	_position_now+2,w,c
  1592  0013B2  0100               	movlb	0	; () banked
  1593  0013B4  59CF               	subwfb	(??_lat+2)& (0+255),w,b
  1594  0013B6  503A               	movf	_position_now+3,w,c
  1595  0013B8  0A80               	xorlw	128
  1596  0013BA  0100               	movlb	0	; () banked
  1597  0013BC  59D1               	subwfb	(??_lat+4)& (0+255),w,b
  1598  0013BE  B0D8               	btfsc	status,0,c
  1599  0013C0  D002               	goto	l130
  1600                           
  1601                           ; BSR set to: 0
  1602                           ;main.c: 211: LATCbits.LATC1 = 1;
  1603  0013C2  828B               	bsf	3979,1,c	;volatile
  1604                           
  1605                           ;main.c: 212: } else {
  1606  0013C4  D001               	goto	l1889
  1607  0013C6                     l130:
  1608                           
  1609                           ; BSR set to: 0
  1610                           ;main.c: 213: LATCbits.LATC1 = 0;
  1611  0013C6  928B               	bcf	3979,1,c	;volatile
  1612  0013C8                     l1889:
  1613                           
  1614                           ; BSR set to: 0
  1615                           ;main.c: 214: }
  1616                           ;main.c: 216: if (position_now < (position_set - 3)) {
  1617  0013C8  0EFD               	movlw	253
  1618  0013CA  243B               	addwf	_position_set,w,c
  1619  0013CC  0100               	movlb	0	; () banked
  1620  0013CE  6FCD               	movwf	??_lat& (0+255),b
  1621  0013D0  0EFF               	movlw	255
  1622  0013D2  203C               	addwfc	_position_set+1,w,c
  1623  0013D4  0100               	movlb	0	; () banked
  1624  0013D6  6FCE               	movwf	(??_lat+1)& (0+255),b
  1625  0013D8  0EFF               	movlw	255
  1626  0013DA  203D               	addwfc	_position_set+2,w,c
  1627  0013DC  0100               	movlb	0	; () banked
  1628  0013DE  6FCF               	movwf	(??_lat+2)& (0+255),b
  1629  0013E0  0EFF               	movlw	255
  1630  0013E2  203E               	addwfc	_position_set+3,w,c
  1631  0013E4  0100               	movlb	0	; () banked
  1632  0013E6  6FD0               	movwf	(??_lat+3)& (0+255),b
  1633  0013E8  503A               	movf	_position_now+3,w,c
  1634  0013EA  0A80               	xorlw	128
  1635  0013EC  0100               	movlb	0	; () banked
  1636  0013EE  6FD1               	movwf	(??_lat+4)& (0+255),b
  1637  0013F0  0100               	movlb	0	; () banked
  1638  0013F2  51CD               	movf	??_lat& (0+255),w,b
  1639  0013F4  5C37               	subwf	_position_now,w,c
  1640  0013F6  0100               	movlb	0	; () banked
  1641  0013F8  51CE               	movf	(??_lat+1)& (0+255),w,b
  1642  0013FA  5838               	subwfb	_position_now+1,w,c
  1643  0013FC  0100               	movlb	0	; () banked
  1644  0013FE  51CF               	movf	(??_lat+2)& (0+255),w,b
  1645  001400  5839               	subwfb	_position_now+2,w,c
  1646  001402  0100               	movlb	0	; () banked
  1647  001404  51D0               	movf	(??_lat+3)& (0+255),w,b
  1648  001406  0A80               	xorlw	128
  1649  001408  0100               	movlb	0	; () banked
  1650  00140A  59D1               	subwfb	(??_lat+4)& (0+255),w,b
  1651  00140C  B0D8               	btfsc	status,0,c
  1652  00140E  D002               	goto	l132
  1653                           
  1654                           ; BSR set to: 0
  1655                           ;main.c: 217: LATCbits.LATC0 = 1;
  1656  001410  808B               	bsf	3979,0,c	;volatile
  1657                           
  1658                           ;main.c: 218: } else {
  1659  001412  D001               	goto	l1893
  1660  001414                     l132:
  1661                           
  1662                           ; BSR set to: 0
  1663                           ;main.c: 219: LATCbits.LATC0 = 0;
  1664  001414  908B               	bcf	3979,0,c	;volatile
  1665  001416                     l1893:
  1666                           
  1667                           ;main.c: 220: }
  1668                           ;main.c: 221: }
  1669                           ;main.c: 222: sprintf(buffer, "%lld", position_now);
  1670  001416  0100               	movlb	0	; () banked
  1671  001418  0E00               	movlw	high _buffer
  1672  00141A  6E29               	movwf	sprintf@sp+1,c
  1673  00141C  0100               	movlb	0	; () banked
  1674  00141E  0EA2               	movlw	low _buffer
  1675  001420  6E28               	movwf	sprintf@sp,c
  1676  001422  0E10               	movlw	high STR_3
  1677  001424  6E2B               	movwf	sprintf@f+1,c
  1678  001426  0E35               	movlw	low STR_3
  1679  001428  6E2A               	movwf	sprintf@f,c
  1680  00142A  C037  F02C         	movff	_position_now,?_sprintf+4
  1681  00142E  C038  F02D         	movff	_position_now+1,?_sprintf+5
  1682  001432  C039  F02E         	movff	_position_now+2,?_sprintf+6
  1683  001436  C03A  F02F         	movff	_position_now+3,?_sprintf+7
  1684  00143A  EC20  F008         	call	_sprintf	;wreg free
  1685                           
  1686                           ;main.c: 223: uart_write(buffer);
  1687  00143E  0100               	movlb	0	; () banked
  1688  001440  0E00               	movlw	high _buffer
  1689  001442  6E13               	movwf	uart_write@txt+1,c
  1690  001444  0100               	movlb	0	; () banked
  1691  001446  0EA2               	movlw	low _buffer
  1692  001448  6E12               	movwf	uart_write@txt,c
  1693  00144A  EC99  F00C         	call	_uart_write	;wreg free
  1694                           
  1695                           ;main.c: 224: uart_write(" ");
  1696  00144E  0E10               	movlw	high STR_2
  1697  001450  6E13               	movwf	uart_write@txt+1,c
  1698  001452  0E3C               	movlw	low STR_2
  1699  001454  6E12               	movwf	uart_write@txt,c
  1700  001456  EC99  F00C         	call	_uart_write	;wreg free
  1701                           
  1702                           ;main.c: 225: sprintf(buffer, "%lld", position_set);
  1703  00145A  0100               	movlb	0	; () banked
  1704  00145C  0E00               	movlw	high _buffer
  1705  00145E  6E29               	movwf	sprintf@sp+1,c
  1706  001460  0100               	movlb	0	; () banked
  1707  001462  0EA2               	movlw	low _buffer
  1708  001464  6E28               	movwf	sprintf@sp,c
  1709  001466  0E10               	movlw	high STR_3
  1710  001468  6E2B               	movwf	sprintf@f+1,c
  1711  00146A  0E35               	movlw	low STR_3
  1712  00146C  6E2A               	movwf	sprintf@f,c
  1713  00146E  C03B  F02C         	movff	_position_set,?_sprintf+4
  1714  001472  C03C  F02D         	movff	_position_set+1,?_sprintf+5
  1715  001476  C03D  F02E         	movff	_position_set+2,?_sprintf+6
  1716  00147A  C03E  F02F         	movff	_position_set+3,?_sprintf+7
  1717  00147E  EC20  F008         	call	_sprintf	;wreg free
  1718                           
  1719                           ;main.c: 226: uart_write(buffer);
  1720  001482  0100               	movlb	0	; () banked
  1721  001484  0E00               	movlw	high _buffer
  1722  001486  6E13               	movwf	uart_write@txt+1,c
  1723  001488  0100               	movlb	0	; () banked
  1724  00148A  0EA2               	movlw	low _buffer
  1725  00148C  6E12               	movwf	uart_write@txt,c
  1726  00148E  EC99  F00C         	call	_uart_write	;wreg free
  1727                           
  1728                           ;main.c: 227: uart_write("\r");
  1729  001492  0E10               	movlw	high STR_6
  1730  001494  6E13               	movwf	uart_write@txt+1,c
  1731  001496  0E3A               	movlw	low STR_6
  1732  001498  6E12               	movwf	uart_write@txt,c
  1733  00149A  EC99  F00C         	call	_uart_write	;wreg free
  1734  00149E  0012               	return	
  1735  0014A0                     __end_of_lat:
  1736                           	opt stack 0
  1737                           tblptru	equ	0xFF8
  1738                           tblptrh	equ	0xFF7
  1739                           tblptrl	equ	0xFF6
  1740                           tablat	equ	0xFF5
  1741                           intcon	equ	0xFF2
  1742                           postinc0	equ	0xFEE
  1743                           wreg	equ	0xFE8
  1744                           indf1	equ	0xFE7
  1745                           postdec1	equ	0xFE5
  1746                           fsr1h	equ	0xFE2
  1747                           fsr1l	equ	0xFE1
  1748                           indf2	equ	0xFDF
  1749                           fsr2h	equ	0xFDA
  1750                           fsr2l	equ	0xFD9
  1751                           status	equ	0xFD8
  1752                           
  1753 ;; *************** function _uart_write *****************
  1754 ;; Defined at:
  1755 ;;		line 132 in file "main.c"
  1756 ;; Parameters:    Size  Location     Type
  1757 ;;  txt             2   17[COMRAM] PTR const unsigned char 
  1758 ;;		 -> STR_6(2), STR_4(2), buffer(32), STR_2(2), 
  1759 ;;		 -> str(60), STR_1(6), 
  1760 ;; Auto vars:     Size  Location     Type
  1761 ;;		None
  1762 ;; Return value:  Size  Location     Type
  1763 ;;		None               void
  1764 ;; Registers used:
  1765 ;;		wreg, fsr0l, fsr0h, status,2, status,0, tblptrl, tblptrh, tblptru, cstack
  1766 ;; Tracked objects:
  1767 ;;		On entry : 0/0
  1768 ;;		On exit  : 0/0
  1769 ;;		Unchanged: 0/0
  1770 ;; Data sizes:     COMRAM   BANK0   BANK1   BANK2   BANK3   BANK4   BANK5   BANK6   BANK7   BANK8   BANK9  BANK10  BANK1
      +1  BANK12  BANK13  BANK14  BANK15
  1771 ;;      Params:         2       0       0       0       0       0       0       0       0       0       0       0       
      +0       0       0       0       0
  1772 ;;      Locals:         0       0       0       0       0       0       0       0       0       0       0       0       
      +0       0       0       0       0
  1773 ;;      Temps:          1       0       0       0       0       0       0       0       0       0       0       0       
      +0       0       0       0       0
  1774 ;;      Totals:         3       0       0       0       0       0       0       0       0       0       0       0       
      +0       0       0       0       0
  1775 ;;Total ram usage:        3 bytes
  1776 ;; Hardware stack levels used:    1
  1777 ;; Hardware stack levels required when called:    2
  1778 ;; This function calls:
  1779 ;;		_uart_xmit
  1780 ;; This function is called by:
  1781 ;;		_serial_init
  1782 ;;		_lat
  1783 ;; This function uses a non-reentrant model
  1784 ;;
  1785                           
  1786                           	psect	text8
  1787  001932                     __ptext8:
  1788                           	opt stack 0
  1789  001932                     _uart_write:
  1790                           	opt stack 27
  1791                           
  1792                           ;main.c: 134: while(*txt != 0) uart_xmit(*txt++);
  1793                           
  1794                           ;incstack = 0
  1795  001932  D019               	goto	l1393
  1796  001934                     l1389:
  1797  001934  C012  FFF6         	movff	uart_write@txt,tblptrl
  1798  001938  C013  FFF7         	movff	uart_write@txt+1,tblptrh
  1799  00193C  0E00               	movlw	low (__smallconst shr (0+16))
  1800  00193E  6EF8               	movwf	tblptru,c
  1801  001940  0E0F               	movlw	(high __ramtop+-1)
  1802  001942  64F7               	cpfsgt	tblptrh,c
  1803  001944  D003               	bra	u707
  1804  001946  0008               	tblrd		*
  1805  001948  50F5               	movf	tablat,w,c
  1806  00194A  D005               	bra	u700
  1807  00194C                     u707:
  1808  00194C  CFF6 FFE9          	movff	tblptrl,fsr0l
  1809  001950  CFF7 FFEA          	movff	tblptrh,fsr0h
  1810  001954  50EF               	movf	indf0,w,c
  1811  001956                     u700:
  1812  001956  6E14               	movwf	??_uart_write& (0+255),c
  1813  001958  5014               	movf	??_uart_write,w,c
  1814  00195A  6E10               	movwf	uart_xmit@mydata_byte,c
  1815  00195C  6A11               	clrf	uart_xmit@mydata_byte+1,c
  1816  00195E  ECC0  F00D         	call	_uart_xmit	;wreg free
  1817  001962  4A12               	infsnz	uart_write@txt,f,c
  1818  001964  2A13               	incf	uart_write@txt+1,f,c
  1819  001966                     l1393:
  1820  001966  C012  FFF6         	movff	uart_write@txt,tblptrl
  1821  00196A  C013  FFF7         	movff	uart_write@txt+1,tblptrh
  1822  00196E  0E00               	movlw	low (__smallconst shr (0+16))
  1823  001970  6EF8               	movwf	tblptru,c
  1824  001972  0E0F               	movlw	(high __ramtop+-1)
  1825  001974  64F7               	cpfsgt	tblptrh,c
  1826  001976  D003               	bra	u717
  1827  001978  0008               	tblrd		*
  1828  00197A  50F5               	movf	tablat,w,c
  1829  00197C  D005               	bra	u710
  1830  00197E                     u717:
  1831  00197E  CFF6 FFE9          	movff	tblptrl,fsr0l
  1832  001982  CFF7 FFEA          	movff	tblptrh,fsr0h
  1833  001986  50EF               	movf	indf0,w,c
  1834  001988                     u710:
  1835  001988  0900               	iorlw	0
  1836  00198A  B4D8               	btfsc	status,2,c
  1837  00198C  0012               	return	
  1838  00198E  D7D2               	goto	l1389
  1839  001990                     __end_of_uart_write:
  1840                           	opt stack 0
  1841                           tblptru	equ	0xFF8
  1842                           tblptrh	equ	0xFF7
  1843                           tblptrl	equ	0xFF6
  1844                           tablat	equ	0xFF5
  1845                           intcon	equ	0xFF2
  1846                           indf0	equ	0xFEF
  1847                           postinc0	equ	0xFEE
  1848                           fsr0h	equ	0xFEA
  1849                           fsr0l	equ	0xFE9
  1850                           wreg	equ	0xFE8
  1851                           indf1	equ	0xFE7
  1852                           postdec1	equ	0xFE5
  1853                           fsr1h	equ	0xFE2
  1854                           fsr1l	equ	0xFE1
  1855                           indf2	equ	0xFDF
  1856                           fsr2h	equ	0xFDA
  1857                           fsr2l	equ	0xFD9
  1858                           status	equ	0xFD8
  1859                           
  1860 ;; *************** function _uart_xmit *****************
  1861 ;; Defined at:
  1862 ;;		line 127 in file "main.c"
  1863 ;; Parameters:    Size  Location     Type
  1864 ;;  mydata_byte     2   15[COMRAM] unsigned int 
  1865 ;; Auto vars:     Size  Location     Type
  1866 ;;		None
  1867 ;; Return value:  Size  Location     Type
  1868 ;;		None               void
  1869 ;; Registers used:
  1870 ;;		None
  1871 ;; Tracked objects:
  1872 ;;		On entry : 0/0
  1873 ;;		On exit  : 0/0
  1874 ;;		Unchanged: 0/0
  1875 ;; Data sizes:     COMRAM   BANK0   BANK1   BANK2   BANK3   BANK4   BANK5   BANK6   BANK7   BANK8   BANK9  BANK10  BANK1
      +1  BANK12  BANK13  BANK14  BANK15
  1876 ;;      Params:         2       0       0       0       0       0       0       0       0       0       0       0       
      +0       0       0       0       0
  1877 ;;      Locals:         0       0       0       0       0       0       0       0       0       0       0       0       
      +0       0       0       0       0
  1878 ;;      Temps:          0       0       0       0       0       0       0       0       0       0       0       0       
      +0       0       0       0       0
  1879 ;;      Totals:         2       0       0       0       0       0       0       0       0       0       0       0       
      +0       0       0       0       0
  1880 ;;Total ram usage:        2 bytes
  1881 ;; Hardware stack levels used:    1
  1882 ;; Hardware stack levels required when called:    1
  1883 ;; This function calls:
  1884 ;;		Nothing
  1885 ;; This function is called by:
  1886 ;;		_uart_write
  1887 ;; This function uses a non-reentrant model
  1888 ;;
  1889                           
  1890                           	psect	text9
  1891  001B80                     __ptext9:
  1892                           	opt stack 0
  1893  001B80                     _uart_xmit:
  1894                           	opt stack 27
  1895  001B80                     l110:
  1896  001B80  A2AC               	btfss	4012,1,c	;volatile
  1897  001B82  D7FE               	goto	l110
  1898                           
  1899                           ;main.c: 129: TXREG1 = mydata_byte;
  1900  001B84  C010  FFAD         	movff	uart_xmit@mydata_byte,4013	;volatile
  1901  001B88  0012               	return	
  1902  001B8A                     __end_of_uart_xmit:
  1903                           	opt stack 0
  1904                           tblptru	equ	0xFF8
  1905                           tblptrh	equ	0xFF7
  1906                           tblptrl	equ	0xFF6
  1907                           tablat	equ	0xFF5
  1908                           intcon	equ	0xFF2
  1909                           indf0	equ	0xFEF
  1910                           postinc0	equ	0xFEE
  1911                           fsr0h	equ	0xFEA
  1912                           fsr0l	equ	0xFE9
  1913                           wreg	equ	0xFE8
  1914                           indf1	equ	0xFE7
  1915                           postdec1	equ	0xFE5
  1916                           fsr1h	equ	0xFE2
  1917                           fsr1l	equ	0xFE1
  1918                           indf2	equ	0xFDF
  1919                           fsr2h	equ	0xFDA
  1920                           fsr2l	equ	0xFD9
  1921                           status	equ	0xFD8
  1922                           
  1923 ;; *************** function _sprintf *****************
  1924 ;; Defined at:
  1925 ;;		line 492 in file "C:\Program Files\Microchip\xc8\v1.31\sources\common\doprnt.c"
  1926 ;; Parameters:    Size  Location     Type
  1927 ;;  sp              2   39[COMRAM] PTR unsigned char 
  1928 ;;		 -> buffer(32), 
  1929 ;;  f               2   41[COMRAM] PTR const unsigned char 
  1930 ;;		 -> STR_5(5), STR_3(5), 
  1931 ;; Auto vars:     Size  Location     Type
  1932 ;;  _val            5    5[BANK0 ] struct .
  1933 ;;  ap              2    2[BANK0 ] PTR void [1]
  1934 ;;		 -> ?_sprintf(2), 
  1935 ;;  prec            2    0[BANK0 ] int 
  1936 ;;  c               1   10[BANK0 ] char 
  1937 ;;  flag            1    4[BANK0 ] unsigned char 
  1938 ;; Return value:  Size  Location     Type
  1939 ;;                  2   39[COMRAM] int 
  1940 ;; Registers used:
  1941 ;;		wreg, fsr2l, fsr2h, status,2, status,0, tblptrl, tblptrh, tblptru, prodl, prodh, cstack
  1942 ;; Tracked objects:
  1943 ;;		On entry : 0/0
  1944 ;;		On exit  : 0/0
  1945 ;;		Unchanged: 0/0
  1946 ;; Data sizes:     COMRAM   BANK0   BANK1   BANK2   BANK3   BANK4   BANK5   BANK6   BANK7   BANK8   BANK9  BANK10  BANK1
      +1  BANK12  BANK13  BANK14  BANK15
  1947 ;;      Params:         8       0       0       0       0       0       0       0       0       0       0       0       
      +0       0       0       0       0
  1948 ;;      Locals:         0      11       0       0       0       0       0       0       0       0       0       0       
      +0       0       0       0       0
  1949 ;;      Temps:          6       0       0       0       0       0       0       0       0       0       0       0       
      +0       0       0       0       0
  1950 ;;      Totals:        14      11       0       0       0       0       0       0       0       0       0       0       
      +0       0       0       0       0
  1951 ;;Total ram usage:       25 bytes
  1952 ;; Hardware stack levels used:    1
  1953 ;; Hardware stack levels required when called:    2
  1954 ;; This function calls:
  1955 ;;		___lldiv
  1956 ;;		___llmod
  1957 ;; This function is called by:
  1958 ;;		_lat
  1959 ;; This function uses a non-reentrant model
  1960 ;;
  1961                           
  1962                           	psect	text10
  1963  001040                     __ptext10:
  1964                           	opt stack 0
  1965  001040                     _sprintf:
  1966                           	opt stack 27
  1967                           
  1968                           ;doprnt.c: 494: va_list ap;
  1969                           ;doprnt.c: 499: signed char c;
  1970                           ;doprnt.c: 504: int prec;
  1971                           ;doprnt.c: 508: unsigned char flag;
  1972                           ;doprnt.c: 527: union {
  1973                           ;doprnt.c: 528: unsigned long _val;
  1974                           ;doprnt.c: 529: struct {
  1975                           ;doprnt.c: 530: const char * _cp;
  1976                           ;doprnt.c: 531: unsigned _len;
  1977                           ;doprnt.c: 532: } _str;
  1978                           ;doprnt.c: 533: } _val;
  1979                           ;doprnt.c: 542: *ap = __va_start();
  1980                           
  1981                           ;incstack = 0
  1982  001040  0E00               	movlw	high (?_sprintf+4)
  1983  001042  0100               	movlb	0	; () banked
  1984  001044  0100               	movlb	0	; () banked
  1985  001046  6FC5               	movwf	(sprintf@ap+1)& (0+255),b
  1986  001048  0E2C               	movlw	low (?_sprintf+4)
  1987  00104A  0100               	movlb	0	; () banked
  1988  00104C  0100               	movlb	0	; () banked
  1989  00104E  6FC4               	movwf	sprintf@ap& (0+255),b
  1990                           
  1991                           ;doprnt.c: 545: while(c = *f++) {
  1992  001050  D138               	goto	l1863
  1993  001052                     l1805:
  1994                           
  1995                           ; BSR set to: 0
  1996                           ;doprnt.c: 547: if(c != '%')
  1997  001052  0100               	movlb	0	; () banked
  1998  001054  0100               	movlb	0	; () banked
  1999  001056  51CC               	movf	sprintf@c& (0+255),w,b
  2000  001058  0A25               	xorlw	37
  2001  00105A  B4D8               	btfsc	status,2,c
  2002  00105C  D00A               	goto	l1811
  2003                           
  2004                           ; BSR set to: 0
  2005                           ;doprnt.c: 549: {
  2006                           ;doprnt.c: 550: ((*sp++ = (c)));
  2007  00105E  C028  FFD9         	movff	sprintf@sp,fsr2l
  2008  001062  C029  FFDA         	movff	sprintf@sp+1,fsr2h
  2009  001066  0100               	movlb	0	; () banked
  2010  001068  C0CC  FFDF         	movff	sprintf@c,indf2
  2011                           
  2012                           ; BSR set to: 0
  2013  00106C  4A28               	infsnz	sprintf@sp,f,c
  2014  00106E  2A29               	incf	sprintf@sp+1,f,c
  2015                           
  2016                           ;doprnt.c: 551: continue;
  2017  001070  D128               	goto	l1863
  2018  001072                     l1811:
  2019                           
  2020                           ; BSR set to: 0
  2021                           ;doprnt.c: 552: }
  2022                           ;doprnt.c: 557: flag = 0;
  2023  001072  6E30               	movwf	??_sprintf& (0+255),c
  2024  001074  0E00               	movlw	0
  2025  001076  0100               	movlb	0	; () banked
  2026  001078  0100               	movlb	0	; () banked
  2027  00107A  6FC6               	movwf	sprintf@flag& (0+255),b
  2028  00107C  5030               	movf	??_sprintf& (0+255),w,c
  2029  00107E  D003               	goto	l1817
  2030  001080                     l1813:
  2031                           
  2032                           ; BSR set to: 0
  2033                           ;doprnt.c: 652: flag |= 0x10;
  2034  001080  0100               	movlb	0	; () banked
  2035  001082  0100               	movlb	0	; () banked
  2036  001084  89C6               	bsf	sprintf@flag& (0+255),4,b
  2037  001086                     l1817:
  2038                           
  2039                           ; BSR set to: 0
  2040  001086  502A               	movf	sprintf@f,w,c
  2041  001088  6E30               	movwf	??_sprintf& (0+255),c
  2042  00108A  502B               	movf	sprintf@f+1,w,c
  2043  00108C  6E31               	movwf	(??_sprintf+1)& (0+255),c
  2044  00108E  4A2A               	infsnz	sprintf@f,f,c
  2045  001090  2A2B               	incf	sprintf@f+1,f,c
  2046  001092  C030  FFF6         	movff	??_sprintf,tblptrl
  2047  001096  C031  FFF7         	movff	??_sprintf+1,tblptrh
  2048  00109A  0E00               	movlw	low (__mediumconst shr (0+16))
  2049  00109C  6EF8               	movwf	tblptru,c
  2050  00109E  0008               	tblrd		*
  2051  0010A0  0100               	movlb	0	; () banked
  2052  0010A2  CFF5 F0CC          	movff	tablat,sprintf@c
  2053  0010A6  0100               	movlb	0	; () banked
  2054  0010A8  51CC               	movf	sprintf@c& (0+255),w,b
  2055                           
  2056                           ; Switch size 1, requested type "space"
  2057                           ; Number of cases is 4, Range of values is 0 to 108
  2058                           ; switch strategies available:
  2059                           ; Name         Instructions Cycles
  2060                           ; simple_byte           13     7 (average)
  2061                           ;	Chosen strategy is simple_byte
  2062  0010AA  0A00               	xorlw	0	; case 0
  2063  0010AC  B4D8               	btfsc	status,2,c
  2064  0010AE  D11C               	goto	l1865
  2065  0010B0  0A64               	xorlw	100	; case 100
  2066  0010B2  B4D8               	btfsc	status,2,c
  2067  0010B4  D007               	goto	l173
  2068  0010B6  0A0D               	xorlw	13	; case 105
  2069  0010B8  B4D8               	btfsc	status,2,c
  2070  0010BA  D004               	goto	l173
  2071  0010BC  0A05               	xorlw	5	; case 108
  2072  0010BE  B4D8               	btfsc	status,2,c
  2073  0010C0  D7DF               	goto	l1813
  2074  0010C2  D0FF               	goto	l1863
  2075  0010C4                     l173:
  2076                           
  2077                           ; BSR set to: 0
  2078                           ;doprnt.c: 1262: {
  2079                           ;doprnt.c: 1264: if(flag & 0x10)
  2080  0010C4  0100               	movlb	0	; () banked
  2081  0010C6  0100               	movlb	0	; () banked
  2082  0010C8  A9C6               	btfss	sprintf@flag& (0+255),4,b
  2083  0010CA  D012               	goto	l1823
  2084                           
  2085                           ; BSR set to: 0
  2086                           ;doprnt.c: 1265: _val._val = (*(long *)__va_arg((*(long **)ap), (long)0));
  2087  0010CC  C0C4  FFD9         	movff	sprintf@ap,fsr2l
  2088  0010D0  C0C5  FFDA         	movff	sprintf@ap+1,fsr2h
  2089  0010D4  0100               	movlb	0	; () banked
  2090  0010D6  CFDE F0C7          	movff	postinc2,sprintf@_val
  2091  0010DA  0100               	movlb	0	; () banked
  2092  0010DC  CFDE F0C8          	movff	postinc2,sprintf@_val+1
  2093  0010E0  0100               	movlb	0	; () banked
  2094  0010E2  CFDE F0C9          	movff	postinc2,sprintf@_val+2
  2095  0010E6  0100               	movlb	0	; () banked
  2096  0010E8  CFDE F0CA          	movff	postinc2,sprintf@_val+3
  2097                           
  2098                           ; BSR set to: 0
  2099  0010EC  0E04               	movlw	4
  2100  0010EE  D014               	goto	L1
  2101  0010F0                     l1823:
  2102                           
  2103                           ; BSR set to: 0
  2104                           ;doprnt.c: 1266: else
  2105                           ;doprnt.c: 1268: _val._val = (long)(*(int *)__va_arg((*(int **)ap), (int)0));
  2106  0010F0  C0C4  FFD9         	movff	sprintf@ap,fsr2l
  2107  0010F4  C0C5  FFDA         	movff	sprintf@ap+1,fsr2h
  2108  0010F8  0100               	movlb	0	; () banked
  2109  0010FA  CFDE F0C7          	movff	postinc2,sprintf@_val
  2110  0010FE  0100               	movlb	0	; () banked
  2111  001100  CFDD F0C8          	movff	postdec2,sprintf@_val+1
  2112  001104  0100               	movlb	0	; () banked
  2113  001106  0E00               	movlw	0
  2114  001108  0100               	movlb	0	; () banked
  2115  00110A  BFC8               	btfsc	(sprintf@_val+1)& (0+255),7,b
  2116  00110C  0EFF               	movlw	-1
  2117  00110E  0100               	movlb	0	; () banked
  2118  001110  6FC9               	movwf	(sprintf@_val+2)& (0+255),b
  2119  001112  0100               	movlb	0	; () banked
  2120  001114  6FCA               	movwf	(sprintf@_val+3)& (0+255),b
  2121                           
  2122                           ; BSR set to: 0
  2123  001116  0E02               	movlw	2
  2124  001118                     L1:
  2125  001118  0100               	movlb	0	; () banked
  2126  00111A  0100               	movlb	0	; () banked
  2127  00111C  27C4               	addwf	sprintf@ap& (0+255),f,b
  2128  00111E  0E00               	movlw	0
  2129  001120  0100               	movlb	0	; () banked
  2130  001122  23C5               	addwfc	(sprintf@ap+1)& (0+255),f,b
  2131                           
  2132                           ; BSR set to: 0
  2133                           ;doprnt.c: 1270: if((long)_val._val < 0) {
  2134                           
  2135                           ; BSR set to: 0
  2136  001124  0100               	movlb	0	; () banked
  2137  001126  0100               	movlb	0	; () banked
  2138  001128  51CA               	movf	(sprintf@_val+3)& (0+255),w,b
  2139  00112A  0A80               	xorlw	128
  2140  00112C  0F80               	addlw	128
  2141  00112E  E10B               	bnz	u1255
  2142  001130  0E00               	movlw	0
  2143  001132  0100               	movlb	0	; () banked
  2144  001134  5DC9               	subwf	(sprintf@_val+2)& (0+255),w,b
  2145  001136  E107               	bnz	u1255
  2146  001138  0E00               	movlw	0
  2147  00113A  0100               	movlb	0	; () banked
  2148  00113C  5DC8               	subwf	(sprintf@_val+1)& (0+255),w,b
  2149  00113E  E103               	bnz	u1255
  2150  001140  0E00               	movlw	0
  2151  001142  0100               	movlb	0	; () banked
  2152  001144  5DC7               	subwf	sprintf@_val& (0+255),w,b
  2153  001146                     u1255:
  2154  001146  B0D8               	btfsc	status,0,c
  2155  001148  D014               	goto	l1833
  2156                           
  2157                           ; BSR set to: 0
  2158                           ;doprnt.c: 1271: flag |= 0x03;
  2159  00114A  0E03               	movlw	3
  2160  00114C  0100               	movlb	0	; () banked
  2161  00114E  0100               	movlb	0	; () banked
  2162  001150  13C6               	iorwf	sprintf@flag& (0+255),f,b
  2163                           
  2164                           ; BSR set to: 0
  2165                           ;doprnt.c: 1272: _val._val = -_val._val;
  2166  001152  0100               	movlb	0	; () banked
  2167  001154  0100               	movlb	0	; () banked
  2168  001156  1FCA               	comf	(sprintf@_val+3)& (0+255),f,b
  2169  001158  0100               	movlb	0	; () banked
  2170  00115A  1FC9               	comf	(sprintf@_val+2)& (0+255),f,b
  2171  00115C  0100               	movlb	0	; () banked
  2172  00115E  1FC8               	comf	(sprintf@_val+1)& (0+255),f,b
  2173  001160  0100               	movlb	0	; () banked
  2174  001162  6DC7               	negf	sprintf@_val& (0+255),b
  2175  001164  0E00               	movlw	0
  2176  001166  0100               	movlb	0	; () banked
  2177  001168  23C8               	addwfc	(sprintf@_val+1)& (0+255),f,b
  2178  00116A  0100               	movlb	0	; () banked
  2179  00116C  23C9               	addwfc	(sprintf@_val+2)& (0+255),f,b
  2180  00116E  0100               	movlb	0	; () banked
  2181  001170  23CA               	addwfc	(sprintf@_val+3)& (0+255),f,b
  2182  001172                     l1833:
  2183                           
  2184                           ; BSR set to: 0
  2185                           ;doprnt.c: 1273: }
  2186                           ;doprnt.c: 1275: }
  2187                           ;doprnt.c: 1314: for(c = 1 ; c != sizeof dpowers/sizeof dpowers[0] ; c++)
  2188  001172  6E30               	movwf	??_sprintf& (0+255),c
  2189  001174  0E01               	movlw	1
  2190  001176  0100               	movlb	0	; () banked
  2191  001178  0100               	movlb	0	; () banked
  2192  00117A  6FCC               	movwf	sprintf@c& (0+255),b
  2193  00117C  5030               	movf	??_sprintf& (0+255),w,c
  2194  00117E                     
  2195                           ; BSR set to: 0
  2196  00117E  0100               	movlb	0	; () banked
  2197  001180  0100               	movlb	0	; () banked
  2198  001182  51CC               	movf	sprintf@c& (0+255),w,b
  2199  001184  0A0A               	xorlw	10
  2200  001186  B4D8               	btfsc	status,2,c
  2201  001188  D024               	goto	l1847
  2202                           
  2203                           ; BSR set to: 0
  2204                           ;doprnt.c: 1315: if(_val._val < dpowers[c])
  2205                           
  2206                           ; BSR set to: 0
  2207                           
  2208                           ; BSR set to: 0
  2209  00118A  0100               	movlb	0	; () banked
  2210  00118C  0100               	movlb	0	; () banked
  2211  00118E  51CC               	movf	sprintf@c& (0+255),w,b
  2212  001190  0D04               	mullw	4
  2213  001192  0E01               	movlw	low _dpowers
  2214  001194  24F3               	addwf	prodl,w,c
  2215  001196  6EF6               	movwf	tblptrl,c
  2216  001198  0E10               	movlw	high _dpowers
  2217  00119A  20F4               	addwfc	prodh,w,c
  2218  00119C  6EF7               	movwf	tblptrh,c
  2219  00119E  6AF8               	clrf	tblptru,c
  2220  0011A0  0E00               	movlw	low (__mediumconst shr (0+16))
  2221  0011A2  22F8               	addwfc	tblptru,f,c
  2222  0011A4  0009               	tblrd		*+
  2223  0011A6  50F5               	movf	tablat,w,c
  2224  0011A8  0100               	movlb	0	; () banked
  2225  0011AA  0100               	movlb	0	; () banked
  2226  0011AC  5DC7               	subwf	sprintf@_val& (0+255),w,b
  2227  0011AE  0009               	tblrd		*+
  2228  0011B0  50F5               	movf	tablat,w,c
  2229  0011B2  0100               	movlb	0	; () banked
  2230  0011B4  59C8               	subwfb	(sprintf@_val+1)& (0+255),w,b
  2231  0011B6  0009               	tblrd		*+
  2232  0011B8  50F5               	movf	tablat,w,c
  2233  0011BA  0100               	movlb	0	; () banked
  2234  0011BC  59C9               	subwfb	(sprintf@_val+2)& (0+255),w,b
  2235  0011BE  0009               	tblrd		*+
  2236  0011C0  50F5               	movf	tablat,w,c
  2237  0011C2  0100               	movlb	0	; () banked
  2238  0011C4  59CA               	subwfb	(sprintf@_val+3)& (0+255),w,b
  2239  0011C6  A0D8               	btfss	status,0,c
  2240  0011C8  D004               	goto	l1847
  2241                           
  2242                           ; BSR set to: 0
  2243                           
  2244                           ; BSR set to: 0
  2245                           
  2246                           ; BSR set to: 0
  2247                           ;doprnt.c: 1316: break;
  2248  0011CA  0100               	movlb	0	; () banked
  2249  0011CC  0100               	movlb	0	; () banked
  2250  0011CE  2BCC               	incf	sprintf@c& (0+255),f,b
  2251  0011D0  D7D6               	goto	L2
  2252  0011D2                     l1847:
  2253                           
  2254                           ; BSR set to: 0
  2255                           ;doprnt.c: 1431: {
  2256                           ;doprnt.c: 1447: if(flag & 0x03)
  2257  0011D2  C0C6  F030         	movff	sprintf@flag,??_sprintf
  2258  0011D6  0E03               	movlw	3
  2259  0011D8  1630               	andwf	??_sprintf,f,c
  2260  0011DA  B4D8               	btfsc	status,2,c
  2261  0011DC  D008               	goto	l1853
  2262                           
  2263                           ; BSR set to: 0
  2264                           ;doprnt.c: 1448: ((*sp++ = ('-')));
  2265  0011DE  C028  FFD9         	movff	sprintf@sp,fsr2l
  2266  0011E2  C029  FFDA         	movff	sprintf@sp+1,fsr2h
  2267  0011E6  0E2D               	movlw	45
  2268  0011E8  6EDF               	movwf	indf2,c
  2269                           
  2270                           ; BSR set to: 0
  2271  0011EA  4A28               	infsnz	sprintf@sp,f,c
  2272  0011EC  2A29               	incf	sprintf@sp+1,f,c
  2273  0011EE                     l1853:
  2274                           
  2275                           ; BSR set to: 0
  2276                           ;doprnt.c: 1478: }
  2277                           ;doprnt.c: 1481: prec = c;
  2278  0011EE  0100               	movlb	0	; () banked
  2279  0011F0  0100               	movlb	0	; () banked
  2280  0011F2  51CC               	movf	sprintf@c& (0+255),w,b
  2281  0011F4  0100               	movlb	0	; () banked
  2282  0011F6  0100               	movlb	0	; () banked
  2283  0011F8  6FC2               	movwf	sprintf@prec& (0+255),b
  2284  0011FA  0100               	movlb	0	; () banked
  2285  0011FC  6BC3               	clrf	(sprintf@prec+1)& (0+255),b
  2286  0011FE  0100               	movlb	0	; () banked
  2287  001200  BFC2               	btfsc	sprintf@prec& (0+255),7,b
  2288  001202  07C3               	decf	(sprintf@prec+1)& (0+255),f,b
  2289                           
  2290                           ;doprnt.c: 1483: while(prec--) {
  2291  001204  D053               	goto	l1861
  2292  001206                     l1855:
  2293                           
  2294                           ; BSR set to: 0
  2295                           ;doprnt.c: 1487: {
  2296                           ;doprnt.c: 1498: c = (_val._val / dpowers[prec]) % 10 + '0';
  2297  001206  0100               	movlb	0	; () banked
  2298  001208  C0C2  F030         	movff	sprintf@prec,??_sprintf
  2299  00120C  0100               	movlb	0	; () banked
  2300  00120E  C0C3  F031         	movff	sprintf@prec+1,??_sprintf+1
  2301  001212  90D8               	bcf	status,0,c
  2302  001214  3630               	rlcf	??_sprintf,f,c
  2303  001216  3631               	rlcf	??_sprintf+1,f,c
  2304  001218  90D8               	bcf	status,0,c
  2305  00121A  3630               	rlcf	??_sprintf,f,c
  2306  00121C  3631               	rlcf	??_sprintf+1,f,c
  2307  00121E  0E01               	movlw	low _dpowers
  2308  001220  2430               	addwf	??_sprintf,w,c
  2309  001222  6EF6               	movwf	tblptrl,c
  2310  001224  0E10               	movlw	high _dpowers
  2311  001226  2031               	addwfc	??_sprintf+1,w,c
  2312  001228  6EF7               	movwf	tblptrh,c
  2313  00122A  6AF8               	clrf	tblptru,c
  2314  00122C  0E00               	movlw	low (__mediumconst shr (0+16))
  2315  00122E  22F8               	addwfc	tblptru,f,c
  2316  001230  0009               	tblrd		*+
  2317  001232  CFF5 F014          	movff	tablat,___lldiv@divisor
  2318  001236  0009               	tblrd		*+
  2319  001238  CFF5 F015          	movff	tablat,___lldiv@divisor+1
  2320  00123C  0009               	tblrd		*+
  2321  00123E  CFF5 F016          	movff	tablat,___lldiv@divisor+2
  2322  001242  000A               	tblrd		*-
  2323  001244  CFF5 F017          	movff	tablat,___lldiv@divisor+3
  2324  001248  C0C7  F010         	movff	sprintf@_val,___lldiv@dividend
  2325  00124C  C0C8  F011         	movff	sprintf@_val+1,___lldiv@dividend+1
  2326  001250  C0C9  F012         	movff	sprintf@_val+2,___lldiv@dividend+2
  2327  001254  C0CA  F013         	movff	sprintf@_val+3,___lldiv@dividend+3
  2328  001258  ECF2  F00B         	call	___lldiv	;wreg free
  2329  00125C  C010  F01E         	movff	?___lldiv,___llmod@dividend
  2330  001260  C011  F01F         	movff	?___lldiv+1,___llmod@dividend+1
  2331  001264  C012  F020         	movff	?___lldiv+2,___llmod@dividend+2
  2332  001268  C013  F021         	movff	?___lldiv+3,___llmod@dividend+3
  2333  00126C  0E0A               	movlw	10
  2334  00126E  6E22               	movwf	___llmod@divisor,c
  2335  001270  0E00               	movlw	0
  2336  001272  6E23               	movwf	___llmod@divisor+1,c
  2337  001274  0E00               	movlw	0
  2338  001276  6E24               	movwf	___llmod@divisor+2,c
  2339  001278  0E00               	movlw	0
  2340  00127A  6E25               	movwf	___llmod@divisor+3,c
  2341  00127C  EC35  F00C         	call	___llmod	;wreg free
  2342  001280  C01E  F032         	movff	?___llmod,??_sprintf+2
  2343  001284  C01F  F033         	movff	?___llmod+1,??_sprintf+3
  2344  001288  C020  F034         	movff	?___llmod+2,??_sprintf+4
  2345  00128C  C021  F035         	movff	?___llmod+3,??_sprintf+5
  2346  001290  5032               	movf	??_sprintf+2,w,c
  2347  001292  0F30               	addlw	48
  2348  001294  0100               	movlb	0	; () banked
  2349  001296  0100               	movlb	0	; () banked
  2350  001298  6FCC               	movwf	sprintf@c& (0+255),b
  2351                           
  2352                           ; BSR set to: 0
  2353                           ;doprnt.c: 1532: }
  2354                           ;doprnt.c: 1533: ((*sp++ = (c)));
  2355  00129A  C028  FFD9         	movff	sprintf@sp,fsr2l
  2356  00129E  C029  FFDA         	movff	sprintf@sp+1,fsr2h
  2357  0012A2  0100               	movlb	0	; () banked
  2358  0012A4  C0CC  FFDF         	movff	sprintf@c,indf2
  2359                           
  2360                           ; BSR set to: 0
  2361  0012A8  4A28               	infsnz	sprintf@sp,f,c
  2362  0012AA  2A29               	incf	sprintf@sp+1,f,c
  2363  0012AC                     l1861:
  2364                           
  2365                           ; BSR set to: 0
  2366  0012AC  0100               	movlb	0	; () banked
  2367  0012AE  0100               	movlb	0	; () banked
  2368  0012B0  07C2               	decf	sprintf@prec& (0+255),f,b
  2369  0012B2  A0D8               	btfss	status,0,c
  2370  0012B4  07C3               	decf	(sprintf@prec+1)& (0+255),f,b
  2371  0012B6  0100               	movlb	0	; () banked
  2372  0012B8  29C2               	incf	sprintf@prec& (0+255),w,b
  2373  0012BA  B4D8               	btfsc	status,2,c
  2374  0012BC  29C3               	incf	(sprintf@prec+1)& (0+255),w,b
  2375  0012BE  A4D8               	btfss	status,2,c
  2376  0012C0  D7A2               	goto	l1855
  2377  0012C2                     l1863:
  2378                           
  2379                           ; BSR set to: 0
  2380  0012C2  502A               	movf	sprintf@f,w,c
  2381  0012C4  6E30               	movwf	??_sprintf& (0+255),c
  2382  0012C6  502B               	movf	sprintf@f+1,w,c
  2383  0012C8  6E31               	movwf	(??_sprintf+1)& (0+255),c
  2384  0012CA  4A2A               	infsnz	sprintf@f,f,c
  2385  0012CC  2A2B               	incf	sprintf@f+1,f,c
  2386  0012CE  C030  FFF6         	movff	??_sprintf,tblptrl
  2387  0012D2  C031  FFF7         	movff	??_sprintf+1,tblptrh
  2388  0012D6  0E00               	movlw	low (__mediumconst shr (0+16))
  2389  0012D8  6EF8               	movwf	tblptru,c
  2390  0012DA  0008               	tblrd		*
  2391  0012DC  0100               	movlb	0	; () banked
  2392  0012DE  CFF5 F0CC          	movff	tablat,sprintf@c
  2393  0012E2  0100               	movlb	0	; () banked
  2394  0012E4  67CC               	tstfsz	sprintf@c& (0+255),b
  2395  0012E6  D6B5               	goto	l1805
  2396  0012E8                     l1865:
  2397                           
  2398                           ; BSR set to: 0
  2399                           ;doprnt.c: 1547: *sp = 0;
  2400  0012E8  C028  FFD9         	movff	sprintf@sp,fsr2l
  2401  0012EC  C029  FFDA         	movff	sprintf@sp+1,fsr2h
  2402  0012F0  0E00               	movlw	0
  2403  0012F2  6EDF               	movwf	indf2,c
  2404  0012F4  0012               	return	
  2405  0012F6                     __end_of_sprintf:
  2406                           	opt stack 0
  2407                           tblptru	equ	0xFF8
  2408                           tblptrh	equ	0xFF7
  2409                           tblptrl	equ	0xFF6
  2410                           tablat	equ	0xFF5
  2411                           prodh	equ	0xFF4
  2412                           prodl	equ	0xFF3
  2413                           intcon	equ	0xFF2
  2414                           indf0	equ	0xFEF
  2415                           postinc0	equ	0xFEE
  2416                           fsr0h	equ	0xFEA
  2417                           fsr0l	equ	0xFE9
  2418                           wreg	equ	0xFE8
  2419                           indf1	equ	0xFE7
  2420                           postdec1	equ	0xFE5
  2421                           fsr1h	equ	0xFE2
  2422                           fsr1l	equ	0xFE1
  2423                           indf2	equ	0xFDF
  2424                           postinc2	equ	0xFDE
  2425                           postdec2	equ	0xFDD
  2426                           fsr2h	equ	0xFDA
  2427                           fsr2l	equ	0xFD9
  2428                           status	equ	0xFD8
  2429                           
  2430 ;; *************** function ___llmod *****************
  2431 ;; Defined at:
  2432 ;;		line 8 in file "C:\Program Files\Microchip\xc8\v1.31\sources\common\llmod.c"
  2433 ;; Parameters:    Size  Location     Type
  2434 ;;  dividend        4   29[COMRAM] unsigned long 
  2435 ;;  divisor         4   33[COMRAM] unsigned long 
  2436 ;; Auto vars:     Size  Location     Type
  2437 ;;  counter         1   38[COMRAM] unsigned char 
  2438 ;; Return value:  Size  Location     Type
  2439 ;;                  4   29[COMRAM] unsigned long 
  2440 ;; Registers used:
  2441 ;;		wreg, status,2, status,0
  2442 ;; Tracked objects:
  2443 ;;		On entry : 0/0
  2444 ;;		On exit  : 0/0
  2445 ;;		Unchanged: 0/0
  2446 ;; Data sizes:     COMRAM   BANK0   BANK1   BANK2   BANK3   BANK4   BANK5   BANK6   BANK7   BANK8   BANK9  BANK10  BANK1
      +1  BANK12  BANK13  BANK14  BANK15
  2447 ;;      Params:         8       0       0       0       0       0       0       0       0       0       0       0       
      +0       0       0       0       0
  2448 ;;      Locals:         1       0       0       0       0       0       0       0       0       0       0       0       
      +0       0       0       0       0
  2449 ;;      Temps:          1       0       0       0       0       0       0       0       0       0       0       0       
      +0       0       0       0       0
  2450 ;;      Totals:        10       0       0       0       0       0       0       0       0       0       0       0       
      +0       0       0       0       0
  2451 ;;Total ram usage:       10 bytes
  2452 ;; Hardware stack levels used:    1
  2453 ;; Hardware stack levels required when called:    1
  2454 ;; This function calls:
  2455 ;;		Nothing
  2456 ;; This function is called by:
  2457 ;;		_sprintf
  2458 ;; This function uses a non-reentrant model
  2459 ;;
  2460                           
  2461                           	psect	text11
  2462  00186A                     __ptext11:
  2463                           	opt stack 0
  2464  00186A                     ___llmod:
  2465                           	opt stack 27
  2466                           
  2467                           ; BSR set to: 0
  2468                           ;incstack = 0
  2469  00186A  5025               	movf	___llmod@divisor+3,w,c
  2470  00186C  1022               	iorwf	___llmod@divisor,w,c
  2471  00186E  1023               	iorwf	___llmod@divisor+1,w,c
  2472  001870  1024               	iorwf	___llmod@divisor+2,w,c
  2473  001872  B4D8               	btfsc	status,2,c
  2474  001874  D026               	goto	l652
  2475  001876  6E26               	movwf	??___llmod& (0+255),c
  2476  001878  0E01               	movlw	1
  2477  00187A  6E27               	movwf	___llmod@counter,c
  2478  00187C  5026               	movf	??___llmod& (0+255),w,c
  2479  00187E  D006               	goto	l1793
  2480  001880                     l1791:
  2481  001880  90D8               	bcf	status,0,c
  2482  001882  3622               	rlcf	___llmod@divisor,f,c
  2483  001884  3623               	rlcf	___llmod@divisor+1,f,c
  2484  001886  3624               	rlcf	___llmod@divisor+2,f,c
  2485  001888  3625               	rlcf	___llmod@divisor+3,f,c
  2486  00188A  2A27               	incf	___llmod@counter,f,c
  2487  00188C                     l1793:
  2488  00188C  AE25               	btfss	___llmod@divisor+3,7,c
  2489  00188E  D7F8               	goto	l1791
  2490  001890                     l1795:
  2491  001890  5022               	movf	___llmod@divisor,w,c
  2492  001892  5C1E               	subwf	___llmod@dividend,w,c
  2493  001894  5023               	movf	___llmod@divisor+1,w,c
  2494  001896  581F               	subwfb	___llmod@dividend+1,w,c
  2495  001898  5024               	movf	___llmod@divisor+2,w,c
  2496  00189A  5820               	subwfb	___llmod@dividend+2,w,c
  2497  00189C  5025               	movf	___llmod@divisor+3,w,c
  2498  00189E  5821               	subwfb	___llmod@dividend+3,w,c
  2499  0018A0  A0D8               	btfss	status,0,c
  2500  0018A2  D008               	goto	l1799
  2501  0018A4  5022               	movf	___llmod@divisor,w,c
  2502  0018A6  5E1E               	subwf	___llmod@dividend,f,c
  2503  0018A8  5023               	movf	___llmod@divisor+1,w,c
  2504  0018AA  5A1F               	subwfb	___llmod@dividend+1,f,c
  2505  0018AC  5024               	movf	___llmod@divisor+2,w,c
  2506  0018AE  5A20               	subwfb	___llmod@dividend+2,f,c
  2507  0018B0  5025               	movf	___llmod@divisor+3,w,c
  2508  0018B2  5A21               	subwfb	___llmod@dividend+3,f,c
  2509  0018B4                     l1799:
  2510  0018B4  90D8               	bcf	status,0,c
  2511  0018B6  3225               	rrcf	___llmod@divisor+3,f,c
  2512  0018B8  3224               	rrcf	___llmod@divisor+2,f,c
  2513  0018BA  3223               	rrcf	___llmod@divisor+1,f,c
  2514  0018BC  3222               	rrcf	___llmod@divisor,f,c
  2515  0018BE  2E27               	decfsz	___llmod@counter,f,c
  2516  0018C0  D7E7               	goto	l1795
  2517  0018C2                     l652:
  2518  0018C2  C01E  F01E         	movff	___llmod@dividend,?___llmod
  2519  0018C6  C01F  F01F         	movff	___llmod@dividend+1,?___llmod+1
  2520  0018CA  C020  F020         	movff	___llmod@dividend+2,?___llmod+2
  2521  0018CE  C021  F021         	movff	___llmod@dividend+3,?___llmod+3
  2522  0018D2  0012               	return	
  2523  0018D4                     __end_of___llmod:
  2524                           	opt stack 0
  2525                           tblptru	equ	0xFF8
  2526                           tblptrh	equ	0xFF7
  2527                           tblptrl	equ	0xFF6
  2528                           tablat	equ	0xFF5
  2529                           prodh	equ	0xFF4
  2530                           prodl	equ	0xFF3
  2531                           intcon	equ	0xFF2
  2532                           indf0	equ	0xFEF
  2533                           postinc0	equ	0xFEE
  2534                           fsr0h	equ	0xFEA
  2535                           fsr0l	equ	0xFE9
  2536                           wreg	equ	0xFE8
  2537                           indf1	equ	0xFE7
  2538                           postdec1	equ	0xFE5
  2539                           fsr1h	equ	0xFE2
  2540                           fsr1l	equ	0xFE1
  2541                           indf2	equ	0xFDF
  2542                           postinc2	equ	0xFDE
  2543                           postdec2	equ	0xFDD
  2544                           fsr2h	equ	0xFDA
  2545                           fsr2l	equ	0xFD9
  2546                           status	equ	0xFD8
  2547                           
  2548 ;; *************** function ___lldiv *****************
  2549 ;; Defined at:
  2550 ;;		line 8 in file "C:\Program Files\Microchip\xc8\v1.31\sources\common\lldiv.c"
  2551 ;; Parameters:    Size  Location     Type
  2552 ;;  dividend        4   15[COMRAM] unsigned long 
  2553 ;;  divisor         4   19[COMRAM] unsigned long 
  2554 ;; Auto vars:     Size  Location     Type
  2555 ;;  quotient        4   24[COMRAM] unsigned long 
  2556 ;;  counter         1   28[COMRAM] unsigned char 
  2557 ;; Return value:  Size  Location     Type
  2558 ;;                  4   15[COMRAM] unsigned long 
  2559 ;; Registers used:
  2560 ;;		wreg, status,2, status,0
  2561 ;; Tracked objects:
  2562 ;;		On entry : 0/0
  2563 ;;		On exit  : 0/0
  2564 ;;		Unchanged: 0/0
  2565 ;; Data sizes:     COMRAM   BANK0   BANK1   BANK2   BANK3   BANK4   BANK5   BANK6   BANK7   BANK8   BANK9  BANK10  BANK1
      +1  BANK12  BANK13  BANK14  BANK15
  2566 ;;      Params:         8       0       0       0       0       0       0       0       0       0       0       0       
      +0       0       0       0       0
  2567 ;;      Locals:         5       0       0       0       0       0       0       0       0       0       0       0       
      +0       0       0       0       0
  2568 ;;      Temps:          1       0       0       0       0       0       0       0       0       0       0       0       
      +0       0       0       0       0
  2569 ;;      Totals:        14       0       0       0       0       0       0       0       0       0       0       0       
      +0       0       0       0       0
  2570 ;;Total ram usage:       14 bytes
  2571 ;; Hardware stack levels used:    1
  2572 ;; Hardware stack levels required when called:    1
  2573 ;; This function calls:
  2574 ;;		Nothing
  2575 ;; This function is called by:
  2576 ;;		_sprintf
  2577 ;; This function uses a non-reentrant model
  2578 ;;
  2579                           
  2580                           	psect	text12
  2581  0017E4                     __ptext12:
  2582                           	opt stack 0
  2583  0017E4                     ___lldiv:
  2584                           	opt stack 27
  2585                           
  2586                           ;incstack = 0
  2587  0017E4  0E00               	movlw	0
  2588  0017E6  6E19               	movwf	___lldiv@quotient,c
  2589  0017E8  0E00               	movlw	0
  2590  0017EA  6E1A               	movwf	___lldiv@quotient+1,c
  2591  0017EC  0E00               	movlw	0
  2592  0017EE  6E1B               	movwf	___lldiv@quotient+2,c
  2593  0017F0  0E00               	movlw	0
  2594  0017F2  6E1C               	movwf	___lldiv@quotient+3,c
  2595  0017F4  5017               	movf	___lldiv@divisor+3,w,c
  2596  0017F6  1014               	iorwf	___lldiv@divisor,w,c
  2597  0017F8  1015               	iorwf	___lldiv@divisor+1,w,c
  2598  0017FA  1016               	iorwf	___lldiv@divisor+2,w,c
  2599  0017FC  B4D8               	btfsc	status,2,c
  2600  0017FE  D02C               	goto	l642
  2601  001800  6E18               	movwf	??___lldiv& (0+255),c
  2602  001802  0E01               	movlw	1
  2603  001804  6E1D               	movwf	___lldiv@counter,c
  2604  001806  5018               	movf	??___lldiv& (0+255),w,c
  2605  001808  D006               	goto	l1773
  2606  00180A                     l1771:
  2607  00180A  90D8               	bcf	status,0,c
  2608  00180C  3614               	rlcf	___lldiv@divisor,f,c
  2609  00180E  3615               	rlcf	___lldiv@divisor+1,f,c
  2610  001810  3616               	rlcf	___lldiv@divisor+2,f,c
  2611  001812  3617               	rlcf	___lldiv@divisor+3,f,c
  2612  001814  2A1D               	incf	___lldiv@counter,f,c
  2613  001816                     l1773:
  2614  001816  AE17               	btfss	___lldiv@divisor+3,7,c
  2615  001818  D7F8               	goto	l1771
  2616  00181A                     l1775:
  2617  00181A  90D8               	bcf	status,0,c
  2618  00181C  3619               	rlcf	___lldiv@quotient,f,c
  2619  00181E  361A               	rlcf	___lldiv@quotient+1,f,c
  2620  001820  361B               	rlcf	___lldiv@quotient+2,f,c
  2621  001822  361C               	rlcf	___lldiv@quotient+3,f,c
  2622  001824  5014               	movf	___lldiv@divisor,w,c
  2623  001826  5C10               	subwf	___lldiv@dividend,w,c
  2624  001828  5015               	movf	___lldiv@divisor+1,w,c
  2625  00182A  5811               	subwfb	___lldiv@dividend+1,w,c
  2626  00182C  5016               	movf	___lldiv@divisor+2,w,c
  2627  00182E  5812               	subwfb	___lldiv@dividend+2,w,c
  2628  001830  5017               	movf	___lldiv@divisor+3,w,c
  2629  001832  5813               	subwfb	___lldiv@dividend+3,w,c
  2630  001834  A0D8               	btfss	status,0,c
  2631  001836  D009               	goto	l1783
  2632  001838  5014               	movf	___lldiv@divisor,w,c
  2633  00183A  5E10               	subwf	___lldiv@dividend,f,c
  2634  00183C  5015               	movf	___lldiv@divisor+1,w,c
  2635  00183E  5A11               	subwfb	___lldiv@dividend+1,f,c
  2636  001840  5016               	movf	___lldiv@divisor+2,w,c
  2637  001842  5A12               	subwfb	___lldiv@dividend+2,f,c
  2638  001844  5017               	movf	___lldiv@divisor+3,w,c
  2639  001846  5A13               	subwfb	___lldiv@dividend+3,f,c
  2640  001848  8019               	bsf	___lldiv@quotient,0,c
  2641  00184A                     l1783:
  2642  00184A  90D8               	bcf	status,0,c
  2643  00184C  3217               	rrcf	___lldiv@divisor+3,f,c
  2644  00184E  3216               	rrcf	___lldiv@divisor+2,f,c
  2645  001850  3215               	rrcf	___lldiv@divisor+1,f,c
  2646  001852  3214               	rrcf	___lldiv@divisor,f,c
  2647  001854  2E1D               	decfsz	___lldiv@counter,f,c
  2648  001856  D7E1               	goto	l1775
  2649  001858                     l642:
  2650  001858  C019  F010         	movff	___lldiv@quotient,?___lldiv
  2651  00185C  C01A  F011         	movff	___lldiv@quotient+1,?___lldiv+1
  2652  001860  C01B  F012         	movff	___lldiv@quotient+2,?___lldiv+2
  2653  001864  C01C  F013         	movff	___lldiv@quotient+3,?___lldiv+3
  2654  001868  0012               	return	
  2655  00186A                     __end_of___lldiv:
  2656                           	opt stack 0
  2657                           tblptru	equ	0xFF8
  2658                           tblptrh	equ	0xFF7
  2659                           tblptrl	equ	0xFF6
  2660                           tablat	equ	0xFF5
  2661                           prodh	equ	0xFF4
  2662                           prodl	equ	0xFF3
  2663                           intcon	equ	0xFF2
  2664                           indf0	equ	0xFEF
  2665                           postinc0	equ	0xFEE
  2666                           fsr0h	equ	0xFEA
  2667                           fsr0l	equ	0xFE9
  2668                           wreg	equ	0xFE8
  2669                           indf1	equ	0xFE7
  2670                           postdec1	equ	0xFE5
  2671                           fsr1h	equ	0xFE2
  2672                           fsr1l	equ	0xFE1
  2673                           indf2	equ	0xFDF
  2674                           postinc2	equ	0xFDE
  2675                           postdec2	equ	0xFDD
  2676                           fsr2h	equ	0xFDA
  2677                           fsr2l	equ	0xFD9
  2678                           status	equ	0xFD8
  2679                           
  2680 ;; *************** function _atol *****************
  2681 ;; Defined at:
  2682 ;;		line 5 in file "C:\Program Files\Microchip\xc8\v1.31\sources\common\atol.c"
  2683 ;; Parameters:    Size  Location     Type
  2684 ;;  s               2   27[COMRAM] PTR const unsigned char 
  2685 ;;		 -> str(60), 
  2686 ;; Auto vars:     Size  Location     Type
  2687 ;;  a               4   37[COMRAM] long 
  2688 ;;  c               1   41[COMRAM] unsigned char 
  2689 ;;  sign            1   36[COMRAM] unsigned char 
  2690 ;; Return value:  Size  Location     Type
  2691 ;;                  4   27[COMRAM] long 
  2692 ;; Registers used:
  2693 ;;		wreg, fsr2l, fsr2h, status,2, status,0, cstack
  2694 ;; Tracked objects:
  2695 ;;		On entry : 0/0
  2696 ;;		On exit  : 0/0
  2697 ;;		Unchanged: 0/0
  2698 ;; Data sizes:     COMRAM   BANK0   BANK1   BANK2   BANK3   BANK4   BANK5   BANK6   BANK7   BANK8   BANK9  BANK10  BANK1
      +1  BANK12  BANK13  BANK14  BANK15
  2699 ;;      Params:         4       0       0       0       0       0       0       0       0       0       0       0       
      +0       0       0       0       0
  2700 ;;      Locals:         6       0       0       0       0       0       0       0       0       0       0       0       
      +0       0       0       0       0
  2701 ;;      Temps:          5       0       0       0       0       0       0       0       0       0       0       0       
      +0       0       0       0       0
  2702 ;;      Totals:        15       0       0       0       0       0       0       0       0       0       0       0       
      +0       0       0       0       0
  2703 ;;Total ram usage:       15 bytes
  2704 ;; Hardware stack levels used:    1
  2705 ;; Hardware stack levels required when called:    2
  2706 ;; This function calls:
  2707 ;;		___lmul
  2708 ;;		_isdigit
  2709 ;; This function is called by:
  2710 ;;		_lat
  2711 ;; This function uses a non-reentrant model
  2712 ;;
  2713                           
  2714                           	psect	text13
  2715  0015CA                     __ptext13:
  2716                           	opt stack 0
  2717  0015CA                     _atol:
  2718                           	opt stack 27
  2719  0015CA                     l341:
  2720  0015CA  C01C  FFD9         	movff	atol@s,fsr2l
  2721  0015CE  C01D  FFDA         	movff	atol@s+1,fsr2h
  2722  0015D2  50DF               	movf	indf2,w,c
  2723  0015D4  6E2A               	movwf	atol@c,c
  2724  0015D6  4A1C               	infsnz	atol@s,f,c
  2725  0015D8  2A1D               	incf	atol@s+1,f,c
  2726  0015DA  502A               	movf	atol@c,w,c
  2727  0015DC  0A20               	xorlw	32
  2728  0015DE  B4D8               	btfsc	status,2,c
  2729  0015E0  D7F4               	goto	l341
  2730  0015E2  502A               	movf	atol@c,w,c
  2731  0015E4  0A09               	xorlw	9
  2732  0015E6  B4D8               	btfsc	status,2,c
  2733  0015E8  D7F0               	goto	l341
  2734  0015EA  0E00               	movlw	0
  2735  0015EC  6E26               	movwf	atol@a,c
  2736  0015EE  0E00               	movlw	0
  2737  0015F0  6E27               	movwf	atol@a+1,c
  2738  0015F2  0E00               	movlw	0
  2739  0015F4  6E28               	movwf	atol@a+2,c
  2740  0015F6  0E00               	movlw	0
  2741  0015F8  6E29               	movwf	atol@a+3,c
  2742  0015FA  6E20               	movwf	??_atol& (0+255),c
  2743  0015FC  0E00               	movlw	0
  2744  0015FE  6E25               	movwf	atol@sign,c
  2745  001600  5020               	movf	??_atol& (0+255),w,c
  2746  001602  502A               	movf	atol@c,w,c
  2747  001604  0A2D               	xorlw	45
  2748  001606  A4D8               	btfss	status,2,c
  2749  001608  D002               	goto	l1425
  2750  00160A  2A25               	incf	atol@sign,f,c
  2751  00160C  D02F               	goto	L3
  2752  00160E                     l1425:
  2753  00160E  502A               	movf	atol@c,w,c
  2754  001610  0A2B               	xorlw	43
  2755  001612  A4D8               	btfss	status,2,c
  2756  001614  D033               	goto	l1437
  2757  001616  D02A               	goto	L3
  2758  001618                     l1431:
  2759  001618  C026  F010         	movff	atol@a,___lmul@multiplier
  2760  00161C  C027  F011         	movff	atol@a+1,___lmul@multiplier+1
  2761  001620  C028  F012         	movff	atol@a+2,___lmul@multiplier+2
  2762  001624  C029  F013         	movff	atol@a+3,___lmul@multiplier+3
  2763  001628  0E0A               	movlw	10
  2764  00162A  6E14               	movwf	___lmul@multiplicand,c
  2765  00162C  0E00               	movlw	0
  2766  00162E  6E15               	movwf	___lmul@multiplicand+1,c
  2767  001630  0E00               	movlw	0
  2768  001632  6E16               	movwf	___lmul@multiplicand+2,c
  2769  001634  0E00               	movlw	0
  2770  001636  6E17               	movwf	___lmul@multiplicand+3,c
  2771  001638  ECF6  F00C         	call	___lmul	;wreg free
  2772  00163C  C010  F020         	movff	?___lmul,??_atol
  2773  001640  C011  F021         	movff	?___lmul+1,??_atol+1
  2774  001644  C012  F022         	movff	?___lmul+2,??_atol+2
  2775  001648  C013  F023         	movff	?___lmul+3,??_atol+3
  2776  00164C  C02A  F024         	movff	atol@c,??_atol+4
  2777  001650  0ED0               	movlw	208
  2778  001652  2624               	addwf	??_atol+4,f,c
  2779  001654  5024               	movf	??_atol+4,w,c
  2780  001656  2420               	addwf	??_atol,w,c
  2781  001658  6E26               	movwf	atol@a,c
  2782  00165A  0E00               	movlw	0
  2783  00165C  2021               	addwfc	??_atol+1,w,c
  2784  00165E  6E27               	movwf	atol@a+1,c
  2785  001660  0E00               	movlw	0
  2786  001662  2022               	addwfc	??_atol+2,w,c
  2787  001664  6E28               	movwf	atol@a+2,c
  2788  001666  0E00               	movlw	0
  2789  001668  2023               	addwfc	??_atol+3,w,c
  2790  00166A  6E29               	movwf	atol@a+3,c
  2791  00166C                     L3:
  2792  00166C  C01C  FFD9         	movff	atol@s,fsr2l
  2793  001670  C01D  FFDA         	movff	atol@s+1,fsr2h
  2794  001674  50DF               	movf	indf2,w,c
  2795  001676  6E2A               	movwf	atol@c,c
  2796  001678  4A1C               	infsnz	atol@s,f,c
  2797  00167A  2A1D               	incf	atol@s+1,f,c
  2798  00167C                     l1437:
  2799  00167C  502A               	movf	atol@c,w,c
  2800  00167E  EC9B  F00D         	call	_isdigit
  2801  001682  B0D8               	btfsc	status,0,c
  2802  001684  D7C9               	goto	l1431
  2803  001686  5025               	movf	atol@sign,w,c
  2804  001688  B4D8               	btfsc	status,2,c
  2805  00168A  D01A               	goto	l349
  2806  00168C  C026  F020         	movff	atol@a,??_atol
  2807  001690  C027  F021         	movff	atol@a+1,??_atol+1
  2808  001694  C028  F022         	movff	atol@a+2,??_atol+2
  2809  001698  C029  F023         	movff	atol@a+3,??_atol+3
  2810  00169C  1E20               	comf	??_atol,f,c
  2811  00169E  1E21               	comf	??_atol+1,f,c
  2812  0016A0  1E22               	comf	??_atol+2,f,c
  2813  0016A2  1E23               	comf	??_atol+3,f,c
  2814  0016A4  2A20               	incf	??_atol,f,c
  2815  0016A6  0E00               	movlw	0
  2816  0016A8  2221               	addwfc	??_atol+1,f,c
  2817  0016AA  2222               	addwfc	??_atol+2,f,c
  2818  0016AC  2223               	addwfc	??_atol+3,f,c
  2819  0016AE  C020  F01C         	movff	??_atol,?_atol
  2820  0016B2  C021  F01D         	movff	??_atol+1,?_atol+1
  2821  0016B6  C022  F01E         	movff	??_atol+2,?_atol+2
  2822  0016BA  C023  F01F         	movff	??_atol+3,?_atol+3
  2823  0016BE  0012               	return	
  2824  0016C0                     l349:
  2825  0016C0  C026  F01C         	movff	atol@a,?_atol
  2826  0016C4  C027  F01D         	movff	atol@a+1,?_atol+1
  2827  0016C8  C028  F01E         	movff	atol@a+2,?_atol+2
  2828  0016CC  C029  F01F         	movff	atol@a+3,?_atol+3
  2829  0016D0  0012               	return	
  2830  0016D2                     __end_of_atol:
  2831                           	opt stack 0
  2832                           tblptru	equ	0xFF8
  2833                           tblptrh	equ	0xFF7
  2834                           tblptrl	equ	0xFF6
  2835                           tablat	equ	0xFF5
  2836                           prodh	equ	0xFF4
  2837                           prodl	equ	0xFF3
  2838                           intcon	equ	0xFF2
  2839                           indf0	equ	0xFEF
  2840                           postinc0	equ	0xFEE
  2841                           fsr0h	equ	0xFEA
  2842                           fsr0l	equ	0xFE9
  2843                           wreg	equ	0xFE8
  2844                           indf1	equ	0xFE7
  2845                           postdec1	equ	0xFE5
  2846                           fsr1h	equ	0xFE2
  2847                           fsr1l	equ	0xFE1
  2848                           indf2	equ	0xFDF
  2849                           postinc2	equ	0xFDE
  2850                           postdec2	equ	0xFDD
  2851                           fsr2h	equ	0xFDA
  2852                           fsr2l	equ	0xFD9
  2853                           status	equ	0xFD8
  2854                           
  2855 ;; *************** function _isdigit *****************
  2856 ;; Defined at:
  2857 ;;		line 8 in file "C:\Program Files\Microchip\xc8\v1.31\sources\common\isdigit.c"
  2858 ;; Parameters:    Size  Location     Type
  2859 ;;  c               1    wreg     unsigned char 
  2860 ;; Auto vars:     Size  Location     Type
  2861 ;;  c               1   17[COMRAM] unsigned char 
  2862 ;; Return value:  Size  Location     Type
  2863 ;;		None               void
  2864 ;; Registers used:
  2865 ;;		wreg, status,2, status,0
  2866 ;; Tracked objects:
  2867 ;;		On entry : 0/0
  2868 ;;		On exit  : 0/0
  2869 ;;		Unchanged: 0/0
  2870 ;; Data sizes:     COMRAM   BANK0   BANK1   BANK2   BANK3   BANK4   BANK5   BANK6   BANK7   BANK8   BANK9  BANK10  BANK1
      +1  BANK12  BANK13  BANK14  BANK15
  2871 ;;      Params:         0       0       0       0       0       0       0       0       0       0       0       0       
      +0       0       0       0       0
  2872 ;;      Locals:         2       0       0       0       0       0       0       0       0       0       0       0       
      +0       0       0       0       0
  2873 ;;      Temps:          1       0       0       0       0       0       0       0       0       0       0       0       
      +0       0       0       0       0
  2874 ;;      Totals:         3       0       0       0       0       0       0       0       0       0       0       0       
      +0       0       0       0       0
  2875 ;;Total ram usage:        3 bytes
  2876 ;; Hardware stack levels used:    1
  2877 ;; Hardware stack levels required when called:    1
  2878 ;; This function calls:
  2879 ;;		Nothing
  2880 ;; This function is called by:
  2881 ;;		_atol
  2882 ;; This function uses a non-reentrant model
  2883 ;;
  2884                           
  2885                           	psect	text14
  2886  001B36                     __ptext14:
  2887                           	opt stack 0
  2888  001B36                     _isdigit:
  2889                           	opt stack 27
  2890                           
  2891                           ;incstack = 0
  2892                           ;isdigit@c stored from wreg
  2893  001B36  CFE8 F012          	movff	wreg,isdigit@c
  2894  001B3A  6E10               	movwf	??_isdigit& (0+255),c
  2895  001B3C  0E00               	movlw	0
  2896  001B3E  6E11               	movwf	_isdigit$1209,c
  2897  001B40  5010               	movf	??_isdigit& (0+255),w,c
  2898  001B42  0E3A               	movlw	58
  2899  001B44  5C12               	subwf	isdigit@c,w,c
  2900  001B46  B0D8               	btfsc	status,0,c
  2901  001B48  D007               	goto	l1345
  2902  001B4A  0E2F               	movlw	47
  2903  001B4C  6412               	cpfsgt	isdigit@c,c
  2904  001B4E  D004               	goto	l1345
  2905  001B50  6E10               	movwf	??_isdigit& (0+255),c
  2906  001B52  0E01               	movlw	1
  2907  001B54  6E11               	movwf	_isdigit$1209,c
  2908  001B56  5010               	movf	??_isdigit& (0+255),w,c
  2909  001B58                     l1345:
  2910  001B58  C011  F010         	movff	_isdigit$1209,??_isdigit
  2911  001B5C  3010               	rrcf	??_isdigit,w,c
  2912  001B5E  0012               	return	
  2913  001B60                     __end_of_isdigit:
  2914                           	opt stack 0
  2915                           tblptru	equ	0xFF8
  2916                           tblptrh	equ	0xFF7
  2917                           tblptrl	equ	0xFF6
  2918                           tablat	equ	0xFF5
  2919                           prodh	equ	0xFF4
  2920                           prodl	equ	0xFF3
  2921                           intcon	equ	0xFF2
  2922                           indf0	equ	0xFEF
  2923                           postinc0	equ	0xFEE
  2924                           fsr0h	equ	0xFEA
  2925                           fsr0l	equ	0xFE9
  2926                           wreg	equ	0xFE8
  2927                           indf1	equ	0xFE7
  2928                           postdec1	equ	0xFE5
  2929                           fsr1h	equ	0xFE2
  2930                           fsr1l	equ	0xFE1
  2931                           indf2	equ	0xFDF
  2932                           postinc2	equ	0xFDE
  2933                           postdec2	equ	0xFDD
  2934                           fsr2h	equ	0xFDA
  2935                           fsr2l	equ	0xFD9
  2936                           status	equ	0xFD8
  2937                           
  2938 ;; *************** function ___lmul *****************
  2939 ;; Defined at:
  2940 ;;		line 9 in file "C:\Program Files\Microchip\xc8\v1.31\sources\common\lmul.c"
  2941 ;; Parameters:    Size  Location     Type
  2942 ;;  multiplier      4   15[COMRAM] unsigned long 
  2943 ;;  multiplicand    4   19[COMRAM] unsigned long 
  2944 ;; Auto vars:     Size  Location     Type
  2945 ;;  product         4   23[COMRAM] unsigned long 
  2946 ;; Return value:  Size  Location     Type
  2947 ;;                  4   15[COMRAM] unsigned long 
  2948 ;; Registers used:
  2949 ;;		wreg, status,2, status,0
  2950 ;; Tracked objects:
  2951 ;;		On entry : 0/0
  2952 ;;		On exit  : 0/0
  2953 ;;		Unchanged: 0/0
  2954 ;; Data sizes:     COMRAM   BANK0   BANK1   BANK2   BANK3   BANK4   BANK5   BANK6   BANK7   BANK8   BANK9  BANK10  BANK1
      +1  BANK12  BANK13  BANK14  BANK15
  2955 ;;      Params:         8       0       0       0       0       0       0       0       0       0       0       0       
      +0       0       0       0       0
  2956 ;;      Locals:         4       0       0       0       0       0       0       0       0       0       0       0       
      +0       0       0       0       0
  2957 ;;      Temps:          0       0       0       0       0       0       0       0       0       0       0       0       
      +0       0       0       0       0
  2958 ;;      Totals:        12       0       0       0       0       0       0       0       0       0       0       0       
      +0       0       0       0       0
  2959 ;;Total ram usage:       12 bytes
  2960 ;; Hardware stack levels used:    1
  2961 ;; Hardware stack levels required when called:    1
  2962 ;; This function calls:
  2963 ;;		Nothing
  2964 ;; This function is called by:
  2965 ;;		_atol
  2966 ;; This function uses a non-reentrant model
  2967 ;;
  2968                           
  2969                           	psect	text15
  2970  0019EC                     __ptext15:
  2971                           	opt stack 0
  2972  0019EC                     ___lmul:
  2973                           	opt stack 27
  2974                           
  2975                           ;incstack = 0
  2976  0019EC  0E00               	movlw	0
  2977  0019EE  6E18               	movwf	___lmul@product,c
  2978  0019F0  0E00               	movlw	0
  2979  0019F2  6E19               	movwf	___lmul@product+1,c
  2980  0019F4  0E00               	movlw	0
  2981  0019F6  6E1A               	movwf	___lmul@product+2,c
  2982  0019F8  0E00               	movlw	0
  2983  0019FA  6E1B               	movwf	___lmul@product+3,c
  2984  0019FC                     l1329:
  2985  0019FC  A010               	btfss	___lmul@multiplier,0,c
  2986  0019FE  D008               	goto	l1333
  2987  001A00  5014               	movf	___lmul@multiplicand,w,c
  2988  001A02  2618               	addwf	___lmul@product,f,c
  2989  001A04  5015               	movf	___lmul@multiplicand+1,w,c
  2990  001A06  2219               	addwfc	___lmul@product+1,f,c
  2991  001A08  5016               	movf	___lmul@multiplicand+2,w,c
  2992  001A0A  221A               	addwfc	___lmul@product+2,f,c
  2993  001A0C  5017               	movf	___lmul@multiplicand+3,w,c
  2994  001A0E  221B               	addwfc	___lmul@product+3,f,c
  2995  001A10                     l1333:
  2996  001A10  90D8               	bcf	status,0,c
  2997  001A12  3614               	rlcf	___lmul@multiplicand,f,c
  2998  001A14  3615               	rlcf	___lmul@multiplicand+1,f,c
  2999  001A16  3616               	rlcf	___lmul@multiplicand+2,f,c
  3000  001A18  3617               	rlcf	___lmul@multiplicand+3,f,c
  3001  001A1A  90D8               	bcf	status,0,c
  3002  001A1C  3213               	rrcf	___lmul@multiplier+3,f,c
  3003  001A1E  3212               	rrcf	___lmul@multiplier+2,f,c
  3004  001A20  3211               	rrcf	___lmul@multiplier+1,f,c
  3005  001A22  3210               	rrcf	___lmul@multiplier,f,c
  3006  001A24  5013               	movf	___lmul@multiplier+3,w,c
  3007  001A26  1010               	iorwf	___lmul@multiplier,w,c
  3008  001A28  1011               	iorwf	___lmul@multiplier+1,w,c
  3009  001A2A  1012               	iorwf	___lmul@multiplier+2,w,c
  3010  001A2C  A4D8               	btfss	status,2,c
  3011  001A2E  D7E6               	goto	l1329
  3012  001A30  C018  F010         	movff	___lmul@product,?___lmul
  3013  001A34  C019  F011         	movff	___lmul@product+1,?___lmul+1
  3014  001A38  C01A  F012         	movff	___lmul@product+2,?___lmul+2
  3015  001A3C  C01B  F013         	movff	___lmul@product+3,?___lmul+3
  3016  001A40  0012               	return	
  3017  001A42                     __end_of___lmul:
  3018                           	opt stack 0
  3019                           tblptru	equ	0xFF8
  3020                           tblptrh	equ	0xFF7
  3021                           tblptrl	equ	0xFF6
  3022                           tablat	equ	0xFF5
  3023                           prodh	equ	0xFF4
  3024                           prodl	equ	0xFF3
  3025                           intcon	equ	0xFF2
  3026                           indf0	equ	0xFEF
  3027                           postinc0	equ	0xFEE
  3028                           fsr0h	equ	0xFEA
  3029                           fsr0l	equ	0xFE9
  3030                           wreg	equ	0xFE8
  3031                           indf1	equ	0xFE7
  3032                           postdec1	equ	0xFE5
  3033                           fsr1h	equ	0xFE2
  3034                           fsr1l	equ	0xFE1
  3035                           indf2	equ	0xFDF
  3036                           postinc2	equ	0xFDE
  3037                           postdec2	equ	0xFDD
  3038                           fsr2h	equ	0xFDA
  3039                           fsr2l	equ	0xFD9
  3040                           status	equ	0xFD8
  3041                           
  3042 ;; *************** function _init_io *****************
  3043 ;; Defined at:
  3044 ;;		line 83 in file "main.c"
  3045 ;; Parameters:    Size  Location     Type
  3046 ;;		None
  3047 ;; Auto vars:     Size  Location     Type
  3048 ;;		None
  3049 ;; Return value:  Size  Location     Type
  3050 ;;		None               void
  3051 ;; Registers used:
  3052 ;;		wreg, status,2
  3053 ;; Tracked objects:
  3054 ;;		On entry : 0/0
  3055 ;;		On exit  : 0/0
  3056 ;;		Unchanged: 0/0
  3057 ;; Data sizes:     COMRAM   BANK0   BANK1   BANK2   BANK3   BANK4   BANK5   BANK6   BANK7   BANK8   BANK9  BANK10  BANK1
      +1  BANK12  BANK13  BANK14  BANK15
  3058 ;;      Params:         0       0       0       0       0       0       0       0       0       0       0       0       
      +0       0       0       0       0
  3059 ;;      Locals:         0       0       0       0       0       0       0       0       0       0       0       0       
      +0       0       0       0       0
  3060 ;;      Temps:          0       0       0       0       0       0       0       0       0       0       0       0       
      +0       0       0       0       0
  3061 ;;      Totals:         0       0       0       0       0       0       0       0       0       0       0       0       
      +0       0       0       0       0
  3062 ;;Total ram usage:        0 bytes
  3063 ;; Hardware stack levels used:    1
  3064 ;; Hardware stack levels required when called:    1
  3065 ;; This function calls:
  3066 ;;		Nothing
  3067 ;; This function is called by:
  3068 ;;		_main
  3069 ;; This function uses a non-reentrant model
  3070 ;;
  3071                           
  3072                           	psect	text16
  3073  001990                     __ptext16:
  3074                           	opt stack 0
  3075  001990                     _init_io:
  3076                           	opt stack 29
  3077                           
  3078                           ;main.c: 85: INTCONbits.GIE = 0;
  3079                           
  3080                           ;incstack = 0
  3081  001990  9EF2               	bcf	intcon,7,c	;volatile
  3082                           
  3083                           ;main.c: 87: LATA = 0x00;
  3084  001992  0E00               	movlw	0
  3085  001994  6E89               	movwf	3977,c	;volatile
  3086                           
  3087                           ;main.c: 89: TRISAbits.TRISA0 = 0;
  3088  001996  9092               	bcf	3986,0,c	;volatile
  3089                           
  3090                           ;main.c: 90: TRISAbits.TRISA1 = 0;
  3091  001998  9292               	bcf	3986,1,c	;volatile
  3092                           
  3093                           ;main.c: 91: TRISAbits.TRISA2 = 0;
  3094  00199A  9492               	bcf	3986,2,c	;volatile
  3095                           
  3096                           ;main.c: 92: TRISAbits.TRISA3 = 1;
  3097  00199C  8692               	bsf	3986,3,c	;volatile
  3098                           
  3099                           ;main.c: 93: TRISAbits.TRISA4 = 1;
  3100  00199E  8892               	bsf	3986,4,c	;volatile
  3101                           
  3102                           ;main.c: 94: TRISAbits.TRISA5 = 1;
  3103  0019A0  8A92               	bsf	3986,5,c	;volatile
  3104                           
  3105                           ;main.c: 95: TRISAbits.TRISA6 = 1;
  3106  0019A2  8C92               	bsf	3986,6,c	;volatile
  3107                           
  3108                           ;main.c: 96: TRISAbits.TRISA7 = 1;
  3109  0019A4  8E92               	bsf	3986,7,c	;volatile
  3110                           
  3111                           ;main.c: 99: TRISBbits.TRISB0 = 0;
  3112  0019A6  9093               	bcf	3987,0,c	;volatile
  3113                           
  3114                           ;main.c: 100: TRISBbits.TRISB1 = 0;
  3115  0019A8  9293               	bcf	3987,1,c	;volatile
  3116                           
  3117                           ;main.c: 101: TRISBbits.TRISB2 = 0;
  3118  0019AA  9493               	bcf	3987,2,c	;volatile
  3119                           
  3120                           ;main.c: 102: TRISBbits.TRISB3 = 0;
  3121  0019AC  9693               	bcf	3987,3,c	;volatile
  3122                           
  3123                           ;main.c: 103: TRISBbits.TRISB4 = 0;
  3124  0019AE  9893               	bcf	3987,4,c	;volatile
  3125                           
  3126                           ;main.c: 104: TRISBbits.TRISB5 = 1;
  3127  0019B0  8A93               	bsf	3987,5,c	;volatile
  3128                           
  3129                           ;main.c: 105: TRISBbits.TRISB6 = 0;
  3130  0019B2  9C93               	bcf	3987,6,c	;volatile
  3131                           
  3132                           ;main.c: 106: TRISBbits.TRISB7 = 1;
  3133  0019B4  8E93               	bsf	3987,7,c	;volatile
  3134                           
  3135                           ;main.c: 108: LATC = 0x00;
  3136  0019B6  0E00               	movlw	0
  3137  0019B8  6E8B               	movwf	3979,c	;volatile
  3138                           
  3139                           ;main.c: 110: TRISCbits.TRISC0 = 0;
  3140  0019BA  9094               	bcf	3988,0,c	;volatile
  3141                           
  3142                           ;main.c: 111: TRISCbits.TRISC1 = 0;
  3143  0019BC  9294               	bcf	3988,1,c	;volatile
  3144                           
  3145                           ;main.c: 112: TRISCbits.TRISC2 = 0;
  3146  0019BE  9494               	bcf	3988,2,c	;volatile
  3147                           
  3148                           ;main.c: 113: TRISCbits.TRISC3 = 1;
  3149  0019C0  8694               	bsf	3988,3,c	;volatile
  3150                           
  3151                           ;main.c: 114: TRISCbits.TRISC4 = 1;
  3152  0019C2  8894               	bsf	3988,4,c	;volatile
  3153                           
  3154                           ;main.c: 115: TRISCbits.TRISC5 = 1;
  3155  0019C4  8A94               	bsf	3988,5,c	;volatile
  3156                           
  3157                           ;main.c: 116: TRISCbits.TRISC6 = 1;
  3158  0019C6  8C94               	bsf	3988,6,c	;volatile
  3159                           
  3160                           ;main.c: 117: TRISCbits.TRISC7 = 1;
  3161  0019C8  8E94               	bsf	3988,7,c	;volatile
  3162                           
  3163                           ;main.c: 119: ADCON0 = 0b00000000;
  3164  0019CA  0E00               	movlw	0
  3165  0019CC  6EC2               	movwf	4034,c	;volatile
  3166                           
  3167                           ;main.c: 120: ADCON1 = 0b00000000;
  3168  0019CE  0E00               	movlw	0
  3169  0019D0  6EC1               	movwf	4033,c	;volatile
  3170                           
  3171                           ;main.c: 122: ANSELA = 0x00;
  3172  0019D2  0E00               	movlw	0
  3173  0019D4  010F               	movlb	15	; () banked
  3174  0019D6  010F               	movlb	15	; () banked
  3175  0019D8  6F38               	movwf	56,b	;volatile
  3176                           
  3177                           ;main.c: 123: ANSELB = 0x00;
  3178  0019DA  0E00               	movlw	0
  3179  0019DC  010F               	movlb	15	; () banked
  3180  0019DE  010F               	movlb	15	; () banked
  3181  0019E0  6F39               	movwf	57,b	;volatile
  3182                           
  3183                           ;main.c: 124: ANSELC = 0x00;
  3184  0019E2  0E00               	movlw	0
  3185  0019E4  010F               	movlb	15	; () banked
  3186  0019E6  010F               	movlb	15	; () banked
  3187  0019E8  6F3A               	movwf	58,b	;volatile
  3188                           
  3189                           ; BSR set to: 15
  3190  0019EA  0012               	return	
  3191  0019EC                     __end_of_init_io:
  3192                           	opt stack 0
  3193                           tblptru	equ	0xFF8
  3194                           tblptrh	equ	0xFF7
  3195                           tblptrl	equ	0xFF6
  3196                           tablat	equ	0xFF5
  3197                           prodh	equ	0xFF4
  3198                           prodl	equ	0xFF3
  3199                           intcon	equ	0xFF2
  3200                           indf0	equ	0xFEF
  3201                           postinc0	equ	0xFEE
  3202                           fsr0h	equ	0xFEA
  3203                           fsr0l	equ	0xFE9
  3204                           wreg	equ	0xFE8
  3205                           indf1	equ	0xFE7
  3206                           postdec1	equ	0xFE5
  3207                           fsr1h	equ	0xFE2
  3208                           fsr1l	equ	0xFE1
  3209                           indf2	equ	0xFDF
  3210                           postinc2	equ	0xFDE
  3211                           postdec2	equ	0xFDD
  3212                           fsr2h	equ	0xFDA
  3213                           fsr2l	equ	0xFD9
  3214                           status	equ	0xFD8
  3215                           
  3216 ;; *************** function _ISR *****************
  3217 ;; Defined at:
  3218 ;;		line 50 in file "main.c"
  3219 ;; Parameters:    Size  Location     Type
  3220 ;;		None
  3221 ;; Auto vars:     Size  Location     Type
  3222 ;;  temp            1   14[COMRAM] unsigned char 
  3223 ;; Return value:  Size  Location     Type
  3224 ;;		None               void
  3225 ;; Registers used:
  3226 ;;		wreg, fsr2l, fsr2h, status,2, status,0
  3227 ;; Tracked objects:
  3228 ;;		On entry : 0/0
  3229 ;;		On exit  : 0/0
  3230 ;;		Unchanged: 0/0
  3231 ;; Data sizes:     COMRAM   BANK0   BANK1   BANK2   BANK3   BANK4   BANK5   BANK6   BANK7   BANK8   BANK9  BANK10  BANK1
      +1  BANK12  BANK13  BANK14  BANK15
  3232 ;;      Params:         0       0       0       0       0       0       0       0       0       0       0       0       
      +0       0       0       0       0
  3233 ;;      Locals:         1       0       0       0       0       0       0       0       0       0       0       0       
      +0       0       0       0       0
  3234 ;;      Temps:         14       0       0       0       0       0       0       0       0       0       0       0       
      +0       0       0       0       0
  3235 ;;      Totals:        15       0       0       0       0       0       0       0       0       0       0       0       
      +0       0       0       0       0
  3236 ;;Total ram usage:       15 bytes
  3237 ;; Hardware stack levels used:    1
  3238 ;; This function calls:
  3239 ;;		Nothing
  3240 ;; This function is called by:
  3241 ;;		Interrupt level 2
  3242 ;; This function uses a non-reentrant model
  3243 ;;
  3244                           
  3245                           	psect	intcode
  3246  000008                     __pintcode:
  3247                           	opt stack 0
  3248  000008                     _ISR:
  3249                           	opt stack 27
  3250                           
  3251                           ; BSR set to: 15
  3252                           ;incstack = 0
  3253  000008  CFFA F001          	movff	pclath,??_ISR
  3254  00000C  CFFB F002          	movff	pclatu,??_ISR+1
  3255  000010  CFE9 F003          	movff	fsr0l,??_ISR+2
  3256  000014  CFEA F004          	movff	fsr0h,??_ISR+3
  3257  000018  CFE1 F005          	movff	fsr1l,??_ISR+4
  3258  00001C  CFE2 F006          	movff	fsr1h,??_ISR+5
  3259  000020  CFD9 F007          	movff	fsr2l,??_ISR+6
  3260  000024  CFDA F008          	movff	fsr2h,??_ISR+7
  3261  000028  CFF3 F009          	movff	prodl,??_ISR+8
  3262  00002C  CFF4 F00A          	movff	prodh,??_ISR+9
  3263  000030  CFF6 F00B          	movff	tblptrl,??_ISR+10
  3264  000034  CFF7 F00C          	movff	tblptrh,??_ISR+11
  3265  000038  CFF8 F00D          	movff	tblptru,??_ISR+12
  3266  00003C  CFF5 F00E          	movff	tablat,??_ISR+13
  3267                           
  3268                           ;main.c: 52: if (PIR1bits.RCIF){
  3269  000040  AA9E               	btfss	3998,5,c	;volatile
  3270  000042  D043               	goto	i2l104
  3271                           
  3272                           ;main.c: 54: isrcall = 0x01;
  3273  000044  0E00               	movlw	0
  3274  000046  0100               	movlb	0	; () banked
  3275  000048  0100               	movlb	0	; () banked
  3276  00004A  6F63               	movwf	(_isrcall+1)& (0+255),b	;volatile
  3277  00004C  0E01               	movlw	1
  3278  00004E  0100               	movlb	0	; () banked
  3279  000050  6F62               	movwf	_isrcall& (0+255),b	;volatile
  3280                           
  3281                           ; BSR set to: 0
  3282                           ;main.c: 55: char temp;
  3283                           ;main.c: 56: temp = RCREG1;
  3284  000052  CFAE F00F          	movff	4014,ISR@temp	;volatile
  3285                           
  3286                           ; BSR set to: 0
  3287                           ;main.c: 57: if(temp=='$' && new_rx==0)
  3288  000056  500F               	movf	ISR@temp,w,c
  3289  000058  0A24               	xorlw	36
  3290  00005A  A4D8               	btfss	status,2,c
  3291  00005C  D00D               	goto	i2l1683
  3292                           
  3293                           ; BSR set to: 0
  3294  00005E  5046               	movf	_new_rx+1,w,c	;volatile
  3295  000060  1045               	iorwf	_new_rx,w,c	;volatile
  3296  000062  A4D8               	btfss	status,2,c
  3297  000064  D009               	goto	i2l1683
  3298                           
  3299                           ; BSR set to: 0
  3300                           ;main.c: 58: {
  3301                           ;main.c: 59: index = 0;
  3302  000066  0E00               	movlw	0
  3303  000068  6E42               	movwf	_index+1,c	;volatile
  3304  00006A  0E00               	movlw	0
  3305  00006C  6E41               	movwf	_index,c	;volatile
  3306                           
  3307                           ;main.c: 60: reading = 1;
  3308  00006E  0E00               	movlw	0
  3309  000070  6E48               	movwf	_reading+1,c	;volatile
  3310  000072  0E01               	movlw	1
  3311  000074  6E47               	movwf	_reading,c	;volatile
  3312                           
  3313                           ;main.c: 61: }
  3314  000076  D029               	goto	i2l104
  3315  000078                     i2l1683:
  3316                           
  3317                           ; BSR set to: 0
  3318                           ;main.c: 62: else if(reading == 1)
  3319  000078  0447               	decf	_reading,w,c	;volatile
  3320  00007A  1048               	iorwf	_reading+1,w,c	;volatile
  3321  00007C  A4D8               	btfss	status,2,c
  3322  00007E  D025               	goto	i2l104
  3323                           
  3324                           ; BSR set to: 0
  3325                           ;main.c: 63: {
  3326                           ;main.c: 64: ctxt[index] = temp;
  3327  000080  0101               	movlb	1	; () banked
  3328  000082  0E00               	movlw	low _ctxt
  3329  000084  2441               	addwf	_index,w,c	;volatile
  3330  000086  6ED9               	movwf	fsr2l,c
  3331  000088  0101               	movlb	1	; () banked
  3332  00008A  0E01               	movlw	high _ctxt
  3333  00008C  2042               	addwfc	_index+1,w,c	;volatile
  3334  00008E  6EDA               	movwf	fsr2h,c
  3335  000090  C00F  FFDF         	movff	ISR@temp,indf2
  3336                           
  3337                           ; BSR set to: 1
  3338                           ;main.c: 65: index++;
  3339  000094  4A41               	infsnz	_index,f,c	;volatile
  3340  000096  2A42               	incf	_index+1,f,c	;volatile
  3341                           
  3342                           ; BSR set to: 1
  3343                           ;main.c: 66: ping = 1;
  3344  000098  0E00               	movlw	0
  3345  00009A  0100               	movlb	0	; () banked
  3346  00009C  0100               	movlb	0	; () banked
  3347  00009E  6F65               	movwf	(_ping+1)& (0+255),b	;volatile
  3348  0000A0  0E01               	movlw	1
  3349  0000A2  0100               	movlb	0	; () banked
  3350  0000A4  6F64               	movwf	_ping& (0+255),b	;volatile
  3351                           
  3352                           ; BSR set to: 0
  3353                           ;main.c: 67: if(index > 50)
  3354  0000A6  0E33               	movlw	51
  3355  0000A8  5C41               	subwf	_index,w,c	;volatile
  3356  0000AA  0E00               	movlw	0
  3357  0000AC  5842               	subwfb	_index+1,w,c	;volatile
  3358  0000AE  A0D8               	btfss	status,0,c
  3359  0000B0  D00C               	goto	i2l104
  3360                           
  3361                           ; BSR set to: 0
  3362                           ;main.c: 68: {
  3363                           ;main.c: 69: index = 0;
  3364  0000B2  0E00               	movlw	0
  3365  0000B4  6E42               	movwf	_index+1,c	;volatile
  3366  0000B6  0E00               	movlw	0
  3367  0000B8  6E41               	movwf	_index,c	;volatile
  3368                           
  3369                           ;main.c: 70: reading = 0;
  3370  0000BA  0E00               	movlw	0
  3371  0000BC  6E48               	movwf	_reading+1,c	;volatile
  3372  0000BE  0E00               	movlw	0
  3373  0000C0  6E47               	movwf	_reading,c	;volatile
  3374                           
  3375                           ;main.c: 71: new_rx = 1;
  3376  0000C2  0E00               	movlw	0
  3377  0000C4  6E46               	movwf	_new_rx+1,c	;volatile
  3378  0000C6  0E01               	movlw	1
  3379  0000C8  6E45               	movwf	_new_rx,c	;volatile
  3380  0000CA                     i2l104:
  3381  0000CA  C00E  FFF5         	movff	??_ISR+13,tablat
  3382  0000CE  C00D  FFF8         	movff	??_ISR+12,tblptru
  3383  0000D2  C00C  FFF7         	movff	??_ISR+11,tblptrh
  3384  0000D6  C00B  FFF6         	movff	??_ISR+10,tblptrl
  3385  0000DA  C00A  FFF4         	movff	??_ISR+9,prodh
  3386  0000DE  C009  FFF3         	movff	??_ISR+8,prodl
  3387  0000E2  C008  FFDA         	movff	??_ISR+7,fsr2h
  3388  0000E6  C007  FFD9         	movff	??_ISR+6,fsr2l
  3389  0000EA  C006  FFE2         	movff	??_ISR+5,fsr1h
  3390  0000EE  C005  FFE1         	movff	??_ISR+4,fsr1l
  3391  0000F2  C004  FFEA         	movff	??_ISR+3,fsr0h
  3392  0000F6  C003  FFE9         	movff	??_ISR+2,fsr0l
  3393  0000FA  C002  FFFB         	movff	??_ISR+1,pclatu
  3394  0000FE  C001  FFFA         	movff	??_ISR,pclath
  3395  000102  0011               	retfie		f
  3396  000104                     __end_of_ISR:
  3397                           	opt stack 0
  3398                           pclatu	equ	0xFFB
  3399                           pclath	equ	0xFFA
  3400                           tblptru	equ	0xFF8
  3401                           tblptrh	equ	0xFF7
  3402                           tblptrl	equ	0xFF6
  3403                           tablat	equ	0xFF5
  3404                           prodh	equ	0xFF4
  3405                           prodl	equ	0xFF3
  3406                           intcon	equ	0xFF2
  3407                           indf0	equ	0xFEF
  3408                           postinc0	equ	0xFEE
  3409                           fsr0h	equ	0xFEA
  3410                           fsr0l	equ	0xFE9
  3411                           wreg	equ	0xFE8
  3412                           indf1	equ	0xFE7
  3413                           postdec1	equ	0xFE5
  3414                           fsr1h	equ	0xFE2
  3415                           fsr1l	equ	0xFE1
  3416                           indf2	equ	0xFDF
  3417                           postinc2	equ	0xFDE
  3418                           postdec2	equ	0xFDD
  3419                           fsr2h	equ	0xFDA
  3420                           fsr2l	equ	0xFD9
  3421                           status	equ	0xFD8
  3422                           pclatu	equ	0xFFB
  3423                           pclath	equ	0xFFA
  3424                           tblptru	equ	0xFF8
  3425                           tblptrh	equ	0xFF7
  3426                           tblptrl	equ	0xFF6
  3427                           tablat	equ	0xFF5
  3428                           prodh	equ	0xFF4
  3429                           prodl	equ	0xFF3
  3430                           intcon	equ	0xFF2
  3431                           indf0	equ	0xFEF
  3432                           postinc0	equ	0xFEE
  3433                           fsr0h	equ	0xFEA
  3434                           fsr0l	equ	0xFE9
  3435                           wreg	equ	0xFE8
  3436                           indf1	equ	0xFE7
  3437                           postdec1	equ	0xFE5
  3438                           fsr1h	equ	0xFE2
  3439                           fsr1l	equ	0xFE1
  3440                           indf2	equ	0xFDF
  3441                           postinc2	equ	0xFDE
  3442                           postdec2	equ	0xFDD
  3443                           fsr2h	equ	0xFDA
  3444                           fsr2l	equ	0xFD9
  3445                           status	equ	0xFD8
  3446                           
  3447                           	psect	rparam
  3448  0000                     pclatu	equ	0xFFB
  3449                           pclath	equ	0xFFA
  3450                           tblptru	equ	0xFF8
  3451                           tblptrh	equ	0xFF7
  3452                           tblptrl	equ	0xFF6
  3453                           tablat	equ	0xFF5
  3454                           prodh	equ	0xFF4
  3455                           prodl	equ	0xFF3
  3456                           intcon	equ	0xFF2
  3457                           indf0	equ	0xFEF
  3458                           postinc0	equ	0xFEE
  3459                           fsr0h	equ	0xFEA
  3460                           fsr0l	equ	0xFE9
  3461                           wreg	equ	0xFE8
  3462                           indf1	equ	0xFE7
  3463                           postdec1	equ	0xFE5
  3464                           fsr1h	equ	0xFE2
  3465                           fsr1l	equ	0xFE1
  3466                           indf2	equ	0xFDF
  3467                           postinc2	equ	0xFDE
  3468                           postdec2	equ	0xFDD
  3469                           fsr2h	equ	0xFDA
  3470                           fsr2l	equ	0xFD9
  3471                           status	equ	0xFD8


Data Sizes:
    Strings     21
    Constant    40
    Data        32
    BSS         330
    Persistent  0
    Stack       0

Auto Spaces:
    Space          Size  Autos    Used
    COMRAM           95     54      78
    BANK0           160     16     114
    BANK1           256      0     240
    BANK2           256      0       0
    BANK3           256      0       0
    BANK4           256      0       0
    BANK5           256      0       0
    BANK6           256      0       0
    BANK7           256      0       0
    BANK8           256      0       0
    BANK9           256      0       0
    BANK10          256      0       0
    BANK11          256      0       0
    BANK12          256      0       0
    BANK13          256      0       0
    BANK14          256      0       0
    BANK15           56      0       0

Pointer List with Targets:

    strncmp@s2	PTR const unsigned char  size(2) Largest target is 6
		 -> STR_7(CODE[6]), 

    strncmp@s1	PTR const unsigned char  size(2) Largest target is 120
		 -> NULL(NULL[0]), ctxt(BANK1[120]), 

    strchr@ptr	PTR const unsigned char  size(2) Largest target is 120
		 -> NULL(NULL[0]), ctxt(BANK1[120]), 

    sp__strchr	PTR unsigned char  size(2) Largest target is 120
		 -> NULL(NULL[0]), ctxt(BANK1[120]), 

    strstr@s2	PTR const unsigned char  size(2) Largest target is 6
		 -> STR_7(CODE[6]), 

    strstr@s1	PTR const unsigned char  size(2) Largest target is 120
		 -> NULL(NULL[0]), ctxt(BANK1[120]), 

    strncpy@from	PTR const unsigned char  size(2) Largest target is 120
		 -> ctxt(BANK1[120]), 

    strncpy@to	PTR unsigned char  size(2) Largest target is 120
		 -> wstr(BANK1[120]), 

    strncpy@cp	PTR unsigned char  size(2) Largest target is 120
		 -> wstr(BANK1[120]), 

    strlen@s	PTR const unsigned char  size(2) Largest target is 6
		 -> STR_7(CODE[6]), 

    strlen@cp	PTR const unsigned char  size(2) Largest target is 6
		 -> STR_7(CODE[6]), 

    atol@s	PTR const unsigned char  size(2) Largest target is 60
		 -> str(BANK0[60]), 

    sprintf@f	PTR const unsigned char  size(2) Largest target is 5
		 -> STR_5(CODE[5]), STR_3(CODE[5]), 

    sprintf@sp	PTR unsigned char  size(2) Largest target is 32
		 -> buffer(BANK0[32]), 

    sprintf@ap	PTR void [1] size(2) Largest target is 2
		 -> ?_sprintf(COMRAM[2]), 

    S928$_cp	PTR const unsigned char  size(2) Largest target is 0

    _val._str._cp	PTR const unsigned char  size(2) Largest target is 0

    sp__strncpy	PTR unsigned char  size(2) Largest target is 120
		 -> wstr(BANK1[120]), 

    sp__strstr	PTR unsigned char  size(2) Largest target is 120
		 -> NULL(NULL[0]), ctxt(BANK1[120]), 

    uart_write@txt	PTR const unsigned char  size(2) Largest target is 60
		 -> STR_6(CODE[2]), STR_4(CODE[2]), buffer(BANK0[32]), STR_2(CODE[2]), 
		 -> str(BANK0[60]), STR_1(CODE[6]), 


Critical Paths under _main in COMRAM

    _strstr->_strncmp
    _strncmp->_strlen
    _serial_init->_uart_write
    _lat->_sprintf
    _uart_write->_uart_xmit
    _sprintf->___llmod
    ___llmod->___lldiv
    _atol->___lmul

Critical Paths under _ISR in COMRAM

    None.

Critical Paths under _main in BANK0

    _main->_lat
    _lat->_sprintf

Critical Paths under _ISR in BANK0

    None.

Critical Paths under _main in BANK1

    None.

Critical Paths under _ISR in BANK1

    None.

Critical Paths under _main in BANK2

    None.

Critical Paths under _ISR in BANK2

    None.

Critical Paths under _main in BANK3

    None.

Critical Paths under _ISR in BANK3

    None.

Critical Paths under _main in BANK4

    None.

Critical Paths under _ISR in BANK4

    None.

Critical Paths under _main in BANK5

    None.

Critical Paths under _ISR in BANK5

    None.

Critical Paths under _main in BANK6

    None.

Critical Paths under _ISR in BANK6

    None.

Critical Paths under _main in BANK7

    None.

Critical Paths under _ISR in BANK7

    None.

Critical Paths under _main in BANK8

    None.

Critical Paths under _ISR in BANK8

    None.

Critical Paths under _main in BANK9

    None.

Critical Paths under _ISR in BANK9

    None.

Critical Paths under _main in BANK10

    None.

Critical Paths under _ISR in BANK10

    None.

Critical Paths under _main in BANK11

    None.

Critical Paths under _ISR in BANK11

    None.

Critical Paths under _main in BANK12

    None.

Critical Paths under _ISR in BANK12

    None.

Critical Paths under _main in BANK13

    None.

Critical Paths under _ISR in BANK13

    None.

Critical Paths under _main in BANK14

    None.

Critical Paths under _ISR in BANK14

    None.

Critical Paths under _main in BANK15

    None.

Critical Paths under _ISR in BANK15

    None.

Call Graph Tables:

 ---------------------------------------------------------------------------------
 (Depth) Function   	        Calls       Base Space   Used Autos Params    Refs
 ---------------------------------------------------------------------------------
 (0) _main                                                 1     1      0    4727
                                             53 COMRAM     1     1      0
                            _init_io
                                _lat
                        _serial_init
                            _strncpy
                             _strstr
 ---------------------------------------------------------------------------------
 (1) _strstr                                               4     0      4     966
                                             30 COMRAM     4     0      4
                             _strchr
                             _strlen
                            _strncmp
 ---------------------------------------------------------------------------------
 (2) _strncmp                                              9     3      6     293
                                             21 COMRAM     9     3      6
                             _strlen (ARG)
 ---------------------------------------------------------------------------------
 (2) _strlen                                               6     4      2     196
                                             15 COMRAM     6     4      2
 ---------------------------------------------------------------------------------
 (2) _strchr                                               4     0      4     194
                                             15 COMRAM     4     0      4
 ---------------------------------------------------------------------------------
 (1) _strncpy                                              8     2      6     300
                                             15 COMRAM     8     2      6
 ---------------------------------------------------------------------------------
 (1) _serial_init                                          1     1      0     491
                                             20 COMRAM     1     1      0
                         _uart_write
 ---------------------------------------------------------------------------------
 (1) _lat                                                  5     5      0    2970
                                             11 BANK0      5     5      0
                               _atol
                            _sprintf
                         _uart_write
 ---------------------------------------------------------------------------------
 (2) _uart_write                                           3     1      2     491
                                             17 COMRAM     3     1      2
                          _uart_xmit
 ---------------------------------------------------------------------------------
 (3) _uart_xmit                                            2     0      2      75
                                             15 COMRAM     2     0      2
 ---------------------------------------------------------------------------------
 (2) _sprintf                                             25    17      8    1760
                                             39 COMRAM    14     6      8
                                              0 BANK0     11    11      0
                            ___lldiv
                            ___llmod
 ---------------------------------------------------------------------------------
 (3) ___llmod                                             10     2      8     362
                                             29 COMRAM    10     2      8
                            ___lldiv (ARG)
 ---------------------------------------------------------------------------------
 (3) ___lldiv                                             14     6      8     371
                                             15 COMRAM    14     6      8
 ---------------------------------------------------------------------------------
 (2) _atol                                                15    11      4     719
                                             27 COMRAM    15    11      4
                             ___lmul
                            _isdigit
 ---------------------------------------------------------------------------------
 (3) _isdigit                                              3     3      0      68
                                             15 COMRAM     3     3      0
 ---------------------------------------------------------------------------------
 (3) ___lmul                                              12     4      8     278
                                             15 COMRAM    12     4      8
 ---------------------------------------------------------------------------------
 (1) _init_io                                              0     0      0       0
 ---------------------------------------------------------------------------------
 Estimated maximum stack depth 3
 ---------------------------------------------------------------------------------
 (Depth) Function   	        Calls       Base Space   Used Autos Params    Refs
 ---------------------------------------------------------------------------------
 (4) _ISR                                                 15    15      0      45
                                              0 COMRAM    15    15      0
 ---------------------------------------------------------------------------------
 Estimated maximum stack depth 4
 ---------------------------------------------------------------------------------

 Call Graph Graphs:

 _main (ROOT)
   _init_io
   _lat
     _atol
       ___lmul
       _isdigit
     _sprintf
       ___lldiv
       ___llmod
         ___lldiv (ARG)
     _uart_write
       _uart_xmit
   _serial_init
     _uart_write
       _uart_xmit
   _strncpy
   _strstr
     _strchr
     _strlen
     _strncmp
       _strlen (ARG)

 _ISR (ROOT)

 Address spaces:
Name               Size   Autos  Total    Cost      Usage
BIGRAM             F37      0       0      37        0.0%
EEDATA             400      0       0       0        0.0%
BITBANK14          100      0       0      33        0.0%
BANK14             100      0       0      34        0.0%
BITBANK13          100      0       0      31        0.0%
BANK13             100      0       0      32        0.0%
BITBANK12          100      0       0      29        0.0%
BANK12             100      0       0      30        0.0%
BITBANK11          100      0       0      27        0.0%
BANK11             100      0       0      28        0.0%
BITBANK10          100      0       0      25        0.0%
BANK10             100      0       0      26        0.0%
BITBANK9           100      0       0      23        0.0%
BANK9              100      0       0      24        0.0%
BITBANK8           100      0       0      21        0.0%
BANK8              100      0       0      22        0.0%
BITBANK7           100      0       0      19        0.0%
BANK7              100      0       0      20        0.0%
BITBANK6           100      0       0      17        0.0%
BANK6              100      0       0      18        0.0%
BITBANK5           100      0       0      15        0.0%
BANK5              100      0       0      16        0.0%
BITBANK4           100      0       0      13        0.0%
BANK4              100      0       0      14        0.0%
BITBANK3           100      0       0      10        0.0%
BANK3              100      0       0      11        0.0%
BITBANK2           100      0       0       8        0.0%
BANK2              100      0       0       9        0.0%
BITBANK1           100      0       0       6        0.0%
BANK1              100      0      F0       7       93.8%
BITBANK0            A0      0       0       4        0.0%
BANK0               A0     10      72       5       71.3%
BITCOMRAM           5F      0       0       0        0.0%
COMRAM              5F     36      4E       1       82.1%
BITBANK15           38      0       0      35        0.0%
BANK15              38      0       0      36        0.0%
BITSFR_1             0      0       0      40        0.0%
SFR_1                0      0       0      40        0.0%
BITSFR               0      0       0      40        0.0%
SFR                  0      0       0      40        0.0%
STACK                0      0       0       2        0.0%
NULL                 0      0       0       0        0.0%
ABS                  0      0     1B0      12        0.0%
DATA                 0      0     1B0       3        0.0%
CODE                 0      0       0       0        0.0%


Microchip Technology PIC18 Macro Assembler V1.31 build 56723 
Symbol Table                                                                                   Sun Jul 13 11:44:36 2014

                      _c 004B            uart_write@txt 0012             __CFG_CP0$OFF 000000  
           __CFG_CP1$OFF 000000                      l110 1B80                      l130 13C6  
                    l132 1414                      l341 15CA                      l173 10C4  
                    l349 16C0                      l642 1858                      l652 18C2  
                    l781 1ACE                      u700 1956                      _ISR 0008  
                    u710 1988                      u707 194C                      u717 197E  
                    _lat 12F6                      _str 0066                      wreg 000FE8  
             _TXSTA1bits 000FAC             __CFG_LVP$OFF 000000                     ?_ISR 0001  
                   l1333 1A10                     l1431 1618                     l1329 19FC  
                   l1345 1B58                     l1425 160E                     l1521 173A  
                   l1513 16D4                     l1523 1742                     l1437 167C  
                   l1517 1704                     l1535 1AE6                     l1393 1966  
                   l1811 1072                     l1651 17DA                     l1813 1080  
                   l1805 1052                     l1389 1934                     l1397 1A96  
                   l1645 1798                     l1823 10F0                     l1663 1906  
                   l1399 1A9A                     l1639 175E                     l1647 17C4  
                   l1833 1172                     l1817 1086                     l1665 1910  
                   l1657 18DE                     l1771 180A                     l1773 1816  
                   l1861 12AC                     l1853 11EE                     l1669 1920  
                   l1925 14FA                     l1783 184A                     l1775 181A  
                   l1791 1880                     l1855 1206                     l1847 11D2  
                   l1863 12C2                     l1793 188C                     l1865 12E8  
                   l1945 157E                     l1795 1890                     l1883 136E  
                   l1947 1586                     l1893 1416                     l1965 15B8  
                   l1957 15A6                     ?_lat 0001                     l1799 18B4  
                   l1889 13C8                     STR_1 102F                     STR_2 103C  
                   STR_3 1035                     STR_4 103C                     STR_5 1035  
                   STR_6 103A                     STR_7 1029                     _LATA 000F89  
                   u1255 1146                     _LATC 000F8B                     u1447 14B6  
                   u1457 1522                     u1467 15BE                     u1477 1B1E  
                   _atol 15CA                     _main 14A0                     _ctxt 0100  
                   _mode 0043                     _ping 0064                     fsr0h 000FEA  
                   fsr1h 000FE2                     indf0 000FEF                     fsr0l 000FE9  
                   fsr2h 000FDA                     indf1 000FE7                     fsr1l 000FE1  
                   indf2 000FDF                     fsr2l 000FD9                     _wstr 0178  
                   pclat 000FFA            __CFG_BOREN$ON 000000                     prodh 000FF4  
                   prodl 000FF3                     start 0104            __CFG_IESO$OFF 000000  
                  ??_ISR 0001                    ??_lat 00CD                    ?_atol 001C  
                  ?_main 0001          __end_of___lldiv 186A          __end_of___llmod 18D4  
                  i2l104 00CA      ___lmul@multiplicand 0014           __CFG_FCMEN$OFF 000000  
        __end_of_dpowers 1029                    _gpgga 003F                    _index 0041  
                  _gprmc 0060          __end_of_init_io 19EC                    _ready 0049  
        __end_of_isdigit 1B60                    atol@a 0026                    atol@c 002A  
                  atol@s 001C                    tablat 000FF5                    status 000FD8  
        __end_of_sprintf 12F6          __end_of_strncmp 175C          __end_of_strncpy 1932  
        __initialization 1A42             __end_of_atol 16D2             __end_of_main 15CA  
                 ??_atol 0020                   ??_main 0036            __activetblptr 000003  
                 _ADCON0 000FC2                   _ADCON1 000FC1         ___llmod@dividend 001E  
                 _ANSELA 000F38                   _ANSELB 000F39                   _ANSELC 000F3A  
         __CFG_WDTEN$OFF 000000                   i2l1683 0078                   _RCREG1 000FAE  
                 _SPBRG1 000FAF                   _TXREG1 000FAD             ?_serial_init 0001  
                 ___lmul 19EC           __CFG_STVREN$ON 000000                ??___lldiv 0018  
              ??___llmod 0026                   _buffer 00A2                   _latstr 004C  
                 clear_0 1A48                   clear_1 1A54                   clear_2 1A60  
                 _new_rx 0045                   _lonstr 004D                   _setstr 004E  
                 _strchr 1ACE                   _strlen 1A8C                   _strstr 175C  
              ??_init_io 0010                ??_isdigit 0010             __mediumconst 0000  
                 tblptrh 000FF7                   tblptrl 000FF6                   tblptru 000FF8  
              ??_sprintf 0030                ??_strncmp 001C                ??_strncpy 0016  
        __CFG_HFOFST$OFF 000000               __accesstop 0060  __end_of__initialization 1A86  
         __pcstackCOMRAM 0001             __pidataBANK0 1B60               __pbssBANK0 0060  
             __pbssBANK1 0100                  ISR@temp 000F                  ?___lmul 0010  
         ___lmul@product 0018                  ?_strchr 0010                  ?_strlen 0010  
                ?_strstr 001F       __size_of_uart_xmit 000A                  _SPBRGH1 000FB0  
        __CFG_PWRTEN$OFF 000000                  __Hparam 0000                  __Lparam 0000  
        __size_of___lmul 0056                  ___lldiv 17E4                  ___llmod 186A  
   __size_of_serial_init 0034             __psmallconst 1000                  __pcinit 1A42  
                __ramtop 1000                  __ptext0 14A0                  __ptext1 175C  
                __ptext2 16D2                  __ptext3 1A8C                  __ptext4 1ACE  
                __ptext5 18D4                  __ptext6 1B02                  __ptext7 12F6  
                __ptext8 1932                  __ptext9 1B80          __size_of_strchr 0034  
        __size_of_strlen 0042             __size_of_ISR 00FC          __size_of_strstr 0088  
                _dpowers 1001                  _init_io 1990             __size_of_lat 01AA  
                _isdigit 1B36                  _reading 0047                  _isrcall 0062  
                _sprintf 1040                  _strncmp 16D2                  _strncpy 18D4  
   end_of_initialization 1A86          ___lldiv@divisor 0014        __end_of_uart_xmit 1B8A  
        ___lldiv@counter 001D                  postdec1 000FE5                  postdec2 000FDD  
                postinc0 000FEE                  postinc2 000FDE                  strlen@s 0010  
             _uart_write 1932                _PORTCbits 000F82                _TRISAbits 000F92  
              _TRISBbits 000F93                _TRISCbits 000F94     uart_xmit@mydata_byte 0010  
         __end_of___lmul 1A42           __end_of_strchr 1B02           __end_of_strlen 1ACE  
         __end_of_strstr 17E4      start_initialization 1A42              __end_of_ISR 0104  
            __end_of_lat 14A0          ___llmod@divisor 0022          ___llmod@counter 0027  
               ??___lmul 0018              __pdataBANK0 00A2              ?_uart_write 0012  
               ??_strchr 0014                 ??_strlen 0012                 ??_strstr 0023  
            __pbssCOMRAM 0037            __pcstackBANK0 00C2      __end_of__stringdata 103E  
           _isdigit$1209 0011              sprintf@_val 00C7              sprintf@flag 00C6  
            sprintf@prec 00C2                __pintcode 0008                 ?___lldiv 0010  
               ?___llmod 001E              __smallconst 1000                 ?_init_io 0001  
               ?_isdigit 0001                 ?_sprintf 0028                 ?_strncmp 0016  
               ?_strncpy 0010                 _LATAbits 000F89                 _LATCbits 000F8B  
    __size_of_uart_write 005E              strncpy@from 0012                 _PIE1bits 000F9D  
            strncpy@size 0014                 _PIR1bits 000F9E            ??_serial_init 0015  
              _uart_xmit 1B80              __stringdata 1029        ___lmul@multiplier 0010  
              copy_data0 1A7A                 __Hrparam 0000                 __Lrparam 0000  
             ?_uart_xmit 0010         __size_of___lldiv 0086         __size_of___llmod 006A  
    __end_of_serial_init 1B36         __size_of_init_io 005C         __size_of_isdigit 002A  
               __ptext10 1040                 __ptext11 186A                 __ptext12 17E4  
               __ptext13 15CA                 __ptext14 1B36                 __ptext15 19EC  
               __ptext16 1990         __size_of_sprintf 02B6         __size_of_strncmp 008A  
       __size_of_strncpy 005E            __size_of_atol 0108            __size_of_main 012A  
             strncmp@len 001A                 atol@sign 0025             ??_uart_write 0014  
             _INTCONbits 000FF2                 isdigit@c 0012                 intlevel2 0000  
              sprintf@ap 00C4                sprintf@sp 0028                strchr@chr 0012  
              strchr@ptr 0010         ___lldiv@dividend 0010               _RCSTA1bits 000FAB  
     __end_of_uart_write 1990                strncmp@s1 0016                strncmp@s2 0018  
             _OSCCONbits 000FD3                strncpy@cp 0016                strncpy@to 0010  
            _serial_init 1B02              ??_uart_xmit 0012                 sprintf@c 00CC  
               sprintf@f 002A         ___lldiv@quotient 0019                 strlen@cp 0014  
               strstr@s1 001F                 strstr@s2 0021        __CFG_FOSC$INTIO67 000000  
           _position_set 003B             _position_now 0037  
