:020000040000FA
:1000000000EFEEF01200FFFF63EF7BF01200FFFF46
:10001000FFFFFFFFFFFFFFFF3DEF7BF01200FFFF41
:10002000FFFFFFFFFFFFFFFFFFFF1D00955C0100CB
:10003000340B000001000000945C0100330B000051
:1000400001000000925C0100270B0000020000008C
:10005000245C0100000500006E000000235C01002C
:10006000320B0000010000001A5C0100570F000075
:1000700009000000005C0100E30800001A00000015
:10008000FF5B0100310B000001000000F75B010085
:10009000E809000008000000F45B0100140B0000F8
:1000A00003000000E15B0100E8060000130000000F
:1000B000E05B0100300B000001000000DC5B010090
:1000C000100B000004000000DB5B01002F0B0000A0
:1000D00001000000D95B0100250B000002000000B8
:1000E000CF5B0100DE0900000A000000CE5B0100CA
:1000F0002E0B000001000000CD5B01002D0B000065
:1001000001000000895A01002C0B000001000000D2
:10011000CA5B0100FD08000003000000825B0100D3
:100120000007000048000000785B0100D4090000CF
:100130000A000000765B0100230B000002000000B3
:10014000745B0100210B000002000000725B0100E3
:100150001F0B0000020000005F5B01002B0B000082
:10016000010000006E5B01000C0B000004000000A9
:10017000645B0100CA0900000A000000625B010024
:100180001D0B000002000000030145510B01215D21
:1001900001E11200FE0E215D0CE01C0EE66EE66A27
:1001A000290EE66E030EE66E215108EC19F087EC7D
:1001B00019F045C321FBFE0E0301455D01E112006C
:1001C0001C0EE66EE66A455108EC19F0290EE66E43
:1001D000030EE66E87EF19F00B012151225D01E15C
:1001E0001200FE0E225D21E0270E0301C56FC66BD3
:1001F0000301010EC46F0301020EC26F030EC36F31
:100200000B0171EC19F01B0EF4EC1AF0EFCFC1F3F7
:1002100071EC19F0EECFBFF3EFCFC0F30301270E5F
:10022000BF5F000EC05B6FEC16F021CB22FB270EE8
:100230006BEC19F029C3C2F32AC3C3F30301C25FF5
:10024000000EC35BACEC1AF0020EBF6F030EC06F62
:100250006FEF16F00C01C20E1D6F0F0E1E6F030123
:10026000005101110FE187EC62F026C000F327C0B6
:1002700001F3FF0E03010017070E0117000E002700
:10028000040E01233C0EE66EE66AE66A000EE66E98
:10029000080EE66E54EC90F0006E050EE15E005024
:1002A0000C01156B146B145131EC17F001E38ED077
:1002B00014CC45F369DF88EC17F0C1EC17F0F62A8F
:1002C000000EF722F8220800F5CF1CFC88EC17F08E
:1002D000C1EC17F0020EF626000EF722F8220900F4
:1002E000F5CF16FC0A00F5CF17FC88EC17F076EC7A
:1002F0001BF0040EF626000EF722F8220900F5CFB7
:1003000018FC0A00F5CF19FC0C011C5128E11DCC8A
:100310001AFC1ECC1BFC270E036A1625026E175111
:100320000322AFEC1AF002501825006E0350192179
:100330001CEC1BF000501D2701501E231DCC00F0AB
:100340001ECC01F0026A036AD880FE0E00541E0E15
:100350000154000E0254000E035402E2EFD7FFD7FF
:100360001CCC44F3270E0C011A250301296F000E43
:100370000C011B2103012A6F29510C0116250301D1
:100380002B6F2A510C01172103012C6F010E2B2713
:10039000000E2C232B510C01182503012D6F2C511D
:1003A0000C01192103012E6F0D0E3F6F409714DFD2
:1003B00088EC17F024C003F076EC1BF00800F5CFB2
:1003C00028F3FFEC0FF00C01142B6DD712000C0179
:1003D0003B6B3B5131EC17F001E390D03BCC45F344
:1003E000D3DE0D0E03013F5D01E085D0F5DE030194
:1003F0004D51285D01E07FD0180E256F020E266F4B
:100400004A510CE14BC312F34CC313F34087040E63
:100410003F6F4BC342F34CC343F36AD0000E005D01
:10042000040E015906E3880ED8800055130E0155BD
:1004300003E2006B040E016F00C312F301C313F358
:10044000002B000E01234BC310F34CC311F3F8EC47
:100450001AF0030140894A51040A25E0070A11E015
:10046000020A02E0030A44E1BCEC19F0020E4A5D04
:1004700002E0000E01D0010E2495E8B024853F6B08
:1004800037D048514625026E4951472113EC19F0E7
:10049000BCEC19F0276B270E026F036B046B056B26
:1004A000020E3F6F25D046C3E9FF47C3EAFFC5EC04
:1004B00019F046C3E9FF47C3EAFF0450EE24026E79
:1004C0000550EE2013EC19F00A0EE66EE66A46C3FC
:1004D000E6FF47C3E6FF32EC1AF0FEEC18F003012A
:1004E000050E3F6F2FEC1BF0020EAD6F37EC0CF0DA
:1004F0000C013B5112000C013B2B6BD7FE0C03018E
:100500004E5131EC17F001E3010C4EC345F33CDED4
:10051000030141A902D04199010C000C03014F5184
:1005200031EC17F001E3000C4FC345F32DDE070E4D
:1005300003013F5D01E0000C010C0301505131EC5F
:1005400017F001E3120050C345F35FEC1AF003010A
:100550003F51080A38E0010A36E0050A34E0020A91
:100560002FE0050A1FE00D0A0FE0010A0DE0070A5F
:1005700031E0020A2FE0010A2DE0060A2BE0040A0E
:1005800022E1DEEC74F026D0FAEC18F003011451ED
:10059000151106E00E512F19F7E10F513019F4E152
:1005A000080E0FD0FAEC18F003011451151106E0F3
:1005B0000E512F19F7E10F513019F4E10C0E01D053
:1005C0000D0E3F6F12000301AE6B0301140EAD6FF1
:1005D00037EC0CF0FFEF0FF00301515131EC17F045
:1005E00001E3120051C345F3CFDD0301409751C32E
:1005F00050F39DEF02F00301525131EC17F003E389
:10060000F36AF46A120052C345F3B4EC1AF00A0E0E
:10061000E66EE66A32EC1AF0530EE66E030EE66EF4
:10062000FEEC18F010C35DF311C35EF3530E006EC1
:10063000030E01EF18F003015F5131EC17F001E3F5
:1006400012005FC345F3B4EC1AF003010E512F19E9
:1006500002E10F51301902E0BAEC17F01200030169
:10066000605131EC17F00CE260C345F38DDD3FC300
:1006700082FC070E0C01825D06E00B0E825D03E03A
:10068000F36AF46A1200030131512F5D325130597F
:1006900016E329512B5D026E2C512A55036E02067A
:1006A000000E035A31512F5D046E30513255056EE4
:1006B0000450025C006E0550035801EF18F02F51F2
:1006C000315D006E32513055016E0006000E015A48
:1006D00000C0F3FF01C0F4FF12000301615131ECCF
:1006E00017F001E3000C61C345F34EDD61C360F315
:1006F000B6DFF3CF0FFCF4CF10FC0C01F350F41075
:1007000001E1000C010E0F1904E1105102E1B8ECF7
:100710001AF003014151010B0CE168EC1BF00C01D4
:100720000F51005C1051015804E3B8EC1AF00301BA
:100730004181010E0301C56FC66B0301C46F030144
:10074000620EC26F030EC36F46EC1BF003012F2B2A
:10075000000E30232B512F5D2C51305902E39FECBA
:1007600019F00C01010E0F1905E1105103E1B8EC6D
:100770001AF0010C030140BB02D0BEEC17F0010CD3
:100780000C01E56BE66B0301635131EC17F010E2ED
:1007900063C345F3F9DC63C360F361DFF3CFE3FCCC
:1007A000F4CFE4FC0C01F350F41005E1BCEC1AF0BA
:1007B000F36AF46A1200E3CCE1FCE4CCE2FC41EC25
:1007C0001AF004E266C3E1FC67C3E2FC4151010B8D
:1007D0000CE168EC1BF00C01E351005CE4510158A2
:1007E00004E3BCEC1AF00301418103012F510C0119
:1007F000E125006E030130510C01E22166EC1AF094
:100800001EE32F512B5D0C01E56F030130512C5974
:100810000C01E66FE5CCC5F3E8CFC6F37BEC18F02E
:100820000C01E551030164270C01E6510301652326
:100830000C01E551E15FE651E25B9FEC19F0E1CC80
:10084000C5F3E2CCC6F37BEC18F00C01E1510301D7
:100850002F270C01E251030130230C0141EC1AF067
:1008600003E3BCEC1AF004D040BB02D0BEEC17F09E
:100870000C01E151E525006EE251E62101EF18F08F
:100880000C012E6B2F6B0301685131EC17F010E255
:1008900068C345F379DC68C360F3E1DEF3CF2CFC79
:1008A000F4CF2DFC0C01F350F41005E1C0EC1AF06C
:1008B000F36AF46A120003014151010B0CE168EC88
:1008C0001BF00C012C51005C2D51015804E3C0ECCD
:1008D0001AF0030141812CCC2AFC2DCC2BFCCCEC52
:1008E00019F004E26CC32AFC6DC32BFC2F510C01E0
:1008F0002A25006E030130510C012B2166EC1AF001
:1009000022E32F512B5D0C012E6F030130512C5926
:100910000C012F6F2ECCCDF3E8CFCEF3C1EC18F045
:100920002ECC00F02FCC01F0026A005003016927A1
:1009300001506A2302506B230C012E512A5F2F5164
:100940002B5B9FEC19F02ACCCDF32BCCCEF3C1EC72
:1009500018F00C012A5103012F270C012B51030120
:100960003023CCEC19F003E3C0EC1AF004D040BB08
:1009700002D0BEEC17F00C012A512E25006E2B512F
:100980002F2101EF18F06FC3E6FF70C3E6FFFCEC08
:1009900090F0E552E552F3CF66F3F4CF67F36FC3FF
:1009A00064F370C365F36EC363F3EADE03016F5152
:1009B000F324006E7051F42001EF18F072C3E6FFCB
:1009C00073C3E6FF74C3E6FF0AEC91F0E552E5520B
:1009D000E55227C06CF328C06DF372C369F373C38B
:1009E0006AF374C36BF371C368F34ADF056A0301EA
:1009F0007251F324006E7351F420016E745105207E
:100A0000026E00C027F001C028F0296E1200030119
:100A1000755131EC17F003E3F36AF46A120075C301
:100A200045F3C4EC00F0030129512B5D0C01026F6A
:100A300003012A512C590C01036F010E025F000EB5
:100A4000035B75C360F30BDE0C01F350025D006EB7
:100A50000351F45401EF18F076C377F30CD89DECF2
:100A60001BF0F350F41006E076C345F35FEC1AF088
:100A7000BAEC17F012000301775131EC17F003E3E1
:100A8000F36AF46A120077C345F3C4EC00F020EC7B
:100A90001AF006E33551335D006E3451365513D0EC
:100AA00035512D5D026E2E513655036EAFEC1AF0A6
:100AB0002B51335D046E34512C55056E02500424C5
:100AC000006E0350052001EF18F078C377F3D3DFF1
:100AD000F3CF39FCF4CF3AFC0C01F350F41001E1F0
:100AE000000C78C345F3C4EC00F0030179517A118E
:100AF0000FE0010E6BEC19F035C3C2F336C3C3F33C
:100B00000301C16F79C3BFF37AC3C0F36FEC16F072
:100B10000301352B000E362335512D5D36512E59EC
:100B200002E2C4EC1AF00C01010E391905E13A5148
:100B300003E103014185010C030140BB02D01BEC22
:100B400018F0010C0C015F6B606B7BC377F393DFD4
:100B5000F3CF5DFCF4CF5EFC0C01F350F41003E125
:100B6000F36AF46A12007BC345F3C4EC00F003019E
:100B70007E510C015D5D03017F510C015E5904E261
:100B80005DCC7EF35ECC7FF3030135517E25006E94
:100B900036517F2126EC1AF029E235512D5D0C01EA
:100BA0005F6F030136512E590C01606F010E5F27F4
:100BB000000E602303017C517D110EE05FCCC5F374
:100BC00060CCC6F384EC18F00C015F5103017C2764
:100BD0000C01605103017D230C015F5103017E5F15
:100BE0000C01605103017F5BC4EC1AF07C517D1154
:100BF00006E07EC3C5F37FC3C6F384EC18F003019F
:100C00007E5135277F5136230C015F5103017E272A
:100C10000C01605103017F237E510C015D5D006E6C
:100C20005E5103017F55016E00507E5D01507F597A
:100C300002E3418504D040BB02D01BEC18F07EC318
:100C4000F3FF7FC3F4FF12000301805131EC17F072
:100C500003E3F36AF46A120080C345F3C4EC00F0C6
:100C600003012B512D5D0C013B6F03012C512E59BB
:100C70000C013C6F80C377F3FEDE0C01F3503B5D4B
:100C8000006E3C51F45401EF18F00301815131EC36
:100C900017F003E28451851103E1F36AF46A12004C
:100CA00081C345F3C4EC00F081C377F3E4DEF3CFF6
:100CB00002FCF4CF03FC030186518425006E8751AA
:100CC0008521016E0C010050F35C0150F4580BE2D9
:100CD000030186510C01025D0301846F87510C01F1
:100CE00003590301856F0301355186250C01006FFF
:100CF0000301365187210C01016F005103012D5D65
:100D00000C01015103012E5906E2B2EC17F00C015F
:100D1000005F0150015B0C01005103012D5D0C01CE
:100D2000046F015103012E590C01056F010E0427B8
:100D3000000E0523030184510C01045D030185515C
:100D40000C01055907E384C3C5F385C3C6F31AEC48
:100D500019F022D004CCC5F305CCC6F31AEC19F077
:100D60006FEC16F00C0104510301845D0301C56FA3
:100D70000C01055103018559D5EC19F0BAEC1BF0B3
:100D8000030182510C0104250301BF6F030183514C
:100D90000C0105210301C06F6FEC16F084C3F3FF53
:100DA00085C3F4FF120089C386F38AC387F3010E5B
:100DB0000301846F856B0301060E826F0C0E836F37
:100DC00088C381F362DF0C010651120003018B51CD
:100DD00031EC17F003E28E518F1103E1F36AF46AEC
:100DE00012008BC345F3C4EC00F08BC377F343DEF2
:100DF00003019051F35C0C013B6F03019151F458D6
:100E00000C013C6FDEEC19F001E205D103019251B7
:100E100093110DE00C013B510301925D0C013C511B
:100E20000301935904E292C33BFC93C33CFC35514C
:100E300090250C013F6F0301365191210C01406F49
:100E40003F5103012D5D0C01405103012E5906E273
:100E5000B2EC17F00C013F5F0150405B3FCC39FC16
:100E600040CC3AFC0C013F5103012D5D0C013D6F5C
:100E7000405103012E590C013E6F010E3D27000E1B
:100E80003E2390C33FFC91C340FC8EC341FC8FC303
:100E900042FC8CC343FC8DC344FC03018CC3E9FFBB
:100EA0008DC3EAFF8C2B8D23EFCF46FC0C01486BE2
:100EB0000301945109E0610E0C01465D05E34651C2
:100EC0007A0802E3E00E46270C01200E476FE85037
:100ED0003D5D000E3E5902E23DCC47FC47513B5D73
:100EE000000E3C5902E23BCC47FC47516BEC19F039
:100EF00039CCC2F33ACCC3F3ACEC1AF0490EBF6F55
:100F00000C0EC06F6FEC16F00C014751B8EC19F0E5
:100F1000392701503A234751B8EC19F03D5F015091
:100F20003E5B3D513E1106E12BC339FC2CC33AFC1C
:100F30003D693E69030194513EE00C01456B475108
:100F4000455D5FE251EC18F0EFCF00F0610E005C00
:100F50000BE351EC18F0EF507A0806E3E00E006E58
:100F600051EC18F00050EF2651EC18F0EF50465DB0
:100F70000EE16DEC1AF02CE026EC19F0610E465DE6
:100F800018E346517A0815E3E00E462712D041CC0B
:100F90008EF342CC8FF348510CE0CFEC18F0610E89
:100FA0000C01465D05E346517A0802E3E00E462750
:100FB000486B452BC4D70C01456B4751455D21E279
:100FC00051EC18F0EF50465D10E16DEC1AF00AE1BB
:100FD0000C0141513F5D026E40514255036E455137
:100FE00091EF18F026EC19F00AD041CC8EF342CCE8
:100FF0008FF3485104E0CFEC18F00C01486B452BFF
:10100000DCD70C014751B8EC19F03B5F01503C5B59
:10101000DEEC19F003E2F368F46812004751B8EC13
:1010200019F03F27015040234FD70301955131EC70
:1010300017F003E299519A1103E1F36AF46A12007E
:1010400095C345F3C4EC00F095C377F314DD0301B9
:101050009B51F35C0C01026F03019C51F4580C018D
:10106000036FE7EC19F001E205D103019D519E11D8
:101070000DE00C01025103019D5D0C0103510301C0
:101080009E5904E29DC302FC9EC303FC35519B257F
:101090000C01066F030136519C210C01076F0651AC
:1010A00003012D5D0C01075103012E5906E2B2EC3C
:1010B00017F00C01065F0150075B06CC00FC07CC63
:1010C00001FC0C01065103012D5D0C01046F075159
:1010D00003012E590C01056F010E0427000E052394
:1010E0009BC306FC9CC307FC99C308FC9AC309FC7C
:1010F00096C30AFC97C30BFC98C30CFC030196C370
:10110000F6FF962B97C3F7FF4EEC1BF0106B030115
:101110009F5109E0610E0C010E5D05E30E517A0846
:1011200002E3E00E0E270C01200E0F6FE850045D65
:10113000000E055902E204CC0FFC0F51025D000EB7
:10114000035902E202CC0FFC0F516BEC19F000CCFA
:10115000C2F301CCC3F3ACEC1AF0110EBF6F0C0E4E
:10116000C06F6FEC16F00C010F51B8EC19F00027AE
:10117000015001230F51B8EC19F0045F0150055BD9
:101180000451051106E12BC300FC2CC301FC0469CA
:10119000056903019F513EE00C010D6B0F510D5D80
:1011A0005FE258EC18F0EFCF00F0610E005C0BE34B
:1011B00058EC18F0EF507A0806E3E00E006E58EC99
:1011C00018F00050EF2658EC18F0EF500E5D0EE1CD
:1011D00074EC1AF02CE064EC18F0610E0E5D18E36C
:1011E0000E517A0815E3E00E0E2712D008CC99F3C1
:1011F00009CC9AF310510CE006EC18F0610E0C01CA
:101200000E5D05E30E517A0802E3E00E0E27106B27
:101210000D2BC4D70C010D6B0F510D5D21E258EC65
:1012200018F0EF500E5D10E174EC1AF00AE10C01B9
:101230000851065D026E07510955036E0D5191EF7D
:1012400018F064EC18F00AD008CC99F309CC9AF3A2
:10125000105104E006EC18F00C01106B0D2BDCD7DC
:101260000C010F51B8EC19F0025F0150035BE7EC81
:1012700019F003E2F368F46812000F51B8EC19F0AA
:101280000627015007234FD7A6C394F3A4C392F3B4
:10129000A5C393F3A2C390F3A3C391F3010E03017B
:1012A0008E6F8F6B0301A10E8C6F030E8D6FA0C329
:1012B0008BF3E6EF06F00C01006B005131EC17F0F8
:1012C00001E309D200CC45F3C4EC00F00C01036B40
:1012D000016B026B03014151020B03E14151040B0D
:1012E0000EE036EC71F000090AE00C01100E036FFD
:1012F00003014151040B01E0010E0C01016F0301D8
:1013000040AB11D0E0ECAAF0030126503B5D006E2B
:1013100027503C59016EE83402E2C9EC1AF003E3AD
:101320000C01100E036F030140AD09D07CEC19F0E5
:1013300002E2C9EC1AF003E30C01100E036F0B0E6E
:1013400003013F5D0CE17CEC19F002E2C9EC1AF0FC
:1013500006E30C01110E036F03010C0E3F6F040E28
:101360003F5D53E10C01046B056B030E045D000E41
:1013700005594BE2EEEC1AF0A2EC1BF046E0EEEC65
:101380001AF005EC19F076EC18F003014251001840
:1013900037E14351011834E1ECEC00F00A0EE66E3F
:1013A000E66AEEEC1AF0F0EC19F032EC1AF006EC0A
:1013B00090F0060EE15EEEEC1AF0CEEC1AF0EECFF5
:1013C00010F3EDCF11F3EEEC1AF00C0EF4EC1AF072
:1013D000EECF0AF3EECF0BF3EECF0CF3EFCF0DF31E
:1013E00003010A2B0B230C230D2332EC18F00C0104
:1013F000120E036F0301060E3F6F38EC17F005D095
:101400000C01042B000E0523B0D70C0103510AE098
:10141000015102E0000E01D0010E0301AE6F03CCBA
:10142000ADF325DA030140B92FD0070E3F5D01E08F
:101430004FD13EEC18F001E04BD103014051070BB6
:10144000060816E14051080B01E0010E0C01036F84
:1014500000CC50F39DEC02F000CC50F39DEC02F078
:101460000C01035101E034D103010E0E3F6F30D166
:10147000ECEC00F00301020EAE6F0301100E43EC22
:101480001BF07DEC17F024D13EEC18F001E020D1E8
:10149000ECEC00F003013F510C0A01E1CDD0060A4B
:1014A00001E1C4D0030A01E1D0D0010A01E1BAD0C0
:1014B0000F0A01E1AED00C0A01E1ABD00D0A01E147
:1014C0009DD0030A01E187D0060A5AE0010A48E0EC
:1014D000030A21E0010A01E0BDD0D9EC74F0000953
:1014E00001E1B8D00301010E3F6F24A50BD0070125
:1014F000E76F18C3E4F719C3E5F71AC3E6F70BEC77
:1015000075F0A8D00701E36F18C3E1F719C3E2F73C
:10151000EBEC74F09FD00701060EE86F0C0EE96F3C
:101520002EEC75F0000901E195D0DEEC74F00009B5
:1015300013E006CC18F307CC19F308CC1AF309CC46
:101540001BF30301020E3F6F32EC18F0276B270EDE
:10155000026F036B046B50D07DEC17F03F6B7AD0B9
:10156000E0ECAAF026C03BF327C03CF30501180EBF
:10157000F76F030EF86F08EC8FF00301030E29D00C
:1015800005011C0EFB6F030EFC6F0501180EF96FB1
:10159000030EFA6F35EC8FF0000915E1E0ECAAF0CC
:1015A00003013B51265C006E3C512758016E0050F0
:1015B000025D015003594EE2060E275D02E27BEC0C
:1015C0001AF0020E06D00C01020E036F016B03012C
:1015D000050E3F6F3FD00C01020E036F010E016F2D
:1015E000040E0301275D36E3040E276F200E026F01
:1015F000EF0E036F090E046F056B2CD0020E275DF2
:1016000003E20C01120E1DD040B71FD00C01020ED8
:1016100007D0050E275D0DE3080E3F6F0C01110E7C
:10162000036F18D0050E275D10E209D0050E275D67
:101630000CE20C01100E05D0050E275D06E20C0130
:10164000110E036F010E016F05D00C01140E036F14
:10165000010E026F0C01035136E001512EE003012F
:101660007BEC1AF031510E5D0C01046F0301325115
:101670000F590C01056F030137EC1AF007E2A7ECD4
:1016800017F000500C0104270150052304CC00F092
:1016900005CC01F0026A036A0050030147EC19F01F
:1016A0000C010451030114270C01055103011523FA
:1016B000D1EC1AF00301AE6B03D00301010EAE6F43
:1016C00003CCADF3D4D80C01025102E0FFEC0FF0D3
:1016D0000C01002BF2D5046B056B030E045D000EAC
:1016E00005592FE2EEEC1AF0A2EC1BF001E112001A
:1016F000EEEC1AF0D6EC1AF04FEC19F002C0E6FF4F
:1017000003C0E6FFE0ECAAF0E552E7CF03F0E552B4
:10171000E7CF02F00250265C006E03502758016E9E
:10172000DC0ED8800054010E015406E238EC17F0AC
:101730000C010407000E055B0C01042B000E0523B1
:10174000CCD71200A7C3E9FFA8C3EAFFEECF14FC71
:10175000EECF15FCEECF16FCEFCF17FCA9C3E9FFC7
:10176000AAC3EAFFEECF18FCEECF19FCEECF1AFCAD
:10177000EFCF1BFC0C011C6B060E1D6FABC31EFCD8
:10178000ACC31FFCABC3C8F6ACC3C9F6F6EC65F03E
:10179000F3CF1EFCF4CF1FFC0C0E0601D06FD16BF3
:1017A0000601140ECE6F0C0ECF6F11EC66F0F3CF66
:1017B00020FCF4CF21FC0C01201F211FABC3C9F872
:1017C000ACC3CAF8D3EC72F0F3CF22FCF4CF23FC05
:1017D0000C01F350201948E12351211945E1090179
:1017E000866B876B67EC9FF0140E0801D36FD46B88
:1017F0000801000ED16F0C0ED26FFFEC73F00301E5
:10180000000EB36F0C0EB46FB9DB0C010C516DEC14
:101810001BF0040DF35082EC1AF000C024FC0050C1
:10182000006E016AE8500301AB5DAB6F0150AC592B
:10183000AC6F140EAB5F000EAC5BA7C3B1F3A8C3D3
:10184000B2F30301000EAF6F0C0EB06F5CDA00094B
:101850000BE0ABC3B7F3ACC3B8F30301000EB56F35
:101860000C0EB66F9EEC10F049EC71F0010CECEC34
:1018700000F00301ADA102D04187AD91409B409D96
:10188000409F41934195419136EC71F00009FCE095
:10189000060E0301AD1504E00C01A86BA96BB3D0D3
:1018A0000E512F1907E10F51301904E10C01A86BFB
:1018B000A96B91D02F510E5D30510F591FE20E517F
:1018C0002F5D0C01A86F03010F513059A4EC19F0E2
:1018D00004E214C3A8FC15C3A9FCF9EC19F005E255
:1018E00025C3A8FC26C3A9FC4185A8CCC5F3A9CC77
:1018F000C6F39CEC18F002EC1AF06DD00E512B5D83
:101900000C01A66F03010F512C590C01A76FA651B2
:1019100003012F25006E0C01A75103013021016E38
:101920002951005C0C01A86F03012A510158A4EC55
:1019300019F004E214C3A8FC15C3A9FCF9EC19F0D2
:1019400005E225C3A8FC26C3A9FC41850C01A651CC
:10195000A85DA751A95904E2A8CCA6FCA9CCA7FC74
:10196000A6CCC5F3A7CCC6F39CEC18F00C01A6518D
:10197000A85DA66FA751A959A76FA651A71122E08C
:10198000A6CCC5F3A7CCC6F344C3C4F329C3C2F3A2
:101990002AC3C3F30301C16B03010E512B5D006E1B
:1019A0002C510F55016E026A036A070E00260A0EBB
:1019B0000122000E0222032200C0BFF301C0C0F3C7
:1019C0006FEC16F002EC1AF02B510E5D2C510F59F2
:1019D00002E37CEC1BF0030141A715D014510C016C
:1019E000A81904E1030115510C01A9190CE0030128
:1019F00025510C01A81904E1030126510C01A91974
:101A000002E00301AD810C01A851A91104E1030E0C
:101A10000301AD151CE00C01A8510301145F0C017A
:101A2000A9510301155B0C01A851A91102E00301A2
:101A3000AD870301AEA107D0276BF20E026F9E0E99
:101A4000036F046B056BABEC18F0408929D0AEA393
:101A500019D0400EE96E030EEA6EEF50070BE82A2C
:101A6000E850070BF36EF46EF80EEF14F310EF6E00
:101A70000607000E075B085B095B010E0C01A86FEF
:101A8000A96B0ED040A90CD0AEB108D0275106E00A
:101A90002707D8900533043303330233ABEC18F037
:101AA00012C384FC13C385FC10C386FC11C387FCDE
:101AB00006C388FC07C389FC08C38AFC09C38BFCE6
:101AC0000AC38CFC0BC38DFC0CC38EFC0DC38FFCB6
:101AD0000C019091909390959097ADC391FC966B6B
:101AE000976BA851030106270C01A9510301072395
:101AF000000E08230923ADA315D0ADB905D00C0104
:101B00008C6B8D6B8E6B8F6B030124A306D00C0145
:101B10008807895B8A5B8B5B05D0062B072308232C
:101B2000092324830301ADB124813551335D36513E
:101B300034590AE333EC19F00C010250005C926F47
:101B400003500158936F0DD03351355D0C01926FE6
:101B50000301345136590C01936F010E925F000E50
:101B6000935B6FEC71F0F3CF82FCF4CF83FC0C013C
:101B7000400EF35C000EF45803E2826B836B04D0DA
:101B8000400E825F000E835B9251825D93518359B8
:101B900004E282CC92FC83CC93FC0301840EB36FED
:101BA0000C0EB46FEBD9140E0C01A827000EA9235C
:101BB0009089909B908D909F0301ADA323D0040E3C
:101BC0000C01A827000EA923020E986F040E996F2E
:101BD000020E9A6F180E9B6F010E006E900EE96E4A
:101BE0000C0EEA6EEF506DEC1BF000240F0BF36E41
:101BF000F46EF346F346F346F3460F0EEF14F3107C
:101C0000EF6EF4508EC79CFC8FC79DFC90C79EFC66
:101C100091C79FFC18C3A0FC19C3A1FC1AC3A2FC66
:101C20001BC3A3FC0C01A46B060EA56FA8CCA6FCDD
:101C3000A9CCA7FCA8CCC8F6A9CCC9F6F6EC65F0EF
:101C4000F3CFA6FCF4CFA7FC0C0E0601D06FD16B2E
:101C500006019C0ECE6F0C0ECF6F11EC66F0F3CF29
:101C600094FCF4CF95FC0C01941F951F0801DF0E26
:101C7000C16F090EC26F93EC72F0A8CC84F9A9CCA5
:101C800085F90901060E836F0901180E816F030E95
:101C9000826FF4EC9EF0140ED9EC1AF0840ED66F1D
:101CA0000C0ED76F23EC74F00301ADA309D0040E22
:101CB000D9EC1AF0980ED66F0C0ED76F23EC74F097
:101CC0000801F30EC36F090EC46FA0EC72F0A8CC2C
:101CD000C9F8A9CCCAF8D3EC72F0F3CF82FCF4CFE8
:101CE00083FC0801030EC16F0A0EC26F93EC72F001
:101CF000020ED9EC1AF0820ED66F0C0ED76F23ECC1
:101D000074F06AEF72F0AEEC17F0EE50ED1001E1F6
:101D1000000C0C01FE0E266F3CEC1AF0C5EC19F01D
:101D20003CEC1AF00450EE24026E0550EE20036ED7
:101D300012EC1BF00250EE24006E0350EE20016EF8
:101D4000AEEC17F00050EE18276F0150EE18286F18
:101D5000256B255131EC17F048E225CC45F3C4EC56
:101D600000F00D0E03013F5D3DE0040E3F5D0BE111
:101D700073EC1BF00050421935E10150431932E178
:101D800025CC26FC2FD00C012751030142192AE152
:101D90000C0128510301431925E1ECEC00F073EC30
:101DA0001BF00301125100181DE1135101181AE133
:101DB00012EC1BF04FEC19F01051021813E1115105
:101DC000031810E13CEC1AF0EE5018190BE1EE503C
:101DD000191908E1EE501A1905E1EE501B1902E13C
:101DE00001E1010C0C01252BB4D7FE0E265D21E08C
:101DF00026CC45F3B4EC1AF0FE0E0C01265D19E07A
:101E000027CC42F328CC43F349EC1AF032EC1AF019
:101E1000FEEC18F012EC1BF0EECF10F3EDCF11F347
:101E2000AEEC17F0EECF12F3EDCF13F3DEEC1AF0B9
:101E3000010C12EC1BF00D0EF4EC1AF0EF50020B3B
:101E400001E1000C08013851391101E0000C0C01CE
:101E5000296B2A6B030E295D000E2A593BE2E8EC40
:101E60001AF0A2EC1BF036E0E8EC1AF005EC19F0E1
:101E700076EC18F0AEEC17F04FEC19F002500018A9
:101E800024E10350011821E1E8EC1AF0CEEC1AF03D
:101E900076EC18F012EC1BF04FEC19F00250001821
:101EA00014E10350011811E13CEC1AF0BEEC1BF0F8
:101EB000EE500001001808E1EE50011805E1EE5067
:101EC000021802E1EE50031848E00C01292B000E25
:101ED0002A23C0D7256B255131EC17F04EE225CCD3
:101EE00045F3C4EC00F0030140A744D0ECEC00F053
:101EF00073EC1BF00050030112193CE1015013195F
:101F000039E149EC1AF0E8EC1AF0F0EC19F087EC42
:101F100019F012EC1BF076EC18F0E8EC1AF0CEECAD
:101F20001AF000C0EEFF01C0EDFF12EC1BF0040E32
:101F3000F4EC1AF0BEEC1BF00C0EF4EC1AF000C03E
:101F4000EEFF82EC1BF073EC1BF0E8EC1AF005ECF2
:101F500019F000C0EEFF01C0EDFFE0ECAAF027C0D1
:101F600001F0E8EC1AF0D6EC1AF026C0EEFF01C042
:101F7000EDFF000C0C01252BAED7000C17EC1BF06D
:101F80009EEC17F0F3CFEEFF01C0EDFF17EC1BF056
:101F9000020EF4EC1AF09EEC17F0020EF3CFEBFFFA
:101FA000030E8EEC19F0040EECEC17F0040EBBECF3
:101FB00018F0080EECEC17F0080EBBEC18F00E0E43
:101FC000F4EC1AF09EEC17F00E0EF3CFEBFF0F0EB1
:101FD0008EEC19F005EC19F09EEC17F0100EF3CF13
:101FE000EBFF110E8EEC19F0D6EC1AF09EEC17F008
:101FF000120EF3CFEBFF130E01C0EBFF1200ECEC5F
:1020000000F012C342F313C343F39FEC19F029C34A
:1020100031F32AC332F32BC333F32CC334F3C4ECB0
:102020001AF003014051080B02E0040E01D00D0E1E
:102030003F6F4091409340954099409B409D409F09
:10204000419141934195419741892491249324974B
:102050002499DEEC1AF04BEC62F0F3CF06F3F4CFE8
:1020600007F34BEC62F0F3CF08F3F4CF09F303016D
:1020700022692369010E146F156B12000C0E090101
:10208000866F876B67EC9FF0FDEC73F00C01416F7E
:10209000F00E4115E840E8403F0B82EC1AF000C01A
:1020A00041FC005046E0070E0BEC1AF00C014151C8
:1020B000410700093EE0E3EC1AF0E8503AE042053F
:1020C000F5E0020E425D26E1030E415D32E3436B13
:1020D000446BE3EC1AF0040E425D08E1FDEC73F092
:1020E0000C01446FFDEC73F00C01436F180E435D5F
:1020F000020E44591EE3B40ED8804355050E4455D4
:1021000004E2B40EF36E050E17D043CCF3FF44CCBB
:10211000F4FF1200020E415D0CE3E3EC1AF0E8500C
:10212000415D07E342510BEC1AF00C014251415F53
:10213000BDD7180EF36E020EF46E120034EC1BF0D5
:102140000D0EF4EC1AF0EFCF33FC34EC1BF0080E5C
:10215000F4EC1AF0EECF34FCEECF35FCEECF36FCCB
:10216000EFCF37FC34EC1BF0040EF4EC1AF0EECF9A
:1021700038FCEECF39FCEECF3AFCEFCF3BFC03014D
:1021800040914093409540B902D07DEC17F03F510B
:10219000050A1FE0010A08E0B7C33CFCB8C33DFCD8
:1021A0000C0133A14AD046D00C0133B510D033A96D
:1021B00006D054EC19F0040E43EC1BF008D033A306
:1021C00006D0DEEC18F089EC1AF040EF19F0FFEFC2
:1021D0000FF00C0133B5120033A910D02CEC1AF01B
:1021E0000301061908E1EE50071905E1EE50081940
:1021F00002E1EE50091902E0CFEF17F00C0133A312
:1022000090EF15F0DEEC18F013EC1AF0EECF14F3AB
:10221000EDCF15F389EC1AF00C0133A909D0BAEC13
:1022200017F00301070E3F6F7DEC17F04099120085
:1022300040EF19F03C2B000E3D2333A303D03C2B81
:10224000000E3D2320EC1AF00AE333EC19F00C01E8
:102250000250005C316F03500158326F0DD0335182
:10226000355D0C01316F0301345136590C01326F69
:10227000010E315F000E325B0A0EE96E030EEA6E4C
:10228000EE50385D2B6FEE5039592C6FEE503A59A5
:102290002D6FEE503B592E6F2BCC2FFC2CCC30FCED
:1022A0003E6B3C513D115FE03151321169E0800ECF
:1022B0002E1503E1E8EC18F03BE33CCC00F03DCCFC
:1022C00001F0026A036A2B0EE96E0C0EEA6EEE5004
:1022D0000026EE500122EE500222EE50032203347B
:1022E000000E031809E6D880000E0054000E0154B9
:1022F000000E0254000E03541DE23C51315D046E89
:1023000032513D55056E066A076A05AE02D0066871
:10231000076807502E19E8AE02D02E3508D02B5191
:10232000045C2C5105582D5106582E51075802E3D4
:10233000010E3E6F89EC1BF02E510318E8AE02D05F
:10234000033402D057EC1BF01BE22F513C25046EE6
:1023500030513D21056EE83413E204500008000EB0
:1023600005540EE20BD02B512C112D112E1106E02D
:10237000800E2E1505E1E8EC18F002E2010E3E6F2A
:102380003E5104E133B5CCD3BAEF17F0060E331546
:1023900002E0FFEF0FF033A9120003013F510C0AD6
:1023A00001E1B0D10B0A1CE00F0A1AE0010A18E0A3
:1023B000020A16E0010A14E00C0A01E0BFD12CEC7D
:1023C0001AF0061908E1EE50071905E1EE50081958
:1023D00002E1EE50091902E0CFEF17F0070E3F6F50
:1023E0000E512F5D0C01296F03010F5130590C0163
:1023F0002A6F800E2A1508E00301A7EC17F00050A1
:102400000C01292701502A2329CC00F02ACC01F005
:10241000026A036AA6EC1BF0EE500024256FEE5012
:102420000120266FEE500220276FEE500320286F08
:10243000250EE96E0C0EEA6EEE50EBEC18F002E69B
:10244000AEEC19F015E203012451010B0AE0010E74
:102450000C01251905E1265103E1275101E128511D
:1024600002E051EF1AF03407000E355B365B375B44
:10247000030117EC1AF001AE02D002680368A6EC63
:102480001BF00050EE5C0C01256F0150EE58266FDA
:102490000250EE58276F0350EE58286F030137ECB7
:1024A0001AF00BE2ABEC1BF000500C01255F015061
:1024B000265B0250275B0350285B250EE96E0C0E4D
:1024C000EA6EEE500C01EBEC18F002E6AEEC19F0FF
:1024D0006CE20301ABEC1BF00C012551005C2651B2
:1024E000015827510258285103585FE303012497EC
:1024F0002499419131C329FC32C32AFC0C01255196
:10250000030131270C012651030132230C0129510B
:1025100003010E5D0C012A5103010F5909E337EC49
:102520001AF02FE20E51315D006E32510F551BD063
:10253000A7EC17F00E5100240C01296F03010F5175
:1025400001200C012A6F030131510C01295D0301A7
:1025500032510C012A5915E229510301315D006EF7
:1025600032510C012A55016E00010050030106276B
:102570000001015003010723000E08230923D1ECB9
:102580001AF003012B51315D2C51325906E3A7ECAF
:1025900017F00050315F0150325B2B510E5D2C5112
:1025A0000F5928E37CEC1BF025D003010E513119A3
:1025B00002E10F5132191EE024A71BD024A918D024
:1025C00017EC1AF001AE02D002680368005047EC25
:1025D00019F037EC1AF009E2ABEC1BF001AE02D0B7
:1025E00002680368005047EC19F0D1EC1AF04185FD
:1025F000248924872F5131191CE13051321919E1F6
:1026000041B704D07DEC17F0409913D05FEC18F07F
:1026100010E1EE5035190DE1EE5036190AE1EE5099
:10262000371907E106E103012451010B02E040994B
:1026300041972CEC1AF00301065D006EEE5007592D
:10264000016EEE500859026EEE500959036E13ECFC
:102650001AF00C010050EE5C3F6F0150EE58406FD5
:1026600003011451151106E10C013F51401102E024
:10267000030141833FCC14F340CC15F3080E030152
:102680003F5D20E15FEC18F059E1EE50351956E15D
:10269000EE50361953E1EE50371950E14FE1030186
:1026A0002451010B4BE0F8EC1AF0BA0E0301372766
:1026B0001A0E3823030E3923000E3A234089090EDF
:1026C0003F6F3CD0090E3F5D0AE10C0133B136D0BB
:1026D00054EC19F0140E43EC1BF0FFEF0FF00A0E50
:1026E0003F5D2CE15FEC18F00CE1EE50351909E18B
:1026F000EE50361906E1EE50371903E101E010D231
:102700007EDC120006C300F007C301F008C302F02C
:1027100009C303F0002ACEEC1BF000500C01341961
:102720000CE10150351909E10250361906E1035058
:10273000371903E101E0F4D162DC12000C0133BB74
:1027400012000B0E03013F5D01E112000A0E3F5D16
:1027500001E112000C0E3F5D01E11200B751B8110A
:1027600001E166D10C01303504E22F510008000E62
:10277000305501E2A2D06EEC18F0006E016A2F51C4
:10278000F35C0901866F0C01305101580901876F14
:1027900067EC9FF00C012F510301B7270C0130515A
:1027A0000301B823B7510C01315D0301B8510C018D
:1027B000325904E231CCB7F332CCB8F30301B7514C
:1027C0000A27B8510B23000E0C230D233351B725D4
:1027D000006E3451B82126EC1AF024E233512D5DFD
:1027E0000C01296F030134512E590C012A6F010E7F
:1027F0002927000E2A2390EC1BF033C3BFF334C308
:10280000C0F303EC1BF092EC19F0006EB8510C0110
:102810002A55016E03012B510024336F2C510120E6
:10282000346F0CD029EC1BF033C3BFF334C3C0F3B7
:1028300056DA0301B7513327B8513423221D01E181
:10284000231D01E1F5D0B751225FB851235B16512A
:1028500022250C01296F0301175123210C012A6F36
:10286000800E2A1502E0030125D00301233504E27E
:1028700022510008000E235501E2DAD00C01295143
:1028800003010A270C012A5103010B23000E0C231C
:102890000D230C012951030133270C012A51030197
:1028A000342333512D5D34512E5904E25BDB335F09
:1028B0000150345B22692369BBD0303501E3B8D0C5
:1028C0002F510008000E305501E3B2D00301B7517B
:1028D0000C012F25006E0301B8510C013021016E4F
:1028E0000050315D0150325909E22F51315D030131
:1028F000B76F0C01305132590301B86FEFDB09019A
:10290000866F876B67EC9FF0B0EC1BF0026EB5EC46
:102910001BF0036E02500301B725006E0350B8216F
:1029200026EC1AF031E233512D5D006E2E513455F4
:102930001CEC1BF00C012F51005C296F3051015829
:102940002A6F800E2A1508E190EC1BF059EC19F063
:10295000C06F03EC1BF01DD029EC1BF0B0EC1BF09A
:10296000006EB5EC1BF0016E03012B512D5D026E64
:102970002E512C55036EAFEC1AF003010250005C8F
:10298000BF6F0350015804D029EC1BF059EC19F02B
:10299000C06FA5D90301221D0BE1231D09E12FCC36
:1029A00022F330CC23F3B7C316F3B8C317F340D0E8
:1029B00022510C012F5D030123510C0130591EE2FD
:1029C0003DDB06E30C015FEC19F02351055805E2ED
:1029D000B7C316F3B8C317F30CD098EC19F00C0179
:1029E0002F51005C0301166F0C0130510158030197
:1029F000176F2FCC22F330CC23F31AD01FDB18E251
:102A000098EC19F00C012F51005C3051015810E383
:102A10005FEC19F0026E23510558036E1651025CEB
:102A2000006E17510358016E0050162701501723EE
:102A30000C013C513D1119E0070E03013F5D04E01C
:102A400033C335F334C336F340AF04D093DAECEC40
:102A500000F00BD0408F40BD08D0408D90EC1AF0B4
:102A60000F0E03013D27000E3E230C0133A158D069
:102A70000AC300F00BC301F00CC302F00DC303F056
:102A8000002ACEEC1BF03CCC04F03DCC05F0066AED
:102A9000076A380EE96E0C0EEA6EEE500426EE5010
:102AA0000522EE500622EE5007220050041838E1AD
:102AB0000150051835E10250061832E1035007189D
:102AC0002FE12EE196EC1BF03F51090A24E0010AA8
:102AD00012E00F0A06E0010A22E10C0E3F6FFAEF46
:102AE00018F00B0E3F6F90EC1AF01F0E03013D27FC
:102AF000000E3E2314D0E3DA0AE1EE50351907E167
:102B0000EE50361904E1EE50371901E104E00301FB
:102B10000A0E3F6F04D051EC1AF0FFEF0FF02ADAE3
:102B200012000301B9519DD901E3000CB9C345F36B
:102B3000C4EC00F00301BA51BB1103E1010EBA6FFE
:102B4000BB6B29512D5D0C01006F03012A512E59D9
:102B50000C01016F010E005F000E015B030197EC99
:102B60001AF00C010050005D0150015901E2000C07
:102B7000ECEC00F0030E0301BE1502E1030EBE13E0
:102B8000BCC304FCBDC305FC97EC1AF000500C015B
:102B9000005F0150015B0301BEA313D0BEA10CD0A6
:102BA00000CC00F001CC01F0D8900132003200508E
:102BB0000C010427015004D00C01005104270151DD
:102BC0000523030129510C010425006F03012A513B
:102BD0000C010521016F010E0027000E012333C3F4
:102BE00002FC34C303FC0301221D01E1231D13E099
:102BF0009FDB00500C010227015003230251030107
:102C00002D5D0C01035103012E5905E2ABD90C01D6
:102C1000025F0150035B0C0102510301355D0C01A1
:102C20000351030136590CE20C0100510301355DDB
:102C30000C0101510301365918E2BEA50ED0000C5B
:102C400057EC1AF00AE2005103012B5D0C0101510F
:102C500003012C590AE2BEB5000C00CC35F301CCBF
:102C600036F300CC33F301CC34F3030157EC1AF004
:102C700025E2040E0301BE1521E02B510C01025D7B
:102C80000301C56F03012C510C0103598EDB44C3B2
:102C9000C1F300CCBFF301CCC0F321D8D1DB0EE2ED
:102CA0000C01005103012B5D006E2C510C010155EC
:102CB000016E00500301335F0150345B00CC2BF3F5
:102CC00001CC2CF3DEEC1AF029C331F32AC332F322
:102CD00036DB070E03013F5D01E14CD9010C030116
:102CE000C4512AE0010A01E01200C15111E0010AB9
:102CF00001E01200C5C3E6FFC6C3E6FFC2C3E6FF9C
:102D0000C3C3E6FFBFC3E6FFC0C3E6FFFEEF18F094
:102D1000BF1D01E1C01D06E0BFC3C1F8C0C3C2F8BA
:102D200093EC72F0C5C3D8F8C6C3D9F8C2C3D6F8BD
:102D3000C3C3D7F823EF74F0C15117E0010A01E0D3
:102D40001200C21D01E1C31D06E0C2C3C3F8C3C324
:102D5000C4F8A0EC72F0C5C3D3F8C6C3D4F8BFC39F
:102D6000D1F8C0C3D2F8FFEF73F0C5C3CFF8C6C324
:102D7000D0F8C2C3CDF8C3C3CEF8BFC3CBF8C0C32D
:102D8000CCF85DEC73F0F7EC73F00009FCE0120096
:102D90000301C9510EE0010A01E01200CDC3E6FFB4
:102DA000CEC3E6FFCBDBC7C3E6FFC8C3E6FFA5EF94
:102DB0001AF0C71D01E1C81D06E0C7C3C1F8C8C3AA
:102DC000C2F893EC72F0100E0C01286F296B03010E
:102DD000CD51CE1137E00C0128510301CD5D0C011E
:102DE00029510301CE5904E2CDC328FCCEC329FCEE
:102DF00028CCE6FF29CCE6FFA1DB180EE66E0C0E10
:102E0000E66EA3DB28CCD8F829CCD9F80801180E37
:102E1000D66F0C0ED76F23EC74F028CC00F029CCC1
:102E200001F0026A00500301CA270150CB2302506F
:102E3000CC230C0128510301CD5F0C012951030162
:102E4000CE5BC5D71200140EEA02F3CFEAFFE90207
:102E5000F3CFE9FFF450EA26000EE926080EEA2235
:102E60001200006E016A090E005C000E015812008B
:102E700004CCC5F305CCC6F30301020ED880C557B8
:102E8000000EC657140EC603F3CFC6F3C503F3CF27
:102E9000C5F3F450C6270301010EC46F0C010425CD
:102EA0000301C26F000E0C0105210301C36F140E54
:102EB000C303F3CFC3F3C203F3CFC2F3F450C3276A
:102EC000000EC227080EC323BAEC1BF0140E286EA6
:102ED000296A04CC2DF005CC2EF02DEC7FF026C015
:102EE000BFF327C0C0F3000E0301BF27080EC023A5
:102EF000F6DE0801386B396B12007ADB740E0301C1
:102F00003727350E3823060E3923000E3A231200D8
:102F1000200E006E5A0E016E010E026E14CC03F0EC
:102F2000046A056A060E2C6E2D6A2E6A14CC27F0F0
:102F300004C028F005C029F04BEF7FF0EECFC8F6B3
:102F4000EDCFC9F6F6EC65F0F8DB17EF1BF0295171
:102F50002B5D006E2C512A55016E120063DB020EB0
:102F6000F4EF1AF02B512D5D006E2E512C5564DBC1
:102F70000050120074DB100E43EF1BF07ADB060EDC
:102F800061D300502424F36E01502520F46E0250CA
:102F90002620F86EF4CFF7FFF3CFF6FF120006C33A
:102FA00038FC07C339FC08C33AFC09C33BFCEDDB22
:102FB00056DB040E68DB38CC06F339CC07F33ACC89
:102FC00008F33BCC09F312000301C46B0301C2698F
:102FD000C36944C3C1F3120007DBEECFCAF6EECFDC
:102FE000CBF6EECFCCF6EFCFCDF6FBEC65F026C0FE
:102FF00000F027C001F028C002F029C003F017EF4D
:103000001BF0016E00C0F3FFF46E12000ACC96F3C1
:103010000BCC97F30CCC98F303010ACCF6FF962B5C
:103020000BCCF7FF000E97230CCCF8FF9823080079
:10303000F5CF0EFC12001DDB1F0E04D32F51030130
:10304000B725006E0C0130510301B821016E2251E9
:103050001625026E23511721036E0050025C0150A9
:10306000035812001A511825026E1B511921036EC4
:1030700002501025006E0350112122D3CEECAAF08D
:1030800003013751265C006E38512758016E3951C3
:103090002858026E3A512958036E0001800E03141D
:1030A00012004551EA6A490FE96E0C0EEA2212003D
:1030B0000D51EA6A110FE96E0C0EEA22120046DB8E
:1030C000EE500C013419120096C3F6FF962B97C3ED
:1030D000F7FF000EE3DA010E106F1200C5DA0C0ED6
:1030E00083DAEF50FADA040DF3501200EECF00F05D
:1030F000EFCF01F012000301010EC46F64C3C2F3ED
:1031000065C3C3F346EF1BF044C3C4F335C3C2F336
:1031100036C3C3F32FDB7CC3BFF37DC3C0F36FEFB4
:1031200016F000010224006E000E032085DA00C0B4
:10313000F3FF01C0F4FF120044C3C4F30EC3C2F393
:103140000FC3C3F30301C16B0301070EBF6F0A0E68
:10315000C06F6FEF16F0CEECAAF0265003010225E7
:10316000376F27500321386F28500421396F2950B9
:1031700005213A6F120038DA26C0EEFFC3DA17EFE6
:103180001BF069C3CAF36AC3CBF36BC3CCF344C36C
:10319000C9F32FC3C7F330C3C8F3C8EF16F043CC4D
:1031A0008CF344CC8DF3030143CCE9FF44CCEAFF1C
:1031B0008C2B000E8D23EFCF46FC120038CC0AF387
:1031C00039CC0BF33ACC0CF33BCC0DF396EF1BF060
:1031D000A0DA57EF1BF0345D256FEE503559266F9E
:1031E000EE503659276FEE503759286FE834000EED
:1031F0002819120034DA110E43EF1BF006EC90F0A0
:10320000006E060EE15E00501200100EF4EF1AF090
:103210001C0D93DA000E0026010E012200C0E6FF0D
:1032200001C0E6FF1200036E02504B25006E0350F2
:103230004C2146D244C3C4F300CCC2F301CCC3F347
:1032400099DA82C3BFF383C3C0F312008CC3E9FFD2
:103250008DC3EAFF8C2B000E8D23EFCF46FC0C01B3
:10326000010E486F12002B512D5D006E2E512C5512
:10327000016E3551335D026E34513655036E1200C6
:10328000EED9120E00DA0301060E3F6F1200065F40
:103290000150075B0250085B0350095B1200EECF40
:1032A00002F0EFCF03F0120070DA0301AE6B0301FE
:1032B000120056DA0301BF6F58DA030112002F51D2
:1032C0000301B725046E0C0130510301B821056ECE
:1032D0002251045C12000301C56FC66B44C3C4F3E2
:1032E000120022511C0DF3CFE9FFF4CFEAFF000ECC
:1032F000E926010EEA221200E0ECAAF003012650B2
:103300003D5D006E27503E59016EE834120006EC18
:1033100090F0026E060EE15E0250120001C0EBFF5B
:1033200017EF1BF0DCDC0C0129510301B75D120023
:1033300022511625006E23511721016E120029C358
:103340002FF32AC330F312000C01A96FA851030117
:10335000145D0C01A951030115591200D880000E0B
:103360002555000E2655000E2755000E2855120033
:10337000006E016A0050120046C318F347C319F3E8
:1033800048C31AF349C31BF31200020E2DD9EECF26
:1033900004F0EFCF05F012000C012C5103016C5D1D
:1033A0000C012D5103016D5912000301C66F44C376
:1033B000C4F32BC3C2F32CC3C3F3120003018E5119
:1033C0000C013B5D03018F510C013C5912000301BC
:1033D00099510C01025D03019A510C01035912002D
:1033E000E9CF00F0EACF01F0E9CFE6FFEACFE6FF50
:1033F00012000C01A8510301255D0C01A951030124
:10340000265912000C01A85103010E270C01A951E5
:1034100003010F2312000801D36FD46B0801D16B95
:10342000D26BFFEF73F020D90E0EF4EF1AF031518A
:103430000E5D006E0F513255016E026A036A120072
:1034400003013551335D365134591200016E00507D
:103450002D5D01502E591200340EE96E0C0EEA6EED
:10346000EE501200180EE66E030EE66E1200315199
:103470000E5D32510F591200B1C3E9FFB2C3EAFF2A
:103480001200E3510301665D0C01E4510301675929
:1034900012000A0EE66EE66AB1C3E6FFB2C3E6FFAB
:1034A00012000301AE6B0301100E43EF1BF0355108
:1034B0000C01025D030136510C0103591200C4ECEA
:1034C00000F033C335F334C336F31200016E030149
:1034D0002B51005C2C510158120003018E07000E85
:1034E0008F5B8E518F11120003019907000E9A5BBA
:1034F00099519A111200272BD890023703370437BD
:1035000005371200006E016A140E005E000E015AAB
:1035100012003EEC10F0F3CF25F3F4CF26F31200A7
:10352000E0ECAAF026C03DF327C03EF31200BA51EA
:10353000BC25006EBB51BD21016E1200CAC3E6FF5F
:10354000CBC3E6FFCCC3E6FF120031EC90F0006E77
:10355000070EE15E005012000DD903011200010EAA
:103560000226000E03221200C4EC00F0ECEF00F083
:1035700061C35FF31BEF03F063C35FF31BEF03F063
:1035800068C35FF31BEF03F02BC335F32CC336F393
:10359000120000500008000E015412000A0EF4EF51
:1035A0001AF031C30EF332C30FF31200120EF4EF10
:1035B0001AF00801D86FD96B0801120029C30EF365
:1035C0002AC30FF31200FDEC73F00C01426F1200DE
:1035D00029CCE9FF2ACCEAFF23EF17F004CCE9FF5E
:1035E00005CCEAFF23EF17F0E926000EEA221200CD
:1035F000CEECAAF026C037F327C038F328C039F341
:1036000029C03AF312008EDE0301C56F0C012A5166
:103610000301B8590301C66FD7DC2BC3BFF32CC31A
:10362000C0F31200AFC3E9FFB0C3EAFF1200B3C397
:10363000E9FFB4C3EAFF1200016E010E0026000E7E
:10364000012212000026AAD800C03BF301C03CF3BF
:103650001200B7C3C5F3B8C3C6F3E4EF17F0030114
:10366000010EAE6F03011200B5C3E9FFB6C3EAFF56
:103670001200408BE0ECAAF026C000F027C001F059
:10368000026A036A1200AD6F37EF0CF044C3C1F356
:103690002FC3BFF330C3C0F36FEF16F0972398C367
:1036A000F8FF98230800F5CF0EFC0C011200005023
:1036B0002B5D01502C5902502D5903502E591200E8
:1036C000016E00501219426F01501319436F12001E
:1036D0003EDCD890013200321200F00BE842E842A2
:1036E000E842E84212003ADC76EF18F025C004F018
:1036F00026C005F0C1EF17F02ADC00500E5F015024
:103700000F5B120001C0EEFF02C0EEFF03C0EEFF30
:10371000120031CC00F032CC01F0026A036A1200D0
:1037200029CCC5F32ACCC6F3E4EF17F003010A2B2A
:10373000000E0B230C230D231200F3CF00F0F4CF67
:1037400001F0120062DDEE50ED101200060EE96E7F
:10375000030EEA6E1200A7EC17F0026A036A120069
:10376000030133510C012F251200030134510C01C8
:10377000302112000301010EC16F1200EECF00F0E4
:10378000EECF01F08CDDE8EF1AF034CC06F335CC47
:1037900007F336CC08F337CC09F31200000E0122F0
:1037A0000222032212002D0E0901001905E1015128
:1037B00003E1025101E1035101E141D22C0E001954
:1037C00005E1015103E1025101E1035101E135D26B
:1037D0002B0E001905E1015103E1025101E10351F2
:1037E00001E129D22A0E001905E1015103E102513C
:1037F00001E1035101E119D2290E001905E101513E
:1038000003E1025101E1035101E10DD2280E00193B
:1038100005E1015103E1025101E1035101E100D24F
:10382000270E001905E1015103E1025101E10351A5
:1038300001E1F4D1260E001905E1015103E1025125
:1038400001E1035101E1E8D1250E001905E1015123
:1038500003E1025101E1035101E1DCD1240E001921
:1038600005E1015103E1025101E1035101E1D0D130
:10387000230E001905E1015103E1025101E1035159
:1038800001E1C4D1220E001905E1015103E1025109
:1038900001E1035101E1B8D1210E001905E1015107
:1038A00003E1025101E1035101E1ACD1200E001905
:1038B00005E1015103E1025101E1035101E1A0D110
:1038C0001F0E001905E1015103E1025101E103510D
:1038D00001E194D11E0E001905E1015103E10251ED
:1038E00001E1035101E188D11D0E001905E10151EB
:1038F00003E1025101E1035101E17CD11C0E0019E9
:1039000005E1015103E1025101E1035101E170D1EF
:103910001B0E001905E1015103E1025101E10351C0
:1039200001E164D11A0E001905E1015103E10251D0
:1039300001E1035101E158D1190E001905E10151CE
:1039400003E1025101E1035101E14CD1180E0019CC
:1039500005E1015103E1025101E1035101E13CD1D3
:10396000170E001905E1015103E1025101E1035174
:1039700001E130D1160E001905E1015103E10251B8
:1039800001E1035101E123D1150E001905E10151B7
:1039900003E1025101E1035101E113D1140E0019B9
:1039A00005E1015103E1025101E1035101E107D1B8
:1039B000130E001905E1015103E1025101E1035128
:1039C00001E1FAD0120E001905E1015103E10251A3
:1039D00001E1035101E1EED0110E001905E10151A1
:1039E00003E1025101E1035101E1E2D0100E00199F
:1039F00005E1015103E1025101E1035101E1D6D09A
:103A00000F0E001905E1015103E1025101E10351DB
:103A100001E1CAD00E0E001905E1015103E1025186
:103A200001E1035101E1BED00D0E001905E1015184
:103A300003E1025101E1035101E1B2D00C0E001982
:103A400005E1015103E1025101E1035101E1A6D079
:103A50000B0E001905E1015103E1025101E103518F
:103A600001E197D00A0E001905E1015103E102516D
:103A700001E1035101E187D0090E001905E101516F
:103A800003E1025101E1035101E17BD0080E00196D
:103A900005E1015103E1025101E103516AE0070E22
:103AA000001905E1015103E1025101E103515DE01B
:103AB000060E001905E1015103E1025101E1035134
:103AC00051E0050E001905E1015103E1025101E148
:103AD000035146E0040E001905E1015103E10251D2
:103AE00001E103513BE0030E001905E1015103E13F
:103AF000025101E1035130E0020E001905E10151CC
:103B000003E1025101E103511EE0010E001905E13C
:103B1000015103E1025101E1035113E0005101E0C1
:103B200090D0015101E08DD0025101E08AD00351C3
:103B300001E087D00901540E1E6F890E1F6F000E21
:103B400008D097EF35F00901490E1E6F890E1F6FDF
:103B5000000E206FAAEF27F0ACEF35F033EF1EF028
:103B6000A4EF33F00E01656B11D0010E0E01696FE9
:103B700002D00E01696B6A6B0E01676B686B45EFD3
:103B800034F0D1EF33F0010E0E01656F666B09EF73
:103B900034F00E01636B646BD9EF33F08EEF34F0C9
:103BA0002CEF35F047EF35F07CEF35F081EF35F055
:103BB000C3EF35F0A6EF36F00E016F6B05D0010EA6
:103BC00001D0020E0E016F6F706B7BEF36F00E01AD
:103BD000716B05D0010E01D0020E0E01716F726B78
:103BE0007CEF36F0B3EF36F05EEF36F01CEF36F0D8
:103BF00021EF36F02CEF36F036EF36F040EF36F0AE
:103C00004AEF36F054EF36F07DEF36F07FEF36F0C6
:103C1000A9EF36F0A3EF36F088EF36F090EF36F0EC
:103C20000E01736B05D0010E01D0020E0E01736FF1
:103C3000746B87EF36F084EF36F085EF36F086EF61
:103C400036F0040E03016C6F6D6B0301440E696F57
:103C5000890E6A6F000E6B6FCDEC29F0EE52EFCF3C
:103C600068F340EF04F003017E0E626FE4EF2AF088
:103C70000401836B020E835D30E22EEC28F0EF6AC4
:103C80000301080E4D6F500E03014B6F4C6B030187
:103C90004A6B0301466B476B486B496BE7EC01F0DD
:103CA000E66ECDEC29F0EE52E552E750EF6E146966
:103CB0001569835195EC28F08FEC29F0F3CF00FCC7
:103CC000F4CF01FCEAEC28F000CCC1F801CCC2F83A
:103CD00093EC72F00401832BCDD7836B12000C019F
:103CE000EE6B020EEE5D36E29FEC28F0EE52EF50E6
:103CF000FE082DE09FEC28F0EE52EFCF4EF37FEC64
:103D000002F0000914E0EECC04F925D8CDEC29F03E
:103D1000EF6AFF0E145D02E01DEC29F0FF0E155D49
:103D200002E024EC29F00301040E62EC2AF00C01FD
:103D30009FEC28F0EF5007E19FEC28F090EC28F082
:103D4000B2EC28F004E0EECC04F905D83ED80C0122
:103D5000EE2BC7D71200040183510901045D01E174
:103D600012000401835195EC28F08FEC29F0F3CF79
:103D700000FCF4CF01FCEAEC28F000CCC1F801CC47
:103D8000C2F893EC72F00901045195EC28F000C0E0
:103D9000C3F801C0C4F8A0EC72F0F3CF00FCF4CF7C
:103DA00001FC7F0E0801D36FD46B0801000ED16FA8
:103DB000040ED26FFFEC73F000CCC3F801CCC4F852
:103DC000A0EC72F004C983F412000C01010ECE6F56
:103DD000CDEC29F0EF500B0A02E150EF23F0010A7D
:103DE00002E12DEF23F0030A02E116EF23F0010AAE
:103DF00001E1B9D30F0A01E11FD3010A01E102D3A6
:103E0000030A01E17AD2010A01E16ED2070A01E157
:103E100047D2010A01E1A4D1030A27E0010A02E026
:103E20005DEF23F08AEC2AF0F3CFC8FCF4CFC9FC95
:103E3000F350F41002E15DEF23F004011A0E106F4D
:103E4000040E116F2EEC28F0010EEF6E1769166B41
:103E500056EC28F00C690D690E690F69AAEC29F07F
:103E60007E6B0301050E62EC2AF053EC28F00A0E7B
:103E7000B5EC2AF0DCEC29F00001F31C14E1011C84
:103E800012E1CDEC29F0E6EC29F004E1EDEC29F0AB
:103E90000C01CE6B7DEC28F002E6C4EC28F002E3C6
:103EA0005DEF23F042D256EC28F0DCEC2AF00C0156
:103EB000050ED880F354000EF45403E2050EC86FCB
:103EC000C96B010E30EC29F01A0E7C6F040E7D6F69
:103ED0005FEC2AF0030EE66EE66A720EE66E820E64
:103EE000E66E000E31EC2AF003E10401186B12D0EB
:103EF000040EE66EE66A6D0EE66E820EE66E000E4B
:103F000031EC2AF004E10401010E186F03D0040122
:103F1000070ECAD1DCEC2AF00301A66BF3CFA4F3A1
:103F2000F4CFA5F30301A26BA36B03013F0EA16FB6
:103F3000CDEC29F03AEC29F00C01F350C85DF450B7
:103F4000C95904E3CACCC8FCCBCCC9FC590ED880F3
:103F5000C855000EC95501E2ECD0D1EC2AF048EC6E
:103F60002AF01A0EF324E96E040EF420EA6E64ECD3
:103F700029F01A0EE66E040EE66E1AEC2AF048ECF2
:103F80002AF00B0EE66EE66A620EE66E820EE66EB2
:103F9000000EE66E1B0EE66E040EB6EC28F00CE189
:103FA0003DEC29F0185102E1080E01D0090E186FFE
:103FB0002EEC28F0020E2ED2E2EC28F002E047ECC4
:103FC00029F0FF0E0401145D31E1E2EC28F00EE06F
:103FD0000C01CACCE9FFCBCCEAFFCA2B000ECB23E5
:103FE0001A0EE926040EEA222F0EEF6E95EC29F048
:103FF0001A0E0C01CA25006E040ECB21016E00C002
:10400000E6FFE66EE3EC90F0026E050EE15E025014
:1040100095EC29F00AEC91F0E552E552E552275073
:104020000C01CA272850CB2347EC29F01A0E0C01AB
:10403000CA25CF6F040ECB21D06F010ECF5F000ECB
:10404000D05B1A0ECF1902E1040ED01909E0CFCCD3
:10405000E9FFD0CCEAFFEF502E0802E0CF07EFD700
:10406000CF2B000ED0230401196B0B0EE76E19192C
:10407000E8AE02D0E73402D0E750195D23E2510EDA
:10408000006E580E016E010E026E19C403F0046A30
:10409000056A03AE02D004680568FEEC29F0F5CF8E
:1040A000C5F60900F5CFC6F60800F5CFC7F6CFCCA8
:1040B000C3F6D0CCC4F6B7EC65F0000903E0040108
:1040C000192BD3D73DEC29F0FF0E145D18E014C472
:1040D000EEF01CEC54F0F350020B11E014C4F9F0B4
:1040E00016EC55F0F3CFD0F0F4CFD1F0010E000173
:1040F000D027000ED12302EC52F00401156FDCEC46
:104100002AF0F350F4101CE00401010E166F0301B5
:10411000CC0E796F0C0E7A6FCDEC29F07AEC29F089
:104120000C01C807000EC95B620EC85D000EC959BC
:1041300003E30401050EB8D0D1EC2AF0CEEC28F050
:10414000E0EC2AF0010EF32403017E6F000EF42050
:104150007F6F0301CDEC2AF0CDEC29F0020EEF6E5B
:10416000E0EC2AF00C01F31C13E1C91D11E1CDECC8
:1041700029F0E6EC29F004E1EDEC29F00C01CE6B1E
:104180007DEC28F002E6C4EC28F001E396D2CDD015
:1041900056EC28F00C01010EC8190BE1C95109E1D8
:1041A000020EAFEC29F0CDEC2AF0CDEC29F0030E95
:1041B00031D10301A66BC8CCA4F3C9CCA5F303018C
:1041C000A26BA36B03013A0EA16FCDEC29F03AEC80
:1041D00029F0020E0C01CA27000ECB23CE6B100E65
:1041E000D880CA55000ECB5502E2010E54D0CACC7D
:1041F0007EF3CBCC7FF30301D10E7C6F0C0E7D6F71
:104200005FEC2AF022EC2AF0D10EE9260C0EEA220D
:10421000EF6A0C01CA51C85FCB51C95BCD6BCD5160
:10422000006E016A030E005C000E01582EE2C30E00
:10423000006E580E016E010E026ECDCC03F0046AC2
:10424000056A85EC29F0CDCC27F033EC28F0F5CFCA
:10425000E6FF0900F5CFE6FF0800F5CFE6FFD10E37
:10426000E66E0C0EE66ECDEC90F0066E050EE15E8D
:104270000650000907E1CDCC05F9E8DA0C01010E82
:10428000CE6F03D00C01CD2BCAD7CE5102E0E0ECAB
:104290002AF0010E0C0130EC29F0CDEC2AF060D7A9
:1042A000800E175D03E2030E186FB1D010C4E9FF52
:1042B00011C4EAFF64EC29F0F3CF10F4F4CF11F449
:1042C000080E0401185D01E1A2D02EEC28F0040EC6
:1042D000EF6E165104E12EEC28F0050EEF6E0C0186
:1042E000CE6B0401166BE9D126EC2BF0020801E13C
:1042F000E4D1CDEC29F0050EEF6E8AEC2AF0B9EC92
:104300002AF0F35004010C1914E101500D1911E1C8
:1043100002500E190EE103500F190BE10AE17DEC7A
:1043200028F002E6C4EC28F004E290EC2AF00B0E30
:1043300071D0180515E0090EE76E1819E8AE02D025
:10434000E73402D0E750185D59E30B0EE76E1819F9
:10435000E8AE02D0183503D0E750D88018554EE3A8
:10436000090EE76E1819E8AE02D0E73402D0E75024
:10437000185D13E30B0EE76E1819E8AE02D018357E
:1043800003D0E750D880185508E3CBEC26F00C0199
:10439000CC6FE85006E104013AD099EC2EF00C0104
:1043A000CC6F020ECC5D0CE18DEC2AF0B4EC29F060
:1043B0000401010E0C5F000E0D5B0E6B0F6B7DD1C7
:1043C000CC051CE18DEC2AF0B4EC29F004010E6B55
:1043D0000F6B56EC28F008EC29F00C5DEE500D59EF
:1043E000EE500E59EE500F5906E22EEC28F0E6EC96
:1043F00029F001E062D10401060E08D0CDEC29F0CD
:10440000060EEF6EFF0E145D07E1040E186F2EEC22
:1044100028F0070EEF6EA4D0AAEC29F0FF0E155D70
:1044200005E1046905690669076902D051EC29F0C4
:10443000CDEC29F0070EEF6E0301020E62EC2AF0BC
:10444000990E006E580E016E010E026E18C403F034
:10445000046A056A03AE02D0046805687EEC2AF09F
:104460000C0E0401185D0DE198EC2AF0450E726FF8
:10447000820E736F000EC9EC2AF098EC2AF04DEC16
:104480002AF00401185106E0180504E02EEC28F08B
:104490000B0E04D10B0E195D1BE00301360E726F7B
:1044A000820E736F000EC9EC2AF0750E006E580E66
:1044B000016E010E026E19C403F0046A056A03AEB0
:1044C00002D0046805687EEC2AF003014DEC2AF066
:1044D00014C4EEF01CEC54F0F350010B08E003019F
:1044E0001D0E726F820E736F000EC9EC2AF003016D
:1044F0000D0E726F820E736F000EC9EC2AF004016C
:1045000018050CE0E868041908E1E868051905E1F8
:10451000E868061902E1E868071907E00301040EDC
:10452000726F820E736F000E0DD00301FB0E726F5F
:10453000810E736F000EC6EC2AF0F70E726F810EBB
:10454000736F000EC6EC2AF04DEC2AF004011651F0
:1045500004E02EEC28F0080E02D0E7EC2AF0EF6E13
:104560000C01CE6BAAD01A0E126F040E136F1651E7
:104570005AE00301EA0E726F810E736F000EC9ECF0
:104580002AF0F5EC28F022E0200E0C01CC5D03E1CE
:1045900003012B0E14D0300ECC5D0FE3CC51390843
:1045A00003E2410ECC5D09E3CC515A0803E2610EEF
:1045B000CC5D03E3CC517A0804E26DEC2AF0626F23
:1045C00002D0CCCC62F3E4EC2AF0DBD703013D0E41
:1045D000626FE4EC2AF0F5EC28F01FE0200E0C01ED
:1045E000CC5D03E103012B0EF3D7300ECC5D0FE35E
:1045F000CC51390803E2410ECC5D09E3CC515A0895
:1046000003E2610ECC5D03E3CC517A0803E26DEC6A
:104610002AF0DED7CCCC62F3DCD703014DEC2AF0D4
:1046200004011607A4D7E7EC2AF0EF6E0C01CE6B5D
:104630004AD8000909E01DEC29F02EEC28F00B0EF9
:10464000EF6E0C01010ECE6FBDEC2AF0B2EC28F03B
:1046500034E10C01010ECE6F30D00C01010ECE6F93
:10466000BDEC2AF0DCEC29F0100EF35C000EF458DF
:1046700024E308C400F909C401F90AC402F90BC40F
:1046800003F9D3EC1BF004010C510D110E110F11A5
:1046900014E10C01CE6BCDEC29F0090EEF6E0DD0BC
:1046A000FF0E145D02E01DEC29F0FF0E155D02E027
:1046B00024EC29F090EC2AF0EF6A0C01CE5102E1D3
:1046C000E5EF1EF01200BDEC2AF0F3CF02FCF4CFB0
:1046D00003FCF3CF04F0F4CF05F0066A076A08EC98
:1046E00029F00401045D086EEE500559096EEE5084
:1046F00006590A6EEE5007590B6E0850F35C0950CC
:10470000F4580A5006580B50075807E202CC00F044
:1047100003CC01F0026A036A0DD008EC29F0045DB5
:10472000006EEE500559016EEE500659026EEE50C5
:104730000759036E00C000FC01C001FC0C010050D1
:10474000040100270C01015004010123000E022383
:1047500003230C01000ED8800055000E015530E2F5
:10476000400E005D000E015905E200CCD9F001CCED
:10477000DAF004D00001400ED96FDA6B0001050EAB
:10478000D76F0C0ED86F14C4D6F086EC52F0F3CF6E
:1047900002FCF4CF03FC0C01F350F41001E1010C16
:1047A00002CC66F303CC67F30301050E646F0C0EB5
:1047B000A7EC2AF00C010251005F0351015BC9D73D
:1047C00008EC29F00401041940E1EE5005193DE11F
:1047D000EE5006193AE1EE50071937E136E12EECBA
:1047E00028F00A0EEF6E0C6B0D6B0E6B0F6B000159
:1047F000D46BD56B14C4D3F04DEC52F00001040E11
:10480000D46F0C0ED56F14C4D3F04DEC52F00009E8
:1048100006E0A3EC29F07E0E0C01045DEFE1A3ECB1
:1048200029F00001080EDC6F040EDD6F15C4DBF00B
:10483000D4EC52F051EC29F0000907E104010469BD
:1048400005690669076924EC29F0000C0901055186
:1048500002E1ADEF24F0050502E134EF24F0020E91
:10486000055D01E1C9D81200040117BF1200060E50
:10487000AFEC29F0CDEC2AF054EC2AF0DDEC28F076
:10488000F3CF31FC030E0C013127FC0E3117326BD4
:10489000240E315D000E325903E3240E316F326B6A
:1048A000330E5B6F0C0E5C6F000ED8803155000E1E
:1048B000325526E2040E03017E6F7F6B5BCC7CF3E6
:1048C0005CCC7DF35FEC2AF0030E0601B16FB26B96
:1048D0005BCCAFF65CCCB0F6040E0601AD6FAE6BF0
:1048E0005BCCABF65CCCACF620EC64F0040E0C01B7
:1048F000315F000E325B030E5B27000E5C23D4D7C2
:10490000B9EC29F0EF6A316B326B330E5B6F0C0E32
:104910005C6F280E315D000E32590BE2B9EC29F0C4
:10492000EF503A0806E0312B000E32235B2B5C235C
:10493000F0D7B9EC29F05B2B000E5C23EF6A5BCC5F
:1049400004FE5CCC05FE0E01330E026F0C0E036FED
:1049500005EC2BF00401176F120054EC2AF037EC31
:104960002AF010C400F011C401F07E0ED880005669
:10497000040E0156020E005E000E015A0C0100509A
:10498000F35C0150F45802E3EDEF29F00C013351D0
:10499000341131E088DB3B0EB5EC2AF0F3CF31FC6B
:1049A000F4CF32FC0C013351F35C3451F45805E27E
:1049B00031CC7EF332CC7FF304D033CC7EF334CCD5
:1049C0007FF310C47CF311C47DF35FEC2AF0E6DBC7
:1049D0000C013351315D3451325908E2C0EC2AF0F8
:1049E00062DB200EB5EC2AF0BDDBF8E054EC2AF0D7
:1049F00037EC2AF0CBD7120054EC2AF0DEDBF3CFF1
:104A000031FCF4CF32FC0C010A0EF35C000EF458BA
:104A100005E30401020E186FAAEF29F031CC7EF3F2
:104A200032CC7FF30301330E7C6F0C0E7D6F5FEC95
:104A30002AF0F3CF31FCF4CF32FC330E0C01F32417
:104A4000E96E0C0EF420EA6EEF6A330EE66E0C0E81
:104A5000E66E4EEC89F0E552E55226C000F427C020
:104A600001F428C002F429C003F4120006C9E6FFCD
:104A700007C9E6FF1AEC2AF0F3CF3DFCF4CF3EFC69
:104A800006C93BFC07C93CFC06C939FC07C93AFC0E
:104A90000C013D513E1142E07FEC29F0000E3A231B
:104AA000EFCF3FFC3D073E5B3D0E3F5D03E0260E32
:104AB0003F5D03E14FDBEF6AEBD72B0E3F5D03E178
:104AC00049DB200E25D0250E3F5D24E1020E3D5D21
:104AD000000E3E5903E23D6B3E6BDAD77FEC29F0C6
:104AE000000E3A23EFCF41FC7FEC29F03A23EFCFC1
:104AF00040FC3D073E5B3D073E5B40CCBFF641CCF2
:104B0000C0F67FEC65F0E66E0C0124DBE552E75061
:104B1000EF6EBED71FDB3FCCEFFFBAD71BDBEF6AD0
:104B20003BCCE9FF3CCCEAFFEF6A3BCCF3FF3CCC4B
:104B3000F4FF120008C9E9FF09C9EAFFEF5020E0BD
:104B4000BEEC29F00AC9E6FF0BC9E6FFADEC90F018
:104B5000E552E552E552E55200090DE10AC9E6FFCA
:104B60000BC9E6FF1AEC2AF009010851F324006E84
:104B70000951F42058D303EC2AF003EC2AF0DAD7D9
:104B8000F36AF46A12000CC9E9FF0DC9EAFFEF509D
:104B900027E037DB27C000F028C001F029C002F071
:104BA000002A000E0122022200C0E6FF01C0E6FF3B
:104BB0003DEC2AF0E8DBE7EC8FF0036E070EE15ED8
:104BC0000350000908E11DDB09010C512724006E88
:104BD0000D51282028D30AEC2AF00AEC2AF0D3D76A
:104BE000F36AF46A120013C91CF914C91DF911C93A
:104BF0001AF912C91BF909013D0E196F46D80C01AB
:104C0000806F0901115112110BE011C9E9FF12C99E
:104C1000EAFFEF5005E011C906F912C907F926DFCE
:104C20000C018051120046DB260E196F2ED80C01A4
:104C3000806F020E805D17E18DEC2AF0B9EC2AF04E
:104C400004010051F3180FE1015101180CE1025168
:104C5000021809E10351031806E105E12BDB196B8A
:104C600014D80C01806F0901155116110BE015C9FC
:104C7000E9FF16C9EAFFEF5005E015C906F916C9A4
:104C800007F9F4DE0C01805112000901195106E008
:104C9000C8DB19C9A1F381DB94DB02D08DEC2AF0CB
:104CA000F3CF7EFCF4CF7FFC0C01F31C03E17F1DEE
:104CB00001E1020C0901020E1C5D000E1D5906E205
:104CC0001A511B1103E0A0EC2AF038D01A511B1125
:104CD00004E1A0EC2AF00C0143D0FEDA0C017E5175
:104CE000005C7F5101582EE21CC97EF31DC97FF381
:104CF0000301020E7E5F000E7F5BAEEC2AF01CC942
:104D000004F01DC905F0020E045E000E055A0450A1
:104D10000C017E5D03017E6F05500C017F5903017C
:104D20007F6F0301CDEC2AF03BDBD6DA09011A5183
:104D30000024E96E1B510120EA6EEF6A0C01010E9E
:104D40007D6F0FD025DBAEEC2AF009011A510C0162
:104D50007E25E96E09011B510C017F21EA6EEF6A85
:104D60007D6B0901195114E0C0EC2AF0006E016A54
:104D7000026A036A00AE03D001680268036800504B
:104D80000401005F0150015B0250025B0350035BB2
:104D90000C017D511200040118510A0A01E185D06D
:104DA000010A66E0020A01E0D4D0CBD9040E53DA3E
:104DB000E50E966F810E976F000E986FEEDAFDD9B3
:104DC000A9DA0C01F31C01E1421D44E041CC7EF361
:104DD00042CC7FF303017C6B7D6BDFDA55DB9ADB22
:104DE000EBDA0A0EF35C000EF45805E20C01412BDD
:104DF000000E4223010C0A0EB2DA310E7C6F0C0E4B
:104E00007D6FCBDA41DB0A0EE66EE66ADA0EE66EFD
:104E1000810EE66E000EE66E310EE66E0C0EA6D921
:104E200015E104010A0E186F77EC53F00401146FBA
:104E3000060E0001E76FE86B0001350EE56F0C0E02
:104E4000E66F14C4E4F097EC53F0020C04010B0E6F
:104E5000186F020C62DBF3CF7EF3F4CF7FF3030114
:104E6000040E7E5F000E7F5B030197DB99DA010C75
:104E700051DBF6D8F3D8EE52EFCF76F32CEC05F0F9
:104E8000640E0401005D000E0159000E0259000E6F
:104E900003595BE3D880000E0055000E0155000E4B
:104EA0000255800E035555E250D034DB33DA61DB16
:104EB000F3500401005DF4500159025002590350AF
:104EC000035904E200C441FC01C442FC0C01000E81
:104ED000D8804155000E42552CE2100E415D000E67
:104EE000425905E241CC7EF342CC7FF304D003016A
:104EF000100E7E6F7F6B0301310E7C6F0C0E7D6F89
:104F0000DEDAF3CF43FCF4CF44FCAAD80C01F35013
:104F1000415FF450425BF3CFE7F0F4CFE8F00001DB
:104F2000310EE56F0C0EE66F14C4E4F097EC53F00D
:104F3000CDD7040100510111021103110AE1000152
:104F4000010EE96FA6EC53F0040188D8070EEF6E4E
:104F5000000C010C04010C510D110E110F1114E184
:104F60001EC9CDF01FC9CEF020C9CFF056EC51F0CC
:104F70000C01446FFF0E445D01E1120044CCF9F0D6
:104F800016EC55F0F1D91AD00CC4D0F00DC4D1F004
:104F900002EC52F00C01446FFF0E445D01E112007F
:104FA0000001020EE36F0EC4DFF00FC4E0F0000159
:104FB000E16BE26B44CCDEF0E8EC52F0DEDAF3CFEA
:104FC00000FCF4CF01FC0C01000ED8800055000E4F
:104FD000015538E2400E005D000E015905E200CC9B
:104FE000D9F001CCDAF004D00001400ED96FDA6BB1
:104FF0000001040ED76F0C0ED86F44CCD6F086ECAF
:1050000052F0F3CF02FCF4CF03FC0C01F350F41088
:105010000AE144CCD2F042EC52F004010C6B0D6B6F
:105020000E6B0F6B120002CC66F303CC67F3030127
:10503000040E646F0C0E8BDA0C010251005F0351F9
:10504000015BC1D744CCF8F0E5EC54F026C00EF477
:1050500027C00FF444CCD2F042EF52F08351C4D1B8
:10506000ABD9D0EF29F004C028F005C029F04BECF3
:105070007FF024C003F025C004F026C005F00050E6
:105080002424F36E01502520F46E02502620F86E81
:10509000F4CFF7FFF3CFF6FF09001200EE52EFCF87
:1050A0007BF3A2EF05F0BDD903011200CEECAAF00C
:1050B00026C008F427C009F428C00AF429C00BF45C
:1050C0008A0E04010827F00E09231B0E0A23000E86
:1050D0000B231200EE52EFCF71F3DEEF04F071D923
:1050E000F3CFC8FCF4CFC9FC1200A4D965D9010ED6
:1050F0000026000E012200501200CEECAAF004019E
:105100000851265C006E09512758016E0A51285833
:10511000026E0B512958036EE834000E031812007A
:10512000EE52EFCF77F33BEF05F07F0D22DAFE0E64
:1051300000261E0E0122000E022203221200EE5152
:1051400053D103019F6B03019D6B9E6B03019B6B0E
:105150009C6B12003BCCE9FF3CCCEAFF3B2B000EE2
:105160003C23120029D9F350F4101200E66EE7EC4C
:105170008FF0006E070EE15E005000091200EE5243
:10518000EFCF61F36DEF03F0D880000E0054000EF6
:105190000154000E0254000E03541200F350040197
:1051A0001027F450112310C4E9FF11C4EAFF102B9B
:1051B000000E1123260EEF6E1200EE52EFCF95F384
:1051C00015EF08F03FD91A0EE926040EEA22EF5037
:1051D0002F0812007F0E0801D86FD96B0801000E4E
:1051E000D66F040ED76F23EF74F0040112C4E9FFE9
:1051F00013C4EAFF122B000E1323EFCFCCFCEF50A9
:1052000012003BD90AEC91F0E552E552E55212004A
:10521000000EE96E040EEA6EEE501200EE52EFCF71
:1052200060F32FEF03F0016E010E0026000E012245
:1052300000C0F3FF01C0F4FF120014C4D2F042EC2E
:1052400052F004011469120015C4D2F042EC52F07D
:105250000401156912000301996F9A6B0301120092
:10526000C82503017E6F000E0C01C92103017F6F69
:1052700003011200A6D848EF2AF00E011B0E006FA2
:10528000040E016FECEC2AF00401176F120000010C
:105290001B0ECB6F040ECC6FA3EC50F00401146F07
:1052A00012000001040EDC6F040EDD6F15C4DBF08C
:1052B000D4EF52F017C91CF918C91DF915C91AF90C
:1052C00016C91BF909011200EF6A09011A0E066FCF
:1052D000040E076F36EF25F01CC900F01DC901F060
:1052E000020E005E000E015A1200EE52EFCFB9F32B
:1052F00091EF15F0EE52EFCF78F365EF05F039CC72
:10530000E9FF3ACCEAFF392B1200030E2C6E2D6A0E
:105310002E6A1200F3CF41FCF4CF42FC120000C011
:10532000C1F801C0C2F893EF72F0580EE66E820E1B
:10533000E66E000EE66E1200EE52EFCF6EF3C3EC97
:1053400004F0030112000401002B000E01230223CC
:1053500003231200006B016B026B036B120003014D
:105360007E6F7F6B03011200F3CF0CF4F4CF0DF4CA
:1053700012005BCCE9FF5CCCEAFF120008C9E6FF33
:1053800009C9E6FF12000CC9E6FF0DC9E6FF1200CD
:105390007ECC7EF37FCC7FF3120004012EEF28F049
:1053A000026A036AF3500401005FF450015B02508B
:1053B000025B0350035B1200F3CF00F0F4CF01F067
:1053C0001200EE52EFCFA0F344EF09F0EE52EFCF10
:1053D00080F324EC06F0B2EF28F00401050E186FFC
:1053E0003DDE070EEF6E1200E96EEA6AD890E936EC
:1053F000EA367F0EE926040EEA22120086DF03C099
:1054000027F033EF28F0BADF70DE090108270150DA
:1054100009231200B8DF69DE09010C2701500D23B2
:1054200012000301A66B0301A46BA56B0301A26B21
:10543000A36B1200FCEC90F0E552E55212002EDE58
:1054400030EF28F0CACCE9FFCBCCEAFFE906000E2A
:10545000EA5A120094DECCCCC2F6AAEC65F0030145
:105460001200E66E1A0EE66E040EB6EF28F0A5DE08
:10547000F3CF33FCF4CF34FC12000EC9E6FF0FC9A2
:10548000E6FF10C9E6FF120009DE44DF30EF28F026
:10549000F3CFCAFCF4CFCBFC12004E0E726F580E45
:1054A000736F010EC9EF2AF04CDE020ED4DE4E0EF1
:1054B000966F580E976F010E986FCDEF29F06DDF44
:1054C0004EEF28F0BE6F0301BC6BBD6B010E0301F4
:1054D000BA6FBB6B62DF75EF29F00301250E626FB7
:1054E00073D8CCCCC1F69CEC65F00301626F55DF3C
:1054F0002AEF2AF0A16F51DF6FEF28F07FDFF5CFA1
:1055000072F30900F5CF73F30800F5CF74F345DFAC
:105510006AEF28F0A3DD90EF28F03FDF90EF28F04E
:105520009DDDEE52EFCF50F39DEC02F0CDEF29F070
:1055300003011A0E6F6F040E706F2FDF9CEF29F0BE
:1055400027DF03017C6B7D6B28DF1FEF2AF0656F7F
:1055500024DFEE52EFCF63F3C0EF03F01AC97CF300
:105560001BC97DF31ADF1FEF2AF0A16F16DFE1EFF1
:1055700029F022DF026A036A12000FDF0EEF29F022
:105580000301796B7A6B09DF7AEF29F002D8030106
:105590001200746F02DF6AEF28F07C6B7D6B5FEFA7
:1055A0002AF0C8CC7EF3C9CC7FF303011A0E7C6FBE
:1055B000040E7D6F5FEF2AF076DD200E7AEF2AF081
:1055C00072DD0A0E7AEF2AF0E8DEBFEF28F0030161
:1055D00064DFE3DE090E1200070EE66EE66A640E73
:1055E000E66E8E0EE66E000EF7EC37F001E1000C71
:1055F000040EE66EE66A5F0EE66E8E0EE66E000E36
:10560000F7EC37F001E1000C800C590EE66E8E0EBF
:10561000E66E000EE66E02CEE6FF03CEE6FFFEEC7F
:1056200037F013E14F0EE66E8E0EE66E000EE66E5C
:1056300004CEE6FF05CEE6FFCDEC90F0016E050E40
:10564000E15E0150000901E1800C000C140E000124
:10565000F66FF76B0001020EF46F0C0EF56F14C4B9
:10566000F3F0BBEC54F0090EE66EE66A450EE66E0A
:105670008E0EE66E000EE66E020EE66E0C0EE66E06
:10568000E7EC8FF0006E070EE15E0050000917E1B5
:1056900009013F0E0E6F8E0E0F6F000E106F090185
:1056A0001A0E0C6F040E0D6FC3EC25F0F3CF16FC31
:1056B000F4CF17FC0C011651171101E0FF000D0E7D
:1056C000E66EE66A310EE66E8E0EE66E000EE66E51
:1056D000020EE66E0C0EE66EE7EC8FF0006E070E23
:1056E000E15E0050000901E0BDD00C011E6B1F6B94
:1056F000206B216B09012C0E0E6F8E0E0F6F000EAA
:10570000106F09011A0E0C6F040E0D6FC3EC25F01B
:10571000F3CF1CFCF4CF1DFC0C011C511D1167E0E4
:105720000901230E0E6F8E0E0F6F000E106F090110
:105730001A0E0C6F040E0D6FC3EC25F0F3CF1AFC9C
:10574000F4CF1BFC0C01226B236B0C010C011A51D2
:105750000C012225E96E0C010C011B510C012321C7
:10576000EA6EEF503AE00C010C011A510C012225AF
:10577000E96E0C010C011B510C012321EA6EEF5064
:10578000D00F006E016A026A036A1ECC26F01FCC9D
:1057900027F020CC28F021CC29F00A0E2B6E2C6AA1
:1057A0002D6A2E6A66ECACF02250000100240C0138
:1057B0001E6F2350000101200C011F6F24500001B7
:1057C00002200C01206F2550000103200C01216FE5
:1057D0000C01222B000E2323B8D71ECCFBF61FCCC6
:1057E000FCF620CCFDF621CCFEF684ECABF00901F2
:1057F0001E0E0E6F8E0E0F6F000E106F09011A0E27
:105800000C6F040E0D6FC3EC25F0F3CF1CFCF4CF2E
:105810001DFC0C011C511D1125E00C010A0E246F0A
:105820000D0E256F266B0901240EB46F0C0EB56F9B
:105830003FECA8F00901160E0E6F8E0E0F6F000ED2
:10584000106F09011A0E0C6F040E0D6FC3EC25F0DA
:10585000F3CF18FCF4CF19FC18CCB4F919CCB5F976
:105860003FECA8F00C0EE66EE66A090EE66E8E0EB0
:10587000E66E000EE66E020EE66E0C0EE66EE7ECCD
:105880008FF0006E070EE15E0050000901E0B8D015
:105890009BCF32FC9B6A0901010E0E6F8E0E0F6FBB
:1058A000000E106F09011A0E0C6F040E0D6FC3EC81
:1058B00025F0F3CF27FCF4CF28FC27CCF5F928CC32
:1058C000F6F9C7EC91F026C029FC27C02AFC090193
:1058D000160E0E6F8E0E0F6F000E106F09011A0E4E
:1058E0000C6F040E0D6FC3EC25F0F3CF27FCF4CF43
:1058F00028FC27CCF5F928CCF6F9C7EC91F026C0A6
:105900002BFC27C02CFC0901FB0E0E6F8D0E0F6FB8
:10591000000E106F09011A0E0C6F040E0D6FC3EC10
:1059200025F0F3CF27FCF4CF28FC27CCF5F928CCC1
:10593000F6F9C7EC91F026C031FC0901F60E0E6FA6
:105940008D0E0F6F000E106F09011A0E0C6F040EF2
:105950000D6FC3EC25F0F3CF27FCF4CF28FC0C012E
:105960002751281129E00C013151040803E20C01F0
:10597000040E316F0C0131510901A66FA76B0901AB
:105980002D0EA46F0C0EA56F2BCCA2F92CCCA3F975
:1059900029CCA0F92ACCA1F9BFECA6F031CCF4F9BE
:1059A0000901E30EF26F080EF36F09012D0EF06F7F
:1059B0000C0EF16F95EC91F00901F00E0E6F8D0E4B
:1059C0000F6F000E106F09011A0E0C6F040E0D6F91
:1059D000C3EC25F0F3CF27FCF4CF28FC0C012751B2
:1059E00028110CE031CC9FF92BCC9DF92CCC9EF9E1
:1059F00029CC9BF92ACC9CF995ECA6F032CC9BFFE4
:105A00000C0EE66EE66AE30EE66E8D0EE66E000E96
:105A1000E66E020EE66E0C0EE66EE7EC8FF0006EA0
:105A2000070EE15E0050000901E080D00901FB0E85
:105A30000E6F8D0E0F6F000E106F09011A0E0C6F96
:105A4000040E0D6FC3EC25F0F3CF33FCF4CF34FC20
:105A500033CCF5F934CCF6F9C7EC91F026C039FC1B
:105A60000901F60E0E6F8D0E0F6F000E106F0901FB
:105A70001A0E0C6F040E0D6FC3EC25F0F3CF33FC40
:105A8000F4CF34FC0C013351341136E00C013951A0
:105A9000040803E20C01040E396FC80E0C013E6FBE
:105AA0003F6B0C013ECC00F03FCC01F03E07000EF6
:105AB0003F5B0050011006E00B0EE66E71ECADF09E
:105AC000E552EFD70C0139510901FA6FFB6B09015F
:105AD000350EF86F0C0EF96F03ECADF039CCF4F91C
:105AE0000901EF0EF26F080EF36F0901350EF06F2A
:105AF0000C0EF16F95EC91F00901F00E0E6F8D0E0A
:105B00000F6F000E106F09011A0E0C6F040E0D6F4F
:105B1000C3EC25F0F3CF33FCF4CF34FC0C0133514C
:105B2000341104E039CCF7F9FAECACF0090EE66E6A
:105B3000E66AD90EE66E8D0EE66E000EE66E020E79
:105B4000E66E0C0EE66EE7EC8FF0006E070EE15E7F
:105B50000050000901E088D00901D40E0E6F8D0EAF
:105B60000F6F000E106F09011A0E0C6F040E0D6FEF
:105B7000C3EC25F0F3CF00FCF4CF01FC0C01005185
:105B800001110BE000CCE9FF01CCEAFFEF50310836
:105B900002E0000E01D0010EF36E0901CF0E0E6F70
:105BA0008D0E0F6F000E106F09011A0E0C6F040E90
:105BB0000D6FC3EC25F0F3CF00FCF4CF01FC0C011A
:105BC000005101110BE000CCE9FF01CCEAFFEF50DE
:105BD000310802E0000E01D0010EF36E0901CA0E79
:105BE0000E6F8D0E0F6F000E106F09011A0E0C6FE5
:105BF000040E0D6FC3EC25F0F3CF00FCF4CF01FCD5
:105C00000C01005101110BE000CCE9FF01CCEAFFCF
:105C1000EF50310802E0000E01D0010EF36E0901D1
:105C2000C50E0E6F8D0E0F6F000E106F09011A0E4C
:105C30000C6F040E0D6FC3EC25F0F3CF00FCF4CF16
:105C400001FC0C01005101110EE000CCE9FF01CC78
:105C5000EAFFEF50310802E0000E01D0010EE8B07B
:105C60008A88E8A08A9862D00B0EE66EE66AB90EC2
:105C7000E66E8D0EE66E000EE66E020EE66E0C0E01
:105C8000E66EE7EC8FF0006E070EE15E0050000953
:105C900004E10401010E166F49D0080EE66EE66AB3
:105CA000B00EE66E8D0EE66E000EE66E020EE66E2D
:105CB0000C0EE66EE7EC8FF0006E070EE15E005012
:105CC000000934E10901AC0E0E6F8D0E0F6F000E4E
:105CD000106F09011A0E0C6F040E0D6FC3EC25F046
:105CE000F3CF00FCF4CF01FC00CCE9FF01CCEAFFCC
:105CF000EF50370A19E0010A15E0030A11E0010A22
:105D00000DE0070A09E0010A05E0030A01E00ED0F0
:105D10008A780CD0F3700AD0F37008D0F37006D0F4
:105D2000F37004D0F37002D0F37000D0000E00D0F6
:105D30001200140E0001F66FF76B0001690EF46F8C
:105D40000C0EF56F14C4F3F0BBEC54F00A0EE66EC3
:105D5000E66AA10EE66E8D0EE66E000E06EC38F0D9
:105D600002E17FEF30F0120EE66EE66A8E0EE66E0E
:105D70008D0EE66E000E06EC38F002E1CFEF2EF04D
:105D80007E0EE66E8D0EE66E000EE66E690EE66E17
:105D90000C0ECAEC36F002E148EF31F0000CE6ECF4
:105DA00037F0F3CF04F0F4CF05F0F3CFE6FFF4CFF4
:105DB000E6FFBDEC36F0EFCF80F324EC06F09FEC6D
:105DC00037F00450F324006E0550F420016E026A8F
:105DD000036A04010051005C01510158025102584C
:105DE0000351035801E27DD1E6EC37F0D2EC37F0F5
:105DF000026A036A04010051F35C0151F458025134
:105E000002580351035801E2010C330E0801966F4A
:105E1000976B0801000E946F0C0E956F0801060E2B
:105E2000906F916B926B936B78EC95F00C012C9DBD
:105E30007DEC37F001E127D1060E0901136F146BD9
:105E400009011A0E116F040E126FF3EC25F0000910
:105E500001E047D15C0E0901176F186B0901200E94
:105E6000156F040E166F13EC26F0000901E039D10E
:105E70007B0EE66E8D0EE66E000EAFEC37F011E194
:105E80000601000EA46F0C0ED9EC36F001E129D109
:105E900000CC14FC01CC15FC02CC16FC03CC17FC86
:105EA000C7D7780EE66E8D0EE66E000EAFEC37F0BB
:105EB00008E10601080EA46F0C0ED9EC36F0B8E12B
:105EC00010D1740EE66E8D0EE66E000EAFEC37F05C
:105ED00011E10601040EA46F0C0ED9EC36F001E1BD
:105EE00000D104CC18FC05CC19FC06CC1AFC07CC5C
:105EF0001BFC9ED76F0EE66E8D0EE66E000EAFECAD
:105F000037F008E106010C0EA46F0C0ED9EC36F048
:105F10008FE1E7D06A0EE66E8D0EE66E000EAFECF6
:105F200037F009E10601100EA46F0C0ED9EC36F023
:105F300001E07ED7D6D0660EE66E8D0EE66E000EC0
:105F4000AFEC37F073E10C01200E336F040E346FA9
:105F5000386B0C0E385D44E21EEC38F025E020EC86
:105F600037F0EFCF00F0300E005C04E31EEC38F0A9
:105F700039081AE220EC37F0EFCF01F0410E015C56
:105F800004E31EEC38F046080FE220EC37F0EFCFC8
:105F900002F0610E025C04E31EEC38F0660804E2D5
:105FA000332B000E3423D8D71EEC38F00AE10C0E48
:105FB000385D16E23851EDEC36F0300EEF6E382BCE
:105FC000F6D720EC37F0332B000E3423EF50E66E7B
:105FD0003851EDEC36F0E552E750EF6E382BB9D77B
:105FE0000C01386B060E385D01E322D73851E824E6
:105FF000EDEC36F0EFCF37FC3851E824010FEDEC33
:1060000036F0EFCF36FC36CCBFF637CCC0F67FEC9F
:1060100065F0E66E0C013851EA6A2D0FE96E0C0E40
:10602000EA22E552E750EF6E382BDCD7610EE66EC0
:106030008D0EE66E000EAFEC37F014E10601200E77
:10604000DB6F040EDC6FB1EC66F0100EE66EE66AF4
:10605000200EE66E040EE66E1C0EE66E0C0E83EC51
:1060600037F0E6D65C0EE66E8D0EE66E000EAFECF7
:1060700037F001E0DDD6310E0401205D01E0D8D615
:106080000C012C8DD5D60701000ECF6F0C0ED06FF2
:10609000ADEC7DF0470EE66E8D0EE66E000EF7EC71
:1060A00036F0100EE66EE66A1C0EE66E0C0EE66E1C
:1060B0002E0EE66E040E83EC37F004013E6B0C01ED
:1060C000140E356F240E355D16E23551EDEC36F0C9
:1060D000EF50200804E13551EDEC36F0EF6A352B36
:1060E000F1D70801010EFC6F330EE66E8D0EE66EE1
:1060F000000EF7EC36F004010C0E186F000C0401D2
:106100007E51020A68E0030A38E0010A01E0BFD0CC
:106110000501060EBB6F0E0EBC6FB5EC6CF074EC97
:1061200037F0020E0301996F9A6B0301300E966FE0
:106130008D0E976F000E986FBDEC36F04BEC37F07C
:1061400003E1321D01E1010C060E016A3125006EEA
:1061500032510122026A036A00500401005F0150BB
:10616000015B0250025B0350035B020E0C01C8ECA2
:1061700037F0D2EC36F0010E7E6F74EC37F0040E7F
:106180000301996F9A6B03012B0E966F8D0E976F1B
:10619000000E986FBDEC36F04BEC37F001E1321D8C
:1061A0000AE0040EC8EC37F015EC38F0D2EC36F00B
:1061B000020E7E6F10D0E6EC37F0F3CF7EF3F4CF13
:1061C0007FF30301040E7E5F000E7F5B21EC38F04D
:1061D000DAEC37F0010CE6EC37F015EC38F0D2ECE5
:1061E00037F0026A036AF3500401005DF45001596C
:1061F000025002590350035904E200C431FC01C4A7
:1062000032FC0C01000ED8803155000E32552CE2C4
:10621000400E315D000E325905E231CC7EF332CCB6
:106220007FF304D00301400E7E6F7F6BE9EC37F003
:10623000F3CF33FCF4CF34FCD2EC36F00C01F35046
:10624000315FF450325BF3CFC1F5F4CFC2F50501F5
:106250001A0EBF6F040EC06F0501060EBD6F0E0E45
:10626000BE6FEAEC6CF0CDD77DEC37F00FE1030E9A
:106270007E6F05011A0ED66F040ED76F0501060E4C
:10628000D46F0E0ED56F2EEC6FF0000C010C000CCD
:1062900004017E510A0A01E13BD2030A01E121D245
:1062A000010A01E1EFD10F0A01E1C4D1010A01E1C4
:1062B00096D1030A01E17AD1010A01E124D1070A4A
:1062C00001E1FED0010A01E1C5D0030A28E0010A7C
:1062D00001E039D237EC38F0000920E00F01060E5A
:1062E000156F8D0E166F000E176F1E8FDB0E126F5F
:1062F0008C0E136F000E146F1E8D930E186F8C0E84
:10630000196F000E1A6F1F810E011A0E5F6F040EB7
:10631000606F616B626B0401010E7E6F020C080EF0
:106320000901136F146B0901040E116F0C0E126F2B
:10633000F3EC25F0020801E1010C8C0EE66E8C0EE8
:10634000E66E000EB9EC37F005E15FCE00FF60CEDF
:1063500001FF7DD0870EE66E8C0EE66E000EB9EC66
:1063600037F005E15FCE61FE60CE62FE70D0820E36
:10637000E66E8C0EE66E000EB9EC37F005E15FCEEE
:1063800003FF60CE04FF63D07D0EE66E8C0EE66EDA
:10639000000EB9EC37F005E15FCE06FF60CE07FFD7
:1063A00056D07A0EE66E8C0EE66E000EB9EC37F023
:1063B00005E15FCE09FF60CE0AFF49D0760EE66E9A
:1063C0008C0EE66E000EB9EC37F041E10F01005182
:1063D000011108E000CFE9FF01CFEAFFEF5002E131
:1063E000006B016B0351041108E003CFE9FF04CFF8
:1063F000EAFFEF5002E1036B046B065107110BE05B
:1064000006CFE9FF07CFEAFFEF5003E00351041185
:1064100002E1066B076B0E016151621112E061CE61
:10642000E9FF62CEEAFFEF500CE061CEE6FF62CEFC
:10643000E6FF4EEC89F0E552E55226C020FF27C06A
:1064400021FFC8EC3DF00401030E7E6F020C040135
:10645000020E7E6F5FCE17F960CE18F909011A0E91
:10646000175F040E185B640ED8801757000E18577C
:106470005FCE15F960CE16F913EC26F0020801E1A3
:10648000010C5FCEE6FF60CEE6FFFCEC90F0E5523B
:10649000E552F3500E015F27F45060237E0E006E2C
:1064A000040E016E0006000E015A00505F5D01509F
:1064B000605903E25F2B000E60230401010E05D03A
:1064C0006DEC37F004E104010A0E7E6F020CF3EC70
:1064D00036F05A0E69EC37F001E2020C0F01470E5C
:1064E0004B6F8C0E4C6F000E71EC37F00F011E0ECF
:1064F0004B6F8C0E4C6F000E71EC37F0A9EC3EF038
:106500000401040E7E6F6DEC37F002E147EF37F0C7
:106510007DEC37F049E0D0EC3DF0F3CF00FCF4CF58
:1065200001FC0C01F350F41001E1020CE6EC37F031
:10653000F3CF02FCF4CF03FC0C01F350F41001E1A3
:10654000010C0051025D0151035904E202CC00FC30
:1065500003CC01FC620ED8800055000E015503E209
:10656000620E006F016B00CC7EF301CC7FF3E9EC8F
:1065700037F0D2EC36F01A0E0C010025E96E040E4D
:106580000121EA6EEF6A09011A0E066F040E076F09
:1065900036EC25F00F011A0E496F040E4A6F5DECC0
:1065A0003EF0A9EC3EF0B4D7050E7E6F6DEC37F0EF
:1065B00002E147EF37F0F3EC36F0640E69EC37F0A8
:1065C00001E2020C0F01BD0E4B6F8B0E4C6F000EE3
:1065D00071EC37F0A9EC3EF00401060E7E6F6DEC15
:1065E00037F002E147EF37F0F3EC36F0240E69ECB8
:1065F00037F001E2020C0F01AD0E4B6F8B0E4C6FAA
:10660000000E71EC37F00F01A30E4B6F8B0E4C6F29
:10661000000E71EC37F08150010B300F0F011AECB6
:1066200038F01AEC38F01AEC38F00DEC38F0CBDB1F
:10663000070E7E6F6DEC37F002E147EF37F0D3DBEA
:106640001E0E69EC37F001E2020C0F019C0E4B6F3D
:106650008B0E4C6F000E71EC37F0300EF3240F01EF
:106660009CDB8A50100B01E0010E300FBFEC37F0BD
:10667000BFEC37F0BFEC37F00F010DEC38F0A3DBC7
:10668000080E7E6F6DEC37F002E147EF37F0ABDBC1
:10669000100E69EC37F001E2020CC282C2B2FED7E2
:1066A000C3CF00FCC4CF01FC06011B0EBD6F040E5E
:1066B000BE6F00CCBBF601CCBCF629EC65F00F0137
:1066C000960E4B6F8B0E4C6F000E71EC37F00F0176
:1066D0001B0E496F040E4A6F5DEC3EF074DB090E31
:1066E0007E6F6DEC37F001E1D2D37DDB100EF1DB74
:1066F00001E2020C0F01870E4B6F8B0E4C6F000EE8
:10670000F0DBABEC3EF0A9EC3EF004010A0E7E6F2C
:10671000E4DB18E152EC38F0D2EC37F0F350F4102F
:1067200004E10801010EFB6F03D00801010EFC6FAC
:10673000760EE66E8B0EE66E000E59DB04010C0E33
:10674000186F000C020C000CF1EC37F0026AF3CF6A
:10675000E6FFF4CFE6FF02C0E6FF610EE66E8B0EA9
:10676000E66E000EE66E0AEC91F0F0DBE7CF02F089
:10677000E552E7CF01F0E552E7CF00F02750005C8B
:10678000285001582950025801E2120004010C6BF4
:10679000D2DB0301610E726F8B0E736F000EABEFD5
:1067A00037F003015B0E726F8B0E736F000EABEF51
:1067B00037F0030E0E01631901E1645113E0020E7C
:1067C000631901E164510CE0010E631901E16451A8
:1067D00007E063510AE1645108E18150010B03D0E5
:1067E000010E01D0010E636F01D0636B646B6351C6
:1067F000641107E00301590E726F5B0E736F010E97
:1068000006D003015C0E726F5B0E736F010EABEF6F
:1068100037F0070E0E01651901E166512AE0060EF8
:10682000651901E1665123E0050E651901E1665124
:106830001EE0040E651901E1665119E0030E6519A9
:1068400001E1665114E0020E651901E166510FE0A5
:10685000010E651901E1665105E065510DE16651D2
:106860000BE105D08A50100B05E0010E03D0F35068
:1068700001D0F350656F01D0656B666B6551661191
:1068800002E0310E01D0300EEFD3070E0E01671972
:1068900001E168512AE0060E671901E1685123E021
:1068A000050E671901E168511EE0040E671901E148
:1068B000685119E0030E671901E1685114E0020EF6
:1068C000671901E168510FE0010E671901E1685194
:1068D00005E067510DE168510BE105D08A50100BBE
:1068E00005E0010E03D0F35001D0F350676F01D0E3
:1068F000676B686B69516A1103E06751681106E1C3
:1069000069516A110AE16751681107E10301520EEA
:10691000726F8B0E736F000E1EDB1200C284C29664
:10692000C298C28AC282C2B2FED7C3CF0AFCC4CF09
:106930000BFCF00E046E180E056E1C0E066E4B0E50
:10694000076E0ACC28F00BCC29F030EC7EF027C083
:1069500008F028C009F029C00AF02AC00BF027C0AF
:106960002CF028C02DF029C02EF02AC02FF055DAC7
:106970002C6A400E2D6E1C0E2E6E460E2F6E96EC5F
:106980007EF027C00CFC28C00DFC29C00EFC2AC0DC
:106990000FFC046A200E056E800E066E450E076E13
:1069A00004C0E6FF05C0E6FF06C0E6FFE66E270E60
:1069B0002C6EAD0E2D6E2E0E2E6E3C0E2F6E43ECF9
:1069C0007EF027C00CF028C00DF029C00EF02AC0C0
:1069D0000FF027C0E6FF28C0E6FF29C0E6FF2AC067
:1069E000E6FF5CEC86F0B2DAE552E7CF07F0E5525D
:1069F000E7CF06F0A4DA26C008F027C009F028C0C7
:106A00000AF029C00BF026C02CF027C02DF028C0BA
:106A10002EF029C02FF001DA330E2C6E930E2D6E5E
:106A2000880E2E6E430E2F6E96EC7EF094EC7FF067
:106A300028C008FC29C009FC000EE66E0C0EE66EAC
:106A400028C0E6FF29C0E6FFF9EC89F07FDA0301F0
:106A5000000E6F6F0C0EABD2C294C296C298C28A5F
:106A6000C282C2B2FED7C3CF08FCC4CF09FC060164
:106A7000000EBD6F0C0EBE6F08CCBBF609CCBCF689
:106A800029EC65F00301000E6F6F0C0E90D2090126
:106A9000DF510901DE5D01E112000C01816B800E06
:106AA0000C01815D19E20901DF510901DE5D14E08D
:106AB0000901D3D93C0803E0D0D93E0803E1CDD980
:106AC0001F0F01D0CAD9E66E26DAE552E750EF6E05
:106AD000812B0901DF2BE3D71EDAEF6A8151030115
:106AE000666F676B0301000E646F0C0E656F45D90E
:106AF000EFCF63F3C0EF03F00301E30E6F6F080EF7
:106B000056D20301EF0E6F6F080E51D236D9EFCF78
:106B100060F32FEC03F0F3CF00FCF4CF01FC030192
:106B2000430E726F8B0E736F000EABEF37F0A1D96F
:106B3000F3CF00FCF4CF01FCF350F4100CE00301A0
:106B4000360E726F8B0E736F000E05DA00CC6FF38A
:106B500001CC70F365DA12008CD9F3CF00FCF4CFCE
:106B600001FCF350F41006E000CC6FF301CC70F39D
:106B700004D94FD103012E0E726F8B0E736F000E6E
:106B8000ABEF37F012002DDA4A0EA3D901E2120062
:106B9000030E04017E5D08E00301190E726F8B0E77
:106BA000736F000ED8D91ED00301F30E726F8A0ED8
:106BB000736F000ED0D90C01006B100E005D12E255
:106BC00000510BD944DA0C01005107D945DA030E04
:106BD0000C010015030803E10301200EC6D90C01C6
:106BE000002BEBD704010C6B9BEF37F00C01046B0F
:106BF000040E045D20E2045103E003012E0EB5D91A
:106C00000601000EBD6F0C0EBE6F0C010451EA6A46
:106C10006B0FE96E0E0EEA22EF500601BB6FBC6BE4
:106C200029EC65F00301000E6F6F0C0E706FF8D940
:106C30000C01042BDDD712000301AA0E6F6F070EA3
:106C4000B6D10701BAAD07D00301EB0E726F8A0E01
:106C5000736F000E80D912008EC76BFE8FC76CFE5B
:106C600090C76DFE91C76EFEF6EF35F096C76BFECE
:106C700097C76CFE98C76DFE99C76EFEF6EF35F0AC
:106C800092C76BFE93C76CFE94C76DFE95C76EFEF0
:106C9000F6EF35F09AC76BFE9BC76CFE9CC76DFE86
:106CA0009DC76EFEF6EF35F09EC76BFE9FC76CFE6C
:106CB000A0C76DFEA1C76EFEF6EF35F0D2D9120E59
:106CC00008D904E20401010E0C6F13D00C01006B13
:106CD000060E005D0CE2005103E003013A0E45D9B7
:106CE00022D9B5D920D9B8D90C01002BF1D704018C
:106CF0000C6B9BEF37F012001200FF001200030133
:106D00001A0E6F6F040E53D11200120012001200FF
:106D10000301E60E726F8A0E736F000EABEF37F051
:106D2000A0D94B0ED6D804E20401010E0C6F09D095
:106D30000301BF0E726F8A0E736F000E0CD904012F
:106D40000C6B9BEF37F0AFD8ABEF37F0B3D8ABEFAE
:106D500037F00801FB5102E0ADD801D0A4D8FBD830
:106D60000801FB6B12000801FC5102E0A3D801D01E
:106D70009AD8F1D80801FC6B120004018351E96E26
:106D8000EA6AD890E936EA367F0EE926040EEA224E
:106D9000EE521200E66EFEEF37F03FD90F012C0ED7
:106DA0000DEF38F0FFD8DAEF37F0EFCF71F3DEEF09
:106DB00004F0A56F0601200EA26F040EA36F29EC4C
:106DC00063F0000912000F010D0E27D90F010A0E02
:106DD00024D9A9EC3EF004011200EA6A1A0FE96E08
:106DE000040EEA221200D0EC3DF0D2EF37F0E66E4E
:106DF0001A0EE66E040EE66EE3EC90F0006E050EE1
:106E0000E15E00501200EFCF60F32FEC03F0D2EF01
:106E100037F0EFCF6EF3C3EF04F004C027F005C0E6
:106E200028F006C029F007C02AF043EC7EF027C006
:106E300000F028C001F029C002F02AC003F01200BF
:106E400033CCE9FF34CCEAFF1200E7EC8FF0006EA0
:106E5000070EE15E005000091200DF51EA6A000FE0
:106E6000E96E0A0EEA22EF501200EFCF61F36DEFE8
:106E700003F009013E0E0E6F8B0E0F6F000E106FA8
:106E800009011A0E0C6F040E0D6FC3EF25F00401FB
:106E90000A0E7E6F020CEFCF95F315EC08F0C5D803
:106EA0000C01F31C12000301BA0E726F8A0E736F8D
:106EB000000E12000301B40E726F8A0E736F000E83
:106EC0001200EFCF77F33BEF05F0EFCF7BF3A2EFAC
:106ED00005F0F35C000EF4581200CBEC3DF0000915
:106EE00012004D6F81EF3EF003019F6B03019D6B1C
:106EF0009E6B03019B6B9C6B1200040100510111FE
:106F0000021103111200E66E06EC90F0006E060E00
:106F1000E15E005012000C018151EA6A000FE96E37
:106F20000C0EEA2212000C010051EA6ABB0FE96E56
:106F3000070EEA2212000D6B0E6B0F6B1200E5526A
:106F4000E7CF05F0E552E7CF04F01200E552E55235
:106F5000E552E5521200746F10DFD5EF36F0E66EA1
:106F60001A0EE66E040ECAEF36F0626F06DF35EFDA
:106F700037F0E66E040EE66E0C0ECAEF36F00F0127
:106F80000CDF300EF3240F0108DF300EF324120063
:106F9000312503017E6F000E0C01322103017F6F4A
:106FA00021EF38F0F3CF00F0F4CF01F01200706F52
:106FB000E4DE2FD7026A036AF3500401005FF45045
:106FC000015B0250025B0350035B1200D6DE61EFEF
:106FD00037F003011A0E7C6F040E7D6FCEDE65EF75
:106FE00037F00401010E0C6FA6DF31EF38F0E66ECA
:106FF00000CEE6FF01CEE6FF25EF37F0CDEC90F0B6
:10700000006E050EE15E005000091200E66E690E8A
:10701000E66E0C0EE66E25EF37F03F6FDBEF3DF0CE
:10702000ACDEEFCF6EF3C3EF04F0F3CF31FCF4CF5F
:1070300032FC1200B2DE0F01310E120001DFEF5000
:10704000120003017C6B7D6B98DE65EF37F0EFCFAC
:10705000C1F69CEC65F008D0EFCFC2F6AAEC65F063
:1070600003D08BDE03EF37F00301B5EF37F00801F3
:10707000FFB3000CFF6BFF83010EFE6F0F012A6B45
:10708000286B220EE66EE66AE66A000EE66E0F0ECA
:10709000E66E54EC90F0050EE15E190E0F01206FC4
:1070A000216B010C0801FFB303D0F368F4681200F0
:1070B000020EFE5D02E1DEEC74F0FE0E0801FD5DE5
:1070C00002E083EC40F0FF93FE6BFFA503D0F36A70
:1070D000F46A12002BCFF3FF2CCFF4FF120008014B
:1070E000FE51050A02E1C5EF3DF0010A01E1EFD0D2
:1070F000070A01E1CFD0010A01E1A1D0030A05E0AE
:10710000010A02E1C7EF3DF01200FFA71200D9EC1F
:1071100074F0000901E112000F010051011104E1B6
:1071200000510111021108E01EA103D00701010E58
:107130006BD00701010E77D009510A1108E01E51EA
:10714000080B05E193EC40F0C7EC3FF00DD009517E
:107150000A110B1109E01E51080B06E093EC40F0F8
:107160000BCFE6FF96EC3FF0005101111CE10051FE
:107170000111021118E10C510D1108E01E51100B04
:1071800005E19AEC40F0C7EC3FF00DD00C510D1129
:107190000E1109E01E51100B06E09AEC40F00ECFE4
:1071A000E6FF96EC3FF0005101111CE10051011186
:1071B000021118E10F51101108E01E51200B05E1DA
:1071C000A1EC40F0C7EC3FF00DD00F5110111111A0
:1071D00009E01E51200B06E0A1EC40F011CFE6FFC4
:1071E00096EC3FF00051011107E10051011102112D
:1071F00003E1DEEC74F045D01EA110D0002B000E90
:107200000123022307010F0EE76F00CFE4F701CF40
:10721000E5F702CFE6F70BEC75F00CD0002B000E73
:10722000012307010F0EE36F00CFE1F701CFE2F773
:10723000EBEC74F025EC40F00801FE2B1200070186
:10724000220EE86F0F0EE96F2EEC75F0000915E1C4
:10725000D9EC3FF0D880AC0E0054B90E0154030EA7
:107260000254000E035402E3C7EF3DF02B6B800E77
:107270002C6F0801FE6BDEEF74F0DEEC74F0000999
:1072800007E10F012B6B800E2C6F0801FE6B1200C3
:107290000801FE2B0301090E4D6F20CF4BF321CFC8
:1072A0004CF30301030E4A6F22CF46F323CF47F37B
:1072B00024CF48F325CF49F3E7EC01F00801FD6F37
:1072C000FE0EFD5D01E11200FE2B25EC40F0FDC835
:1072D0004FF38EEC02F000091FE10801FF51200B73
:1072E00012E1D9EC3FF0E834000E031809E6D8802B
:1072F000900E0054F70E0154040E0254000E035475
:1073000002E3C7EF3DF00F01010E2B6F800E2C6FD3
:107310000801050EFE6F12000801FF8BFDC877F310
:107320003BEC05F0F3CF00F0F4CF01F0F350F41094
:1073300001E1ACD00301080E796F0C0E7A6FFDC825
:1073400078F365EC05F00F012A51050A2FE0010AD8
:1073500026E0070A12E0030A04E0010A02E0030A39
:10736000DDE12ACFE9FFEA6AE9BEEA68310EE926E3
:107370000F0EEA2208CCEFFF17D00C0108510D0ABE
:107380000AE0200A05E00D0AC9E10801FF910BD0CF
:107390000801FF8108D00F01050E2A6FBFD70D0E1F
:1073A0000C01085DBBE10F012A2BB8D70A0E0C01B6
:1073B000085D65E10F012A6B0801FFB1AFD70F012E
:1073C000346B310EE66E0F0EE66ED9EC88F0E552A6
:1073D000E552F3CF2BFFF4CF2CFF0F0128511C0AED
:1073E00042E0040A38E0180A2FE00A0A2DE0070AF2
:1073F0002BE01C0A29E0040A27E01D0A1FE00C0A02
:1074000016E0020A14E0040A01E088D7AEEC40F06E
:1074100033E373EC40F030E30351041104E1035112
:107420000411051102E0030E28D0090E26D04E0EDD
:107430002B1922E1010E2C1914E01ED0EB0E2B1992
:107440001BE12C510EE018D0AEEC40F015E373ECCC
:1074500040F007E211D0620E2B190EE1010E2C193B
:107460000BE1282B5BD7AEEC40F005E373EC40F06A
:1074700002E30801FF850F011D0E286F4FD70D0E87
:10748000085D01E14BD70F012A0748D73BEC40F0DC
:10749000F35C000EF45801E212000F0128511E0A9D
:1074A00001E161D3030A01E157D3060A01E1FBD2EE
:1074B000010A01E1E7D2030A01E1BED10E0A01E1AE
:1074C000AFD1010A01E1A0D1050A01E179D1010A98
:1074D00001E16BD11D0A01E145D1010A01E137D17A
:1074E000020A01E1F5D01C0A01E1F2D0040A01E12F
:1074F000EFD01F0A01E1C9D0020A01E195D00E0ABE
:1075000056E0020A1EE0060A15E0020A01E0120037
:1075100003510411051107E10301DA0E726F890EA0
:10752000736F000E0FD10301C90E726F890E736F56
:10753000000E08D10301BC0E726F890E736F000E2E
:1075400001D11EA30FD003CF35FF04CF36FF05CFE7
:1075500037FF03CFE6FF04CFE6FF05CFE6FF45EC9C
:1075600040F00AD003CF3BFF04CF3CFF03CFE6FF40
:1075700004CFE6FF4FEC40F00C0109510A114DE039
:10758000086B0951085D000E0A550EE28BEC40F0C5
:107590000BE20F011EA303D007EC40F002D058EC21
:1075A00040F014EC40F0EDD762EC3FF0E5D71EA5BB
:1075B0000FD006CF35FF07CF36FF08CF37FF06CFF6
:1075C000E6FF07CFE6FF08CFE6FF45EC40F00AD024
:1075D00006CF3BFF07CF3CFF06CFE6FF07CFE6FF16
:1075E0004FEC40F00C0109510A1117E0086B0951EA
:1075F000085D000E0A550EE28BEC40F00BE20F0125
:107600001EA503D007EC40F002D058EC40F014EC7B
:1076100040F0EDD762EC3FF0E5D70301B90E726F91
:10762000890E736F000E8ED00301AD0E726F890E3E
:10763000736F000ED1EC40F00F011EAD15D0BBEC06
:1076400040F012CF52FF13CF53FF14CF54FFB8ECCA
:1076500040F03DCF6CF33ECF6DF327C069F328C0F7
:107660006AF329C06BF359D0C1EC40F012CF4EFF42
:1076700013CF4FFFC7EC40F03DCF66F33ECF67F32B
:10768000F3CF64F3F4CF65F355D009510A110CE040
:107690001E51080B09E1C1EC40F009CF4EFF0ACFA3
:1076A0004FFFD6EC3FF05BE109510A110B110EE0E0
:1076B0001E51080B0BE0BBEC40F009CF52FF0ACF84
:1076C00053FF0BCF54FFD3EC3FF049E10F0EA5D091
:1076D00003019F0E726F890E736F000ED1EC40F0A4
:1076E0000F011E51080B03E00C0E285D0CE01E512B
:1076F000100B03E0100E285D06E01E51200B12E077
:10770000140E285D0FE13DCF6CF33ECF6DF335CF06
:1077100069F336CF6AF337CF6BF3FDC868F340ECFB
:1077200004F00AD03DCF66F33ECF67F33BCF64F35E
:107730003CCF65F3CDEC40F00301A90E726F890ECA
:10774000736F000ED1EC40F037EC40F002D21EA770
:1077500002D0A2DB01D0DDDBD4EC40F002E00C0E65
:107760005CD0282B0C510D110CE01E51100B09E1BF
:10777000C1EC40F00CCF4EFF0DCF4FFFD6EC3FF0E9
:107780001CE10C510D110E110EE01E51100B0BE0FF
:10779000BBEC40F00CCF52FF0DCF53FF0ECF54FF88
:1077A000D3EC3FF00AE1130E38D01EA902D074DBEF
:1077B00001D0AFDBD4EC40F002E0100E2ED0282B2D
:1077C0000F5110110CE01E51200B09E1C1EC40F0EB
:1077D0000FCF4EFF10CF4FFFD6EC3FF011E10F510E
:1077E000101111110FE01E51200B0CE0BBEC40F00A
:1077F0000FCF52FF10CF53FF11CF54FFD4DB02E065
:10780000140E0BD0170E09D01EAB02D045DB01D0F1
:1078100080DBD4EC40F003E0140E286F1200282B1C
:107820000301980E726F890E736F000ED1EC40F059
:107830000F01282B296B24D10A0E0F01295D01E1CC
:107840001FD13BEC40F0D880F354000EF45401E318
:1078500017D10F012951090A01E1EDD0010A01E117
:10786000DED00F0A01E1B8D0010A01E1A4D0030A79
:1078700001E17ED0010A6CE0070A47E0010A35E029
:10788000030A12E0010AD8E11251131104E1125166
:107890001311141128E0010E296F0301910E726F6C
:1078A000890E736F000E96D01EAD11D012CF72F3F9
:1078B00013CF73F314CF74F351DB27C012FF28C02A
:1078C00013FF29C014FF41DBB7E10F010CD012CF29
:1078D0006FF313CF70F3B5DBF3CF12FFF4CF13FFC9
:1078E00090DBAAE10F01020EA4D009510A1104E1B4
:1078F00009510A110B112AE0030E296F03018A0EA8
:10790000726F890E736F000E65D01EA712D009CF5B
:1079100072F30ACF73F30BCF74F320DB27C009FF98
:1079200028C00AFF29C00BFF10DB01E085D70F013B
:107930000DD009CF6FF30ACF70F383DBF3CF09FFCC
:10794000F4CF0AFF5EDB01E077D70F01040E71D0A0
:107950000C510D1104E10C510D110E112AE0050E10
:10796000296F0301830E726F890E736F000E32D080
:107970001EA912D00CCF72F30DCF73F30ECF74F398
:10798000EDDA27C00CFF28C00DFF29C00EFFDDDA9D
:1079900001E052D70F010DD00CCF6FF30DCF70F374
:1079A00050DBF3CF0CFFF4CF0DFF2BDB01E044D70E
:1079B0000F01060E3ED01551161104E11551161196
:1079C00017112BE0070E296F0301770E726F890ED6
:1079D000736F000EE6DB30D71EAF12D015CF72F3F7
:1079E00016CF73F317CF74F3B9DA27C015FF28C089
:1079F00016FF29C017FFA9DA01E01ED70F010DD02D
:107A000015CF6FF316CF70F31CDBF3CF15FFF4CF58
:107A100016FFF7DA01E010D70F01080E0AD0D9DA05
:107A20000F011851191104E1185119111A1122E00E
:107A3000090E296F01D71FA111D018CF72F319CFEA
:107A400073F31ACF74F38ADA27C018FF28C019FF1E
:107A500029C01AFF7ADA01E0EFD60CD018CF6FF305
:107A600019CF70F3EEDAF3CF18FFF4CF19FFC9DAAC
:107A700001E0E2D6AEDA0F010A0E296F282BDCD620
:107A800037EF40F0282B1BCF3BFF1CCF3CFF710E84
:107A9000386F890E396F000E3A6F266B276B3B519A
:107AA0003C1101E05FDA0F011B511C1104E11B5175
:107AB0001C111D1139E09CDA4AE00F0126512711F3
:107AC00029E0030E2627000E27233B51265D0301E4
:107AD000666F0F013C5127590301676F3BCF64F379
:107AE0003CCF65F35ADBF3500F013B27F4503C23A6
:107AF00026513B1908E127513C1905E1E2DA08E17A
:107B0000030E0F0101D0030E265F000E275B02D08B
:107B100029DAD3D73BCF6FF33CCF70F392DAF3CFB0
:107B20003BFFF4CF3CFF05D00801FFA910D060DA7D
:107B30000EE038CF72F339CF73F33ACF74F30EDA25
:107B400027C038FF28C039FF29C03AFF90DA50DA41
:107B50001BE10F01282B1200282B660E356F890EB2
:107B6000366F000E376FB6DA09E035CF72F336CFD5
:107B700073F337CF74F3F2D91BDB79DAABDA04E1B4
:107B80000801050EFE6F12001200BDDAFE6B120036
:107B90000801FF8712000801FE5101E1000C010CF1
:107BA0001B0E0F01285D03E0F36AF46A1200FDC8A2
:107BB00060F32FEF03F0030E0F01265D06E181DA7B
:107BC00003E00F01266B01D0000C2651020A0FE0E2
:107BD000030A06E0010A16E10D0E3F5D13E10AD02B
:107BE0000A0E3F5D07E00D0E3F5D0CE008D02E0E43
:107BF0003F5D02E1262B06D00D0E3F5D02E1260718
:107C000001D0266B3FCF62F3FDC861F36DEC03F04A
:107C1000000901E1000C010C0C01006B016B0F016C
:107C200042CF00F043CF01F04207000E435B00500B
:107C3000011015E040CFE9FF41CFEAFF402B000ED5
:107C40004123EFCF3FFFB7DF000905E00C01002B18
:107C5000000E0123E4D70F014007000E415B00CC6A
:107C6000F3FF01CCF4FF12000C01006B016B0F015C
:107C700047CF00F048CF01F04707000E485B0050A7
:107C8000011016E044CFF6FF442B45CFF7FF000E5E
:107C9000452346CFF8FF46235BDA05E00C01002BB5
:107CA000000E0123E4D70F014407000E455B465B3D
:107CB00000CCF3FF01CCF4FF12000C010C6B0D6B38
:107CC00049CFE9FF4ACFEAFFEF5016E00F0149CF55
:107CD000E9FF4ACFEAFF492B000E4A23EFCF3FFFCF
:107CE0006ADF000905E00C010C2B000E0D23E8D71C
:107CF0000F014907000E4A5B0CCCF3FF0DCCF4FFDB
:107D000012000C010C6B0D6B4BCFF6FF4CCFF7FF45
:107D10004DCFF8FF0800F55017E00F014BCFF6FFED
:107D20004B2B4CCFF7FF000E4C234DCFF8FF4D23CC
:107D30000FDA05E00C010C2B000E0D23E5D70F0127
:107D40004B07000E4C5B4D5B0CCCF3FF0DCCF4FFEE
:107D5000120037EF40F00801FF89120004DA000E2C
:107D6000C8D9EE6EED6A0C01036B0F014ECFE9FF2F
:107D70004FCFEAFF4E2B000E4F23EFCF02FCEF5008
:107D80002DE03C0E0C01025D06E10381ECD9B1D976
:107D9000EE68ED6804D0400E025D01E103830351FB
:107DA000010B0BE10351020B08E1200E025D03E021
:107DB0002C0E025D02E1D7D9D8D72C0E025D0EE061
:107DC0000351010B06E00351020B03E03E0E025D7E
:107DD00005E08FD9EE2A000EED22C7D70C0103B3C0
:107DE00004D0000E86D9EE6EED6A00CCF3FF01CC14
:107DF000F4FF120035D9000E81D9EE6EED6A0C0148
:107E0000046B0F0152CFF6FF522B53CFF7FF000E3A
:107E1000532354CFF8FF54230800F5CF03FCF5504B
:107E20002DE03C0E0C01035D06E1048119D966D9F1
:107E3000EE68ED6804D0400E035D01E10483045157
:107E4000010B0BE10451020B08E1200E035D03E07E
:107E50002C0E035D02E104D9D4D72C0E035D0EE095
:107E60000451010B06E00451020B03E03E0E035DDA
:107E700005E044D9EE2A000EED22C3D70C0104B36D
:107E800004D0000E3BD9EE6EED6A00CC27F001CC99
:107E900028F002CC29F012006ED93DCF00F03ECF81
:107EA00001F0026A350EE96E0F0EEA6EEE50002404
:107EB0000F01526FEE500120536FEE500220546FAD
:107EC000B8EF40F00851006E016A0050095F0150A0
:107ED0000A5B040E0601B96FBA6B06010B0EB76F91
:107EE0000C0EB86F0C0108510601B56FB66B060198
:107EF0000B0EB36F0C0EB46F9CEC64F0040E030118
:107F0000666F676B03010B0E646F0C0E656FCDEF30
:107F100040F037D90F013B513D250F014E6F0F0146
:107F20003C513E210F014F6FC7EF40F082EC90F0C3
:107F3000E552E552E552E55227C000FF28C001FF97
:107F400029C002FF0F011E81120027C0F6FF28C0C2
:107F5000F7FF29C0F8FF0800F5501200FDC871F3C3
:107F6000DEEF04F06D0EE66E890EE66E000EE66E34
:107F70003BCFE6FF3CCFE6FF5DEC91F0006E050ED7
:107F8000E15E0050F3CF26FFF4CF27FF12006EEC26
:107F900090F0E552E552E552F3CF00FFF4CF01FF38
:107FA0000F011E911200E4D8D4EF40F0F0D8D4EFC6
:107FB00040F0CEECAAF00F012D51265C006E2E5140
:107FC0002758016E2F512858026E30512958036EE0
:107FD0001200020E03016C6F6D6B0301B90E696F25
:107FE000890E6A6F000E6B6FFDC868F340EF04F0F6
:107FF00038CFF6FF39CFF7FF3ACFF8FF0800F5503A
:108000001200F3CFE9FFF4CFEAFFEF50120035CFB3
:10801000F6FF352B36CFF7FF000E362337CFF8FFAC
:1080200037230800F5501200E66E0C010851EA6A89
:108030000B0FE96E0C0EEA22E552E750EF6E082BAB
:108040001200FDC86EF3C3EF04F0CEECAAF026C018
:108050002DFF27C02EFF28C02FFF29C030FF1200A0
:1080600052CF00FC53CF01FC54CF02FC1200FDC8DC
:108070005FF31BEF03F0FDC860F32FEC03F0F3CFC9
:1080800000F0F4CF01F0400E12000AEC91F0E5523E
:10809000E552E55227C009FC28C00AFC1200FCEC9E
:1080A00090F0E552E552F3CF09FCF4CF0AFC120040
:1080B0003BCFE9FF3CCFEAFF3B2B000E3C23EF50C8
:1080C000120003012E0E626FFDC861F36DEC03F028
:1080D0000009120035CFF6FF36CFF7FF37CFF8FF94
:1080E0000800F55012002B0ED8802B55010E2C5590
:1080F000120050CFE9FF51CFEAFF120055CFE9FF40
:1081000056CFEAFF1200FDC850F39DEC02F00801C3
:10811000FE0EFD6F12000851006E016A030E005C36
:10812000000E01581200400EE66E09CFE6FF0ACF9E
:10813000E6FF1200400EE66E0CCFE6FF0DCFE6FF25
:108140001200400EE66E0FCFE6FF10CFE6FF1200E2
:108150000800F5CF3FFF2FDD00091200C80E2B5D90
:10816000000E2C5912004ECF00FC4FCF01FC120024
:1081700041DED8EF40F00F013D0E556F0F0E566FE8
:1081800012000F013D0E506F0F0E516F1200E6DD11
:10819000F3CF3BFFF4CF3CFF1200FDC863F3C0EF09
:1081A00003F0746FAEEF3FF00F013D513E1112002E
:1081B00027C035FF28C036FF29C037FF12000D0A3F
:1081C000444843502F506F776572206576656E7412
:1081D000206F63637572726564000D0A0D0A4D505D
:1081E00046530201000D0A0D0A005365742D436FBA
:1081F0006F6B69653A2000363030006D61782D6113
:1082000067653D006E6F2D63616368650043616360
:1082100068652D436F6E74726F6C3A2000436F6E09
:1082200074656E742D456E636F64696E673A20677E
:108230007A69700D0A00436F6E74656E742D5479FF
:1082400070653A20000D0A0D0A33303420526564FF
:1082500069726563743A2000696E6465782E68748B
:108260006D006D70667375706C6F616400504F5374
:10827000540047455400436F6E74656E742D4C6511
:108280006E6774683A00417574686F72697A6174D8
:10829000696F6E3A00436F6F6B69653A00485454DA
:1082A000502F312E312034303320466F7262696492
:1082B00064656E0D0A436F6E6E656374696F6E3A26
:1082C00020636C6F73650D0A0D0A34303320466FDE
:1082D0007262696464656E3A2053534C2052657132
:1082E0007569726564202D2075736520485454505B
:1082F000530D0A00485454502F312E312033303260
:1083000020466F756E640D0A436F6E6E6563746907
:108310006F6E3A20636C6F73650D0A4C6F63617406
:10832000696F6E3A2000485454502F312E31203559
:10833000303020496E7465726E616C2053657276C0
:108340006572204572726F720D0A436F6E6E6563BF
:1083500074696F6E3A20636C6F73650D0A436F6EBC
:1083600074656E742D547970653A20746578742F35
:1083700068746D6C0D0A0D0A3C68746D6C3E3C624D
:108380006F6479207374796C653D226D61726769E1
:108390006E3A3130307078223E3C623E4D5046534A
:1083A00020496D61676520436F7272757074206F2C
:1083B000722057726F6E672056657273696F6E3CDC
:1083C0002F623E3C703E3C6120687265663D222F04
:1083D0006D70667375706C6F6164223E54727920A3
:1083E000616761696E3F3C2F613E3C2F626F64792B
:1083F0003E3C2F68746D6C3E00485454502F312E13
:108400003120323030204F4B0D0A436F6E6E656362
:1084100074696F6E3A20636C6F73650D0A436F6EFB
:1084200074656E742D547970653A20746578742F74
:1084300068746D6C0D0A0D0A3C68746D6C3E3C628C
:108440006F6479207374796C653D226D6172676920
:108450006E3A3130307078223E3C623E4D50465389
:10846000205570646174652053756363657373662A
:10847000756C3C2F623E3C703E3C612068726566C4
:108480003D222F223E53697465206D61696E207014
:108490006167653C2F613E3C2F626F64793E3C2FE3
:1084A00068746D6C3E00485454502F312E31203288
:1084B0003030204F4B0D0A436F6E6E656374696FE9
:1084C0006E3A20636C6F73650D0A436F6E74656E50
:1084D000742D547970653A20746578742F68746DC2
:1084E0006C0D0A0D0A3C68746D6C3E3C626F6479D9
:1084F000207374796C653D226D617267696E3A31E3
:1085000030307078223E3C666F726D206D65746805
:108510006F643D706F737420616374696F6E3D2288
:108520002F6D70667375706C6F61642220656E6369
:10853000747970653D226D756C7469706172742F09
:10854000666F726D2D64617461223E3C623E4D50D7
:10855000465320496D6167652055706C6F61643CBE
:108560002F623E3C703E3C696E7075742074797069
:10857000653D66696C65206E616D653D6920736956
:108580007A653D34303E20266E6273703B203C6934
:108590006E70757420747970653D7375626D697461
:1085A0002076616C75653D2255706C6F6164223E6A
:1085B0003C2F666F726D3E3C2F626F64793E3C2F9C
:1085C00068746D6C3E00485454502F312E31203564
:1085D0003031204E6F7420496D706C656D656E741E
:1085E00065640D0A436F6E6E656374696F6E3A2041
:1085F000636C6F73650D0A0D0A353031204E6F7450
:1086000020496D706C656D656E7465643A204F6EBF
:108610006C792047455420616E6420504F5354209C
:10862000737570706F727465640D0A00485454500D
:108630002F312E312035303020496E7465726E61D5
:108640006C20536572766572204572726F720D0AE6
:10865000436F6E6E656374696F6E3A20636C6F73FF
:10866000650D0A0D0A35303020496E7465726E61F1
:108670006C20536572766572204572726F723A2073
:1086800045787065637465642064617461206E6F01
:10869000742070726573656E740D0A0048545450EE
:1086A0002F312E3120343134205265717565737449
:1086B0002D55524920546F6F204C6F6E670D0A4341
:1086C0006F6E6E656374696F6E3A20636C6F73656D
:1086D0000D0A0D0A34313420526571756573742D9D
:1086E00055524920546F6F204C6F6E673A20427587
:1086F00066666572206F766572666C6F772064655A
:108700007465637465640D0A00485454502F312E0B
:108710003120343034204E6F7420666F756E640DD6
:108720000A436F6E6E656374696F6E3A20636C6F97
:1087300073650D0A436F6E74656E742D54797065A0
:108740003A20746578742F68746D6C0D0A0D0A34C4
:1087500030343A2046696C65206E6F7420666F7500
:108760006E643C62723E557365203C6120687265A0
:10877000663D222F6D70667375706C6F6164223E6A
:108780004D5046532055706C6F61643C2F613E2004
:10879000746F2070726F6772616D207765622070F0
:1087A000616765730D0A00485454502F312E3120F3
:1087B00034303120556E617574686F72697A656402
:1087C0000D0A5757572D41757468656E746963615A
:1087D00074653A204261736963207265616C6D3D16
:1087E0002250726F746563746564220D0A436F6E64
:1087F0006E656374696F6E3A20636C6F73650D0A02
:108800000D0A34303120556E617574686F72697A63
:1088100065643A2050617373776F7264207265717A
:1088200075697265640D0A00485454502F312E3119
:108830002034303020426164205265717565737454
:108840000D0A436F6E6E656374696F6E3A20636CD8
:108850006F73650D0A0D0A34303020426164205276
:108860006571756573743A2063616E277420686161
:108870006E646C6520436F6E74656E742D4C656E0E
:108880006774680D0A00485454502F312E3120323D
:108890003030204F4B0D0A436F6E6E656374696F05
:1088A0006E3A20636C6F73650D0A00006175646930
:1088B0006F2F782D77617665006170706C696361E8
:1088C00074696F6E2F6A6176612D766D00696D61D6
:1088D00067652F6A70656700696D6167652F706EE7
:1088E0006700696D6167652F6769660074657874F4
:1088F0002F63737300746578742F786D6C007465E2
:1089000078742F68746D6C00746578742F706C6166
:10891000696E000000000077617600636C61006A98
:10892000706700706E670067696600637373007834
:108930006D6C006367690068746D6C0068746D002D
:10894000747874002144454600666F6F7465722E1A
:10895000696E63006865616465722E696E63004DBF
:10896000504653020100515549540D0A000D0A2E7C
:10897000000D0A2E0D0A000D0A5375626A656374B4
:108980003A20000D0A43433A20000D0A546F3A2062
:108990000046726F6D3A2000444154410D0A005266
:1089A00043505420544F3A3C003E0D0A004D41497B
:1089B0004C2046524F4D3A3C000D0A004155544858
:1089C000204C4F47494E0D0A0045484C4F204D431F
:1089D0004850424F4152440D0A0048454C4F204DEB
:1089E000434850424F4152440D0A00706F6F6C2E45
:1089F0006E74702E6F7267002062797465732F73C6
:108A000065636F6E640D0A0030302062797465739F
:108A10002F7365636F6E64205458207468726F758D
:108A200067687075742E0D0A0020202020202020F9
:108A3000003A205765206172652063757272656E19
:108A4000746C7920616368696576696E6720001BC4
:108A50005B31343B3166001B5B31333B31306600A8
:108A60001B5B31323B313866001B5B31313B3231AD
:108A700066001B5B31303B313566001B5B316D009E
:108A80006D6963726F6368697000546F6F206D75F4
:108A9000636820646174612E0D0A0061646D696E03
:108AA000000D0A546F6F206D7563682064617461F6
:108AB0002E0D0A00626C6F636B006E6F6E65005462
:108AC00068652044796E616D696320444E5320438C
:108AD0006C69656E74206973206E6F7420656E61B9
:108AE000626C65642E006661696C00636865636B27
:108AF0006564003C623E55706C6F6164656420463D
:108B0000696C652773204D4435207761733A3C2F9B
:108B1000623E3C6272202F3E003C623E55706C6F9C
:108B2000616420612046696C653C2F623E006E6F77
:108B300074207365740048656C6C6F2C20006E6146
:108B40006D65004E6F204C43442050726573656E16
:108B5000740053454C45435445440076352E343219
:108B6000004D617220313420323031342030303ABF
:108B700030383A3030002F656D61696C2F696E6452
:108B800065782E68746D002D2D66726F6E74696540
:108B9000722D2D0D0A00506F743A2C004C45447311
:108BA0003A2C00427574746F6E733A2C005359530B
:108BB00054454D205354415455530D0A000D0A2D70
:108BC0002D66726F6E746965720D0A436F6E7465FF
:108BD0006E742D747970653A20746578742F6373A0
:108BE000760D0A436F6E74656E742D446973706FF1
:108BF000736974696F6E3A206174746163686D653E
:108C00006E743B2066696C656E616D653D227374A0
:108C1000617475732E637376220D0A0D0A002D2D73
:108C200066726F6E746965720D0A436F6E74656E5D
:108C3000742D747970653A20746578742F706C6146
:108C4000696E0D0A0D0A005468697320697320610A
:108C5000206D756C74692D70617274206D6573730D
:108C600061676520696E204D494D4520666F726DC4
:108C700061742E0D0A006D736700746F007061736C
:108C800073007573657200706F727400736572762D
:108C90006572004D494D452D76657273696F6E3A68
:108CA00020312E300D0A436F6E74656E742D747909
:108CB00070653A206D756C7469706172742F6D699E
:108CC0007865643B20626F756E646172793D2266DF
:108CD000726F6E74696572220D0A0022534D5450F2
:108CE000205365727669636522203C6D636870620B
:108CF0006F6172644070696373617265676F6F64FE
:108D00002E636F6D3E004D6963726F6368697020FA
:108D10005443502F495020537461636B2053746146
:108D200074757320557064617465000D0A0D0A0036
:108D30000D0A002F70726F746563742F636F6E6617
:108D400069672E68746D002F70726F746563742F7D
:108D50007265626F6F742E68746D3F006468637033
:108D600000686F7374006D616300646E7332006439
:108D70006E73310073756200677700697000656D0E
:108D800061696C2F696E6465782E68746D0070720D
:108D90006F746563742F636F6E6669672E68746D98
:108DA0000075706C6F61642E68746D006C65640092
:108DB0006C6564732E63676900636F6F6B696573BD
:108DC0002E68746D006C656431006C656432006CF3
:108DD000656433006C65643400666F726D732E6871
:108DE000746D005350492044656D6F2E68746D009A
:108DF0005772697465005265616400496E707574DC
:108E00000041646472657373004932432044656DA8
:108E10006F2E68746D00436F6D6D616E64005365F5
:108E20006E640042617564526174650053617665D9
:108E300000554152542044656D6F2E68746D005288
:108E40006573657400696E6465782E68746D006D75
:108E50006963726F636869700061646D696E007345
:108E60006E6D700070726F74656374005049432DAD
:108E7000574542000D0A000D0A4E657720495020E3
:108E8000416464726573733A20000D0A0D0A4255FD
:108E900054544F4E302068656C6420666F72206DAC
:108EA0006F7265207468616E2034207365636F6E25
:108EB00064732E202044656661756C74207365743C
:108EC00074696E677320726573746F7265642E0DBA
:108ED0000A0D0A002020204E6F74653A20746869DC
:108EE000732064656D6F2077696C6C20646F206EF1
:108EF0006F7468696E6720696620616E20756E64A4
:108F000065726C79696E67205443505F50555250BA
:108F10004F53455F4245524B454C45595F434C4981
:108F2000454E542074797065200D0A202020736FFF
:108F3000636B657420697320756E617661696C611D
:108F4000626C652C206173206465636C617265647A
:108F50002062792074686520544350536F636B65B9
:108F600074496E697469616C697A65725B5D2061D0
:108F70007272617920696E200D0A202020544350BE
:108F80004950436F6E6669672E682E0D0A0D0A0000
:108F90000D0A0D0A436F6E6E656374696E67207506
:108FA00073696E67204265726B656C657920536FDB
:108FB000636B65747320544350204150492E2E2E0C
:108FC0000D0A00436F756C64206E6F7420726573B8
:108FD0006F6C7665205365727665724E616D655B68
:108FE0005D20746F20495020616464726573732E34
:108FF0000D0A00706F6F6C2E6E74702E6F726700AA
:109000000D0A436F6E6E656374696F6E3A20636C10
:109010006F73650D0A0D0A0020485454502F312EED
:10902000300D0A486F73743A200047455420000DF4
:109030000A0D0A436F6E6E656374696E67207573FF
:10904000696E67204D6963726F636869702054436D
:1090500050204150492E2E2E0D0A007777312E6D6B
:109060006963726F636869702E636F6D0048656C29
:109070006C6F20776F726C64212020534D54502008
:10908000546573742E0022534D54502053657276EC
:1090900069636522203C6D636870626F6172644031
:1090A00070696373617265676F6F642E636F6D3E85
:1090B000006D61696C0053657474696E6773207329
:1090C000617665642E0D0A00496E76616C696420D4
:1090D000696E7075742E0D0A004E65772073657485
:1090E00074696E673A20000D0A000D0A456E7465BA
:1090F000722061206D656E752063686F6963653AE3
:1091000020000D0A09303A2053617665202620514F
:109110007569742E000D0A09393A20446F776E6C18
:109120006F6164204D50465320696D6167652E0064
:1091300064697361626C656400656E61626C65642C
:109140000061626C6520444843502026204950202D
:10915000476C65616E696E673A090944484350205F
:1091600069732063757272656E746C792000456E48
:1091700000446973000D0A09383A20000D0A0937C6
:109180003A204368616E6765207374617469632077
:109190007365636F6E6461727920444E532073650A
:1091A000727665723A09000D0A09363A2043686101
:1091B0006E676520737461746963207072696D6194
:1091C000727920444E53207365727665723A0900B5
:1091D0000D0A09353A204368616E67652073746132
:1091E000746963207375626E6574206D61736B3A88
:1091F0000909000D0A09343A204368616E67652049
:109200007374617469632067617465776179206143
:109210006464726573733A09000D0A09333A204396
:1092200068616E67652073746174696320495020BA
:10923000616464726573733A0909000D0A09323A70
:10924000204368616E676520686F7374206E616D7E
:10925000653A0909090009313A204368616E67657A
:109260002073657269616C206E756D6265723A0972
:1092700009000D0A0D0A0D4D6963726F636869700C
:10928000205443502F495020436F6E666967204138
:1092900070706C69636174696F6E202876352E3446
:1092A000322C204D61722031342032303134290D7E
:1092B0000A0D0A000C01006B016B050E005D000E2B
:1092C000015923E20F0E286E296A00CC2DF001CC43
:1092D0002EF02DEC7FF026C002FC27C003FC530EBD
:1092E0000C010227060E032302CCE9FF03CCEAFFA0
:1092F0001CEC50F0EF6A02CCE9FF03CCEAFF83ECF0
:1093000050F0EF68002B0123D8D712000C01530E48
:10931000356F060E366F0701020E481901E14951FB
:1093200001E0FE0C4C514D110FE1640E4A1901E1B0
:109330004B5107E06E0E4A1907E14B5105E1110E42
:1093400001D0060E4C6F4D6B0C01376B050E375D6F
:1093500031E209EC50F0020EEB50000925E109EC76
:1093600050F04AC7EEFF4BC7EDFF07016E0E4A19DA
:1093700007E14B5105E1110E4C1902E14D510AE094
:10938000640E4A1910E14B510EE1060E4C190BE127
:109390004D5109E109EC50F01CEC50F0010EEF6E5C
:1093A0000C0137511200FE0C372B0F0E3527000E23
:1093B0003623CCD7FE0C050E07014E5D51E24E510F
:1093C0000F0DF3CF55FCF4CF56FC530E0C0155276F
:1093D000060E5623CEEC4FF0020EEB50010840E192
:1093E0000701100E515D000E52593AE34FC757FC6A
:1093F00050C758FC4FC7E9FF50C7EAFF1CEC50F0BC
:10940000EECF59FCEDCF5AFC0C0159515A110BE12A
:109410000B0127CB59FC28CB5AFCEFEC4FF003E2B1
:10942000276B040E286FCEEC4FF06E0EEE181BE18A
:10943000ED5019E10201C96BCA6B59CCC7F25ACC85
:10944000C8F2DDEC4FF0CEEC4FF083EC50F0E5527B
:10945000E750EF6ECEEC4FF00E0EEB50FF0803E13D
:10946000F368F4681200CEEC4FF0030E59CCEBFF1A
:10947000040E5ACCEBFFCEEC4FF01CEC50F0020E79
:10948000EF6EF36AF46A1200050E0701535D01E303
:109490009FD053510F0DF3CF35FCF4CF36FC530E54
:1094A0000C013527060E3623A9EC4FF0640EEE189A
:1094B00001E08ED0ED5001E08BD0A9EC4FF0020E10
:1094C000EB50030809E1A9EC4FF00B0E6FEC4FF0E5
:1094D000EECF54F7EDCF55F7A9EC4FF018EC50F064
:1094E00006E0A9EC4FF0020EEB50030871E1070112
:1094F00054C700F055C701F05407000E555B0050EB
:10950000011069E00C013A6B386B396B050E385D60
:10951000000E39595BE21FEC50F01CEC50F0EF509C
:1095200004E0382B000E3923F1D703010A0E4D6FEA
:10953000A9EC4FF0030E6FEC4FF0EECF4BF3EDCFF5
:109540004CF303014A6B0301466B476B486B496B55
:10955000E7EC01F00C01376FFE0E375D39E037CCD8
:109560004EF37FEC02F00C01010E3A6FA9EC4FF0C4
:109570001CEC50F0030EEF6EA9EC4FF00B0E54C72D
:10958000EBFF0C0E55C7EBFF1FEC50F083EC50F0D7
:1095900037CCEFFF1FEC50F01CEC50F0040EEF6ED8
:1095A0001FEC50F00D0E6FEC4FF0010EEF6EA9ECBA
:1095B0004FF0030E2BEC50F01FEC50F0030E64EC58
:1095C00050F01FEC50F0640EEE6EED6A3A518FE1F0
:1095D000F368F4681200F36AF46A1200050E0701DA
:1095E000565D01E3FE0C56510F0DF3CF35FCF4CF61
:1095F00036FC530E0C013527060E36230EEC50F0C8
:10960000020EEB50030801E0FE0C0EEC50F0640E6D
:10961000EE1801E1ED5001E0FE0C3B6B3C6B050EDA
:109620003B5D000E3C5901E37ED025EC50F01CEC74
:1096300050F0EF50040872E125EC50F0030E2BECD3
:1096400050F00EEC50F04AEC50F068E10350011875
:1096500065E125EC50F083EC50F0EFCF3DFC3DCCC4
:109660004EF37FEC02F03DCC4FF38EEC02F000099C
:1096700055E03DCC52F3FBEC02F0F3CF37FCF4CFD6
:1096800038FC0701575158112DE059515A112AE061
:1096900059C7E9FF5AC7EAFF8DEC4FF013EC50F0C1
:1096A00001E2FE0C57C739FC58C73AFCF8EC4FF002
:1096B00097EC4FF057C7E9FF58C7EAFF040E86EC56
:1096C00050F0F8EC4FF00A0E2BEC50F039CCE9FFDB
:1096D0003ACCEAFF59EC50F059C7E9FF5AC7EAFF04
:1096E000EE6EED6AF8EC4FF00A0E2BEC50F025EC24
:1096F00050F0050E64EC50F0F8EC4FF097EC4FF0A2
:1097000025EC50F0070E86EC50F025EC50F01CECE8
:1097100050F0060EEF6E0C013B5112000C013B2B7A
:10972000000E3C237CD7FE0C050E07015B5D01E3B8
:10973000B0D05B510F0DF3CF0DFCF4CF0EFC530EE8
:109740000C010D27060E0E2371EC50F0006E010E79
:10975000E76E0018E8AE02D0E73402D0E750005CB4
:1097600001E297D00701100E5E5D000E5F5901E225
:1097700090D05CC70FFC5DC710FC5CC7E9FF5DC7FC
:10978000EAFF1CEC50F0EECF15FCEDCF16FC5CC7E9
:10979000E9FF5DC7EAFF040EA2DBEECF11FCEECFBE
:1097A00012FCEECF13FCEFCF14FC0C01115112117F
:1097B000131114116EE0155116116BE0A4DB640E49
:1097C000EE1846E1ED5044E171EC50F0010A1AE068
:1097D000030A18E0070A03E0030A5BE16ED05BC7E7
:1097E0008DF72DDB000955E18EDB0E0EEB500301EA
:1097F0004F6F8EEC02F0000928E089EC50F0060E65
:10980000EF6E5BD003010B0E4D6F15CC4BF316CCF6
:109810004CF30301030E4A6F11CC46F312CC47F30D
:1098200013CC48F314CC49F3E7EC01F0E66E2EECD0
:1098300050F0FE082EE067DBE0DB65DB0D0E4FDB52
:10984000EF6A89EC50F0050EEF6EFE0EF36E38D025
:1098500071EC50F001081AE10B0127CB17FC28CB63
:1098600018FCBDDB03E2276B040E286F15CCC9F290
:1098700016CCCAF217CCC7F218CCC8F29EDBEEDBCE
:10988000FF0807E089EC50F0020EEF6E3CDBD0DB06
:1098900002E0F36815D037DB050E15CCEBFF060EA2
:1098A00016CCEBFF30DB070E1ADB11CCEEFF12CC2F
:1098B000EEFF13CCEEFF14CCEEFFF36AF46A120055
:1098C000F46812000701706B716B07016E6B6F6BB0
:1098D00065C76CF766C76DF763C76AF764C76BF750
:1098E00061C768F762C769F760C767F778EF4CF040
:1098F0000C0137693869050E0701675D01E31FD167
:1099000067510F0DF3CF35FCF4CF36FC530E0C012D
:109910003527060E362306DB020EEB50000901E167
:109920000ED100DB6E0EEE1801E0D6D0ED5001E056
:10993000D3D0F8DA070E9BDB050ED1DAEECF43FC6D
:10994000EDCF44FC07016E516F113EE0100E70190F
:1099500001E0F5D0715101E0F2D06EC7E9FF6FC7A9
:10996000EAFF6ADBEECF43FCEDCF44FC6EC7E9FFB4
:109970006FC7EAFF040E7BDB020EEB50010824E107
:10998000100EE66EE66AE66A450EE66E0C0EE66EB0
:1099900054EC90F0006E050EE15E0050100E0701D1
:1099A000516F526B0701450E4F6F0C0E506F67C71A
:1099B0004EF701DDF3CF00F0F4CF01F00001F31C0E
:1099C00003E1011C01E1BBD00C0139513A113B11FB
:1099D0003C1104E139693A693B693C6986DBEE5028
:1099E000391908E1EE503A1905E1EE503B1902E150
:1099F000EE503C1950E005013D0EFB6F0C0EFC6F64
:109A00000501390EF96F0C0EFA6F35EC8FF0000975
:109A100017E00A0EE66EE66A390EE66E0C0EE66E8A
:109A200064DBE9CF00F0EACF01F0E9CFE6FFEACF4F
:109A3000E6FF06EC90F0026E060EE15E02502BD0BF
:109A4000CEECAAF007017251265C006E73512758C4
:109A5000016E74512858026E75512958036ED880D2
:109A6000F20E00549E0E0154000E0254000E0354D8
:109A700066E20501390EF76F0C0EF86F08EC8FF0F7
:109A8000CEECAAF026C072F727C073F728C074F78F
:109A900029C075F754D046DA0E0EEB500201D36F91
:109AA00061EC5EF017DB4BE020DB0A0E18DA43CCEA
:109AB000EEFF44CCEDFF6AC7D7F26BC7D8F268C798
:109AC000D5F269C7D6F2A0EC5EF0F3CF37FCF4CF45
:109AD00038FC31EC5FF02ED025DA640EEE182FE161
:109AE000ED502DE11FDA020EEB50060828E167C7A2
:109AF0008DF7A5D9000923E107016A516B1103E134
:109B0000F36AF46A12006AC766F36BC767F368C743
:109B100064F369C765F306DA0E0EEB500301636F59
:109B2000C0EC03F0F3CF37FCF4CF38FC0C01F3505A
:109B3000F41005E037CCF3FF38CCF4FF1200F368E3
:109B4000F4681200050E0701765D33E276510F0DC1
:109B5000F3CF3AFCF4CF3BFC530E0C013A27060E30
:109B60003B2321DA640EEE181BE1ED5019E11BDAFC
:109B7000020EEB5006081DE176C78DF760D900098B
:109B800018E179C77EF37AC77FF377C77CF378C78C
:109B90007DF309DA0E0EEB5003017B6FA2EF05F0A7
:109BA00002DA6E0EEE1815E1ED5013E1FCD940DA41
:109BB00003E0F368F4681200F6D9E8D90AE079C73F
:109BC000E8F27AC7E9F277C7E6F278C7E7F21CEF66
:109BD00060F0F36AF46A120007017D510F0DF3CFB4
:109BE00034FCF4CF35FC530E0C013427060E35231C
:109BF00084C736FC85C737FCDBD96E0EEE1823E12F
:109C0000ED5021E1D5D914DA4AE1D2D9BFD947E0E4
:109C10000701845185110DE0865187110AE03EDA73
:109C200008E3C6D967D92EDAC3D964D90A0E13DA84
:109C300095D980C7E8F281C7E9F27EC7E6F27FC70F
:109C4000E7F21CEF60F007018451851119E086519D
:109C5000871116E023DA14E3ABD90E0EEB500301A3
:109C6000526FFBEC02F0F3CF38FCF4CF39FC40DA52
:109C700009DA38CCE9FF39CCEAFF0A0EECD96ED903
:109C800007017B6B7C6B80C779F781C77AF77EC74A
:109C900077F77FC778F77DC776F7A2EF4DF0F36AC5
:109CA000F46A1200100E0C01006F016B026B036B63
:109CB0000051025D0151035911E2AA0E0225E96E1D
:109CC000070E0321EA6EEFCF04FC200E045D06E0D0
:109CD000045104E0022B000E0323EAD702CC00FC5F
:109CE00003CC01FC010E016A0025006E0151012226
:109CF00007018B510118E8AE02D0013404D00050A6
:109D00008A5D01508B5903E2F368F468120000CCBD
:109D1000E6FF01CCE6FFAA0EE66E070EE66E88C7E8
:109D2000E6FF89C7E6FF06EC90F0006E060EE15EE6
:109D30000050070188510C010025E96E0701895187
:109D40000C010121EA6EEF6AF36AF46A1200050E53
:109D500007018C5D03E3F368F46812008C510F0D6A
:109D6000F3CF36FCF4CF37FC530E0C013627060E2A
:109D700037239BD9000960E0CBD8640EEE184FE181
:109D8000ED504DE192D9030818E1356B355120D9DA
:109D900050E2C2D9EF5004080EE1AFD90CE10350F4
:109DA000011809E18ED9AFD9EFCF51F3ECEC02F0F5
:109DB0000C01B2D9EF6A352BE9D777D9006E040EC2
:109DC000E76E0018E8AE02D0E73402D0E750005C3E
:109DD00030E39ED80D0EEB5000091BE0356B35517A
:109DE000F7D81AE299D9EF50030811E186D90FE1AB
:109DF000035001180CE18CD80E0EEB500301506F8C
:109E00009DEC02F085D818D9040EEF6E15D0352BD5
:109E1000E6D74BD907080DE07BD8F5D80AD078D81B
:109E200007D907E175D80E0EEB500201CE6F11EC89
:109E30005EF06ED801D9EF6AF36AF46A1200070186
:109E40008D510F0DF3CF55FCF4CF56FC530E0C0182
:109E50005527060E562395D8020EEB50070801E150
:109E6000010C8FD8CAD80C01586F8BD80D0EEB504F
:109E700000091DE0576B5751ABD819E2575133D841
:109E8000DBD8EF50030811E157512DD8030EE3D86A
:109E900078D800D90AE10350011807E1585101E1CF
:109EA000000C6FD8C9D8040E09D0572BE4D75851ED
:109EB00007E067D8A8D865D8BFD8070EEF6E010CA9
:109EC000000C0F0EEA02F3CFEAFFE902F3CFE9FF3D
:109ED000F450EA26530EE926060EEA221200E9267D
:109EE000000EEA2212000F0D03D9530EE926060ECA
:109EF000EA2212000E0EEB50170DFAD8000EE926DA
:109F0000020EEA2212000DCCE9FF0ECCEAFF12008D
:109F100036CCE9FF37CCEAFF1200EECF00F0EFCFEE
:109F200001F0120035CCE9FF36CCEAFF1200EECF8B
:109F300000F0EECF01F0EECF02F0EFCF03F0120011
:109F400000C0EEFF01C0EEFF02C0EEFF03C0EEFF57
:109F5000120035CCE9FF36CCEAFF120036CCE9FF1F
:109F600037CCEAFFA6D886C7E9FF87C7EAFFEE6EBF
:109F7000ED6A1200EECF02F0EFCF03F002500018AE
:109F8000120055CCE9FF56CCEAFF12000E0EEB5042
:109F90000201E36FE9EC5FF06AEF50F055CCE9FFA6
:109FA00056CCEAFF12003ACCE9FF3BCCEAFF1200A4
:109FB00034CCE9FF35CCEAFF12000201C66B020186
:109FC000C26BC36BC46BC56B5FEC5CF0E66E1200DA
:109FD000006E016A050E005C000E01581200272B6E
:109FE000000E2823880ED8802755130E28551200FE
:109FF00037CCE9FF38CCEAFF12000E0EEB5003011C
:10A000004E6F7FEF02F00E0EEB500301516FECEF3D
:10A0100002F035CCE9FF36CCEAFF120035CCE9FF7F
:10A0200036CCEAFF1200100E005C000E0158120040
:10A03000020EEB5002081200020E6FEF4FF038CC08
:10A04000E9FF39CCEAFF61EF4FF03BCCE9FF3CCCB4
:10A05000EAFF61EF4FF043DF8DEF4FF054DF53D84D
:10A06000E552E750EF6E4FDF0E0EEB50120037DF78
:10A07000EECF39FCEECF3AFCEECF3BFCEFCF3CFC11
:10A0800092EF4FF054DF36CCE9FF37CCEAFF040EF5
:10A0900086EF50F0030E23DFBAEF4FF086C7E9FFDB
:10A0A00087C7EAFF3ADF13EF50F032DF020EEB50C2
:10A0B0001200020E00C0EBFF030E01C0EBFF100EFA
:10A0C0001200355173EF4FF00ADF00C0EEFF01C000
:10A0D000EDFF1200F3CF00F0F4CF01F0F350F410D5
:10A0E000120011DF020EEB5012001CDF7AEF4FF06E
:10A0F000F3CFE9FFF4CFEAFF1200E3DF030EABDF9B
:10A1000007DF4AEF50F00E0E6FEF4FF0E8DEA0EFE2
:10A110004FF0F9DE1CEF50F0D4DF1CEF50F00C01D3
:10A12000010E006F00CC00F055EC55F005E3005136
:10A1300064EC56F0002BF6D72FEC95F01FEC55F0A1
:10A140000001B06B12000C01176BCBC0E9FFCCC053
:10A15000EAFFEF5003E00001B00501E1FF0C0C0144
:10A16000016B026BCBC015FCCCC016FCD9EC55F0D2
:10A1700012E0D9EC55F0016AE850012701500223A2
:10A18000010ED89001370237E806FBE10C01152BD0
:10A19000000E1623EBD7010E006F00CC00F055EC3B
:10A1A00055F00FE3005131EC56F009E1E868EE1884
:10A1B00006E1E868EE1803E1E868EE1802E0002B1B
:10A1C000ECD700CC00F019EC56F007E1015005E1A6
:10A1D000025003E1035001E1FF0C036B046B00012B
:10A1E000C9510C01035D0001CA510C0104595DE223
:10A1F0000351070B0EE1020E286E296A03CC2DF0E5
:10A2000004CC2EF096EC55F0050ED76F0C0EDFEC5B
:10A2100055F0070E0C010315E96EEA6A010ED8909D
:10A22000E936EA36E806FBE1050EE9260C0E1FECDE
:10A2300056F00C010151001834E10251011831E1CE
:10A2400003CCEAF004CCEBF087DA88EC55F0CBC015
:10A2500015FCCCC016FCD9EC55F00BE053EC56F0D5
:10A26000D9EC55F00C01175D04E1152B000E1623F7
:10A27000F2D753EC56F00C01175113E1D9EC55F01D
:10A2800010E1005167EC56F000516FEC56F00051B0
:10A2900048EC56F0EA2203CCEEFF04CCEDFF00516F
:10A2A0001200032B000E04239AD7FF0CCDC0F6FF3B
:10A2B000CEC0F7FFCFC0F8FF0800F55003E0000163
:10A2C000B00501E1FF0C0C01466B476B25EC56F025
:10A2D00071EC55F013E071EC55F0016AE850462737
:10A2E00001504723010ED89046374737E806FBE177
:10A2F0000C015A2B000E5B235C23EAD7010E456F3D
:10A3000045CC00F0D2DB0FE3455131EC56F009E1CA
:10A31000E868EE1806E1E868EE1803E1E868EE1870
:10A3200002E0452BEDD745CC00F019EC56F007E1E3
:10A33000015005E1025003E1035001E1FF0C486BBD
:10A34000496B0001C9510C01485D0001CA510C0163
:10A35000495957E24851070B0DE1020E286E296A50
:10A3600048CC2DF049CC2EF0E1DB4A0ED76F0C0E15
:10A37000DFEC55F0070E0C014815E96EEA6A010E94
:10A38000D890E936EA36E806FBE14A0EE9260C0EDB
:10A390001FEC56F00C01465100182FE147510118EF
:10A3A0002CE148CCEAF049CCEBF0D6D9B1DB25EC76
:10A3B00056F097DB0BE059EC56F093DB0C015D5D3A
:10A3C00005E15A2B000E5B235C23F3D759EC56F0C2
:10A3D0000C015D5112E185DB10E1455167EC56F04F
:10A3E00045516FEC56F0455148EC56F0EA2248CC06
:10A3F000EEFF49CCEDFF45511200482B000E4923DA
:10A40000A0D7FF0C0001B00505E0D051C95DD151C6
:10A41000CA5901E2FF0C0C01010E456F45CC00F05A
:10A4200044DB0FE3455131EC56F009E1E868EE18E2
:10A4300006E1E868EE1803E1E868EE1802E0452B53
:10A44000EDD745CC00F0F5DB07E1015005E1025006
:10A4500003E1035001E1FF0CD0C0EAF0D1C0EBF002
:10A460007BD90C01455148EC56F0EA22D0C0EEFFF2
:10A47000D1C0EDFF455167EC56F045516FEC56F0F9
:10A48000455112000001D25107E0D2C000F00DDBAF
:10A4900003E3D25164EC56F01200D3C000F005DBA8
:10A4A00001E2000C0001D351DCDB08E1E868EE18A2
:10A4B00005E1E868EE1802E1E868EE1808E0D3511B
:10A4C000D4DB93DB005001100210031001E1000CFB
:10A4D000D451D5110DE0010E0801966F976BD4C0D1
:10A4E00094F8D5C095F80001D351D5DA30DB0001DE
:10A4F000D351D1DAEE2A000EEE22EE22EE22D35113
:10A50000B4DBEE06EE5AEE5AEE5A010CD6C000F05D
:10A51000CCDA1BE347DB0001D651A7DB6FDB06E299
:10A52000D651A3DBEECFD9F0EDCFDAF0D65199DBDF
:10A5300008E1E868EE1805E1E868EE1802E1E8686D
:10A54000EE1803E0D951DA1103E1F36AF46A12005C
:10A55000D751D81102E126DB0DD0D9C096F8DAC068
:10A5600097F8D7C094F8D8C095F8D65194DAEFDAB6
:10A5700019DB0001D6518FDA0050EE260150EE2291
:10A580000250EE220350EE220DDBD6516EDB00505E
:10A59000EE5E0150EE5A0250EE5A0350EE5AD9C008
:10A5A000F3FFDAC0F4FF1200040E0001D96FDA6B7A
:10A5B000DCC0D7F0DDC0D8F0DBC0D6F0A7DFF4CF29
:10A5C00001F0040EF31801E1015001E0000C010C50
:10A5D000DEC000F06ADA01E2000C0001DE5141DB6E
:10A5E0000AE1E868EE1807E1E868EE1804E1E868B7
:10A5F000EE1801E1000CE351010A5BE0020A3DE0C4
:10A60000010A2AE0020A72E175DA01E2000CDEC0FA
:10A61000F1F063D926500001DF25006E2750E021BC
:10A62000016E2850E121026E2950E22148DBDF0E45
:10A63000E96E000EEA6EEE500C01455D006EEE50C4
:10A640004659016EEE504759026EEE504859036E5E
:10A6500000014DDB9EDA010C4ADBDF51EE5CE0517C
:10A66000EE58E151EE58E251EE5801E2000CDE5195
:10A6700012DACDDA3CDBD4DA010CDEC0F1F02DD9F0
:10A68000FADA2650EE24006E2750EE20016E285094
:10A69000EE20026E2950EE20036E0001DE51FBD940
:10A6A000ADDA01E2000CDE51F6D9BADA20DBAFDA1E
:10A6B000010C20DA01E2000CDEC0F2F030D900011A
:10A6C000DF51265C006EE0512758016EE151285899
:10A6D000026EE2512958F3DA0ADBDFC0EEFFE0C078
:10A6E000EEFFE1C0EEFFE2C0EEFF010C000C0C013A
:10A6F000AB6BABCC00F0016A026A036A070E005C28
:10A70000000E0158000E0258000E035804E2AB512F
:10A71000DBDAAB2BEED70001010EB06F0801986BAE
:10A72000100E996F9A6B9B6BBFEC95F0000CE7C015
:10A730009FF8E8C0A0F8E5C09DF8E6C09EF8F4ECEC
:10A7400095F0E7C0F3FFE8C0F4FF12000001B06B22
:10A75000E95101E074D912000001C751EA1902E180
:10A76000C851EB192EE0C951EA5DCA51EB5901E31A
:10A770001200160EAFDAC9C000F0CAC001F0010E17
:10A78000D89000360136E806FBE1080E0026000EE0
:10A790000122160E286E296AEAC02DF0EBC02EF0B9
:10A7A0002DEC7FF0005026240001606F015027201F
:10A7B000616F626B636B160E70DAEAC0C7F0EBC0B4
:10A7C000C8F01200ECC000F070D90DE30001EC51AC
:10A7D00048DA0AE1E868EE1807E1E868EE1804E1F3
:10A7E000E868EE1801E1F0D1EC5142DABDC026F084
:10A7F000BEC027F0BFC028F0C0C029F01200EDC0D5
:10A8000000F053D90DE30001ED512BDA0AE1E868BD
:10A81000EE1807E1E868EE1804E1E868EE1801E1D7
:10A82000D3D1ED5125DAC1C026F0C2C027F0C3C094
:10A8300028F0C4C029F01200EEC000F036D90DE3B4
:10A840000001EE510EDA0CE1E868EE1809E1E86863
:10A85000EE1806E1E868EE1803E1F36AF46A120004
:10A86000EE5106DAC5C0F3FFC6C0F4FF1200EFC018
:10A8700000F01BD90DE30001EF51F3D90AE1E868BC
:10A88000EE1807E1E868EE1804E1E868EE1801E167
:10A890009BD1EF51EDD9B9C026F0BAC027F0BBC0AB
:10A8A00028F0BCC029F01200F0C000F0FED80DE383
:10A8B0000001F051D6D90AE1E868EE1807E1E8682E
:10A8C000EE1804E1E868EE1801E17ED1F051CDD92F
:10A8D0008CD984D903C029F01200F1C000F0E5D86A
:10A8E00001E272D10001F151BCD90EE1E868EE1825
:10A8F0000BE1E868EE1808E1E868EE1805E1266863
:10A900002768286829681200F151B2D9B5C026F02D
:10A91000B6C027F0B7C028F0B8C029F01200F2C0C6
:10A9200000F0C3D80DE30001F2519BD90EE1E868B5
:10A93000EE180BE1E868EE1808E1E868EE1805E1AA
:10A9400026682768286829681200F25191D9B90E43
:10A95000E96E000EEA6E0001B551EE24006EB651AC
:10A96000EE20016EB751EE20026EB851EE20036E5C
:10A9700035D9296E1200F3C000F097D801E2000C1F
:10A980000001F3516ED90AE1E868EE1807E1E868C2
:10A99000EE1804E1E868EE1801E1000CF35168D903
:10A9A000B1C040FCB2C041FCB3C042FCB4C043FCE7
:10A9B000AFD8F6C0D9F0F7C0DAF0F4C0D7F0F5C0E0
:10A9C000D8F00001D66BA2DD010C0001F85163D86C
:10A9D000EECF04F0EECF05F0EECF06F0EFCF07F0AC
:10A9E00004C0E6FF05C0E6FF06C0E6FF07C0E6FFBD
:10A9F000F8C0F1F072DFE552E7CF07F0E552E7CF9C
:10AA000006F0E552E7CF05F0E552E7CF04F0265017
:10AA1000045C006E27500558016E28500658026EDF
:10AA200029500758036EDAD8296E12000001F95137
:10AA30002FD905D900C0F3FF01C0F4FF12000001B7
:10AA4000606B616B626B636B080E44D9060E25D98F
:10AA5000060EE66EE66A5F0EE66E890EE66E000E84
:10AA6000E66EB10EE66E000EE66EE7EC8FF0006E5D
:10AA7000070EE15E0050000907E1020E33D9C90E4E
:10AA8000D76F000E9CD803D00001C96BCA6B0001C0
:10AA9000C769C86912000A0DF3CFE9FFF4CFEAFFD6
:10AAA000600EE926000EEA221200016A026A036AB9
:10AAB000D880070E0054000E0154000E0254000E00
:10AAC00003541200080EE926000EEA22EECFEAF047
:10AAD000EDCFEBF0ACEF53F0040EE926000EEA22C6
:10AAE00012005ACCF6FF5BCCF7FF5CCCF8FF0800F5
:10AAF000F5501200DEC0EFF0BADEBDD8EE500C010A
:10AB0000265CEE502758EE502858EE502958120077
:10AB1000B1C060F0B2C061F0B3C062F0B4C063F025
:10AB200000016469656B666B676B12002DEC7FF04A
:10AB300026C060F027C061F0080E00016027000EFB
:10AB40006123626B636B100EC5D872EF56F0EECFC7
:10AB500090F8EECF91F8EECF92F8EFCF93F8100E79
:10AB600008019127000E9223932378EF95F0B5C04A
:10AB7000EEFFB6C0EEFFB7C0EEFFB8C0EEFF1200AA
:10AB8000B9C0EEFFBAC0EEFFBBC0EEFFBCC0EEFF27
:10AB9000120000C0EEFF01C0EEFF02C0EEFF03C0D6
:10ABA000EEFF1200D9C000F0DAC001F0026A036AB9
:10ABB000120015CCE9FF16CCEAFFEF501200D86F57
:10ABC0000001D66B86EF52F0266A276A286A296A46
:10ABD0001200D56F0001D36B4DEF52F000C026F08C
:10ABE00001C027F002C028F01200EECF00F0EECF37
:10ABF00001F0EECF02F0EFCF03F012000050EE5C58
:10AC00000150EE580250EE580350EE581200DF513A
:10AC1000EE26E051EE22E151EE22E251EE22120048
:10AC2000DF51EE5EE051EE5AE151EE5AE251EE5A3A
:10AC30001200016A026A036A070E00181200EA2273
:10AC4000EECF00F0EFCF01F01200CDC05AFCCEC025
:10AC50005BFCCFC05CFC1200EE68EE68EE68EE684C
:10AC6000120019DFE868EE18120015DF6CEF55F0DE
:10AC700012DF62EF55F026C045FC27C046FC28C015
:10AC800047FC29C048FCDF0EE96E000EEA6E120098
:10AC900002DF080EE926000E120024D8B10ED76F8D
:10ACA000000EDFEF55F00001170ED46F0C0EE9EF28
:10ACB00055F000015D0ED46F0C0EE9EF55F0036EF8
:10ACC000DE51E9DEC9EF55F0E6DE2CEF56F0E3DEAB
:10ACD000B7EF55F0646F656B666B676B1200C5DF8D
:10ACE000C0EF55F00001D96FDA6B00011200DE51A0
:10ACF00035EF56F00901EB5103E1010EEB6F37DA46
:10AD00000301FD6B02EC68F0000901E0120009018B
:10AD1000E95101E1120065DA0901EA51020A42E053
:10AD2000030A04E0010A01E1FDD01200440E020111
:10AD3000C96FCA6B430E0201C76FC86B0201C66BB5
:10AD40000201C26BC36BC46BC56B5FEC5CF00901A5
:10AD5000E86FFF0EE85D01E11200920EE96E070E4A
:10AD6000EA6E07018E51EE140401DE6F07018F5168
:10AD7000EE140401DF6F07019051EE140401E06F3F
:10AD800007019151EE140401E16F020EE127FF0E5D
:10AD9000E15D02E1030EE127E15102E1020EE1274C
:10ADA0000901EA2B76EC5BF0F10EF35C000EF4582F
:10ADB00001E21200220EE5EC5BF0030EE66F0C0ED2
:10ADC000E76F1CEC60F0A2EC5BF00FCCEAF410CC67
:10ADD000EBF411CCECF412CCEDF48EEC5BF004E16E
:10ADE0000C01010E2A6F08D00C010F511011111126
:10ADF000121104E12A6B010E296F02D02A6B296B14
:10AE0000030501E01200040501E01200060E055DD5
:10AE100001E01200006B00516CEC5BF005E2FCEC11
:10AE20005BF00C01002BF7D75EEC5BF0630E0C01BE
:10AE3000251908E1820E261905E1530E271902E1B2
:10AE4000630E281901E01200FCEC5BF0000968E0D9
:10AE5000FF0E0C01015D64E00201020EE46F0C0EB6
:10AE600073EC5BF00C010151FF0A50E0CD0A20E0C9
:10AE7000070A4EE102EC5CF00C010051070A48E0C1
:10AE8000030A46E0070A09E0020A42E10401030E50
:10AE9000E26F0C0EE36F47D83BD02ACCE7F429CC05
:10AEA000E6F40401030EE46F0C0EE56F87D830D092
:10AEB000040E025D2DE15EEC5BF0040E0C01025FFE
:10AEC00025CC2BFC26CC2CFC27CC2DFC28CC2EFC16
:10AED000A2EC5BF025CCEAF426CCEBF427CCECF426
:10AEE00028CCEDF48EEC5BF004E10C01010E2A6F2E
:10AEF00008D00C012B512C112D112E1104E12A6BBD
:10AF0000010E296F05D02A6B296B02D054EF60F037
:10AF10000C0102510207000997E002EC5CF0F8D73F
:10AF200054EC60F01200B5DB01E21200E2C4F5F46B
:10AF3000E3C4F6F474DA0C01366FFF0E365D01E1FE
:10AF4000120008EC5CF0B2DBEE52DAEC5BF0020EC1
:10AF5000ADDB4EEC5CF0DAEC5BF04BEC5CF036CC4D
:10AF6000EEF4EDD926C037FC27C038FC28C039FCE8
:10AF700029C03AFCD4EC5BF0370ED56F0C0EBDEC5B
:10AF80005BF094DB1C0E3AEC5CF00C01356B355138
:10AF9000A3DB04E22DDB0C01352BF9D757DB1BECCF
:10AFA0005CF0020E4FDB6BDB24EC5CF0F6EC5BF04C
:10AFB000A6DB03E20201D46BFBD722D30C0130697C
:10AFC00068DB01E2120092DBF350F41001E189D05A
:10AFD0000201350EE46F0C0E86DB000901E181D021
:10AFE000FF0E0C01355D01E17CD00201360EE46FED
:10AFF0000C0E79DB0401E75145E03D0E0C01355D97
:10B0000068E1070E365D65E10FEC5CF0060EDDDBF6
:10B010003B0EE66F0C0EE76F1CEC60F0070E0C01A8
:10B02000365F04013B0EE86F0C0EE96F38D90C0156
:10B03000306FFF0E305D4AE030CCEEF480D926C090
:10B0400000F027C001F0CADB0C0ED6DA0001265052
:10B05000EE183CE10150EE1839E10250EE1836E1ED
:10B060000350EE1833E132E1B9DB0C0EC5DAE9CF5B
:10B07000F9F4EACFFAF404013B0EF76F0C0EF86F07
:10B0800048DA2FD0320E0C01355D23E1040E365D17
:10B0900020E1040E9ADB370EE66F0C0EE76F1CEC16
:10B0A00060F0040E0C01365F0401370EF96F0C0ED0
:10B0B000FA6F94DB1C0EA0DAE9CFF7F4EACFF8F4CC
:10B0C00028DA0C01306FFF0E305D0BE10401E66BF6
:10B0D00008D00C0136513607000901E174D79FDB17
:10B0E000F8D796DBC7DAEE5265DB020EC3DA0A0E3A
:10B0F000C1DB040EBFDA0C0EBDDB0401E6510CE02F
:10B1000030CCEEF41CD926C031FC27C032FC28C05C
:10B1100033FC29C034FC05D00C01316B326B336B2E
:10B12000346B42DB310ED56F0C0E27DBA3DA1C0E1D
:10B13000A1DB0C012F6B2F51CFDA04E259DA0C019D
:10B140002F2BF9D783DA0401E65103E074DB050EF7
:10B1500002D071DB060E06DB77DB010E03DB8FDA34
:10B1600045DBCDDA03E20201D46BFBD749D20C01F7
:10B170002F6B306B060E30AF02D0D89003D02F5D0E
:10B18000000E30592DE2E2DA0A0E6ADB0B0E34DAD9
:10B19000EE6AEE6AEE6AEE6A70DBA90EEF6E6DDBA8
:10B1A000010E2ADAFE0EEF6E68DB020EFADA640E8A
:10B1B0002F25E66E62DB030E1FDAE552E750EF6ED5
:10B1C000C5DAEF6AC3DA010E4BDB020E49DB030E70
:10B1D00047DB040E45DB050EE4DA2F2B3023CAD7FC
:10B1E0001200CEECAAF026C02FFC27C030FC28C0ED
:10B1F00031FC29C032FCEC0EE96E090EEA6EEE500D
:10B200000C01265C006EEE502758016EEE50285857
:10B21000026EEE502958036EF20E005C9E0E01582D
:10B22000000E0258000E035801E212002FCCECF978
:10B2300030CCEDF931CCEEF932CCEFF9336B346B25
:10B24000060E34AF02D0D89003D0335D000E3459CF
:10B2500025E282DA23DBEF501DE07EDAAEDA07E08A
:10B260007BDA0B0EC9D9EE06EE5AEE5AEE5A74DAB4
:10B27000A4DA10E171DA0A0EF6DAEF6A6DDA010E7D
:10B28000F2DA020EF0DA030EEEDA040EECDA050E54
:10B29000B3D9EF6A332B000E3423D2D71200E8C49F
:10B2A000F3F4E9C4F4F49DD8000901E1FF0C0C01AA
:10B2B000436B446B060E44AF02D0D89003D0435D7D
:10B2C000000E445914E23EDAE8C4F1F4E9C4F2F4A1
:10B2D00043CCE9FF44CCEAFF72D9F8D903E10C0171
:10B2E000435112000C01432B000E4423E3D7FF0C03
:10B2F0000C012F6B306B060E30AF02D0D89003D00C
:10B300002F5D000E30591AE22FCCE9FF30CCEAFF56
:10B3100056D969DAEE500401EA190BE1EE50EB1947
:10B3200008E1EE50EC1905E1EE50ED1902E101E102
:10B33000010C0C012F2B000E3023DDD7000C0C016B
:10B34000416B426B436B446B0401EE51060809E20A
:10B3500041CC26F042CC27F043CC28F044CC29F055
:10B360001200EE510F0DF3CFE9FFF4CFEAFF840E88
:10B37000E926040EEA2237DA74D900C026F001C0AB
:10B3800027F002C028F003C029F012000C01456B21
:10B39000466B060E46AF02D0D89003D0455D000E36
:10B3A00046591EE2EFC401F0F0C402F001504525F9
:10B3B000E96E02504621EA6EEFCF00F0F1C403F0CF
:10B3C000F2C404F003504525E96E04504621EA6EAC
:10B3D000EF50005C01E0000C452B000E4623D9D74E
:10B3E000010C0C01416B426B060E42AF02D0D890AB
:10B3F00003D0415D000E425911E2F3C400F0F4C4E1
:10B4000001F000504125E96E01504221EA6EEF50F3
:10B4100001E0010C412B000E4223E6D7000CB4D909
:10B4200076D901E1FF0C0C012F6B306B060E30AFAB
:10B4300002D0D89003D02F5D000E305910E282D98F
:10B44000A3D9E9CFF1F4EACFF2F491D93FD902E1DF
:10B450000C0158D00C012F2B000E3023E7D72F6B97
:10B46000306B060E30AF02D0D89003D02F5D000EA7
:10B4700030591FE27CD94BD917E10C01316B326B8B
:10B48000060E32AF02D0D89003D0315D000E325993
:10B4900039E2F6D949D9FAD947D9E552E750EF6EE2
:10B4A000312B000E3223ECD70C012F2B000E302352
:10B4B000D8D72F6B306B060E30AF02D0D89003D0A8
:10B4C0002F5D000E305924E252D9E8D9EF501CE12B
:10B4D000336B346B060E34AF02D0D89003D0335D9B
:10B4E000000E34590BE2CCD926D9D0D924D9E55253
:10B4F000E750EF6E332B000E3423ECD738D9CED97A
:10B50000010EEF6E2F5112002F2B000E3023D3D7D8
:10B51000FF0C0C01416B426B060E42AF02D0D8907B
:10B5200003D0415D000E425937E235D95CD999D834
:10B53000F9C4E9FFFAC4EAFFEE500001001827E160
:10B54000EE50011824E1EE50021821E1EE500318EC
:10B550001EE11DE1F7D81FD9E9CFF1F4EACFF2F4EB
:10B56000F7C4EFF4F8C4F0F460D910E114D996D917
:10B57000010EEF6E10D90B0E3FD8100EEE6E0E0EB0
:10B58000EE6EEE6AEE6A0C0141511200FF0C0C01E6
:10B59000412B000E4223C0D7FF0C0901EA6BFF0EBE
:10B5A000E85D06E0E8C9CEF211EC5EF00901E86959
:10B5B00012000901EA5102E1010EEA6F12000F0EBA
:10B5C000EA02F3CFEAFFE902F3CFE9FFF450EA26FB
:10B5D000840EE926040EEA221200C4D8FBD8E4D86F
:10B5E0008E0ED56F070ED66FA0EC5EF00201120032
:10B5F0000201D46B85EF5EF0E926000EEA2212000C
:10B600000A0EE66EE66AE6680901E851170DF3CF07
:10B61000E9FFF4CFEAFF000EE926020EEA220FD975
:10B62000E9CFE6FFEACFE6FF54EC90F0026E050E9C
:10B63000E15E025031EF5FF0E9CFD5F2EACFD6F20A
:10B64000A0EF5EF08FD8010EB2EF5BF00201630E47
:10B6500089D8820E87D8530E85D8630ED46F85EFB4
:10B660005EF0EECF00F0EECF01F0EECF02F0EFCFC4
:10B6700003F012000201D76FD86BEEEF5BF0AAD88F
:10B6800093D8920ED56F070ED66FA0EC5EF0020134
:10B690001200E8C9D3F261EC5EF0F3CF00F0F4CF12
:10B6A00001F02C0EF35C010EF45812000201D76F6A
:10B6B000D86BE2C4E9FFE3C4EAFF1200040E85D8A8
:10B6C000250EE66F0C0EE76F1CEF60F0E9CFEFF48C
:10B6D000EACFF0F415EF5CF0006E016ACA0E005C70
:10B6E000000E01581200E56F05EF60F0E8C9E3F2C3
:10B6F000E9EC5FF0F3CF00F0F4CF01F0120085EC3D
:10B700005EF002012C0EB95D010EBA591200E9CFAC
:10B71000F3F4EACFF4F465DE00091200E9DDE55246
:10B72000E7CF00F0005C1200E9503125E96EEA50E5
:10B730003221EA6E1200E9503325E96EEA503421D5
:10B74000EA6E1200010E006EE66E12002FCCE9FFC9
:10B7500030CCEAFFDFEF5AF033CCE9FF34CCEAFF1C
:10B76000DFEF5AF0D46F85EC5EF0020112002FCCAF
:10B77000E9FF30CCEAFFDFEF5AF0D66FA0EC5EF0C5
:10B7800075D874D8060E1200F5C4E9FFF6C4EAFFB6
:10B790001C0EFCEF5AF041CCE9FF42CCEAFFDFEF90
:10B7A0005AF02ADFEF6A1200040E0201D76FD86B3D
:10B7B0000201120041DF4BEF5CF00B0E1DDF51DF89
:10B7C000005001100210031012000201E86FE96B33
:10B7D00002011200040ED46F85EF5EF0E4C4E9FFAD
:10B7E000E5C4EAFF1200060EFCEF5AF0030EF5DE88
:10B7F000060EF3DED46912000201010EE46F0C0E96
:10B8000073EF5BF00201000EE46F0C0E73EF5BF060
:10B810000201020ED46F85EC5EF0070E12000201E9
:10B820002F0EE46F0C0E73EF5BF0B0DDE552E7CF47
:10B8300000F0005C12000201350E22EF5BF0E9CF50
:10B8400000F0EACF01F01200330E8CDFC3DF23D803
:10B8500002010E0E87DF100E85DF360EEDEF5AF077
:10B86000A0DFA6EF5BF09DDFACEF5BF014D8C0DE8D
:10B87000F8EF5AF0C1DE1CEF5BF068DFF3EF5BF02E
:10B8800083DFE9CF02F0EACF03F01200EF50E66E5B
:10B890006EDF1FEF5CF0ACDEF8EF5AF00A0EFCEF43
:10B8A0005AF00C01006B080E005D06E200CCCEF2EF
:10B8B000B8D90C01002BF7D70201C18312000C018B
:10B8C000000E5C6F020E5D6F5B6B080E5B5D01E34B
:10B8D000B2D09AEC61F00C0E96EC61F016EC62F0CE
:10B8E000026A036A005001100210031001E09DD0AB
:10B8F0009AEC61F00C0EC7C2EBFF0D0EC8C2EBFF55
:10B900000201C751C8111DE1000ED880CB55200E91
:10B91000CC5505E3000ECB5D100ECC5903E2CB6B8A
:10B92000100ECC6FCBC200F0CCC201F0CB2B000EBE
:10B93000CC239AEC61F00C0E00C0EBFF0D0E01C0A1
:10B94000EBFFC65105E0C251C311C411C51113E18B
:10B950000A0EE66EE66AE6689AEC61F0AFEC61F01A
:10B9600054EC90F0026E050EE15E0250F3EC61F0D3
:10B97000050EEF6E4DD0C651040A39E0070A1FE0EC
:10B98000020A02E0030A44E19AEC61F0B8EC61F0CB
:10B99000020EC65D02E0000E01D0010E006E9AECB0
:10B9A00061F0140E96EC61F00050010BF36EFE0E88
:10B9B000EF14F310EF6EF3EC61F0010E28D09AEC67
:10B9C00061F0B8EC61F09AEC61F0130E96EC61F066
:10B9D000EF6A9AEC61F00F0E96EC61F0270EEE6EB6
:10B9E000EE6AEE6AEE6AF3EC61F0020E10D00A0E17
:10B9F000E66EE66AC2C2E6FFC3C2E6FF9AEC61F0F9
:10BA0000AFEC61F0D7EC61F0F3EC61F0050EEF6E96
:10BA10009AEC61F00A0EC9C2EBFF0B0ECAC2EBFF33
:10BA20005BCCB8F20C015B511200170E5C27000EC4
:10BA30005D235B2B4AD7FF0C0C01006B080E005DE9
:10BA400001E3E4D0EFEC61F0EF50050801E1DBD059
:10BA5000EFEC61F0EF50040801E1D5D0EFEC61F0BC
:10BA6000EF50050A01E1CFD0010A01E1CCD0070A6D
:10BA700001E17AD0010A5FE0020A30E0010A01E048
:10BA8000C2D0D9EC74F0000901E1BDD00C01EFEC9B
:10BA900061F0EF6A1BEC62F0140E96EC61F0EF506F
:10BAA000010B0FE00701010EE76F0C011BEC62F0C8
:10BAB000EECFE4F7EECFE5F7EFCFE6F70BEC75F05E
:10BAC000A2D00701010EE36F0C011BEC62F0EECF78
:10BAD000E1F7EDCFE2F7EBEC74F095D00701010E42
:10BAE000E86F0C0EE96F2EEC75F0000901E18BD0C8
:10BAF000DEEC74F000091AE00C011BEC62F001CCE2
:10BB0000EEFF02CCEEFF03CCEEFF04CCEEFFEFEC39
:10BB100061F0020EEF6E06EC62F0EF6A02EC62F08A
:10BB2000270EEE6EEE6AEE6AEE6A6DD00C01EFEC57
:10BB300061F0010E67D0E0ECAAF026C000F027C04B
:10BB400001F00AEC62F026C0EEFF01C0EDFF1BEC35
:10BB500062F0E9CFF7F5EACFF8F508EC8FF00C01C9
:10BB6000EFEC61F0030E4ED01BEC62F0040EDEDB56
:10BB7000E9CFFBF5EACFFCF51BEC62F0E9CFF9F574
:10BB8000EACFFAF535EC8FF0000939E10AEC62F002
:10BB9000CDEC61F002C0E6FF03C0E6FFE0ECAAF0E6
:10BBA000E552E7CF03F0E552E7CF02F00250265C02
:10BBB000006E03502758016E0C0102EC62F0EECFCC
:10BBC00004F0EFCF05F00050045C015005581BE273
:10BBD00006EC62F0EFCF00F0060E005C0DE206EC22
:10BBE00062F0EF2A02EC62F0D890EF36010EEB36ED
:10BBF000020EEB36030EEB36F2DB020E03D00C0125
:10BC0000EEDB050EEF6E0C01002B18D712000201BF
:10BC1000CD5182DB0E0E8ADBEF50050801E0000CEF
:10BC2000010C080E0201CE5D01E31200CE5174DB5F
:10BC30000C0E7CDBEE6AED6ACE516EDBEE6AEE6ACC
:10BC4000EE6AEE6ACE5168DB0E0E70DB040EEF6E0C
:10BC50001200080E0201016ACF25006ED0510122A8
:10BC6000026A036AD10E0026090E0122000E02228A
:10BC700003220E0E0026000E012202220322140EC1
:10BC80000026000E01220222032200C0C1F801C0DA
:10BC9000C2F893EC72F0CFC2BDF2D0C2BEF2120075
:10BCA000080E0201D1250901866F000E0201D22182
:10BCB0000901876F67EC9FF0D1C2BFF2D2C2C0F218
:10BCC000120036EC71F0000903E1F36AF46A120025
:10BCD0000201D3510B011D5D09E0D3C21DFB02011E
:10BCE000B96BBA6B0201CF6BD06BB3DFD3C2B8F2C2
:10BCF00096DBB9C208F0BAC209F079DB0B500758DD
:10BD000000C0F3FF01C0F4FF1200BDC200F0BEC2CC
:10BD100001F0026A036AC00E005C050E0158000EB5
:10BD20000258000E035801E3000CD4C2D5F81EECF3
:10BD300074F00201BD2B000E2ADB01E24BDB010C8B
:10BD4000FEDA00C055FC01C056FC0201D751005C70
:10BD5000D8510C01015804E255CCD7F256CCD8F298
:10BD60000201D751BD27D85112DB01E233DBD7C224
:10BD7000D8F8D8C2D9F8D5C2D6F8D6C2D7F823ECAD
:10BD800074F0D7C2F3FFD8C2F4FF1200D8DA00C0B3
:10BD900052FC01C053FC0201DC51005CDD510C017E
:10BDA000015804E252CCDCF253CCDDF20201DC514A
:10BDB000BD27DD51ECDA01E20DDBDCC2DDF8DDC2CE
:10BDC000DEF8D9C2DAF8DAC2DBF8DBC2DCF83CEC28
:10BDD00074F0DCC2F3FFDDC2F4FF1200DEC2E6FF46
:10BDE000DFC2E6FFFCEC90F0E552E552F3CFD7F26C
:10BDF000F4CFD8F2DEC2D5F2DFC2D6F2A1DF020163
:10BE0000DE51F324006EDF51F420016E00C0F3FF19
:10BE1000F46E1200E0C2E6FFE1C2E6FFE2C2E6FF16
:10BE20000AEC91F0E552E552E55227C0DCF228C059
:10BE3000DDF2E0C2D9F2E1C2DAF2E2C2DBF2A6DF61
:10BE4000056A0201E051F324006EE151F420016E15
:10BE5000E2510520026E00C027F001C028F0296ED3
:10BE600012000201B851170DF3CF5DFCF4CF5EFC58
:10BE7000000E0C015D27020E5E23080E0201B9259B
:10BE80000C015F6F000E0201BA210C01606F8ADAAB
:10BE90000C0E4CDA93DAF3CF55FCF4CF56FC82DA71
:10BEA0000A0E44DA8BDAF3CF57FCF4CF58FC8CDA65
:10BEB000F3CF59FCF4CF5AFC0C015B6B5C6B8EC763
:10BEC00061FC8FC762FC90C763FC91C764FC6ADAAF
:10BED000EECF65FCEECF66FCEECF67FCEFCF68FCE3
:10BEE000696B110E6A6F5FCC6BFC60CC6CFC6CDA1A
:10BEF000F3CF6BFCF4CF6CFC0C0E0601D06FD16B52
:10BF00000601610ECE6F0C0ECF6F11EC66F0F3CF11
:10BF10005BFCF4CF5CFC0C015B1F5C1F0801DF0EB7
:10BF2000C16F090EC26F93EC72F05FCC84F960CCE4
:10BF300085F90901110E836F35DA5DCC81F95ECC8C
:10BF400082F9F4EC9EF0080E0801D86FD96B080155
:10BF5000550ED66F0C0ED76F23EC74F00801F30E5C
:10BF6000C36F090EC46FA0EC72F0F3CF6DFCF4CF79
:10BF70006EFC5FCCC9F860CCCAF8D3EC72F0F3CF9A
:10BF80006FFCF4CF70FC0C01F350F41002E16F6908
:10BF900070696DCCC3F86ECCC4F8A0EC72F00801E7
:10BFA000F90EC16F090EC26F93EC72F0020E080118
:10BFB000D86FD96B08016F0ED66F0C0ED76F23ECBC
:10BFC00074F06AEC72F00201B96BBA6B0B011D6977
:10BFD0001200E3C2B8F20201E3510B011E5D03E05F
:10BFE000F36AF46A12000201C1A105D0C1910201F5
:10BFF000D16BD26B55DE0201BF51BB5D006EBC51EF
:10C00000C05500C0F3FFF46E12000201BB51BF5DCA
:10C01000BC51C05904E2B8510B011E5D01E0000C97
:10C02000FDEC73F0E4C2E9FFE5C2EAFFEF6E020146
:10C03000BF2B000EC023010C0201BB51BF5DBC51E0
:10C04000C05904E2B8510B011E5D03E0F36AF46AC3
:10C0500012000201BF51BB5D0C014D6F0201C051C6
:10C06000BC590C014E6F0201E8510C014D5D0201FB
:10C07000E9510C014E5904E24DCCE8F24ECCE9F204
:10C08000E8C2D3F8E9C2D4F8E6C2D1F8E7C2D2F8E0
:10C09000FFEC73F0F3CFE8F2F4CFE9F20201F350D2
:10C0A000BF27F450C02312000201C1B309D049ECEC
:10C0B00071F00201BB6BBC6B0B011E690201C183F5
:10C0C00012000201BB6BBC6B080E0801D36FD46B6E
:10C0D0000801000ED16F0C0ED26FFFEC73F000CC94
:10C0E000C8F601CCC9F6F6EC65F0F3CF00FCF4CF4E
:10C0F00001FC02CCC8F603CCC9F6F6EC65F0F3CF30
:10C1000002FCF4CF03FC04CCC8F605CCC9F6F6EC6F
:10C1100065F0F3CF04FCF4CF05FC0C01080E045FBE
:10C12000000E055B0651071151E0EAC2E9FFEBC2C0
:10C13000EAFFEECF09FCEECF0AFCEECF0BFCEFCF0F
:10C140000CFCECC2E9FFEDC2EAFFEECF0DFCEECF36
:10C150000EFCEECF0FFCEFCF10FC116B110E126F27
:10C16000EEC213FCEFC214FCEEC2C8F6EFC2C9F671
:10C17000F6EC65F0F3CF13FCF4CF14FC0C0E0601C3
:10C18000D06FD16B0601090ECE6F0C0ECF6F11EC84
:10C1900066F0F3CF15FCF4CF16FC0C01151F161F2B
:10C1A0000901866B876B67EC9FF0EEC2C9F8EFC29E
:10C1B000CAF8D3EC72F0F3CF17FCF4CF18FC0C01E3
:10C1C000F350151916E11851161913E1ECC2F4F2E7
:10C1D000EDC2F5F2EAC2F2F2EBC2F3F20201000E96
:10C1E000F06F0C0EF16F12D80C01086FFF0E085D96
:10C1F00003E149EC71F0000C08CC1EFB04CCBBF24F
:10C2000005CCBCF20201C181C193010CF2C2E9FF6D
:10C21000F3C2EAFFEE5007018E190BE1EE508F19C1
:10C2200008E1EE50901905E1EE50911902E101E1AB
:10C23000FF0C0C011A69000E1B6F020E1C6F196BAC
:10C24000080E195D3CE286D80C0E70D89AD8020E02
:10C250006DD8A3D8025000182BE10350011828E133
:10C2600079D80A0E63D88DD898D8025000181EE1EC
:10C27000035001181BE1F2C2E9FFF3C2EAFFEECF5F
:10C2800000F0EECF01F089D865D8EE50000100181B
:10C290000DE1EE5001180AE1EE50021807E1EE50F0
:10C2A000031804E103E10C011951120019CC1AFC26
:10C2B0000C01170E1B27000E1C23192BC1D7FF0ED4
:10C2C0001A5D27E01A51170DF3CF1BFCF4CF1CFCAD
:10C2D000000E1B27020E1C230A0EE66EE66AF2C24F
:10C2E000E6FFF3C2E6FF36D81BCC00F01CCC01F011
:10C2F0001BCCE6FF1CCCE6FF5AD8F0C2E9FFF1C226
:10C30000EAFF94D827D80A0E00C0EBFF0B0E01C03D
:10C31000EBFF0C011A511200170DF3CFE9FFF4CF18
:10C32000EAFF000EE926020EEA221200E926000EBC
:10C33000EA2212005CCCE9FF5DCCEAFF12006FD864
:10C34000BDC208F0BEC209F052D8026E0B500758A9
:10C35000036E12001BCCE9FF1CCCEAFF12005CCC80
:10C3600000F05DCC01F05CCCE6FF5DCCE6FF120096
:10C37000C2C2EEFFC3C2EEFFC4C2EEFFC5C2EEFFF3
:10C38000120054D8F0C2E9FFF1C2EAFF1200BE2346
:10C39000BD51B95DBE51BA591200EECF02F0EFCFD8
:10C3A00003F012005DCCE9FF5ECCEAFF120006EC60
:10C3B00090F0026E060EE15E02501200EECFC8F65B
:10C3C000EDCFC9F6F6EF65F05FCCC8F660CCC9F6E4
:10C3D000F6EF65F0BDC2B9F2BEC2BAF212002BD8B8
:10C3E0000E0E96EF61F0A6DF0E0E96EF61F00A6A70
:10C3F0000B6A0850045C006E09500558016E0A5023
:10C400000658120018D80F0E96EF61F014D8130ECC
:10C4100096EF61F00C010FD8150E96EF61F0C00E8B
:10C42000046E050E056E066A076A1200EECF00F074
:10C43000EFCF01F0120000518CEF61F010CB1FFC28
:10C4400011CB20FC12CB21FC13CB22FC06019E5108
:10C450009F11A011A11105E1010E9E6F9F6BA06BB2
:10C46000A16B9EC610FB9FC611FBA0C612FBA1C606
:10C4700013FB0C01236B100E235D04E20CD80C019E
:10C48000232BF9D71FCC26F020CC27F021CC28F085
:10C4900022CC29F012000C01596B0F0E595D32E2CB
:10C4A00010CB00F011CB01F012CB02F013CB03F054
:10C4B000D890033202320132003210CB04F0010E68
:10C4C0000416056A066A076A000E046C051E05223A
:10C4D000061E0622071E0722010E0416056A066ABA
:10C4E000D00E0716005004180B01106F01500518EC
:10C4F000116F02500618126F03500718136F0C01CA
:10C50000592BCBD710CBF3FF11CBF4FF1200C2CFC6
:10C510000FFCC0CF10FCD5CF11FCD6CF13FCD7CF6A
:10C5200012FC010EC26E3F0EC06E880ED56E0C015D
:10C53000006B0C01076B086B096B0A6B0C01056B38
:10C54000066BA9DFF3CF0BFCF4CF0CFC0C010D6BD9
:10C550000E6BD76AD66AC2820400C2B2FED7D6CFAB
:10C5600003FCD7CF04FC97DFF3CF01FCF4CF02FC30
:10C570000C0103510C0107270C0104510C01082385
:10C58000000E09230A231A0E0C01075DF20E08594A
:10C590009E0E0959000E0A590FE37DDFF3500C017E
:10C5A0000B1BF4500C010C1B76DFF3500C010D1B20
:10C5B000F4500C010E1B39D00C0103510C0105196C
:10C5C00004E10C0104510C01061901E1C2D70C0170
:10C5D00003510C01055D006E06510C010455016EFE
:10C5E0000C010C010151002406019E6F0C010C018D
:10C5F0000251012006019F6F0601A06BA16B1EDF97
:10C6000003CC05FC04CC06FC0C01D8900B370C378E
:10C610000D370E3740DFF350800B02E00C010B8129
:10C620000C01002B01E101D094D70FCCC2FF10CC3C
:10C63000C0FF12CCD7FF13CCD6FF11CCD5FF0BCC4B
:10C6400026F00CCC27F00DCC28F00ECC29F000D031
:10C6500012000C013E6B3F6B396B3A6B3B6B3C6BD2
:10C660000601A2C6E9FFA3C6EAFFA22B000EA32380
:10C67000EFCF3DFCEF5041E00C013F5103083DE39B
:10C68000300E3D5F3E5104E13D5109082CE2000CA3
:10C69000030E3E5D08E1FE0E3D5D01E0000C83EC03
:10C6A00067F008E2000CFE0E3D5D19E183EC67F0D7
:10C6B00001E2000C0A0E3A03F3CF02F0640E3B03D2
:10C6C000F35002243925E66EA4C600F0A5C601F099
:10C6D0003F513F2B9EEC67F00C013E6BBDD73D51A7
:10C6E000090801E2000C3E2B3BCC3CFC3ACC3BFC65
:10C6F00039CC3AFC3DCC39FCB3D70C013D5113E0A9
:10C700002F0E3D5D10E00D0E3D5D0DE00A0E3D5D0E
:10C710000AE0200E3D5D07E0090E3D5D04E03A0EA3
:10C720003D5D01E0000CEFDB01E2000C0A0E3A0374
:10C73000F3CF00F0640E3B03F35000243925E66E7E
:10C74000A4C6E9FFA5C6EAFFA8EF67F00C01396BA4
:10C750003A6B346B356B366B376B0601A6C6F6FF4A
:10C76000A62BA7C6F7FF000EA723A8C6F8FFA8238D
:10C770000800F5CF38FCF5503EE00C013A510308B3
:10C780003AE3300E385F395104E13851090829E2A3
:10C79000000C030E395D07E1FE0E385D01E0000C70
:10C7A000BCDB07E2000CFE0E385D17E1B6DB01E2F0
:10C7B000000C0A0E3503F3CF02F0640E3603F3507B
:10C7C00002243425E66EA9C600F0AAC601F03A514B
:10C7D0003A2BB4DB0C01396BBCD73851090801E2A4
:10C7E000000C392B36CC37FC35CC36FC34CC35FC40
:10C7F00038CC34FCB2D70C01385110E02F0E385D24
:10C800000DE00D0E385D0AE00A0E385D07E0200EDF
:10C81000385D04E0090E385D01E0000C7EDB01E2CA
:10C82000000C0A0E3503F3CF00F0640E3603F3500C
:10C8300000243425E66EA9C6E9FFAAC6EAFF88D31C
:10C840000C01016B026B036B0601ADC600F0AEC6B6
:10C8500001F0AD07000EAE5B0050011068E0ABC602
:10C86000E9FFACC6EAFFAB2B000EAC23EFCF00FC18
:10C87000410E0C01005D05E300515A0802E3410E30
:10C880000FD0610E005D05E300517A0802E3470E08
:10C8900007D0300E005D06E30051390803E3FC0EBB
:10C8A000005F10D02B0E005D03E02D0E005D02E155
:10C8B0003E0E07D02F0E005D03E05F0E005DC4E169
:10C8C0003F0E006F01510AE1012B06015ADB2FE2F6
:10C8D000022B000E03230051040D1CD001050BE1B7
:10C8E000012B00390F0B09DB22E2022B000E032380
:10C8F0000039F00B10D0020E015D13E1012B005145
:10C90000E840E8403F0BF9DA12E2022B000E032365
:10C910000051400DF350AFC6E9FFB0C6EAFFEF6E1D
:10C9200093D7016B25DB0C010051EF128DD702CCA0
:10C93000F3FF03CCF4FF12000C01066B076B06013A
:10C94000040EB95D000EBA5901E27ED00C010269F5
:10C950000369046905690601B551B61175E0C1DACC
:10C96000FC0E0C010015E840E8403F0B026F030E7F
:10C970000015100DF3CF03FC0601B551B61123E0ED
:10C98000B0DAF00E0C010015E8380F0B03130F0E90
:10C990000015040DF3CF04FC0601B551B61113E0E8
:10C9A000A0DA060E006EC00E0C01001500C0E7FFF5
:10C9B000E75204E0E8427F0BE706FCE10C010413B8
:10C9C0003F0E0015056F0C01006B040E005D31E297
:10C9D0000051EA6A020FE96E0C0EEA22EFCF01FC69
:10C9E0000151190802E3410E09D00151330802E355
:10C9F000470E04D001513D0803E3FC0E01270CD083
:10CA00003E0E015D02E12B0E06D03F0E015D02E1FC
:10CA10002F0E01D03D0E016F0601B7C6E9FFB8C663
:10CA2000EAFFB72B000EB82301CCEFFF0C01002B5F
:10CA3000CCD7040E0601B95F000EBA5B040E0C01E0
:10CA40000627000E07237BD706CCF3FF07CCF4FFA5
:10CA500012000C01116B0601BB51BC1147E00C0127
:10CA60000C6B100E0F6F270E106F050E0C5D41E260
:10CA7000BBC628F0BCC629F00FCC2DF010CC2EF090
:10CA800045ECADF028C00DFC29C00EFC0C0128506F
:10CA9000291002E111511AE0300E0D25E66E060153
:10CAA0005FDAE552E750EF6E0DCC28F00ECC29F09E
:10CAB0000FCC2DF010CC2EF02DEC7FF0265006017F
:10CAC000BB5F2750BC5B0C01010E116F0A0E2D6E6F
:10CAD0002E6A0FCC28F010CC29F045ECADF028C020
:10CAE0000FFC29C010FC0C010C2BBFD739DA300E1B
:10CAF000EF6EBDC6E9FFBEC6EAFFEF6A120006018F
:10CB0000C051460802E2200EC05FBF51460802E253
:10CB1000200EBF5FC051390802E2370E01D0300E3F
:10CB2000C05FBF51390802E2370E01D0300EBF5F3F
:10CB3000C039F00BBF1112000601C1390F0BC16FD4
:10CB4000E850090804E2410EC125F60F1200300E2C
:10CB5000C12512000F0E0601C217C251090804E2D6
:10CB6000410EC225F60F1200300EC2251200C3C6B8
:10CB7000E9FFC4C6EAFFEFCF00FCC5C6F6FFC6C694
:10CB8000F7FFC7C6F8FF0800F5CF01FC0C01005104
:10CB900023E0015121E0610E005D05E300517A08B8
:10CBA00002E3200E005F610E015D05E301517A088A
:10CBB00002E3200E015F0151D880005501E2010C13
:10CBC0000151005D01E2FF0C0601C32B000EC423DE
:10CBD000C52BC623C723CBD70151D880005501E20E
:10CBE000010C0151005D01E2FF0C000CC9C6F3FF0E
:10CBF000C8C6F4FF12000601CD51CA1BCA51CD1B95
:10CC0000CD51CA1BCC51CB1BCB51CC1BCC51CB1B18
:10CC1000CAC626F0CBC627F0CCC628F0CDC629F070
:10CC20001200D0C6BEFCD1C6BFFC0C01D890BF33E9
:10CC3000BE33CEC6C0FCCFC6C1FCC26BC36BC46BD7
:10CC4000C56BBECC00F0BFCC01F0BE07000EBF5BD1
:10CC50000050011018E0C0CCE9FFC1CCEAFF020E81
:10CC6000C027000EC123EECF00F0EFCF01F000018E
:10CC700000500C01C227000101500C01C323000E1B
:10CC8000C423C523DED70601D051010B0EE0C0CC72
:10CC9000E9FFC1CCEAFFEFCF00F0000100500C012A
:10CCA000C227000EC323C423C523C2CC00F0C3CCCB
:10CCB00001F0026A036AC4CC04F0C5CC05F0066A30
:10CCC000076A005004240C01C26F01500520C36F95
:10CCD00002500620C46F03500720C56FC451C227FD
:10CCE000C551C323C2CC00F0C3CC01F0001E011E0D
:10CCF00000C0F3FF01C0F4FF1200D6C6D2F6D7C6BB
:10CD0000D3F6D8C6D4F6D9C6D5F6DAC62FFC080EA7
:10CD10000C012F5D0EE3D5C630FCD4C6D5F6D3C6C4
:10CD2000D4F6D2C6D3F630CCD2F6080E0C012F5F63
:10CD3000EED70C012F510BE00601D890D5BFD8805B
:10CD4000D237D337D437D5370C012F07F2D7D2C615
:10CD500026F0D3C627F0D4C628F0D5C629F000D0D7
:10CD600012000F0EE4D8EF6ADBC6E6FFDCC6E6FF72
:10CD700080EC91F0E552E5520C01396B0F0E395DF4
:10CD800011E23951D4D8EF500AE10F0E0C01395D90
:10CD900009E23951392BCBD8200EEF6EF6D70C01B2
:10CDA000392BECD712000601DFC600F0E0C601F017
:10CDB000DF07000EE05B005001101AE0DDC6E9FF5E
:10CDC000DEC6EAFFDD2B000EDE23EFCF00FC0C01F8
:10CDD00000510EE00601E1510C01005DE4E10601A5
:10CDE000DD07000EDE5BDDC6F3FFDEC6F4FF1200DA
:10CDF000F36AF46A1200E2C6E9FFE3C6EAFFEF6AEB
:10CE00000601E251E4250C01046F0601E351E5211E
:10CE10000C01056F010E045F000E055B04CCE9FFF9
:10CE200005CCEAFFEF6A066B076BE60E006F060E95
:10CE3000016F0601E6C600F0E7C601F0E607000E46
:10CE4000E75B0050011048E004CCE9FF05CCEAFFA5
:10CE5000EF5005E0E4C606FCE5C607FC3DD00C013A
:10CE6000020E005F000E015B00CCE9FF01CCEAFF7F
:10CE7000EECF02FCEDCF03FC06510601E45D006E2F
:10CE8000E5510C010755016E00C0E6FFE66E02CCCD
:10CE9000E6FF03CCE6FF0601E2510C010625026E17
:10CEA0000601E3510C010721036E02C0E6FFE66EA6
:10CEB0002FEC91F0046E060EE15E045002CCE6FF0A
:10CEC00003CCE6FFFCEC90F0E552E552F3500C0188
:10CED0000627F4500723ADD706CCF3FF07CCF4FFA9
:10CEE0001200B3C6E9FFB4C6EAFFB32B000EB423A9
:10CEF000EFCF00FCB507B65B1200006E39D80050CA
:10CF0000EF12C1EF67F0D880050E3955050E3A557E
:10CF1000020E3B55000E3C551200D880050E3455CC
:10CF2000050E3555020E3655000E37551200060116
:10CF3000EA6ADB25E96EDC51EA2212000F010024C7
:10CF4000E96E000E0120EA6EE552E750EF6E120026
:10CF5000030EE926000EEA22E552E750EF6E010CBF
:10CF6000BDC6E9FFBEC6EAFFBD2B000EBE23120000
:10CF70000601AFC6E9FFB0C6EAFFAF2B000EB02333
:10CF80001200B1510C01025D0601B2510C010359AE
:10CF900012000B0131510CE1010E316F0C01006BDD
:10CFA000010E005D05E20301CF690C01002BF8D7EB
:10CFB000FF0E0301CF5D02E054EC6CF033EC6CF03B
:10CFC000D16BD189D1831200FF0E0301CF5D02E046
:10CFD00054EC6CF0D06B12000301D05103E133EC40
:10CFE0006CF0D19112000301D05101E1000C010C51
:10CFF0000301D151010B12000301D1A302D0D1933F
:10D00000010C000C0301D151080B01E0010E1200CC
:10D010001CEF6CF00C01096B010E095D01E313D1EB
:10D020000301D051080A01E1EED0020A01E1EBD080
:10D03000060A01E1E8D00B0A01E1D7D00E0A01E1AE
:10D04000D4D0020A01E1D1D00D0A01E1A2D0030A35
:10D0500054E0010A42E0070A2BE0010A08E0030A53
:10D0600001E0EED089DB01E1EBD0020ED06F3C0E87
:10D07000DA6FDB6BDC6BDD6BF66BD191D1952DEC50
:10D0800071F0000901E1DCD0A7DB2C0EF35C010E8E
:10D09000F45801E2D5D00301D1790A0EE66EE66AB2
:10D0A000E66841DB010EFE6F04DAC2DA030EC7D078
:10D0B00056DB0AE264EC6CF001E684DB01E3C0D0ED
:10D0C000C4DB01E3BBD024D00301D187BDD8020863
:10D0D00001E0B6D00301040ED06F71EC6CF001E2F8
:10D0E000AFD00A0EE66EE66AE66803011CDB030EAB
:10D0F000FE6FDFD99DDA050EA2D031DB0FE264ECC2
:10D100006CF001E65FDB01E39BD09FDB01E396D08F
:10D11000D890D637D737D837D93790D095D8060A90
:10D1200036E0030A01E08CD03DDBD181F6B184DB2F
:10D13000F6A508D0EAC392F7EBC393F7ECC394F7D4
:10D14000EDC395F7F6A308D0E6C396F7E7C397F7C4
:10D15000E8C398F7E9C399F7F6A708D0EEC39AF7A2
:10D16000EFC39BF7F0C39CF7F1C39DF707019E6BDC
:10D170009F6BA06BA16B0301F6A962D0F2C39EF76F
:10D18000F3C39FF7F4C3A0F7F5C3A1F759D0030188
:10D1900055D0B4DAF20E005C9E0E0158000E025813
:10D1A000000E03584DE387DB030E2B6E2C6A2D6AAD
:10D1B0002E6A66ECACF00301DA51225CDB51235895
:10D1C000DC512458DD5125580CE2F20ED2279E0E78
:10D1D000D323000ED423D523DA07DB5BDC5BDD5BD6
:10D1E0002FD0CADA2DE0070ED06F7BDB29E30301D5
:10D1F000010EFF6F0301030EFE6F5BD90301D19592
:10D2000017DAD02B1DD0ABDA11E25EDB01E6DADAF9
:10D2100017E2D02B0C0EE76ED019E8AE02D0D03555
:10D2200003D0E750D880D0550BE208D00DD8060ABD
:10D2300004E0030A05E1B6DA03D00301020ED06F61
:10D240000C01092BE9D612000C01036B51DA020E16
:10D250000C01005D01E006D11C0E00DB0C01016B2E
:10D26000060E015D0EE244DA0C010151EA6ABB0FC1
:10D27000E96E070EEA22EF50005D01E017D1012BA5
:10D28000EFD70301D1B508D0100EE8DAAEDAE20E1E
:10D29000E66F030EC7DAF681F00EE0DA0C01046BDC
:10D2A00027DA000904E10C01010E046FDBD00C0148
:10D2B0000051330A01E18FD0CC0A01E189D0C90ABB
:10D2C00001E171D0300A4CE0050A2FE0020A18E0B3
:10D2D000340A01E0B7D00CDA0C01000501E0E6D019
:10D2E0000201030EE46F0C0EF9DA0301D151040BB5
:10D2F00001E1B4D0020E0C01035D01E0AFD0D6D045
:10D30000E8DA01E0D3D00301D1A508D00C01016B0C
:10D31000040E015D01E3A2D0F6DAFAD766DAEA0E6E
:10D32000E66F030E7FDAF68599D073DA01E2BED09C
:10D330000301D1A507D00C01016B040E015D08E2C9
:10D34000E2DAFBD752DAE60EE66F030E6BDAF6830B
:10D35000040E0C01025F96DA01E180D0C9D9FBD737
:10D3600058DA01E2A3D00301D1B509D03EDAEE0EBE
:10D37000E66F030E57DAF687040E0C01025F040E07
:10D380000C01025D0CE30301D1B509D02EDAF20ED7
:10D39000E66F030E47DAF689040E0C01025F72DABB
:10D3A0005DE0A6D9FCD795DA01E080D00201080E35
:10D3B000E46F0C0E20DA070EE46F0C0E1CDA060E7A
:10D3C000E46F0C0E18DA050EE46F0C0E87DA46D007
:10D3D000010E046F43D07DDA69E10301D1A507D0C6
:10D3E0000C01016B040E015D39E28DDAFBD70201FD
:10D3F000DD0EE46F030EFFD9DC0EE46F030EFBD9E4
:10D40000DB0EE46F030EF7D9DA0EE46F030E66DA73
:10D41000DAC300F0DBC301F0DCC302F0DDC303F0CC
:10D42000050ED8900332023201320032E806F9E1EB
:10D4300000500301DA5F0150DB5B0250DC5B0350FC
:10D44000DD5B0CD00201020EE46F0C0E47DA1ADA33
:10D4500005E00201000EE46F0C0EF8D70C01045138
:10D4600001E11ED7020E035D0BE105CCDEF306CC15
:10D47000DFF307CCE0F308CCE1F30301D18511D051
:10D48000DE0EE96E030EEA6EEE50051908E1EE506D
:10D49000061905E1EE50071902E1EE50081901E006
:10D4A000036B54EC60F00C010351120054EC60F07B
:10D4B000000C0201010E32D9010E30D9060E2ED910
:10D4C000B6D9120E2BD9230E29D9340E27D9560ED0
:10D4D00025D9ADD9D46B85EC5EF00301D151100B89
:10D4E00002E0000E01D0800E020118D9D46B85EC49
:10D4F0005EF0030E0301FE5D04E1FF5102E07ED900
:10D5000007D0020194D993D992D9D46B85EC5EF0FF
:10D510000C01006B0C0E005D02E2ADD9FBD7060ECC
:10D520000201D76FD86B0201BB0ED56F070ED66F05
:10D53000A0EC5EF00C01006BCA0E005D02E29BD90C
:10D54000FBD70201630EEAD8820EE8D8530EE6D864
:10D55000630EE4D8350EE2D8010ED46F85EC5EF090
:10D56000FEC3D4F285EC5EF00301FE0501E1D19526
:10D57000030EFE5D15E1FF5113E10201360EB7D92E
:10D58000E1C3D4F285EC5EF0E0C3D4F285EC5EF04A
:10D59000DFC3D4F285EC5EF0DEC3D4F285EC5EF03E
:10D5A0000201370EBBD8040EB9D8010EB7D8030E4E
:10D5B000B5D8060EB3D80C0ED46F85EC5EF0030E12
:10D5C0000301FE5D02E1FF5107E0FE0509E1E251C2
:10D5D000E311E411E51104E00201320E88D90ED9FD
:10D5E0000201D46985EC5EF002012C0EB95D010EDA
:10D5F000BA5903E20201D46BF5D78EC701FC8FC77D
:10D6000002FC90C703FC91C704FC0301FF5105E134
:10D6100007018E6B8F6B906B916B31EC5FF001CCDF
:10D620008EF702CC8FF703CC90F704CC91F7120061
:10D63000D6C300F0D7C301F0D8C302F0D9C303F0BA
:10D640005BD939D966ECACF022C000F023C001F000
:10D6500024C002F025C003F022C0E6FF23C0E6FF8D
:10D6600024C0E6FF25C0E6FF4BEC62F010D9F3CFF3
:10D6700004F0F4CF05F0066A076A3ED9F3CF26F02E
:10D68000F4CF27F006C028F007C029F0CCECACF0AE
:10D6900022C004F023C005F024C006F025C007F026
:10D6A000225000262350012224500222255003221A
:10D6B00000C0E6FF01C0E6FF02C0E6FF03C0E6FFD0
:10D6C000CEECAAF0E4D82650000100240301D26F6A
:10D6D0002750000101200301D36F285000010220D0
:10D6E0000301D46F2950000103200301D56F1200FC
:10D6F0000201000EE46F0C0E6EEF6CF0CEECAAF09F
:10D700000301D251265C006ED3512758016ED451CB
:10D710002858026ED5512958036E1200D46F85EC3B
:10D720005EF002011200CF51170DF3CFE9FFF4CFE5
:10D73000EAFF000EE926020EEA22E9CF00F0EACF66
:10D7400001F0E9CFE6FFEACFE6FF54EC90F0026E7D
:10D75000050EE15E02500301FF6B03011200CFC30F
:10D76000E3F2E9EC5FF0F3CF00F0F4CF01F0FA0E52
:10D77000F35C000EF4581200430E0201C96FCA6B2D
:10D78000440E0201C76FC86B0201C66B0201C26B77
:10D79000C36BC46BC56B5FEC5CF00301CF6FFF0E16
:10D7A000CF5D120081D8CEECAAF026C0D2F327C0FC
:10D7B000D3F328C0D4F329C0D5F30301060ED06FEC
:10D7C000D1831200D880000E0054000E0154000EC8
:10D7D0000254000E03541200CFC3D3F261EC5EF08A
:10D7E000F3CF00F0F4CF01F01200040E0201E86F55
:10D7F000E96B0201120072D802011200040E02014C
:10D80000D76FD86B0201E20ED56F030ED66FA0EF73
:10D810005EF00201020EE46F0C0E60D8040E0C01E3
:10D82000025D1200E76F1CEC60F003011200D46B84
:10D8300085EC5EF002011200E2C38EF7E3C38FF7BE
:10D84000E4C390F7E5C391F71200400ED65D000ED9
:10D85000D759000ED859000ED95912000201D16FC4
:10D86000D26B50EF5EF0020ED66FD76BD86BD96BD0
:10D87000010ED06F12000201D46B85EC5EF00C013A
:10D88000002B12000C010251020700091200E552A0
:10D89000E7CF03F0E552E7CF02F0E552E7CF01F022
:10D8A000E552E7CF00F01200CFC3CEF211EC5EF0EC
:10D8B0000301CF691200D6C326F0D7C327F0D8C31F
:10D8C00028F0D9C329F0120019DFE834000E03183C
:10D8D00012000EDF040E0C01005D1200E56F05EF73
:10D8E00060F07ADF020EF35C010EF458120016DFCE
:10D8F000040ED46F85EF5EF0F20E2B6E9E0E2C6E32
:10D900002D6A2E6A1200F4DE0C01012B1200AEC546
:10D91000E9FFAFC5EAFF580EEB5000090DE1B2C5B3
:10D92000C1F5B3C5C2F5B0C5BFF5B1C5C0F5AEC54B
:10D93000BDF5AFC5BEF54ED81200B4C5E9FFB5C5FB
:10D94000EAFF580EEB5000090FE1B9C5C8F5BAC59A
:10D95000C9F5B6C5C5F5B7C5C6F5B8C5C7F5B4C5EB
:10D96000C3F5B5C5C4F57ED81200BFDB010EEE6E5F
:10D97000230EEE6E450EEE6E670EEE6EB6DB040EF7
:10D98000DADB890EEE6EAB0EEE6ECD0EEE6EEF0EA6
:10D99000EE6EABDB080ECFDBFE0EEE6EDC0EEE6E37
:10D9A000BA0EEE6E980EEE6EA0DB0C0EC4DB760E99
:10D9B000EE6E540EEE6E320EEE6E100EEE6E95DBC7
:10D9C000D1DBEE6AEE6AEE6AEE6A8FDB580EB3DBED
:10D9D000EF6A12004DDBB8DB4BDB54DB0C011A6F36
:10D9E000015003201B6FC1C500F0C2C501F0026ADF
:10D9F000036A3EDB68DB0501C151C21132E0BFC5DD
:10DA0000E9FFC0C5EAFFBF2B000EC023EF50E66E52
:10DA10000C011ACCE9FF1BCCEAFF1A2B000E1B23CA
:10DA2000E552E750EF6E24DB96DB1A1915E1015041
:10DA30001B1912E11DDB65DB1BDB6ADB19DB6FDB0E
:10DA400017DBBDC5CCF5BEC5CDF554DB11DB8DDBD9
:10DA5000E9CF1AFCEACF1BFC0501C107000EC25B2F
:10DA6000CAD712000ADB70DB08DB0CDB0C011A6F73
:10DA7000015003201B6FC8C500F0C9C501F0026A40
:10DA8000036AFBDA20DB0501C851C91136E0C5C5C0
:10DA9000F6FFC52BC6C5F7FF000EC623C7C5F8FFA6
:10DAA000C7230800F550E66E0C011ACCE9FF1BCC29
:10DAB000EAFF1A2B000E1B23E552E750EF6EDDDA6A
:10DAC0004ADB1A1915E101501B1912E1D6DA19DBEC
:10DAD000D4DA1EDBD2DA23DBD0DAC3C5CCF5C4C579
:10DAE000CDF508DBCADA41DBE9CF1AFCEACF1BFC33
:10DAF0000501C807000EC95BC6D71200CCC5E9FFF7
:10DB0000CDC5EAFFEECF00FCEECF01FCEECF02FC6C
:10DB1000EFCF03FCCEC5E9FFCFC5EAFFEECF04FC93
:10DB2000EECF05FCEECF06FCEFCF07FCD0C5E9FF3A
:10DB3000D1C5EAFFEECF08FCEECF09FCEECF0AFC20
:10DB4000EFCF0BFCD2C5E9FFD3C5EAFFEECF0CFC4B
:10DB5000EECF0DFCEECF0EFCEFCF0FFC0C01186BDF
:10DB6000400E185D01E349D118510F0824E3DEDAB5
:10DB70000451EE14006E0551EE14016E0651EE14C0
:10DB8000026E0751EE14036E04CC04F005CC05F0D0
:10DB900006CC06F007CC07F0041E051E061E071E65
:10DBA0000C5104160D5105160E5106160F517DDA53
:10DBB00018CC19FC80D018510F082BE218511F08FF
:10DBC00028E3040EE96E0C0EEA6E0C51EE14006EA2
:10DBD0000D51EE14016E0E51EE14026E0F51EE1443
:10DBE000036E0CCC04F00DCC05F00ECC06F00FCC7F
:10DBF00007F0041E051E061E071E085104160951D3
:10DC000005160A5106160B5150DA050E1803F328B3
:10DC100050D018511F0825E218512F0822E386DA48
:10DC20000451EE18006E0551EE18016E0651EE1803
:10DC3000026E0751EE18036E0C0EE96E0C0EEA6EC2
:10DC40000050EE18106F0150EE18116F0250EE18D0
:10DC5000126F0350EE18136F030E1803F350050FE5
:10DC600028D00CCC00F00DCC01F00ECC02F00FCC83
:10DC700003F0001E011E021E031E040EE96E0C0EB0
:10DC8000EA6EEE500012EE500112EE500212EE500B
:10DC900003124CDAEE500018106FEE500118116F9D
:10DCA000EE500218126FEE500318136F070E180390
:10DCB000F3500F0B196F0CCC14FC0DCC15FC0ECCD3
:10DCC00016FC0FCC17FC08CC0CFC09CC0DFC0ACCC4
:10DCD0000EFC0BCC0FFC04CC08FC05CC09FC06CCDC
:10DCE0000AFC07CC0BFC040E1903F3CF19FCA00EA1
:10DCF000006E490E016E010E026E18CC03F0046A2C
:10DD0000056A00500324F36E01500420F46E0250A3
:10DD10000520F86EF4CFF7FFF3CFF6FF0800F5CF3C
:10DD2000DAF6100EE96E0C0EEA6E0051EE240A6E61
:10DD30000151EE200B6E0251EE200C6E0351EE20CD
:10DD40000D6EE00E0E6E490E0F6E010E106E18CCA9
:10DD500011F0126A136A020ED89011361236133679
:10DD6000E806FAE10E501124F36E0F501220F46E03
:10DD700010501320F86EF4CFF7FFF3CFF6FF0A50E0
:10DD80000900F524066E0B500900F520076E0C50B3
:10DD90000900F520086E0D500900F520096E0C01F0
:10DDA00019510501EA6ACA25E96ECB51EA220650EB
:10DDB000EE240601D66F0750EE20D76F0850EE20F4
:10DDC000D86F0950EE20D96F7DEC66F026500C011B
:10DDD0000425046F27500521056F28500621066F82
:10DDE00029500721076F14CC00FC15CC01FC16CC80
:10DDF00002FC17CC03FC182BB3D6CCC5E9FFCDC56C
:10DE0000EAFF0051EE260151EE220251EE220351AB
:10DE1000EE22CEC5E9FFCFC5EAFF0451EE2605513B
:10DE2000EE220651EE220751EE22D0C5E9FFD1C500
:10DE3000EAFF0851EE260951EE220A51EE220B515B
:10DE4000EE22D2C5E9FFD3C5EAFF0C51EE260D51F3
:10DE5000EE220E51EE220F51EE22120070D9EECFBB
:10DE60001AFCEECF1BFCEECF1CFCEFCF1DFC67D9DC
:10DE7000040E61D9EECF1EFCEECF1FFCEECF20FCCE
:10DE8000EFCF21FC5CD9080E56D9EECF22FCEECFA5
:10DE900023FCEECF24FCEFCF25FC51D90C0E4BD93F
:10DEA000EECF26FCEECF27FCEECF28FCEFCF29FCEF
:10DEB00046D95BD9E9CF2BFCEACF2CFC3F0E006E94
:10DEC000016A026A036A3BD94DD9EE500016EE5042
:10DED0000116EE500216EE5003160C012B510024D1
:10DEE0002D6F2C5101202E6F2A6B2D512B1902E121
:10DEF0002E512C1914E02BCCE9FF2CCCEAFF2B2B54
:10DF0000000E2C23EF50E66E2A51EA6A6E0FE96E7E
:10DF1000050EEA22E552E750EF6E2A2BE6D7DDD850
:10DF2000800EEF6E2A51380809E2400E2A5D03E2A6
:10DF3000D4D8EF6AFAD77BD80C012A6B380E2A5D49
:10DF400003E2CBD8EF6AFAD756D8030E1F0B07E0CF
:10DF5000D8900036013602360336E806F9E100C0F3
:10DF6000A6F549D8050E9AD8FEE100C0A7F543D81A
:10DF70000D0E94D8FEE100C0A8F53DD8150E8ED840
:10DF8000FEE100C0A9F537D81D0E88D8FEE100C01B
:10DF9000AAF50501AB6BAC6BAD6B49D8040EE66E10
:10DFA000E66A1A0EE66E0C0EE66ED6C5E6FFD7C51B
:10DFB000E6FF06EC90F0006E060EE15E0050040EE7
:10DFC000E66EE66A1E0EE66E0C0EE66E040E1ED8B7
:10DFD000040EE66EE66A220EE66E0C0EE66E080E83
:10DFE00015D8040EE66EE66A260EE66E0C0EE66E98
:10DFF0000C0E06EF70F0A3D8B5D8EECF00F0EECF40
:10E0000001F0EECF02F0EFCF03F012000501016A3C
:10E01000D625006ED751012200C0E6FF01C0E6FF01
:10E0200006EC90F0026E060EE15E02501200050151
:10E03000260ED26F0C0ED36F0501220ED06F0C0E80
:10E04000D16F05011E0ECE6F0C0ECF6F05011A0E9B
:10E05000CC6F0C0ECD6F05016E0ECA6F050ECB6F27
:10E060007EEF6DF082D8E9CF00F0EACF01F0120028
:10E07000BDC5E9FFBEC5EAFF1200C3C5E9FFC4C5BF
:10E08000EAFF12006FD8EE500216EE500316EE5063
:10E090000416EE500516005002241200D8900332E8
:10E0A000023201320032E806120007160050041056
:10E0B000106F01500510116F02500610126F0350BF
:10E0C0000710136F12004ED80050EE260150EE22BA
:10E0D0000250EE220350EE2212002A512A2BEA6A45
:10E0E0006E0FE96E050EEA221200BBC5E9FFBCC542
:10E0F000EAFF12003AD8E9CFCAF5EACFCBF57EEFB6
:10E100006DF00C0E18D8E9CFD2F5EACFD3F5120096
:10E11000080E11D8E9CFD0F5EACFD1F51200040EE0
:10E120000AD8E9CFCEF5EACFCFF51200080EE96E96
:10E130000C0EEA6E1200E926000EEA221200D4C587
:10E14000E9FFD5C5EAFF12008DDF3F0E026E036ABC
:10E15000046A056A120086DF400E0026000E0122C6
:10E1600000501200140E9BEF70F0180E9BEF70F031
:10E17000FC0E92160E01FE8B0E01FDA1FDD70801CB
:10E18000B36B0801B3810801AF6BB06B0E01E86B94
:10E19000E96B0E01CF0EEC6F0E01090EED6F0E0153
:10E1A000CF0EEA6F090EEB6F0E01D00EE46F090E71
:10E1B000E56F0E01D00EE26F090EE36F0801D56B1B
:10E1C0003DDB0E010D0EA06F00000E01320EA26F9E
:10E1D00000000E01120EA46F00000E01400EA36F8E
:10E1E00000000E01120EA66F00000E010C0EA76FAC
:10E1F00000000E01EE0EAA6F00000E01050EAB6FBF
:10E200000000BBC784FE0000BCC785FE0000BDC780
:10E2100082FE0000BEC783FE0000BFC780FE000074
:10E22000C0C781FE00000801100EE16F010EE26F11
:10E230000801100EE06F56DB0801720EE16F340E1C
:10E24000E26F0801140EE06F4DDB0801E16BE26B39
:10E250000801E06B47DBD28412000801010EDF6F7A
:10E2600029DBF350040B01E0010E1200D2A6010CD1
:10E27000CEECAAF00801B451265C006EB5512758C7
:10E28000016E026A036A7A0E81DB02E3D29622D91A
:10E29000000C0801B3B11200B381AFC84DFCB0C887
:10E2A0004EFC0C01010E4D5F000E4E5B4DCC00F09C
:10E2B0004ECC01F0026A036A69DB06E34DCC04F040
:10E2C0004ECC05F043DB04E2CF0E4D6F090E4E6FCE
:10E2D0000E01FE8D4DCCECFE4ECCEDFE1200D9CEE3
:10E2E000AAFCEECEACFCEFCEADFC0C01AA510E01A7
:10E2F000D95DF5E1ECCEAAFCEDCEABFC0C01AC5146
:10E30000AA5DAD51AB5911E2CF0E046E090E056E38
:10E31000AA51AC5D086EAD51AB55096E0850045C56
:10E32000006E09500558016E14D0AA51AC1908E1CD
:10E33000AB51AD1905E1CF0EF36E090EF46E12006C
:10E34000AC51AA5D006EAB51AD55016E0006000EDA
:10E35000015A00C0F3FF01C0F4FF12000E01D951B1
:10E3600002E1000E87D00801B3830801B3B103D0E6
:10E3700090DF000E7FD0AFC8B1F8B0C8B2F8B1C816
:10E380007AFFB2C87BFF140E0801D36FD46B08016B
:10E39000000ED16F0C0ED26F32DA12CCC8F613CC4D
:10E3A000C9F6F6EC65F0F3CF12FCF4CF13FC00CC09
:10E3B00000F001CC01F0026A036AD880CF0E00544D
:10E3C000090E0154000E0254000E03541BE30C010D
:10E3D0000C010051010B16E10C010C010551800BE1
:10E3E00011E10C010C010451100B0CE10C01EE0EBB
:10E3F000D8800255050E035505E30C010C010451AC
:10E40000800B01E1FF0000CCAFF801CCB0F8060EA4
:10E41000E66EE66A0C0EE66E0C0EE66EB6C8E9FF16
:10E42000B7C8EAFFE9CF00F0EACF01F000C0E6FF8D
:10E4300001C0E6FF06EC90F0026E060EE15E0250AF
:10E44000B8C8E9FFB9C8EAFFEF68080E0C01135D10
:10E450000DE10C01125104E0060E0C01125D06E103
:10E46000B8C8E9FFB9C8EAFF12CCEFFF0801B391C1
:10E47000010E00D012000E01D10EE26F090EE36F03
:10E48000DE0E0801BD27090EBE23BDC8E6FEBEC8CC
:10E49000E7FE060E0801D86FD96BBAC8D6F8BBC81C
:10E4A000D7F8D1D9060E0801D86FD96B0801BB0E79
:10E4B000D66F070ED76FC7D90801080ED56FBED922
:10E4C0000801BC5102E1000E01D0060E0801D56F13
:10E4D0001EEF74F0D28ED29E0C01080EAA6FAA51C4
:10E4E000AA070009FCE16092D286CEECAAF026C011
:10E4F000B4F827C0B5F8120040DABF250C014D6F03
:10E5000001500801C0210C014E6F4DCC00F0016E8E
:10E5100011DA04E2D00E4D5F090E4E5B4DCC7AFF4E
:10E520004ECC7BFF1200E2CEAAFCE3CEABFCC1C80E
:10E53000E2FEC2C8E3FEAACCF3FFABCCF4FF1200AC
:10E540007ACFAAFC7BCFABFCC3C87AFFC4C87BFFE1
:10E55000AACCF3FFABCCF4FF12000FDAC5250C01F7
:10E56000166F01500801C6210C01176F16CC00F080
:10E57000016EE0D904E2D00E165F090E175B7ACF68
:10E5800018FC7BCF19FC16CC7AFF17CC7BFFC7C8D1
:10E59000C9F8C8C8CAF807D8F3CF16FC18CC7AFF58
:10E5A00019CC7BFF12000C01AC6BAD6BAE6BAF6B8B
:10E5B0007ACFAAFC7BCFABFC0801C951CA1151E04C
:10E5C000140ED880C955000ECA5505E20C01140E70
:10E5D000B06FB16B04D0C9C8B0FCCAC8B1FCB0CC34
:10E5E000D3F8B1CCD4F80801B20ED16F0C0ED26FB3
:10E5F00006D90C01B0510801C95F0C01B1510801E5
:10E60000CA5B0C01B0A10AD0B20EB025E96E0C0EA7
:10E61000B121EA6EEF6AB02B000EB123B20EC66FC5
:10E620000C0EC76FB051B111C7E0C6CCE9FFC7CC23
:10E63000EAFF020EC627000EC723EECF00F0EFCF91
:10E6400001F0000100500C01AC27000101500C0149
:10E65000AD23000EAE23AF23020EB05F000EB15B00
:10E66000E1D7AACC7AFFABCC7BFFACCC00F0ADCC31
:10E6700001F0026A036AAECC04F0AFCC05F0066A82
:10E68000076A005004240C01AC6F01500520AD6FE7
:10E6900002500620AE6F03500720AF6FAE51AC277B
:10E6A000AF51AD23ACCC00F0ADCC01F0001E011E8B
:10E6B00000C0F3FF01C0F4FF12000C01AE6BAF6BA2
:10E6C0000801CB1D09E1CC1D07E10C01010EAE6F65
:10E6D000E2CECBF8E3CECCF80801CD1D09E1CE1D8A
:10E6E00007E10C01010EAF6F7ACFCDF87BCFCEF8EA
:10E6F0000801010ED880CF55000ED0552EE37ACFF9
:10E70000AAFC7BCFABFCE2CEACFCE3CEADFCCDC82B
:10E710007AFFCEC87BFFCBC8E2FECCC8E3FE08017F
:10E72000CFC800F0D0C801F0CF07000ED05B00507A
:10E73000011005E062D80801D56F80D8F0D70C0130
:10E74000AF5104E1AACC7AFFABCC7BFFAE514EE1D6
:10E75000ACCCE2FEADCCE3FE12000C01AE510DE0FC
:10E760000801CB51CF250C01AC6F0801CC51D02151
:10E770000C01ACCCE2FEE8CFE3FE10D90006000E9F
:10E78000015A00500801CF270150D023D2BAFED73A
:10E79000CDC8F0FECEC8F1FECBC8F4FECCC8F5FE65
:10E7A000FDD8C8D807E3FFD805E2D00E0801CF5F37
:10E7B000090ED05BCFC8F2FED0C8F3FED298D28A41
:10E7C000D2BAFED70C01AF5111E00801CF2B000ED9
:10E7D000D023E4D8AFD806E3E6D804E2D00ECF5F6A
:10E7E000090ED05BCFC87AFFD0C87BFF1200D25091
:10E7F000200B200A01E0010E120061501200D3C864
:10E80000EBFCD4C8ECFC0801D151D2110DE0AAD820
:10E8100010E00801D1C8E9FFD2C8EAFFD12B000EF1
:10E82000D22361CFEFFFF3D79DD803E061CFEDFC9A
:10E83000FBD7D3C8F3FFD4C8F4FF1200D5C8F3FF49
:10E84000F3CF61FF12000801D8C800F0D9C801F069
:10E85000D807000ED95B005001100DE00801D6C8A2
:10E86000E9FFD7C8EAFFD62B000ED723EF50F36E8F
:10E87000F3CF61FFE8D712000801DDC800F0DEC861
:10E8800001F0DD07000EDE5B0050011012E0080110
:10E89000DAC8F6FFDA2BDBC8F7FF000EDB23DCC893
:10E8A000F8FF000EDC230800F550F36EF3CF61FF94
:10E8B000E3D71200DFC8B4FE00000E01010EB26FF4
:10E8C00000000E018AB1FDD70E01B26B0000B8CE78
:10E8D00000FC0000B9CE01FC00CCF3FF01CCF4FF3A
:10E8E00000D01200E0C8B4FEE1C8F3FFE2C8F4FFB4
:10E8F000C00EF2140C01006F3F0EF216F3CFB6FEFD
:10E900000000F4CFB7FE0C010051F2120E018AB1E3
:10E91000FDD71200D2940E01FDB5FDD7D2B6FED7B9
:10E920000E01FE9B12000E01FE8BFDB102D0D284BF
:10E93000FCD71200026A036AD880CF0E0054090E79
:10E940000154000E0254000E03541200066A076AB6
:10E95000D880CF0E0454090E0554000E0654000E44
:10E96000075412000C01EBCC00F0ECCC01F0EB07EB
:10E97000000EEC5B005001101200140E0801016A39
:10E98000B125006EB251012200501200005C000E51
:10E990000158000E0258000E03581200CDC800F0B6
:10E9A000CEC801F01200CFC804F0D0C805F0A6EF21
:10E9B00074F00B0115B1000C1581010CFF0E0B0159
:10E9C000145D01E01BDB070E166F15911551020B4C
:10E9D00001E0010E12000601D70EA46F070EA56F0D
:10E9E000E1C7A2F6E2C7A3F629EC63F0000905E04F
:10E9F0000B011583070E166F1200E1C7D1F7E2C7AE
:10EA0000D2F70701D36BD46BD56B0B01166BE3C741
:10EA1000D6F7159312000601D70EA96F070EAA6F3D
:10EA2000E4C7A6F6E5C7A7F6E6C7A8F6A6EC63F026
:10EA3000000905E00B011583070E166F1200070190
:10EA4000D16BD26BE4C7D3F7E5C7D4F7E6C7D5F7E8
:10EA50000B01166BE7C7D6F7159312000B01165181
:10EA6000060A01E170D1010A01E159D1020A01E16E
:10EA70008ED0010A58E0070A3BE0010A14E0030ABD
:10EA800006E0010A01E086D10701F06BF16B050198
:10EA90009A0EF76F070EF86F08EC8FF00701F02B56
:10EAA00098DA020E18D00501DB0EFB6F070EFC6F23
:10EAB00005019A0EF96F070EFA6F35EC8FF0000919
:10EAC0000CE159DA01E366D1030EF05D02E3060EB4
:10EAD00001D0010E0B01166F000C9AC7D7F79BC728
:10EAE000D8F79CC7D9F79DC7DAF70B01030E166F4D
:10EAF000350E0201C96FCA6B0201C76BC86B0201F8
:10EB0000040EC66F0201D70EC26F070EC36FC46B2F
:10EB1000C56B5FEC5CF00B01146FFF0E145D01E13F
:10EB200039D1040E166F14CBD3F261EC5EF08ADAA1
:10EB300001E130D10701EE2B000EEF23EFC7D4F235
:10EB400085EC5EF0EEC7D4F285EC5EF085DA84DA0F
:10EB500089DA88DA0701D151D21106E0D1C7F2F77C
:10EB6000D2C7F3F718D907D0D3C7F4F7D4C7F5F74E
:10EB7000D5C7F6F75DD918DAD6C7D4F285EC5EF0C2
:10EB800013DA55DA31EC5FF024DA050E02D114CB3A
:10EB9000E3F2E9EC5FF056DA06E1EDD901E3FAD0F1
:10EBA0000B01060EF6D00201380EE46F0C0E51DA9E
:10EBB000370EE46F0C0E53DA0701EE510C013719D2
:10EBC00004E10701EF510C01381903E054EC60F047
:10EBD000000C02013A0EE46F0C0E3BDA390EE46FC2
:10EBE0000C0E37DA3C0EE46F0C0E33DA3B0EE46F9A
:10EBF0000C0E2FDA3E0EE46F0C0E2BDA3D0EE46F96
:10EC00000C0E27DA400EE46F0C0E23DA3F0EE46F91
:10EC10000C0E1FDA420EE46F0C0E1BDA410EE46F8D
:10EC20000C0E1DDA0C013BCC00F03CCC01F03B0794
:10EC3000000E3C5B0050011005E057D9D6D90FDA21
:10EC4000D4D9EFD73DCC00F03ECC01F03D07000E0B
:10EC50003E5B0050011012E060D90CE144510AE122
:10EC6000010E451907E1465105E1040E4B1902E179
:10EC70004C5138E09DD9E6E0A6D9FCD73FCC00F056
:10EC800040CC01F03F07000E405B0050011012E045
:10EC900044D90CE144510AE1010E451907E14651FE
:10ECA00005E1040E4B1902E14C511CE081D9E6E06C
:10ECB0008AD9FCD741CC00F042CC01F04107000ECC
:10ECC000425B0050011026E028D920E144511EE1AA
:10ECD000010E45191BE1465119E1040E4B1916E1CD
:10ECE0004C5114E10B0115830201D70EE46F070E9E
:10ECF000B0D9D80EE46F070EACD9D90EE46F070E69
:10ED0000A8D9DA0EE46F070EAAD904D051D9D2E0FF
:10ED10005AD9FCD754EC60F071D9070E166F15B3B1
:10ED200005D00701D76BD86BD96BDA6BE8C7E9FF61
:10ED3000E9C7EAFFD7C7EEFFD8C7EEFFD9C7EEFF96
:10ED4000DAC7EEFF010C020E0701F15D09E3E8C727
:10ED5000E9FFE9C7EAFFEE6AEE6AEE6AEE6A010CC5
:10ED6000F12B07019E519F11A011A11113E04DD964
:10ED70009A519E1B9B519F1B9C51A01B9D51A11BF7
:10ED800044D90701F06BFF0E0B01145D01E036D989
:10ED9000010E166F000CF2C74DFCF3C74EFC0C01C0
:10EDA0004DCCE9FF4ECCEAFF4D2B000E4E23EFCFAA
:10EDB0004FFC4F510CE02E0E4F5D09E02F0E4F5DC2
:10EDC00006E02C0E4F5D03E03E0E4F5DE8E10701CB
:10EDD000F2510C014D5D006E4E510701F355016E6D
:10EDE0000006000E015A00C050FC00C0D4F285ECB1
:10EDF0005EF00C0150510201D76FD86BF2C7D5F20B
:10EE0000F3C7D6F2A0EC5EF009D900500701F22753
:10EE10000150F3230C014F5109E02F0E4F5D06E026
:10EE20002C0E4F5D03E03E0E4F5DB9E1D4EF77F05D
:10EE3000F4C74DFCF5C74EFCF6C74FFC0C014DCC9A
:10EE4000F6FF4D2B4ECCF7FF000E4E234FCCF8FFB4
:10EE50004F230800F5CF50FC50510CE02E0E505DB2
:10EE600009E02F0E505D06E02C0E505D03E03E0ED3
:10EE7000505DE4E1F40EE96E070EEA6EEE504D5D72
:10EE8000006EEE504E59016EEE504F59026E000664
:10EE9000000E015A025A00C051FC00C0D4F285ECA9
:10EEA0005EF00C0151510201DC6FDD6BF4C7D9F249
:10EEB000F5C7DAF2F6C7DBF2C6EC5EF0AFD8026A4D
:10EEC00000500701F4270150F5230250F6230C01EE
:10EED000505109E02F0E505D06E02C0E505D03E00E
:10EEE0003E0E505DABE1D4EF77F0A6D8000901E10A
:10EEF0001200C00E0C014F15C00802E11CEF78F0A3
:10EF00004F5101E112004F510201E86FE96B02011C
:10EF1000E66BE76B1CEC60F0E8D7E7DF0201440E1C
:10EF2000E46F0C0E96D8430EE46F0C0E92D8460E8A
:10EF3000E46F0C0E8ED8450EE46F0C0E8AD84A0E84
:10EF4000E46F0C0E86D8490EE46F0C0E82D8480E82
:10EF5000E46F0C0E7ED8470EE46F0C0E7AD84C0E80
:10EF6000E46F0C0E76D84B0EE46F0C0E78D80C01C3
:10EF7000010E43191200CEECAAF00701EA51265CFB
:10EF8000006EEB512758016EEC512858026EED517E
:10EF90002958036ED880F20E00549E0E0154000EC4
:10EFA0000254000E035412000201D46B85EF5EF090
:10EFB0000C014BCC00F04CCC01F04B07000E4C5B2D
:10EFC0000050011012000201340EE46F0C0E2FEFFE
:10EFD00078F0CEECAAF026C0EAF727C0EBF728C0FD
:10EFE000ECF729C0EDF70B0112000201360EE46FB9
:10EFF0000C0E2FD8350EE46F0C0E120014CBCEF28F
:10F0000011EC5EF00B01146912009E519A1B9F5186
:10F010009B1BA0519C1BA1519D1B1200F3CF00F024
:10F02000F4CF01F0010E0026000E012212000201B1
:10F03000010ED46F85EF5EF002014F0EE46F0C0EEF
:10F040002FEF78F0F3CF00F0F4CF01F0F350F4108D
:10F05000120005D802011200EADF32EF78F0E56F06
:10F0600005EF60F0A1DFD4EF77F0080169933C6B06
:10F070003D6B3E6B3F6B406B699569976A6B699B13
:10F0800012000A0E08013C5D01E1010C000C0801B0
:10F090006951020B01E0010E12000C01026B010E1E
:10F0A000025D01E3BAD12DEC71F008016999E8B075
:10F0B00069896951100B01E0010E006E6951040B62
:10F0C00001E0010E005C0DE069516995100B01E053
:10F0D000698569B904D069933C6BAEDA02D0010E40
:10F0E0003C6F02CCFBF3F8EC67F0000905E0080187
:10F0F00069933C6B698B08D0080169AB04D069A99E
:10F1000002D0010E3C6F699B69A102D069933C6BF0
:10F110003C510B0A01E16DD1010A01E168D1030AFA
:10F1200001E158D1010A01E149D10F0A01E142D1BF
:10F13000030A01E12BD1010A01E128D1030A01E10F
:10F1400025D1050A01E1E0D0010A01E17CD0030AE2
:10F1500001E060D102CC76F8BBC700F0016A026A18
:10F16000036ABCC704F0056A066A076A080E1F0B2B
:10F1700007E0D8900436053606360736E806F9E18A
:10F180000450002605500122065002220750032297
:10F19000BDC708F0096A0A6A0B6A100E1F0B07E068
:10F1A000D890083609360A360B36E806F9E10850D9
:10F1B0000026095001220A5002220B500322BEC72A
:10F1C0000CF00D6A0E6A0F6A180E1F0B07E0D8903C
:10F1D0000C360D360E360F36E806F9E10C500026D7
:10F1E0000D5001220E5002220F500322BFC710F013
:10F1F000116A126A136A105000261150012212502F
:10F20000022213500322C0C714F0156A166A176A47
:10F21000080E1F0B07E0D890143615361636173631
:10F22000E806F9E1005014240801726F015015201E
:10F23000736F02501620746F03501720756F52D9E8
:10F240000801020E3C6F69B740D069870701926BD5
:10F25000936B946B956B02CC77F84DD92B6A010EAA
:10F260002C6E2D6A2E6ACCECACF022C060F802CC79
:10F2700077F841D926C000F027C001F028C002F07D
:10F2800029C003F0FE0E2B6E2C6A2D6A2E6ACCEC80
:10F29000ACF022C000F023C001F024C002F025C071
:10F2A00003F0002A000E01220222032200C05FF8B0
:10F2B0000801A90E5D6FFE0E5E6F05015D0EF76F12
:10F2C000080EF86F08EC8FF0ACD90501570EFB6FF4
:10F2D000080EFC6F05015D0EF96F080EFA6F35EC34
:10F2E0008FF000090EE169D9D880F20E00549E0E0D
:10F2F0000154000E0254000E035401E38BD0030EA0
:10F3000088D00801699786D069976983010E4B6F91
:10F310004C6B5769586959695A695B695C695DC882
:10F320008EF75EC88FF75FC890F760C891F7070146
:10F3300092699369946B956B060EE66EE66ABB0E56
:10F34000E66E070EE66E4D0EE66E080EE66E06ECF5
:10F3500090F0006E060EE15E0050010E0801456F50
:10F36000466B476B080E486F060E496F040E4A6FD6
:10F370005DC853F85EC854F85FC855F860C856F8C1
:10F3800075D9D5D84ED90801040E43D016D965D900
:10F3900041E247D9CCD8F20E080161279E0E6223C4
:10F3A000000E6323642336EC71F00009FCE015D9EC
:10F3B0003C2B30D002D951D92DE22AD032D90701C5
:10F3C000A90E8E6FFE0E8F6F010E906F916F080168
:10F3D000090E1FD0F2D8D880B80E0054400E015448
:10F3E000250E0254000E035415E2020E12D069934A
:10F3F00011D0020E4B6F4C6B010E456F466B476B85
:10F40000080E486F33D936EC71F00009FCE0E5D8FE
:10F410000A0E3C6F0C01022B42D6120008016A2B27
:10F420003C510A0A1EE0010A1CE0030A18E0010A26
:10F4300016E0090A14E0010A0DE0030A0BE0010AD4
:10F4400009E0070A07E0010A05E0030A03E0010AF0
:10F4500001E012000A0E6A5D21E3080E2DD06A0752
:10F4600012003D513E113F1140111AE0CEECAAF0BE
:10F4700008013D51265C006E3E512758016E3F51F8
:10F480002858026E40512958036E740E005C350EE8
:10F490000158060E0258000E035802E2020E0CD06C
:10F4A000CEECAAF026C03DF827C03EF828C03FF8B1
:10F4B00029C040F808010B0E3C6F12000801698159
:10F4C0006FC8FBF3F8EC67F0000901E1B5D8120052
:10F4D00008016991010E3C6F120008013C5101E1E5
:10F4E000010C000C72C865F873C866F874C867F838
:10F4F00075C868F8120065C89EF666C89FF667C8AA
:10F50000A0F668C8A1F61EEC62F04BEC62F0F3CFF7
:10F5100065F8F4CF66F80801676B686BF3CF26F0E7
:10F52000F4CF27F067C828F068C829F012004BEC28
:10F5300062F0F3CF61F8F4CF62F8140E2D6E2E6AEC
:10F54000F3CF28F0F4CF29F045ECADF024C061F8FA
:10F5500025C062F80801636B646BF20E2B6E9E0E81
:10F560002C6E2D6A2E6A24C026F025C027F063C8B1
:10F5700028F064C829F066ECACF022C061F823C022
:10F5800062F824C063F825C064F8140E2B6E2C6A50
:10F590002D6A2E6A22C026F023C027F024C028F04E
:10F5A00025C029F0CCECACF026C061F827C062F889
:10F5B00028C063F829C064F81200CEECAAF0080154
:10F5C0004151265C006E42512758016E4351285824
:10F5D000026E44512958036E12000801D10EC16F0A
:10F5E000090EC26F93EC72F01C0E0801BD6FBE6B6A
:10F5F0000801060EBC6F0801570EBA6F080EBB6FEC
:10F600003BEC72F01C0E0801D86FD96B0801450E57
:10F61000D66F080ED76F23EC74F06AEC72F0080115
:10F620001200CEECAAF026C041F827C042F828C04C
:10F6300043F829C044F81200A2C78EF7A3C78FF77A
:10F64000A4C790F7A5C791F7A6C792F7A7C793F7E6
:10F65000A8C794F7A9C795F712000050615D015043
:10F660006259025063590350645912000501450E56
:10F67000FD6F080EFE6F70EF8FF0A3DA00EE20F042
:10F68000140EE80403E3EECFE4FFFBD700EE00F036
:10F69000200EE80403E3EECFE4FFFBD7E65219ECBB
:10F6A000ABF0E55200EE1FF0200EE80403E3E5CFD7
:10F6B000EDFFFBD700EE33F0140EE80403E3E5CFD3
:10F6C000EDFFFBD79CD27DDA00EE20F0140EE804AB
:10F6D00003E3EECFE4FFFBD700EE00F0200EE804DA
:10F6E00003E3EECFE4FFFBD7E6529EAA0AD009015E
:10F6F000DE51DE2BEA6A000FE96E0A0EEA22AECF77
:10F70000EFFFE3EC9CF0E55200EE1FF0200EE80462
:10F7100003E3E5CFEDFFFBD700EE33F0140EE80472
:10F7200003E3E5CFEDFFFBD76AD244D9B3ECAAF0EF
:10F730008FEC50F060D981B06DD0CEECAAF026C02D
:10F74000E7FC27C0E8FC28C0E9FC29C0EAFC8A984D
:10F7500081B05ED0CEECAAF00C01E751265C006EC1
:10F760000C01E8512758016E0C01E9512858026E2E
:10F770000C01EA512958036ED880C80E00547B0E44
:10F780000154020E0254000E035441E20801986B2A
:10F79000996B9A6B9B6BBFEC95F008019C69CFEC61
:10F7A00095F008019C69CFEC95F00CEC96F00901FE
:10F7B0008A0EB16F8E0EB26F000EB36F3CECA9F0E3
:10F7C0008A88CEECAAF00C01E751265C006E0C0191
:10F7D000E8512758016E0C01E9512858026E0C01BE
:10F7E000EA512958036E0334000E031809E6D88045
:10F7F000410E0054CB0E0154020E0254000E03546D
:10F8000001E3DFD78A9881A0FED7FF0001D0A0D7FF
:10F8100050EC8BF0DF0E9E149E6E200E9D109D6EA0
:10F82000200E9F109F6E42EC9DF0D5EC9BF0CEEC2D
:10F83000AAF00901E051265C006E0901E151275848
:10F84000016E0901E2512858026E0901E35129585D
:10F85000036E790E005C4F0E0158000E0258000E28
:10F8600003580BE3CEECAAF026C0E0F927C0E1F97B
:10F8700028C0E2F929C0E3F9F37073EC9DF06BEC5A
:10F880009EF0A3EC9FF071ECA3F0CEECA9F041EC5C
:10F89000AAF084ECA2F09EECA0F064EC93F076D891
:10F8A000E40EE96E090EEA6EEE5007018E190CE1C6
:10F8B000EE5007018F1908E1EE500701901904E19D
:10F8C000EE500701911900E125E08EC7E4F98FC7DA
:10F8D000E5F990C7E6F991C7E7F90901770EB16F2D
:10F8E0008E0EB26F000EB36F3CECA9F08EC7CBF753
:10F8F0008FC7CCF790C7CDF791C7CEF70DD80901C8
:10F90000740EB16F8E0EB26F000EB36F3CECA9F0A7
:10F9100095ECA1F08CD712000C01046B0451006E21
:10F92000016A040E005C000E01582FE20601000E71
:10F93000BD6F0C0EBE6F0C010451EA6ACB0FE96E6D
:10F94000070EEA22EF500601BB6FBC6B29EC65F095
:10F950000901000EAF6F0C0EB06F27ECA9F00C017F
:10F960000451006E016A030E001803E1015001E129
:10F970001200F3ECA8F00009FCE109012E0EAB6FB8
:10F980000AECA9F00C01042BC9D71200C282C2B242
:10F99000FED7C0CF00FC070EC01200CCC0FF06018E
:10F9A000C30EBD6F070EBE6FC3CFBBF6C4CFBCF690
:10F9B00029EF65F09398F36A8A98400E9B6E010ECA
:10F9C000C26E0E0EC16EBE0EC06EF19E200EAC6EEB
:10F9D000900EAB6E860EAF6EAC84F0ECACF0D08EB9
:10F9E000F28EF28CC28EC282C2B2FED7C29E8E8EC0
:10F9F000979E2FEF95F00C01006B330EE66EE66AD2
:10FA0000E66A8E0EE66E070EE66E54EC90F0006E1F
:10FA1000050EE15E00500701BA8DBA8F060EE66E44
:10FA2000E66A530EE66E5B0EE66E010EE66EBB0EE8
:10FA3000E66E070E0BD90701A90E8E6FFE0E8F6FB3
:10FA4000010E906F916F8EC7A2F78FC7A3F7A46FB7
:10FA5000A56F92699369946B956B92C7A6F793C74C
:10FA6000A7F794C7A8F795C7A9F7A90E966FFE0E3A
:10FA7000976F010E986F996FA90E9A6FFE0E9B6F8C
:10FA8000010E9C6F9D6F9E6B9F6BA06BA16B100E08
:10FA9000E66EE66A6C0EE66E8E0EE66E000EE66EA2
:10FAA000AA0EE66E070ED2D80601AA0EDB6F070E6D
:10FAB000DC6FB1EC66F0BFD8F3CFC1F7F4CFC2F77B
:10FAC0000C01005106E007018E0ECF6F070ED06FBC
:10FAD00044D8060E0801966F976B0801010E946FCB
:10FAE0000C0E956F0801906B916B926B936B78EC99
:10FAF00095F0330E0801966F976B08018E0E946F88
:10FB0000070E956F0801060E906F916B926B936BC9
:10FB100078EC95F00C01330E011918E1025116E151
:10FB20000701C1510C01031911E10701C2510C0178
:10FB300004190CE180D8F3CF00F0F4CF01F0F350BA
:10FB40000C01051902E10150061906E0005101E01F
:10FB5000FFD7010E006F51D7120001D0FFD7C1C7E8
:10FB60003BFCC2C73CFC330E0601D06FD16BCFC744
:10FB7000CEF6D0C7CFF611EC66F0F3CF3DFCF4CF54
:10FB80003EFC330E0C01396F3A6B0801986B996B90
:10FB90009A6B9B6BBFEC95F0060E08019F6FA06BF4
:10FBA0000801390E9D6F0C0E9E6FF4EC95F0330E2C
:10FBB00008019F6FA06BCFC79DF8D0C79EF8F4EFE8
:10FBC00095F0D8CFE4FFE0CFE4FFE46EDACFE4FFB6
:10FBD000E2CFDAFFE9CFE4FFEACFE4FFF6CFE4FFBC
:10FBE000F7CFE4FFF8CFE4FFF5CFE4FFF3CFE4FF76
:10FBF000F4CFE4FFFACFE4FFFBCFE4FF1200E5CF40
:10FC0000FBFFE5CFFAFFE5CFF4FFE5CFF3FFE5CF4C
:10FC1000F5FFE5CFF8FFE5CFF7FFE5CFF6FFE5CF3E
:10FC2000EAFFE5CFE9FFE5CFDAFFE550E5CFE0FFFA
:10FC3000E5CFD8FF1000330E0601D06FD16B06015F
:10FC40008E0ECE6F070ECF6F11EF66F0E66E31ECC1
:10FC500090F0006E070EE15E00501200219E08D069
:10FC6000219E29AE05D0286C291EE86A2922218E02
:10FC700029C023F028C022F0336A326A8E0E246E27
:10FC8000256ADFEF7FF0216A1BEC80F033EC80F017
:10FC900021B6C3EF7FF021A205D021BAC3EF7FF0D8
:10FCA000CAEF7FF021BAD6EF7FF021A005D021B8AE
:10FCB000C3EF7FF0D6EF7FF021B8CAEF7FF0256A5F
:10FCC0007F0E2A24246EE86A25222F50245EE86ADB
:10FCD000255A1A0E306E2A6A326A336A226A236AF9
:10FCE0002C50275E2D50285A2E50295A000E2A5A81
:10FCF00009E72C5027262D5028222E502922000EAD
:10FD00002A2201D0328AD8902736283629362A3638
:10FD1000D8903236333622362336302EE1D729506A
:10FD200028102710D8A4328ADFEF7FF02F7E216AB7
:10FD30001BEC80F033EC80F021B6C3EF7FF021A202
:10FD40000AD021AA03D021BEC3EF7FF021A4CFEFB8
:10FD50007FF0CCEF7FF021AA05D021ACCFEF7FF070
:10FD6000CCEF7FF021A00AD021A808D021BE04D07A
:10FD700021A402D0D8EF7FF0DCEF7FF0326A256A51
:10FD80002F502A5C316E10E327C033F028C022F0D8
:10FD900029C023F02AC030F02CC027F02DC028F055
:10FDA0002EC029F0213A09D02CC033F02DC022F00A
:10FDB0002EC023F02FC030F0316C219E21BC218E4B
:10FDC00030C024F021B00BEF80F01A0E31600BEF41
:10FDD00080F0246A2A6A21A408D0276C281E291ED4
:10FDE0002A1EE86A282229222A2221AC08D0336C54
:10FDF000221E231E241EE86A222223222422266A8F
:10FE0000315207E02A342932283227322632312E65
:10FE1000F9D72750332628502222295023222A504E
:10FE2000242226C032F0219E24AE0BD0326C331E29
:10FE3000221E231E241EE86A332222222322242289
:10FE4000218E24A006D0D88023322232333232329F
:10FE5000302A30C024F0DFEF7FF028C032F0285085
:10FE60002D02F4CF27F0F3CF26F029502E02F4CF45
:10FE700029F0F3CF28F02D02F3502726F450282242
:10FE8000E86A292232502E02F3502726F450282205
:10FE9000E86A2922000C29C033F028C032F027C0BC
:10FEA00031F027502C02F4CF25F0F3CF24F0285066
:10FEB0002D02F4CF27F0F3CF26F02C02F3502526A5
:10FEC000F4502622E86A272231502D02F3502526CD
:10FED000F4502622E86A272229502C02F3502626C5
:10FEE000F450272229502D02286AE86A2822F3506C
:10FEF0002726F450282231502E02F3502626F450A3
:10FF00002722296AE86A2822292232502E02F35039
:10FF10002726F4502822E86A292233502E02F35073
:10FF20002826F4502922000C216A1BEC80F021B60F
:10FF30009EEF7FF021A20ED021B405D07F0E296E56
:10FF4000FF0E286E1FD0800E296E286A1BD0296AEA
:10FF5000286A18D021B0FBD78F0E2A60EDD77E0E0D
:10FF60002A64F5D78E0E2A5C05E0D8902932283213
:10FF70002A2AF8D721A406D0286C291EE86A29224B
:10FF800029AEE5D712007F0E2A6EFF0E296E286E6D
:10FF9000276E12007F0E21BEFF0E2A6E02D07F0E4A
:10FFA0002A6E800E296E286A276AF3D721AE04D004
:10FFB000800E2A6E296AF7D72A6A296AF4D7235055
:10FFC000221033103210F8E025BEF0D723BE0CD03B
:10FFD00024502510EBE0D8903236333622362336C3
:10FFE0002406D8A02506F2D72550D4E12428D2E053
:10FFF00032AE11D07F0E321402E133A00CD0332A7E
:020000040001F9
:10000000E86A2222232207E3D880233222323332C5
:10001000242A2428BFE02450C9E033C027F022C09E
:1000200028F02334296E24302A6E29322A9E21BEDC
:100030002A8EC9EF7FF029362A3602E32184217EF9
:1000400006E121802A6A296A286A276A12002A287A
:1000500003E0D88029321200D890293202E12182AF
:100060001200218612002E362F3602E3218C217ECB
:1000700006E121882F6A2E6A2D6A2C6A12002F2829
:1000800003E0D8802E321200D8902E32EAE1218A85
:100090001200216A1BEC80F033EC80F021B6C3EF34
:1000A0007FF021A205D021B8C3EF7FF0CAEF7FF027
:1000B00021AA05D021B0C3EF7FF0CAEF7FF021B0B5
:1000C00002D021A802D0D6EF7FF0256A2F502A2433
:1000D000246EE86A25227E0E245EE86A255A326A7A
:1000E000336A226A236A2E502902F4CF23F0F3CF19
:1000F00022F02D502902F3503326F4502222000E14
:1001000023222E502802F3503326F4502222000ED0
:1001100023222C502902F3503226F4503322000EB1
:10012000222223222D502802F3503226F45033226B
:10013000000E222223222E502702F3503226F450A2
:100140003322000E222223222C502802F450322681
:10015000000E3322222223222D502702F450322671
:10016000000E332222222322DFEF7FF0BFEC80F04B
:1001700021B6000C21B0000C21B4000C010C216A46
:100180001BEC80F033EC80F021B6120021AE08D0D9
:1001900021A004D021A802D02180120021901200B9
:1001A0002F502A5C0BE12E50295C08E12D50285C71
:1001B00005E12C50275C02E121801200D8A002D07A
:1001C000218E10D02A502FC02AF02F6E29502EC019
:1001D00029F02E6E28502DC028F02D6E27502CC0EF
:1001E00027F02C6E2F502A5C10E0FF0F09E02190C1
:1001F00021B403D021AE2184120021AE219412003B
:100200002F2AD8902E322D322C322C50275E2D5092
:10021000285A2E50295A29BEEAD7D8902736283690
:1002200029362A2EF8D7C8D70B012B510FE10C0124
:100230006A6B010E6A5D07E267DAFE0EEF6E6BDA3B
:10024000EF6A6A2BF6D70B01010E2B6F0C016A6B5C
:10025000010E6A5D01E3E1D157DAEFCF6FFC5BDAA3
:10026000EFCF70FCFE0E6F5D09E06FCC4EF37FECBC
:1002700002F0000903E00C01010E706F0C017051D7
:10028000060A01E1EFD0030A01E1C2D0060A01E14A
:1002900072D0070A70E0060A2FE0030A1BE0010A89
:1002A00001E0B2D10301020E4D6F170E03014B6F37
:1002B0004C6B03014A6B0301466B476B486B496B00
:1002C000E7EC01F00C016F6FFE0E6F5D01E19CD158
:1002D000702B9AD1B0D9440EE66E480EE66E010E30
:1002E000A2D901E291D10301440E726F480E736FDF
:1002F000010E57DA0C01702B9ED9C90EE66E480E1E
:10030000E66E010E90D901E27FD1A3D90CE16C1DFC
:100310000AE1E9D901E078D10301A10E726F8A0EDA
:10032000736F000E65D00301010E9F6FFFD9050E9C
:100330000301996F9A6B03019B0E966F8A0E976F5C
:10034000000EAFD9050E001802E1000E011809E0F9
:10035000F4D9060E021802E1000E031802E0040EA2
:1003600001D0030E706F8BD9C90E726F480E736F78
:10037000010E17DA49D15FD9EB0EE66E480EE66E34
:10038000010E51D901E240D164D90CE16C1D0AE1A2
:10039000AAD901E039D103018A0E726F8A0E736FF8
:1003A000000E26D003019F6BC1D9090E0301996F7E
:1003B0009A6B0301800E966F8A0E976F000E71D9AB
:1003C0000A0E001802E1000E011807E0B6D9090E66
:1003D000021806E1000E031803E1040E705D0EE141
:1003E000010E706F0301D70E726F480E736F010E0E
:1003F0002BD96FCC50F39DEC02F006D140D9EB0E17
:10040000726F480E736F010E1FD90C01050E706FCD
:1004100012D91D0EE66E490EE66E010E99D927C05F
:1004200003F028C004F029C005F0040E0326000ED6
:10043000042205220350005C045001580550025864
:1004400001E2E2D003011D0E726F490E736F010EBF
:10045000FBD80C01702B03017B0E726F8A0E736F39
:10046000000EF2D889D94E0EF35C000EF45801E26A
:100470009ED05FEC9BF00001FC51261808E1FD5175
:10048000271805E1FE51281802E1FF51291831E033
:100490000301720E726F8A0E736F000ED5D85FEC77
:1004A0009BF026C0FCF027C0FDF028C0FEF029C05C
:1004B000FFF0710EE66E0C0EE66E26C0E6FF27C05A
:1004C000E6FF28C0E6FF29C0E6FF93EC8AF0006E45
:1004D000060EE15E0050710EE66E0C0E0AD90A0E91
:1004E000F1D8710E6F6F0C0E706F6FCC6EF3C3ECA2
:1004F00004F00301690E726F8A0E736F000EA4D8A8
:10050000C30EE66E070EF5D8040EDCD8C30E6F6F6F
:10051000070E706F6FCC6EF3C3EC04F00301600E36
:10052000726F8A0E736F000E8FD83ED93DD93CD9B9
:100530008150010B02E0310E01D0300EF3D8570E7E
:10054000726F8A0E736F000E7FD8F35002E0310E87
:1005500001D0300E0DD902E0310E01D0300E08D995
:1005600002E0310E01D0300E03D902E0310E01D08D
:10057000300EFED802E0310E01D0300EF9D802E084
:10058000310E01D0300E030149D88A50100B02E021
:10059000310E01D0300EECD802E0310E01D0300E19
:1005A000C1D84F0E726F8A0E736F000EFAD86FCCDF
:1005B00077F33BEC05F0EED827E00301690E796F85
:1005C0000C0E7A6F6FCC78F365EC05F00C01695175
:1005D0000D0A04E07C0A02E0200A16E12CD8910EF4
:1005E000E66E490EE66E010E1ED807E30301910E7A
:1005F000726F490E736F010E27D86FCC50F39DECCC
:1006000002F00C01010E706F0C017ED86FCCEFFF71
:1006100082D870CCEFFF6A2B1BD61200B6D803012C
:10062000200EC5EF83F094D82750005C2850015865
:10063000295002581200A0D8026AF3CFE6FFF4CF87
:10064000E6FF02C0E6FF1200746F6FCC71F3DEEFBD
:1006500004F00301A66B0301A46BA56B0301A26B5D
:10066000A36B03010A0EA16F6FCCA0F344EC09F059
:10067000F3CF6BFCF4CF6CFC0C01F31C1200010EE9
:100680006B2503017E6F000E0C016C2103017F6F4F
:1006900003017C6B7D6B6FCC7BF3A2EC05F0030157
:1006A0001200986F6FCC95F315EC08F0F3CF6DFC4A
:1006B000F4CF6EFC0C01F3506B5D006E6C51F45482
:1006C000016E1200D8806C57000E6D570301860E24
:1006D000696F490E6A6F010E6B6F6FCC68F340EC67
:1006E00004F0030112006FCC80F324EC06F0CAEF93
:1006F00083F0E66EFCEC90F0E552E552F3CF6CF33C
:10070000F4CF6DF3030112006A51EA6AFA0FE96E41
:10071000000EEA2212006A51EA6AFB0FE96E000E2F
:10072000EA221200030131D80301120003019D6B7C
:100730009E6B03019B6B9C6B12006D516B5D026E97
:100740006C516E55036E12006FCC5FF31BEF03F01C
:10075000E66E0AEC91F0E552E552E552E552E7CF3C
:1007600002F0E552E7CF01F0E552E7CF00F01200CA
:10077000030154DFF35012006FCC60F32FEC03F051
:10078000F3CF00F0F4CF01F01200626F6FCC61F391
:100790006DEF03F0F3CF00F0F4CF01F0F350F4105D
:1007A000120052DFA4EF83F00301310E0EEF83F04D
:1007B00002D841EF85F0FE0E0B011F5D11E1030130
:1007C000050E4D6F0301220E59DA0B011F6FFE0E4D
:1007D0001F5D01E112000901296B2A6B2B6B2C6B49
:1007E0001FCB60F32FEC03F0F3CF0AFCF4CF0BFC2C
:1007F0000C014C0EF35C000EF45801E212001FCB0A
:100800004FF38EEC02F0000916E01FCB4EF37FECA5
:1008100002F0000910E0CEECAAF026C021F927C0B2
:1008200022F928C023F929C024F90901256B266B78
:10083000276B286B2D6B0C01300E006F780E016F4B
:100840000C014C0E0A5D000E0B5901E296D0CEEC65
:10085000AAF026C029F927C02AF928C02BF929C0F7
:100860002CF929C0C1F69CEC65F00C01026F2CC973
:10087000C2F6AAEC65F00C01036F2BC9C1F69CEC23
:1008800065F00C01046F2BC9C2F6AAEC65F00C01EF
:10089000056F2AC9C1F69CEC65F00C01066F2AC9E8
:1008A000C2F6AAEC65F00C01076F29C9C1F69CECF1
:1008B00065F00C01086F29C9C2F6AAEC65F00C01BD
:1008C000096F0901292B000E2A232B232C230A0E42
:1008D0000301666F676B0301000E646F0C0E656F9A
:1008E0001FCB63F3C0EC03F00301310E726F8A0E6D
:1008F000736F000E746F1FCB71F3DEEC04F02D0EDE
:10090000E66E090EE66EFCEC90F0E552E552F3CF90
:100910006CF3F4CF6DF30301050ED8806C57000E15
:100920006D570301290E696F8A0E6A6F000E6B6F97
:100930001FCB68F340EC04F003012D0E6F6F090E1E
:10094000706F1FCB6EF3C3EC04F00301080E726FDF
:100950008A0E736F000E746F1FCB71F3DEEC04F020
:100960004C0E0C010A5F000E0B5B4C0E0901252793
:10097000000E26232723282363D71FCB5FF31BEC0E
:1009800003F0CEECAAF009012151265C0C010C6F9A
:100990000901225127580C010D6F090123512858D4
:1009A0000C010E6F0901245129580C010F6FD880DA
:1009B000E50E0C550F0E0D55000E0E55000E0F5581
:1009C0005FE20CCC00F00DCC01F00ECC02F00FCCAD
:1009D00003F0D890033202320132003225C926F0EA
:1009E00026C927F027C928F028C929F0960E2B6EB2
:1009F000010E2C6E2D6A2E6A66ECACF022500001BE
:100A000000240C01106F2350000101200C01116F14
:100A10002450000102200C01126F25500001032018
:100A20000C01136F100EE96E0C0EEA6E0CCC2BF05D
:100A30000DCC2CF00ECC2DF00FCC2EF00CD92D0EB1
:100A4000E66E090EE66E10CCE6FF11CCE6FF12CC86
:100A5000E6FF13CCE6FF29D90C010C51090121272F
:100A60000C010D51090122230C010E510901232310
:100A70000C010F5109012423256B266B276B286B72
:100A80001200FE0E0B01205D12E10301060E4D6FF8
:100A90000301230EF3D80B01206FFE0E205D01E150
:100AA0001200F8D809013D6B3E6B3F6B406B20CBC9
:100AB00077F33BEC05F0F3CF0CFCF4CF0DFC0C010D
:100AC000F350F41001E112000C5109013D270C0113
:100AD0000D5109013E23000E3F2340230C0E0C0153
:100AE0000E6F0F6B0C510D111CE00C0E0C5D000E07
:100AF0000D5904E20CCC0EFC0DCC0FFC0ECC7EF399
:100B00000FCC7FF30301000E7C6F0C0E7D6F20CBAA
:100B10007BF3A2EC05F00C010E510C5F0F510D5B45
:100B2000E1D7CEECAAF009013951265C0C01106F17
:100B300009013A5127580C01116F09013B512858FE
:100B40000C01126F09013C5129580C01136FD88018
:100B5000F20E10559E0E1155000E1255000E135533
:100B600001E378D020CB60F32FEC03F0F3CF00F05B
:100B7000F4CF01F0280EF35C000EF45801E21200ED
:100B800089D83DC914FC3EC915FC3FC916FC40C9B3
:100B900017FCF20E2B6E9E0E2C6E2D6A2E6A3DC92E
:100BA00026F03EC927F03FC928F040C929F066EC7D
:100BB000ACF022C014FC23C015FC24C016FC25C0D8
:100BC00017FC10CC00F011CC01F012CC02F013CCC9
:100BD00003F0D890033202320132003200500C018F
:100BE0001427015015230250162303501723140E07
:100BF000E96E0C0EEA6E10CC2BF011CC2CF012CC5E
:100C00002DF013CC2EF027D8000EE66E0C0EE66EFB
:100C100014CCE6FF15CCE6FF16CCE6FF17CCE6FFBA
:100C200044D80301000E6F6F0C0E706F20CB6EF373
:100C3000C3EC04F00301F80E726F890E736F000E9F
:100C4000746F20CB71F3DEEC04F009013D6B3E6B59
:100C50003F6B406B1200EECF26F0EECF27F0EECFC9
:100C600028F0EFCF29F0CCECACF029C0EDFF28C084
:100C7000EDFF27C0EDFF26C0EFFF12004B6F260EE1
:100C80004C6F03014A6B0301466B476B486B496B22
:100C9000E7EF01F0CEECAAF026C039F927C03AF907
:100CA00028C03BF929C03CF9120093EC8AF0006E91
:100CB000060EE15E00501200D9CFE6FFDACFE6FF64
:100CC000E1CFD9FFE2CFDAFF260EE12402E3E168AB
:100CD000E652E16ED950050FE1D924ECA7F0006E81
:100CE000060EE15C02E2E16AE552E16E0050DF6E61
:100CF000800EDF5C05E00B0EDB5012E0DF0410E03D
:100D0000210E0B011B6F1C6B010EDB68020EDB68F2
:100D1000030EDB687F0EF36E040EF3CFDBFF8FD183
:100D2000040EDF5C0EE13EDA010EEECFDBFF020EB9
:100D3000EECFDBFF030EEECFDBFF040EEECFDBFFCB
:100D40007ED1DF0410E1210E0B011B6F1C6B010E25
:100D5000DB6A020EDB6A800EF36E030EF3CFDBFF5D
:100D6000040EDB686CD1D9500C0F98D903ECA6F0B7
:100D7000006E060EE15C02E2E16AE552E16E0050AF
:100D8000FA0E26C0DBFFFB0E27C0DBFFFC0E28C0DF
:100D9000DBFFFD0E29C0DBFFA6D9F30E2C6E040E7F
:100DA0002D6E350E2E6E3F0E87D9B6EC80F0010AFF
:100DB00009E1B3D984D996EC7EF067D9EDD984D90D
:100DC000ACD916D00C0EDB060D0E01E2DB068BD97A
:100DD0002C6A2D6A2E6A3F0E6FD976D9160EDBCF9C
:100DE00004F0170EDBCF05F0180EDBCF06F0190E5E
:100DF00066D949EC80F049D9CFD997EC7EF01A0E2C
:100E000027C0DBFF1B0E28C0DBFF1C0E29C0DBFF49
:100E10001D0E2AC0DBFF160EDBCF27F0170EDBCF2F
:100E200028F0180EDBCF29F0190EDBCF2AF01A0EAE
:100E3000DBCF2CF01B0EDBCF2DF01C0EDBCF2EF00A
:100E40001D0EDBCF2FF043EC7EF01FD9120E27C012
:100E5000DBFF130E28C0DBFF140E29C0DBFF150ECD
:100E60002AC0DBFF4DD9120EDBCF2CF0130EDBCFE7
:100E70002DF0140EDBCF2EF0150E62D90E0E27C00A
:100E8000DBFF0F0E28C0DBFF100E29C0DBFF110EA9
:100E90002AC0DBFF3D0EF36E1E0EF3CFDBFF7E0E8E
:100EA000F36E1F0EF3CFDBFF0D0EF36E200EF3CFAC
:100EB000DBFFBF0EF36E210EF3CFDBFF0E0EDBCF99
:100EC00000F00F0EDBCF01F0100EDBCF02F0110EA1
:100ED000DBCF03F03A0E2C6E3F0E2D6ED40E2E6E2D
:100EE000C00EEAD897EC7EF0220E27C0DBFF230E5F
:100EF00028C0DBFF240E29C0DBFF250E2AC0DBFF44
:100F00000E0EDBCF27F00F0EDBCF28F0100EDBCF5D
:100F100029F0110EDBCF2AF01E0EDBCF2CF01F0EB6
:100F2000DBCF2DF0200EDBCF2EF0210E09D9220EC3
:100F3000DBCF2CF0230EDBCF2DF0240EDBCF2EF0F9
:100F4000250EDBCF2FF043EC7EF007D9120EDBCF5E
:100F500000F0130EDBCF01F0140EDBCF02F0150E04
:100F6000DBCF03F0CDD8010EDBCF2CF0020EDBCFB0
:100F70002DF0030EDBCF2EF0040EE2D827C004F0D4
:100F800028C005F029C006F02AC007F078D8046A06
:100F9000800E056E310E066E3F0E076EC9D827C053
:100FA00008F028C009F029C00AF02AC00BF0CCD8FC
:100FB000E1D849EC80F069D8830E146E800E156E6E
:100FC0005E0E166EB90E176EB3D827C018F028C083
:100FD00019F029C01AF02AC01BF0B6D814C027F0A7
:100FE00015C028F016C029F017C02AF049EC80F08F
:100FF00027C010F028C011F029C012F02AC013F049
:10100000010EDBCF1CF0020EDBCF1DF0030EDBCF99
:101010001EF0040EDBCF1FF01CC02CF01DC02DF005
:101020001EC02EF01FC02FF097EC7EF027C00CF0F2
:1010300028C00DF029C00EF02AC00FF020D8010EF4
:10104000DBCF00F0020EDBCF01F0030EDBCF02F0AE
:10105000040EDBCF03F000C026F001C027F002C071
:1010600028F003C029F0260EE15C02E2E16AE552B5
:10107000E16EE552E5CFDAFFE7CFD9FF120064D881
:1010800082D897EC7EF0ADEF88F027C000F028C042
:1010900001F029C002F02AC003F01200E66E000E33
:1010A000DA20E66E7FD8EECFE6FFEECFE6FFEECF9A
:1010B000E6FFEFCFE6FF12002F6EC3EF88F0DBCF25
:1010C00007F06AD8BAEF88F096EC7EF0160E27C0CB
:1010D000DBFF170E28C0DBFF180E29C0DBFF190E3F
:1010E0002AC0DBFF1200FA0EDBCF00F0FB0EDBCFD5
:1010F00001F0FC0EDBCF02F0FD0EDBCF03F012009F
:10110000120EDBCF27F0130EDBCF28F0140EDBCF4F
:1011100029F0150EDBCF2AF01200FA0EDBCF04F017
:10112000FB0EDBCF05F0FC0EDBCF06F0FD0E120050
:101130000C0EDBCF28F00D0EDBCF29F030EF7EF068
:10114000DBCF2FF049EF80F027C02CF028C02DF026
:1011500029C02EF02AC02FF01200010E27C0DBFF9D
:10116000020E28C0DBFF030E29C0DBFF040E2AC0DD
:10117000DBFF120004C027F005C028F006C029F0EC
:1011800007C02AF0120000C027F001C028F002C0FA
:1011900029F003C02AF012002C6A2D6A2E6A3F0E35
:1011A0002F6E1200D950FA0FE96EFF0EDA20EA6EA8
:1011B0001200FF0EE3CFEAFFE552FF0EE3CFE9FF97
:1011C000E552E66AE66AD9CFE6FFDACFE6FFFC0E23
:1011D000E124D96EFF0EE220DA6EE66AE66AE66A7C
:1011E000200EEF5C06E0090EEF5C03E0EF6603D033
:1011F0003FD0EE50F5D72D0EEF5C03E1FF0EE32A52
:1012000003D02B0EEF5C01E1EE502F0EEF6424D0E3
:101210003A0EEF6021D0D890F90EE336FA0EE3369D
:10122000FD0EDECFE3FFFE0EDDCFE3FFD890F90E1B
:10123000E336FA0EE336D890F90EE336FA0EE336CB
:10124000FD0EE350DE26FE0EE350DD22300EEE5C96
:10125000DE26000EDD22D9D7FF0EE3CFE8FFE852ED
:1012600007E0F90EE31EE32AFA0ED8B4E306E31E04
:10127000E552E552E552FF0EE3CFDAFFE552FF0EED
:10128000E3CFD9FFE552E1CFE9FFE2CFEAFFED522C
:10129000ED52EECFF3FFEFCFF4FF1200FF0EE3CFDE
:1012A000EAFFE552FF0EE3CFE9FFE552E66AE66AA0
:1012B000E66AE66AD9CFE6FFDACFE6FFFA0EE12466
:1012C000D96EFF0EE220DA6EE66AE66AE66AE66A40
:1012D000E66A200EEF5C06E0090EEF5C03E0EF66C5
:1012E00003D06BD0EE50F5D72D0EEF5C03E1FF0E6F
:1012F000E32A03D02B0EEF5C01E1EE502F0EEF64DA
:1013000044D03A0EEF6041D0D890F50EE336F60E99
:10131000E336F70EE336F80EE336FB0EDECFE3FFDF
:10132000FC0EDECFE3FFFD0EDECFE3FFFE0EDDCFD2
:10133000E3FFDD52DD52D890F50EE336F60EE336CC
:10134000F70EE336F80EE336D890F50EE336F60ED8
:10135000E336F70EE336F80EE336FB0EE350DE26F7
:10136000FC0EE350DE22FD0EE350DE22FE0EE350C3
:10137000DD22DD52DD52300EEE5CDE26000EDE2276
:10138000DE22DD22DD52DD52B9D7FF0EE3CFE8FFCA
:10139000E85213E0F50EE31EF60EE31EF70EE31E11
:1013A000F80EE31EF50EE32A08E1F60EE32A05E146
:1013B000F70EE32A02E1F80EE32AE552E552E55280
:1013C000E552E552D9CFE9FFDACFEAFFEECF26F0BA
:1013D000EECF27F0EECF28F0EFCF29F0FF0EE3CFCE
:1013E000DAFFE552FF0EE3CFD9FFE552E552E552B1
:1013F0001200D9CFE6FFDACFE6FFFA0EE3CFD9FF2E
:10140000FB0EE3CFDAFFFD0EE35209E72D0EDE6E91
:10141000FC0EE31EE32AFD0ED8B4E306E31EE652FB
:10142000E652E652FD0EE124E76EFF0EE220E46E86
:10143000E652F70EE3CFE6FFF70EE3CFE6FF69ECE7
:101440008AF0F90EE124E96EFF0EE220EA6E59EC13
:101450008AF00AE156EC8AF009E159EC8AF008E1D9
:1014600056EC8AF007E108D064EC8AF05FEC8AF071
:1014700064EC8AF05FEC8AF064EC8AF0DE6AF90EC4
:10148000E126FF0EE222FF0EE3CFDAFFE552FF0E68
:10149000E3CFD9FFE552FC0EE124E96EFF0EE22016
:1014A000EA6EEECFF3FFEFCFF4FF1200EF380F0B31
:1014B0001200EF500F0B02E1EE52D8841200EF3809
:1014C0000F0B300FDE6E1200EE500F0B300FDE6E82
:1014D0001200FC0EE3CFE9FFFD0EE3CFEAFF100E92
:1014E000E66EEE6AEE6AEF6AD890FD0EE336FE0E07
:1014F000E336ED36ED36EF36FF0EE30609E08AEC13
:101500008AF0EE528AEC8AF0EE528AEC8AF0EDD73D
:10151000E56E1200030EEF24E8B6EF6E300EEF24F6
:10152000E8BEEF6E000CD9CFE6FFDACFE6FFF80E8B
:10153000E3CFD9FFF90EE3CFDAFFE652E652E652E7
:10154000E652E652FB0EE124E76EFF0EE220E46E67
:10155000E652F30EE3CFE6FFF30EE3CFE6FFF30E22
:10156000E3CFE6FFF30EE3CFE6FF18EC8BF0F50ECA
:10157000E124E96EFF0EE220EA6E05EC8BF019E142
:1015800008EC8BF018E105EC8BF017E108EC8BF020
:1015900016E105EC8BF015E108EC8BF014E105EC9D
:1015A0008BF013E108EC8BF012E105EC8BF011E10C
:1015B00012D00EEC8BF013EC8BF00EEC8BF013ECE6
:1015C0008BF00EEC8BF013EC8BF00EEC8BF013EC3D
:1015D0008BF00EEC8BF013EC8BF0DE6AF50EE1264F
:1015E000FF0EE222FF0EE3CFDAFFE552FF0EE3CF5C
:1015F000D9FFE552FA0EE124E96EFF0EE220EA6E11
:10160000EECFF3FFEFCFF4FF1200EF380F0B120015
:10161000EF500F0B02E1EE52D8841200EF380F0B9F
:10162000300FDE6E1200EE500F0B300FDE6E120028
:10163000FA0EE3CFE9FFFB0EE3CFEAFF200EE66EE2
:10164000EE6AEE6AEE6AEE6AEF6AD890FB0EE33657
:10165000FC0EE336FD0EE336FE0EE336ED36ED36D8
:10166000ED36ED36EF36FF0EE3060FE047EC8BF07C
:10167000EE5247EC8BF0EE5247EC8BF0EE5247EC1B
:101680008BF0EE5247EC8BF0E1D7E56E1200030EC3
:10169000EF24E8B6EF6E300EEF24E8BEEF6E000CDC
:1016A0000C01AA6B0C01AA5101E072D10901720E62
:1016B000B16F920EB26F000E40DA560EB16F920EFD
:1016C000B26F000E17DABFC7A9FCC0C7A8FC06019D
:1016D0008E0EBD6F0C0EBE6FC0C7BBF6BFC7BCF68B
:1016E00029EC65F009018E0EAF6F0C0EB06F27EC80
:1016F000A9F009013B0EB16F920EB26F000EFAD93C
:101700000901AA0EAF6F070EB06F27ECA9F009010F
:10171000190EB16F920EB26F000EECD98EC7CBF7D7
:101720008FC7CCF790C7CDF791C7CEF7F9D9F30E95
:10173000B16F910EB26F000EDDD996C7CBF797C788
:10174000CCF798C7CDF799C7CEF7EAD9D00EB16FCD
:10175000910EB26F000ECED992C7CBF793C7CCF7DC
:1017600094C7CDF795C7CEF7DBD9A70EB16F910E11
:10177000B26F000EBFD99AC7CBF79BC7CCF79CC7F7
:10178000CDF79DC7CEF7CCD97C0EB16F910EB26F5D
:10179000000EB0D99EC7CBF79FC7CCF7A0C7CDF737
:1017A000A1C7CEF7BDD9750EB16F910EB26F000E05
:1017B000A1D90701BA51400B07E00901710EB16FC1
:1017C000910EB26F000E06D009016E0EB16F910E30
:1017D000B26F000EB2D9410EB16F910EB26F000E12
:1017E00089D90701BA51400B07E00901390EB16FE1
:1017F000910EB26F000E06D00901300EB16F910E3E
:10180000B26F000E9AD9150EB16F910EB26F000E25
:1018100094D9020EB16F910EB26F000E8ED9EA0EFE
:10182000B16F900EB26F000EB36F3CECA9F0FFECFD
:10183000A8F00009FCE00901E70EB16F900EB26F4D
:10184000000E58D908ECA9F0300A01E18FD0090A3E
:1018500001E18AD0010A01E184D00F0A58E0010AAF
:1018600051E0030A4AE0010A43E0070A3CE0010AAA
:101870001AE0030A01E016D757D9140E3ED9000921
:1018800001E110D78E0EE66E0C0EE66ED9EC88F0F4
:10189000E552E552F3CFA8FCF4CFA9FCF4CFBFF793
:1018A000F3CFC0F7FFD640D9100E27D90C018E51C7
:1018B00001E1F8D6100EE66EE66A8E0EE66E0C0EAC
:1018C000E66EAA0EE66E070EE66E06EC90F0006E6F
:1018D000060EE15E00500601AA0EDB6F070EDC6FFC
:1018E000B1EC66F0DFD60C018E0EA66F070E13D09A
:1018F0000C01960EA66F070E0ED00C01920EA66F6D
:10190000070E09D00C019A0EA66F070E04D00C0129
:101910009E0EA66F070EA76F07D9140EEED806010C
:10192000A20EA46F0C0EA56F06018E0EA26F0C0EF8
:10193000A36F29EC63F000090DE0A6CCE9FFA7CC6A
:10194000EAFFA2CCEEFFA3CCEEFFA4CCEEFFA5CC29
:10195000EEFFA8D60901C80EB16F900EB26F000E4F
:1019600015D00701BA7D9ED614D89CD60C01010E65
:10197000AA6F07018E0ECF6F070ED06FADEC7DF012
:101980000901B60EB16F900EB26F000EB3D88AD6B1
:1019900012000C01046B006B036B77EC53F00C012D
:1019A000026FB3D8CEECAAF026C08AFC27C08BFC0D
:1019B00028C08CFC29C08DFC860EE96E0C0EEA6EE8
:1019C000EE500C01265C006EEE502758016EEE5072
:1019D0002858026EEE502958036E790E005C4F0EA7
:1019E0000158000E0258000E03580BE38ED8F3EC9A
:1019F000A8F00009FCE10901150EAB6F0AECA9F093
:101A0000F370FFECA8F00009CDE00C01035171E187
:101A1000FFECA8F00009F9E0F37008ECA9F00C0164
:101A2000016F0051030A30E0010A2BE0030A24E0B1
:101A3000010502E1010E26D0040E015D13E1010E45
:101A4000F36E02CCD2F042EC52F0F3ECA8F00009B5
:101A5000FCE10901060EAB6F0AECA9F00C01010EC6
:101A6000036FD3D7F3ECA8F00009FCE10901150ED0
:101A7000AB6F0AECA9F0C9D7060E056F046B020E16
:101A800001D0030E006FC1D70451042BEA6A060F80
:101A9000E96E0C0EEA2201CCEFFF04518008B5E29A
:101AA000060E056F016B800E015D14E2010E000150
:101AB000E76FE86B0C0101510001E56FE66B060E64
:101AC000E5270C0EE62302CCE4F097EC53F00C0172
:101AD000012BE9D702CCE9F0A6EC53F0F3ECA8F027
:101AE0000009FCE105CCABF90AECA9F00C01006B94
:101AF0008CD7010CB36F3CEFA9F0AA6F09018E0ED1
:101B0000A86F0C0EA96FCCEFA8F0CEECAAF026C0FF
:101B100086FC27C087FC28C088FC29C089FC1200ED
:101B20008CEC7CF0090112000901D90EB16F900E06
:101B3000B26F000EDFDF09011200DCDF09011200C5
:101B40000501EA510C01066F076B126913691469EC
:101B5000156916691769E6C518FCE7C519FCE8C5DB
:101B60001AFCE9C51BFCE2C50EFCE3C50FFCE4C58D
:101B700010FCE5C511FC0501000EEB6F0C0EEC6FBF
:101B8000C2EF8DF036EC71F00009FCE00801D10ED7
:101B9000C16F090EC26F93EC72F0E2D9010EEE6EC6
:101BA000ED6ADED9020EE1D9EE6A080EED6ED8D9E3
:101BB000040EDBD9060EEF6ED3D9050ED6D9040E6E
:101BC000EF6E060EE66EE66ABB0EE66E070EE66E7A
:101BD000C7D9080ECAD9E9CF00F0EACF01F0E9CFA2
:101BE000E6FFEACFE6FF06EC90F0026E060EE15E3D
:101BF000B7D90E0EBAD98EC7EEFF8FC7EEFF90C7CA
:101C0000EEFF91C7EEFFEBC5FDF5ECC5FEF568D91B
:101C10001C0E0801BD6FBE6B0801060EBC6FA0D97B
:101C2000120EA3D9E9CFBAF8EACFBBF83BEC72F0B9
:101C30001C0E0801D86FD96BEBC5D6F8ECC5D7F8E8
:101C400023EC74F06AEC72F0010C0501DC69DD69CB
:101C5000DE69DF69E069E169D869D969DA69DB6958
:101C600012000B013451010A01E1A0D0010A01E088
:101C7000CED01C0E0801D36FD46B0801000ED16FBB
:101C80000C0ED26FFFEC73F049EC71F00501000E01
:101C9000FD6F0C0EFE6F24D90C01010E001912E12C
:101CA000015110E10451006E016A060E00180AE1AC
:101CB000015008E10551026E036A040E021801E1A9
:101CC000035001E0010C0E0EE96E0C0EEA6EEE50B0
:101CD00007018E190FE1EE508F190CE1EE509019AB
:101CE00009E1EE50911906E105E108016E6B0EEC79
:101CF0007AF0010C0C01020E061917E1075115E1EB
:101D000008CCDCF509CCDDF50ACCDEF50BCCDFF533
:101D10000CCCE0F50DCCE1F50ECCD8F50FCCD9F517
:101D200010CCDAF511CCDBF5010C010E06193EE101
:101D300007513CE1180EE96E0C0EEA6EEE500701F9
:101D40008E1908E1EE508F1905E1EE50901902E16D
:101D5000EE50911901E0010C0C011C6B010E1C5D91
:101D60000EE21CCC6DF847EC78F0000905E01CCCC5
:101D70006EF80EEC7AF0010C0C011C2BEFD70ECC98
:101D8000EDF50FCCEEF510CCEFF511CCF0F508CC5D
:101D9000F1F509CCF2F50ACCF3F50BCCF4F50CCC4B
:101DA000F5F50DCCF6F50B01010E346F020E0C01AA
:101DB000066F076B08016C6B41EC78F0000908E0D6
:101DC0000C011269136914691569166917690CD039
:101DD000F1C512FCF2C513FCF3C514FCF4C515FCE7
:101DE000F5C516FCF6C517FCEDC518FCEEC519FCCB
:101DF000EFC51AFCF0C51BFC0501000EEB6F0C0EC5
:101E0000EC6FC0DE000901E1000C0B01346B010C2A
:101E1000010E0C015B6F5C6B6769686969696A69CF
:101E20006B696C69F7C5E9FFF8C5EAFF07017FD860
:101E300009E096C76DFC97C76EFC98C76FFC99C701
:101E400070FC0CD0F7C5E9FFF8C5EAFFEECF6DFCDA
:101E5000EECF6EFCEECF6FFCEFCF70FC0501550EA0
:101E6000EB6F0C0EEC6FC2EF8DF0F9C5E9FFFAC510
:101E7000EAFF0501D851EE1808E1D951EE1805E145
:101E8000DA51EE1802E1DB51EE1818E0D80EE96ED7
:101E9000050EEA6EEE500701961921E1EE509719F2
:101EA0001EE1EE5098191BE1EE50991918E117E167
:101EB000F9C5E9FFFAC5EAFF3AD811E0FBC5E9FF29
:101EC000FCC5EAFFDCC5EEFFDDC5EEFFDEC5EEFFBB
:101ED000DFC5EEFFE0C5EEFFE1C5EEFF010C000C33
:101EE00048D819D8F3CFEEFF01C0EDFF42D8020E5B
:101EF0003CD811D8020EF3CFEBFF030E01C0EBFF6D
:101F000038D8060E32D807D8060EF3CFEBFF070EEF
:101F100001C0EBFF1200EECFC8F6EDCFC9F6F6EC2C
:101F200065F0F3CF00F0F4CF01F0B9EF8FF08E51F0
:101F3000EE18006E8F51EE18016E9051EE18026E81
:101F40009151EE18036E925100169351011694515F
:101F500002169551031600500110021003101200D2
:101F6000EBC5E9FFECC5EAFF1200E926000EEA2204
:101F70001200FDC5E9FFFEC5EAFF1200D9CFE6FF5A
:101F8000DACFE6FFFA0EE3CFD9FFFB0EE3CFDAFF9D
:101F9000FC0EE3CFE9FFFD0EE3CFEAFFF80EE350BE
:101FA00003E1F90EE35008E0F80EE30602E2F90E51
:101FB000E306DE50EE5CF2E0F36EFF0EE3CFDAFFF5
:101FC000E552FF0EE3CFD9FFE552F3501200FB0EAE
:101FD000E3CFF6FFFC0EE3CFF7FFFD0EE3CFF8FFF4
:101FE000FE0EE3CFE9FFFF0EE3CFEAFFF90EE35069
:101FF00003E1FA0EE35009E0F90EE30602E2FA0EFD
:10200000E3060900F550EE5CF1E01200D9CFE6FFDF
:10201000DACFE6FFFA0EE3CFD9FFFB0EE3CFDAFF0C
:10202000FC0EE3CFE9FFFD0EE3CFEAFFE9CFF3FFBC
:10203000EACFF4FFF80EE35003E1F90EE35008E0B5
:10204000F80EE30602E2F90EE306DECFEEFFF2D76A
:10205000FF0EE3CFDAFFE552FF0EE3CFD9FFE552E3
:102060001200FB0EE3CFF6FFFC0EE3CFF7FFFD0EF1
:10207000E3CFF8FFFE0EE3CFE9FFFF0EE3CFEAFF69
:10208000E9CFF3FFEACFF4FFF90EE35003E1FA0ED4
:10209000E35009E0F90EE30602E2FA0EE306090056
:1020A000F5CFEEFFF1D71200FE0EE3CFE9FFFF0EF2
:1020B000E3CFEAFFE9CFF3FFEACFF4FFFB0EE350F3
:1020C00003E1FC0EE35009E0FB0EE30602E2FC0E26
:1020D000E306FD0EE350EE6EF1D71200FE0EE3CFE5
:1020E000E9FFFF0EE3CFEAFFFD0EE350EF5C05E0F2
:1020F000EE66FAD7F36AF46A04D0E9CFF3FFEACFC9
:10210000F4FF1200FD0EE3CFF6FFFE0EE3CFF7FF64
:10211000FF0EE3CFF8FFFC0EE3500800F55C0AE089
:102120000900F566F8D7FD0EE36AFE0EE36AFF0EBE
:10213000E36A09D0FD0EF6CFE3FFFE0EF7CFE3FF13
:10214000FF0EF8CFE3FFFD0EE3CF27F0FE0EE3CF47
:1021500028F0FF0EE3CF29F01200D9CFE6FFDACF47
:10216000E6FFFA0EE3CFD9FFFB0EE3CFDAFFFC0E5A
:10217000E3CFE9FFFD0EE3CFEAFFDE50EF5C02E1C3
:10218000EE66FBD7F36EFF0EE3CFDAFFE552FF0EEC
:10219000E3CFD9FFE552F3501200FB0EE3CFF6FF79
:1021A000FC0EE3CFF7FFFD0EE3CFF8FFFE0EE3CF0B
:1021B000E9FFFF0EE3CFEAFF0900F550EF5C02E113
:1021C000EE66FAD71200FB0EE3CFF6FFFC0EE3CF6C
:1021D000F7FFFD0EE3CFF8FFFE0EE3CFE9FFFF0EA2
:1021E000E3CFEAFFE9CFF3FFEACFF4FF0900F5CF31
:1021F000EFFFEE66FBD71200FE0EE3CFE9FFFF0E06
:10220000E3CFEAFFF36AF46AEE5203E0F34AF42AFA
:10221000FBD71200FF0EE3CFF8FFE552FF0EE3CF2E
:10222000F7FFE552FF0EE3CFF6FFE552E66AE66AF6
:10223000E66A0900F55209E0FD0EE32A05E1FE0E0B
:10224000E32A02E1FF0EE32AF4D7FD0EE3CF27F0E5
:10225000FE0EE3CF28F0FF0EE3CF29F01200D9CF16
:10226000E6FFDACFE6FFFA0EE3CFD9FFFB0EE3CFAE
:10227000DAFFFC0EE3CFE9FFFD0EE3CFEAFFE9CF83
:10228000F3FFEACFF4FFF80EE35003E1F90EE35059
:102290000BE0F80EE30602E2F90EE306DECFEFFFF5
:1022A000EE66F1D7DD52EFD7FF0EE3CFDAFFE5524E
:1022B000FF0EE3CFD9FFE5521200FE0EE3CFF3FF8E
:1022C000FF0EE3CFF4FFFB0EE3CFF6FFFC0EE3CFF0
:1022D000F7FFFD0EE3CFF8FFF3CFE9FFF4CFEAFFFE
:1022E0000900F5500CE0F550EF5C02E1EE52F8D732
:1022F000EF5203E0F34AF42AE6D7F36AF46A1200D5
:10230000FE0EE3CFE9FFFF0EE3CFEAFFE9CFF3FFD5
:10231000EACFF4FF610EEF5C05E67B0EEF5C02E7AF
:10232000DF0EEF16EE52F6E112000C01406B416B2E
:102330000901F4510C01405D26E297D9F00BE83811
:102340000F0B0C01426F0A0E425D03E2300E421188
:1023500003D00A0E425D410FAAD90C0186D90F0B9A
:102360000C01426F0A0E425D03E2300E421103D0AF
:102370000A0E425D410F9BD90C0173D93B0EEF6EE3
:102380000C01402BD5D7410598D9EF6A12000C01FA
:10239000406B416B426B436B466B476B010E486F62
:1023A000496B0A0E4A6F4B6BF5C9E9FFF6C9EAFFA4
:1023B000EF502D0805E148694969010E466F476BEA
:1023C0000901F5510C014625E96E0901F6510C0190
:1023D0004721EA6EEF50300839E1010E33D924E08D
:1023E00020D922E0010E0C01056A4625046E4751F2
:1023F00005220901F5510424E96EF6510520EA6E23
:10240000EF50780811E0010E0C01076A4625066EB0
:10241000475107220901F5510624E96EF6510720BC
:10242000EA6EEF50580812E1010E0C010BD902E0E0
:10243000F8D802E1020E01D0100E0C014A6F4B6B6E
:10244000020E4625466F000E4721476F100E0C0105
:102450004A1901E14B514BE00A0E4A1901E14B5177
:1024600027E0020E4A1901E08ED04B5101E08BD0DB
:1024700014D9C2D801E187D015D94DAF02D0D89078
:1024800003D04C5D000E4D590FE34D3504E24C5125
:102490003108000E4D5508E3F9D801AE02D00268AC
:1024A0000368B6D8020E8DD8442B000E4523E1D721
:1024B000F4D8A2D868E0F6D84DAF02D0D89003D0B7
:1024C0004C5D000E4D590FE34D3504E24C51390877
:1024D000000E4D5508E3DAD801AE02D00268036859
:1024E00097D80A0E6ED8442B000E4523E2D7D5D8D4
:1024F00083D849E0D7D84DAF02D0D89003D04C5DF7
:10250000000E4D590BE34D3504E24C513908000ED5
:102510004D5504E3300E4C5F000E4D5B610E4DAF28
:1025200002D0D89003D04C5D000E4D5909E34D35D3
:1025300004E24C516608000E4D5502E3610E9ED830
:10254000410E4DAF02D0D89003D04C5D000E4D59D6
:1025500009E34D3504E24C514608000E4D5502E3A7
:10256000410E8CD84CCC00F04DCC01F0026A036ACD
:1025700001AE02D0026803684BD8100E22D8442B5B
:10258000000E4523B5D748CC04F049CC05F0066AC7
:10259000076A05AE02D0066807683AD804C02BF077
:1025A00005C02CF006C02DF007C02EF066ECACF094
:1025B00022C026F023C027F024C028F025C029F02F
:1025C00012002B6E2C6A2D6A2E6A66ECACF022503B
:1025D000000100240C01406F2350000101200C0178
:1025E000416F2450000102200C01426F2550000170
:1025F00003200C01436F12000901F5510C01442521
:10260000E96E0901F6510C014521EA6EEF50120006
:1026100040CC26F041CC27F042CC28F043CC29F026
:102620001200010E0C01036A4625026E4751032277
:102630000901F5510224E96EF6510320EA6EEF50CC
:1026400042081200016A4625006E47510122090125
:10265000F5510024E96EF6510120EA6EEF50620850
:1026600012004151412B5DEF93F040510901EA6A9C
:10267000F025E96EF151EA22EF5012004C5F000E96
:102680004D5B0A0E4C27000E4D2312000F0E4C1509
:10269000006E016A026A036A120046CC44FC47CC11
:1026A00045FC1200A9DF4C6F4D6B300E1200E66E38
:1026B000D8DFE552E750EF6E12000901EA6AF22511
:1026C000E96EF351EA221200100E0C01326F336BE7
:1026D0000F015F51060A01E135D1030A01E123D15F
:1026E000010A01E1BBD0070A5AE0010A41E0030AEE
:1026F00019E0010A01E01200D9EC74F0000901E1CF
:1027000012000701010EE76F0701F30EE46F8F0E51
:10271000E56F000EE66F0BEC75F0CEECAAF07FD9FA
:10272000010E21D007015F0EE86F090EE96F2EEC54
:1027300075F0000910E1CEECAAF062D9BA0E00548F
:102740001A0E0154030E0254000E035401E308D183
:10275000DEEC74F004D0DEEC74F0000906E1F2EC7B
:10276000AAF05DD9050E5F6F12000F01020E5F6FB8
:10277000110E07014C6F4D6B6E0E07014A6F4B6BCC
:10278000020E0701486F496B86EC49F00901676F3B
:10279000FE0E675D01E112000F01030E5F6F300E48
:1027A000E66EE66AE66A000EE66E0C0EE66E54EC25
:1027B00090F0006E050EE15E00500C01008700896C
:1027C000009B0081008300950601800ECA6F7E0E7B
:1027D000CB6FAA0ECC6F830ECD6FFBEC65F026C0DD
:1027E00018FC27C019FC28C01AFC29C01BFC7B0E52
:1027F00009016A6F6B6B5FC96CF960C96DF961C9DA
:102800006EF962C96FF932CC70F733CC71F70701FA
:10281000680E6E6F090E6F6F07016C6B6D6B300E7B
:1028200007016A6F6B6B0701000E686F0C0E696F12
:1028300067C967F778EC4CF0F3CF00F0F4CF01F004
:10284000F4340BE200500008000E015401E388D07C
:10285000CEECAAF0E4D8040E5F6F12000701320E2E
:10286000866F0C0E876F0701680E846F090E856FE7
:102870000701826B836B300E0701806F816B07014C
:10288000000E7E6F0C0E7F6F67C97DF7ECEC4DF08C
:10289000F3CF30FCF4CF31FC300E0C0131AF02D05D
:1028A000D89003D0305D000E315910E2CEECAAF082
:1028B000A7D8AC0E0054B90E0154030E0254000EFA
:1028C00003544EE2BDD8050E5F6F1200B9D8060E54
:1028D0005F6FCEECAAF026C05BFF27C05CFF28C06C
:1028E0005DFF29C05EFF28CCCAF629CCCBF62ACCE6
:1028F000CCF62BCCCDF6FBEC65F026C057FF27C0FD
:1029000058FF28C059FF29C05AFF800E0F01575F9A
:102910007E0E585BAA0E595B830E5A5B0C012CAFDE
:102920001FD019EF95F0F2ECAAF06AD8080E005407
:10293000000E0154000E0254000E035411E20F0168
:102940005F6B1200F2ECAAF05BD8740E0054010E1B
:102950000154000E0254000E035402E20F015F6B9B
:102960001200CEECAAF026C004FC27C005FC28C04B
:1029700006FC29C007FC5B0EE96E0F0EEA6EEE50F6
:102980000C01265C006FEE502758016FEE5028585E
:10299000026FEE502958036FD880F20E00559E0E3C
:1029A0000155000E0255000E03550AE242D8F20E00
:1029B0000C01005F9E0E015B000E025B035BECD717
:1029C000000EE96E0C0EEA6EEE50045D0F015B6FB7
:1029D000EE500C0105590F015C6FEE500C010659C9
:1029E0000F015D6FEE500C0107590F015E6F57CF5D
:1029F00026F058CF27F059CF28F05ACF29F01200EF
:102A000009016351265C006E64512758016E6551BF
:102A10002858026E66512958036ED880120026C0CD
:102A200063F927C064F928C065F929C066F90F0168
:102A300012000F01572B000E582359235A2312005E
:102A400067C98CF7A7EC4EF0F2ECAAF00FEF95F007
:102A50008BC8C9FF9EA6FED79E96C95012008E8EC7
:102A6000979E94969488949A210EC66E9E96C78CD3
:102A7000C79E0801010E786F12008CC887F88DC8B8
:102A800088F88EC889F88FC88AF80801870E796F90
:102A9000080E7A6F1200870E0801791920E1080EDE
:102AA0007A191DE10C0E0801966F976B08017B0ED9
:102AB000946F080E956F87C890F888C891F889C8F8
:102AC00092F88AC893F814D80C0E08018727000ED4
:102AD000882389238A237B0E796F080E7A6F79C841
:102AE000E9FF7AC8EAFF792B000E7A23EF50120033
:102AF0000C01AB6BAC6BAD6BAE6B5CD926C0ADFCA7
:102B000027C0AEFC57D922C0ABFC23C0ACFC010EE1
:102B10000C01D890AD37AE37E806FBE13ED9E80EA0
:102B20008B6F96DFAECC8BF893DF010E0C01AC15EA
:102B3000006EFE0EAD15001008018B6F89DFABCC67
:102B40008BF818D941D908018B6B14D9080196C8A4
:102B500000F097C801F09607000E975B0050011037
:102B60000CE032D9080194C8E9FF95C8EAFF942B1C
:102B7000000E9523C9CFEFFFE9D78E8E14D108013F
:102B8000010E786F98C887F899C888F89AC889F8AC
:102B90009BC88AF87B0E796F080E7A6F12000801C5
:102BA00078050BE187C8A5F888C8A6F889C8A7F8F2
:102BB0008AC8A8F86CD80801786B87C8ABF888C8B1
:102BC000ACF889C8ADF88AC8AEF89C510801A96F65
:102BD000AA6B81D80801872B000E882389238A23BA
:102BE0009DD801E1CAD8120008019FC800F0A0C812
:102BF00001F09F07000EA05B005001100BE09DC884
:102C0000E9FF9EC8EAFF9D2B000E9E23EFCF9CF8A4
:102C1000C6DFEAD70CEF96F00801786B7FD801E0A9
:102C2000ACD81200BAD8D70E8B6FA4D8C9CFADFCE0
:102C30008E8EC78C200EC66E0C01ADBF000C010C31
:102C40000C01AB6BAC6BA1C826F0A2C827F0A3C8DF
:102C500028F0A4C829F086D826C0ABFC27C0ACFC5D
:102C6000010E0C01D890AB37AC37E806FBE19FD8DA
:102C7000FEE193D8830E8B6FEBDEACCC8BF8E8DEF5
:102C8000ABCC8BF877D88E8E92D8FEE18CD0A5C8CD
:102C900026F0A6C827F0A7C828F0A8C829F062D84F
:102CA00026C0ABFC27C0ACFC010E0C01D890AB37A2
:102CB000AC37E806FBE17BD8FEE16FD8530E8B6F93
:102CC000C7DEACCC8BF8C4DEABCC8BF853D88E8E81
:102CD0006ED8FEE168D00C01AB6BAC6BABC826F0D4
:102CE000ACC827F0ADC828F0AEC829F03BD822C048
:102CF000ABFC23C0ACFC5BD8FEE14FD8840E8B6FDD
:102D000039D8ACCC8BF8A4DEABCC8BF8A1DEA9C84B
:102D10008BF89EDE8E8E4BD8FEE145D087C800F042
:102D200088C801F089C802F08AC803F00C0E2B6E27
:102D30002C6A2D6A2E6A87C826F088C827F089C8B1
:102D400028F08AC829F0CCECACF022C000F023C0F7
:102D500001F024C002F025C003F0225023102410FB
:102D600025101200080E2B6E010E2C6E2D6A2E6A95
:102D7000CCEFACF06DDEE4EF96F087C8A1F888C820
:102D8000A2F889C8A3F88AC8A4F80801A107000E10
:102D9000A25BA35BA45B20EF96F0C79C300EC66ECF
:102DA0008E9E08011200C78C200EC66E12003ADFFC
:102DB0000009120090C826F091C827F092C828F0A8
:102DC00093C829F0B2EF96F008018B6B28EF95F0CD
:102DD000A1D90C01080E00194DE101514BE154C974
:102DE000C7F855C9C8F8140E0801C56FC66BADEC1D
:102DF00072F0A2D901E012000C01006B080E02274C
:102E0000025D04E2032B035101E1022B36EC71F069
:102E10000009FCE08AD954C984F955C985F909012A
:102E2000010E836F52C981F953C982F9F4EC9EF007
:102E3000040E0801D86FD96B0801000ED66F0C0E76
:102E4000D76F23EC74F054C9CFF855C9D0F80801F6
:102E5000040ECF5F000ED05B0801CD69CE6908017A
:102E6000CB69CC695DEC73F0F7EC73F00009FCE022
:102E70006AEF72F00051011133E14CD9BE0E0C0122
:102E8000001902E1EF0E011901E0120009014151A0
:102E90000C01021904E1090142510C01031901E07E
:102EA00012000901866B876B67EC9FF00A0E080120
:102EB000C96FCA6BD3EC72F03FD901E012000B016D
:102EC0002F83CEECAAF009014351265C436F445195
:102ED0002758446F45512858456F46512958466F29
:102EE000120031D956C947F957C948F958C949F9A3
:102EF00059C94AF90901030E516F120024D90B0177
:102F00002F955AC947F95BC948F90901010E516F5C
:102F1000120019D90B012F855CC947F95DC948F921
:102F20005EC949F90901010E516F120009015151A1
:102F3000060A01E1A8D0030A5BE0010A48E0070A9B
:102F40003CE0010A23E0030A01E0C9D0D9EC74F0A7
:102F5000000901E1A4D00B012FA50CD00701010E3F
:102F6000E76F47C9E4F748C9E5F749C9E6F70BEC4D
:102F700075F009D00701010EE36F47C9E1F748C9B1
:102F8000E2F7EBEC74F00901020E7BD00701470E6B
:102F9000E86F090EE96F2EEC75F0000901E17FD0B2
:102FA000DEEC74F009014751481149114A1103E15F
:102FB000516BFD0E97D0030E516F0501470EF76F51
:102FC000090EF86F08EC8FF00901040E5AD00501C4
:102FD0004B0EFB6F090EFC6F0501470EF96F090ED2
:102FE000FA6F35EC8FF000095AE00901050E516FB8
:102FF00036EC71F0000953E00C01080E006F016B14
:10300000026B036BBE0E046FEF0E056F0901412BBF
:10301000000E422341C906FC42C907FC0C01600EA8
:10302000086F280E096F0A0E0601D06FD16B0601DA
:10303000000ECE6F0C0ECF6F11EC66F0F3CF02FCDA
:10304000F4CF03FC5CD871D80A0E0901846F856B3C
:103050000901010E836F0901470E816F090E826F0E
:10306000F4EC9EF00A0E0801D86FD96B0801000E2F
:10307000D66F0C0ED76F23EC74F06AEC72F0090176
:10308000060E516F0CD00B012FA309D043C926F0B7
:1030900044C927F045C928F046C929F01200CEECF2
:1030A000AAF009014351265C006E44512758016E75
:1030B00045512858026E46512958036ED880C80ED3
:1030C00000547B0E0154020E0254000E035409E218
:1030D000020E515D02E1DEEC74F00901516B2668CD
:1030E00002D0FE0E266E27682868296812000B01A0
:1030F0002FB1000C2F81010C0B012F911200CEEC8F
:10310000AAF026C043F927C044F928C045F929C0D0
:1031100046F91200040E0801D36FD46B0801000EAB
:10312000D16F0C0ED26FFFEF73F00801DF0EC16F8D
:10313000090EC26F93EF72F0F3CF00F0F4CF01F0FD
:10314000F350F41012000B012F937FEF98F00B0156
:103150002E51020A1FE0030A05E0010A01E01200F5
:103160002E2B1200890E0201C96FCA6B0201C76FB4
:10317000C86B0201C66B0201C26BC36BC46BC56B2B
:103180005FEC5CF00401FB6FFF0EFB5D01E11200E0
:103190000B012E2BFBC4E3F2E9EC5FF0F350F410CB
:1031A00001E11200920EE96E070EEA6E0E017651F1
:1031B000EE14006E7751EE14016E7851EE14026E2B
:1031C0007951EE14036E920EE96E070EEA6E070156
:1031D0008E51EE14046E8F51EE14056E9051EE1464
:1031E000066E9151EE14076E0050041801E0ECD009
:1031F0000150051801E0E8D00250061801E0E4D0C3
:103200000350071801E0E0D00201060EE46F0C0E37
:1032100041D9050EE46F0C0E3DD9080EE46F0C0E7B
:1032200039D9070EE46F0C0E35D90A0EE46F0C0E77
:1032300031D9090EE46F0C0E2DD90C0EE46F0C0E73
:1032400029D90B0EE46F0C0E25D90E0EE46F0C0E6F
:1032500021D90D0EE46F0C0E1DD9100EE46F0C0E6B
:1032600019D90F0EE46F0C0EE56F05EC60F00C0140
:1032700009CC00F00ACC01F00907000E0A5B0050EF
:10328000011001E1A1D00401110EFE6F0C0EFF6FC1
:10329000C0D80201000EE46F0C0EFCD8020EE46FE1
:1032A0000C0EF8D8010EE46F0C0EF4D8040EE46F87
:1032B0000C0EF0D8030EE46F0C0E04D90C01200E96
:1032C0000119D5E10251D3E1010E0319D0E10451F6
:1032D000CEE1100EE66EE66AAA0EE66E070EE66E08
:1032E000110EE66E0C0EE66EBEEC8FF0006E060E52
:1032F000E15E00500009BBE1FBC4D3F261EC5EF07B
:10330000F3CF00F0F4CF01F0F350F410F5E00C012E
:10331000076B840E086F06CCD4F285EC5EF005CC0A
:10332000D4F285EC5EF008CCD4F285EC5EF007CCEC
:10333000D4F285EC5EF0AAD8A9D8BBD80401AA0EB5
:10334000FC6F070EFD6F42D8A1D80201200EAED847
:10335000B0D89CD80201060EA9D80201600EA6D8EA
:1033600095D88EC7D4F285EC5EF08FC7D4F285EC89
:103370005EF090C7D4F285EC5EF091C7D4F285EC94
:103380005EF00A0EE66EE66A760EE66E0E0EE66EEB
:103390000401FB51170DF3CFE9FFF4CFEAFF000E54
:1033A000E926020EEA22E9CF00F0EACF01F0E9CFE8
:1033B000E6FFEACFE6FF06EC90F0026E060EE15E55
:1033C000025031EC5FF053D754EF60F00201200E51
:1033D0006DD80C01216B100E215D19E20401FCC4B3
:1033E000E9FFFDC4EAFFFC2B000EFD23EFCF22FC1A
:1033F0000C0122390F0B410F020158D80F0E0C019E
:103400002215410F020152D80C01212BE4D746EFBF
:103410009AF00401FE51FF110FE10201210EE46F49
:103420000C0E50D80C012151210700092EE0020199
:10343000220EE46F0C0EF5D70201210EE46F0C0E84
:1034400041D8200E0C01215D06E0FEC4E9FFFFC457
:10345000EAFFEF6A12000C0121512107000915E073
:103460001CD82239F00B236F210717D823512211C2
:10347000E66E0401FEC4E9FFFFC4EAFFFE2B000E66
:10348000FF23E552E750EF6EE6D712000201D46B3E
:1034900085EF5EF017D8020112000201220EE46FE0
:1034A0000C0E10D8410E0C01225F1200D46F85EF74
:1034B0005EF0ECDF0201010EF9DFE8DFE7DFE6DFB7
:1034C00046EF9AF0E56F05EF60F00901DD51050A5E
:1034D00001E1E5D0010A01E1D2D0070A6CE0010A5E
:1034E00029E0030A1DE0010A01E01200FF0EDC5D85
:1034F00015E17B0E0201C96FCA6B0201C76BC86B75
:103500000201020EC66F0201EB0EC26F890EC36F7D
:10351000C46BC56B5FEC5CF00901DC6FDD2B120046
:10352000DCC9CDF207EC5EF0010801E0C7D009016B
:10353000020E3FD0DCC9D3F261EC5EF028D94DE039
:10354000300EE66EE66AE66A000EE66E0C0EE66E79
:1035500054EC90F0006E050EE15E00500C01008707
:103560000089009B0081008300950601800ECA6FD0
:103570007E0ECB6FAA0ECC6F830ECD6FFBEC65F089
:1035800026C018FC27C019FC28C01AFC29C01BFC47
:10359000300E0201D76FD86B0201000ED56F0C0EF2
:1035A000D66FA0EC5EF031EC5FF0CEECAAF0E5D87F
:1035B000030EDD6F1200DCC9E3F2E9EC5FF0E7D83F
:1035C00014E1CEECAAF0CAD8AC0E0054B90E0154E6
:1035D000030E0254000E035471E2DCC9CEF211EC6A
:1035E0005EF00901DD6BDC691200300E0201E86F4C
:1035F000E96B0201000EE66F0C0EE76F1CEC60F049
:10360000F3CF30FCF4CF31FCDCC9CEF211EC5EF02C
:10361000F2ECAAF0B2D8050EDD6FDC690C01300EB9
:10362000301901E1315101E01200CEECAAF026C0C0
:10363000D8F927C0D9F928C0DAF929C0DBF928CC94
:10364000CAF629CCCBF62ACCCCF62BCCCDF6FBECAB
:1036500065F026C0D4F927C0D5F928C0D6F929C00D
:10366000D7F9800E0901D45F7E0ED55BAA0ED65B1A
:10367000830ED75B0C012CAF21D0CEEF9BF0F2EC88
:10368000AAF06CD8080E0054000E0154000E02542B
:10369000000E035413E20901DD6BDC691200F2EC49
:1036A000AAF05CD8740E0054010E0154000E0254AE
:1036B000000E035403E20901DD6BDC691200CEEC5D
:1036C000AAF026C004FC27C005FC28C006FC29C0BF
:1036D00007FCD80EE96E090EEA6EEE500C01265C6E
:1036E000006FEE502758016FEE502858026FEE50D1
:1036F0002958036FD880F20E00559E0E0155000E1A
:103700000255000E03550AE249D8F20E0C01005F83
:103710009E0E015B000E025B035BECD7000EE96EB0
:103720000C0EEA6EEE50045D0901D86FEE500C01EC
:1037300005590901D96FEE500C0106590901DA6FDC
:10374000EE500C0107590901DB6FD4C926F0D5C929
:1037500027F0D6C928F0D7C929F012000101FC5181
:10376000265C006EFD512758016EFE512858026EEE
:10377000FF512958036ED880120026C0FCF127C0E3
:10378000FDF128C0FEF129C0FFF109011200F3CFBD
:1037900000F0F4CF01F0F350F41012000901D42B23
:1037A000000ED523D623D7231200200EAC6E900E28
:1037B000AB6E7E86AC84020E7F6E1E0EAF6E9F884F
:1037C00012000901D251010A22E0010A01E01200AF
:1037D0000301070E4D6F0301210E4B6F260E4C6F38
:1037E00003014A6B0301466B476B486B496BE7EC7F
:1037F00001F00901D36FFE0ED35D01E11200D3C9C0
:103800004EF37FEC02F00901010ED26F1200D3C912
:103810004EF37FEC02F00009D3C94FF38EEC02F0B7
:10382000000901E11200ABA203D0AB98AB888A7803
:10383000ABA403D0AECF0EFCF370CCC908FCCDC94D
:1038400009FCCEC90AFCCFC90BFC9D9A9D98CAC938
:1038500006FCCBC907FCD0C90CFCD1C90DFC9D8A64
:103860000C010C510A1902E10D510B1901E09D8860
:10387000D3C960F32FEC03F0F3CF00FCF4CF01FCCD
:103880000C010851065D026F09510759036F085179
:10389000065D0951075904E2410E0227000E032379
:1038A0000051025D0151035904E202CC00FC03CC3B
:1038B00001FC0051011126E008CC04FC09CC05FCF8
:1038C000410ED8800457060E05570451005D05517E
:1038D00001590EE304CC66F305CC67F3C3D80C01A1
:1038E000000E086F060E096F0451005F0551015B61
:1038F00000CC66F301CC67F3B5D80C010051082762
:1039000001510923D3C977F33BEC05F0F3CF02FC57
:10391000F4CF03FC0C010A510C5D006F0B510D59E3
:10392000016F010E005F000E015B0C510A5D0D512D
:103930000B5904E3110E0027000E01230051025D14
:103940000151035904E202CC00FC03CC01FC0051FC
:10395000011126E00ACC04FC0BCC05FC520ED880E9
:103960000457060E05570451005D055101590EE339
:1039700004CC7EF305CC7FF37DD80C01410E0A6F99
:10398000060E0B6F0451005F0551015B00CC7EF306
:1039900001CC7FF36FD80C0100510A2701510B2392
:1039A0009D9A9D9808CCCCF909CCCDF90ACCCEF9DA
:1039B0000BCCCFF99D8A0C510A1902E10D510B195C
:1039C00001E09D8812009EAA2FD0AECF52F69E9A9B
:1039D000CCC900F0CDC901F00006000E015A00501C
:1039E0000901CA1902E10150CB191EE0410ECA19A2
:1039F00009E1060ECB1906E1000ECC1902E1060E14
:103A0000CD1912E0CAC9E9FFCBC9EAFFCA2B000EE3
:103A1000CB2352C6EFFF410ECA5D060ECB5904E31D
:103A2000000ECA6F060ECB6F9EA81BD00901D051A5
:103A3000CE1902E1D151CF1913E0D0C9E9FFD1C9A4
:103A4000EAFFD02B000ED123EF50AD6E520ED05DA9
:103A5000060ED15906E3410ED06F060ED16F12004B
:103A60009D98120008CC64F309CC65F3D3C963F3C5
:103A7000C0EF03F00ACC7CF30BCC7DF3D3C97BF30E
:103A8000A2EF05F00E01756B0701BA8F0B012351F0
:103A90000FE187EC62F026C09EF627C09FF628C093
:103AA000A0F629C0A1F61EEC62F00B01010E236FF7
:103AB000B8EC70F025EC8EF051EC5CF02AEC01F0E3
:103AC0005AEC49F038EC1EF00301F76BC9EC67F0D3
:103AD0000701BABD04D00301F86BE4EC67F00801FC
:103AE0006B6B35EF78F00701BAAD2DD02DEC71F08E
:103AF0000C01796F0B0124510C01795D1AE079CC2E
:103B000024FB795116E1A2C78EF7A3C78FF7A4C78C
:103B100090F7A5C791F7A6C792F7A7C793F7A8C7CD
:103B200094F7A9C795F70701BA8F0301F76BC9ECA2
:103B300067F00AEC68F00301FB6BF8EC67F0000932
:103B400002E00701BA9F4DEC78F05BEC09F01CEC49
:103B50005DF054EC60F00801770EB86F0C0EB96F91
:103B600008017A0EB66F0E0EB76FAEEC71F0000959
:103B700001E112000C01775105E0060AEAE131EC9F
:103B80008EF0E7D70901710E7F6F0C0E806F09016F
:103B9000780E7D6F0C0E7E6F0901760E7B6F0E0E18
:103BA0007C6F0901730E796F0C0E7A6F7FEC9EF0BB
:103BB0000009CFE00C01780562E1730EE96E0C0E8E
:103BC000EA6EEE5007018E1908E1EE508F1905E1FB
:103BD000EE50901902E1EE50911945E0E8680C01B1
:103BE000731908E1E868741905E1E868751902E1DC
:103BF000E868761938E0920EE96E070EEA6E070162
:103C00008E51EE14006E8F51EE14016E9051EE1431
:103C1000026E9151EE14036E92C704F093C705F043
:103C200094C706F095C707F0041E051E061E071E62
:103C300004500012055001120650021207500312E0
:103C40000C017351001801E084D77451011801E090
:103C500080D77551021801E07CD77651031801E036
:103C600078D701E076D771CC54F972CC55F90901B7
:103C7000760E526F0E0E536FE8EC96F06AD7060E72
:103C8000785D11E171CCABF372CCACF30301730E30
:103C9000A96F0C0EAA6F0301760EA76F0E0EA86F08
:103CA000A2EC0BF056D7110E785D01E052D771CC23
:103CB000EEF272CCEFF20201730EEC6F0C0EED6FB0
:103CC0000201760EEA6F0E0EEB6F61EC60F00009F8
:103CD00001E13FD712006FEC1EF0CCECA1F0A7EC95
:103CE00098F07AEC56F014EC81F070ECA5F065ECED
:103CF0009AF0D8EC83F06FEC38F0E1EF9BF0140E03
:103D00000801D36FD46B0801020ED16F0C0ED26F75
:103D1000FFEC73F0F00E0C010215400801E0000CFE
:103D20001F0E0815006EFF0E0915016E00500110E0
:103D300001E0000C0F0E0215040DF3CF78F9090114
:103D4000F3500801C76FC86B0801C56BC66BADECBB
:103D500072F0F3CF00FCF4CF01FC090178510801A7
:103D6000BF6FC06B7CEC72F00C010051011101E0DF
:103D7000000C0901020E886F0C0E896FB4D809017E
:103D800079517A110CE079C9E9FF7AC9EAFF12CCBE
:103D9000EEFF13CCEEFF14CCEEFF15CCEEFF7BC98B
:103DA000E9FF7CC9EAFF0ECCEEFF0FCCEEFF10CC92
:103DB000EEFF11CCEEFF7DC9E9FF7EC9EAFF0BCC17
:103DC000EFFF7851026E036A0C010250045D006E31
:103DD00003500559016E7FC9E9FF80C9EAFF00C0A1
:103DE000EEFF01C0EDFF010C0901140E786F0C010C
:103DF000450EAA6FAB6B140E090184250C01AC6F44
:103E0000000E090185210C01AD6F0B01252B000E61
:103E1000262325CBAEFC26CBAFFC0C01B06BB16BDF
:103E2000640EB26F83C9B3FCB46BB56B8EC7B6FCBE
:103E30008FC7B7FC90C7B8FC91C7B9FC81C9E9FF2F
:103E400082C9EAFFEECFBAFCEECFBBFCEECFBCFCE2
:103E5000EFCFBDFC0901AA0E886F0C0E896F43D805
:103E6000140E0601D06FD16B0601AA0ECE6F0C0E98
:103E7000CF6F11EC66F0F3CFB4FCF4CFB5FC140EA9
:103E8000090184250801BD6F000E09018521080183
:103E9000BE6F0801BC6B81C9E9FF82C9EAFF040E4D
:103EA000E926000EEA22E9CFBAF8EACFBBF83BECEC
:103EB00072F0140E0801D86FD96B0801AA0ED66FE4
:103EC0000C0ED76F23EC74F0F36AF46A1200090148
:103ED000785186250801BF6F000E0901872108016E
:103EE000C06F7CEF72F02AD8020E15D8020EF3CF05
:103EF000EBFF030E1FD8040E0ED8040EF3CFEBFF1A
:103F0000050E18D80A0E07D80A0EF3CFEBFF0B0EDA
:103F100001C0EBFF1200E926000EEA22EECFC8F640
:103F2000EDCFC9F6F6EC65F0F3CF00F0F4CF01F079
:103F30009EEF9FF001C0EBFF9EEF9FF088C9E9FF65
:103F400089C9EAFF12000601FA51040A01E1D6D03C
:103F5000070A01E1CFD0010A01E188D0030A28E075
:103F6000010A01E0120003014D6BF7C64BF3F8C6DE
:103F70004CF30301010E4A6F0301E80E466F060E73
:103F8000476F486B496BE7EC01F00601F96FFE0ED5
:103F9000F95D01E1120009012F0EB16F900EB26FB1
:103FA000000EB36F3CECA9F00601FA2B84EFA0F0F1
:103FB000F9C64FF38EEC02F000091DE1CEECAAF039
:103FC0000B010451265C006E05512758016E065105
:103FD0002858026E07512958036ED880BA0E005433
:103FE0001A0E0154030E0254000E035401E386D04E
:103FF00096D8FA07120088D8F9C660F32FEC03F0C0
:10400000F3CF00F0F4CF01F07D0EF35C000EF45816
:1040100001E2120003012A0E726F900E736F000E00
:104020006ED80301560E726F5A0E736F010E67D869
:104030000301180E726F900E736F000E60D80301AB
:10404000E80E6F6F060E706FF9C66EF3C3EC04F0E6
:104050000301000E726F900E736F000E50D8F9C6F8
:104060005FF31BEC03F00601FA2B1200F9C64FF3C5
:104070008EEC02F0000903E10601030EFA6FF9C6A7
:1040800077F33BEC05F0F3CF01FCF4CF02FC0C011D
:10409000080E006FE8504BD80C01015102112EE0C0
:1040A0000051006E016A0050015D0150025904E2A6
:1040B00001CC00FC00513BD8005103017E6F7F6BA7
:1040C0000301030E7C6F0C0E7D6FF9C67BF3A2EC2F
:1040D00005F0F3500C01015FF450025B0901030E7F
:1040E000AF6F0C0EB06F27ECA9F0020E0601FA5D5F
:1040F000D3E1120014D8040EFA6F12001200746F8C
:10410000F9C671F3DEEF04F0CEECAAF026C004FB92
:1041100027C005FB28C006FB29C007FB1200F9C613
:1041200050F39DEC02F00601FE0EF96F1200EA6AF0
:10413000030FE96E0C0EEA22EF6A1200100E0C015A
:10414000206F216B0B013251040A6CE0070A58E022
:10415000010A33E0030A1AE0010A01E012000C012F
:10416000336B346B030E34AF02D0D89003D0335D81
:10417000000E345908E2090ECED8FE0EEF6E332B36
:10418000000E3423EFD70B01010E326F060E07012C
:104190004C6F4D6B640E07014A6F4B6B020E0701AB
:1041A000486F496B86EC49F00B01086FFE0E085D05
:1041B00001E112000B01020E326F0C01240E026F9E
:1041C000260E036F046B056B066B076B20CC51F753
:1041D00021CC52F70701000E4F6F0C0E506F08CB29
:1041E0004EF7DBEC49F0F3CF00F0F4CF01F0000123
:1041F000F31C03E1011C01E112000B01030E326FFD
:10420000030E0701546F556B08CB53F744EC4AF08B
:10421000F3CF00F0F4CF01F0F350F41003E10B0101
:10422000040E326F0C01336B346B030E34AF02D0CB
:10423000D89003D0335D000E34596CE2090E6BD870
:10424000EF50FE0813E10701200E596F0C0E5A6F54
:104250000701100E576F0C0E586F08CB56F7EEEC97
:104260004AF0E66E5ED8E552E750EF6E090E53D87D
:10427000EF50FE084AE007017B6B7C6B0F0E0701D5
:10428000796F7A6B0701220E776F0C0E786F49D821
:10429000EFCF76F7A2EC4DF0F3CF31FCF4CF32FC48
:1042A0000C01F43426E231510008000E325521E2AF
:1042B000220E3125E96E0C0E3221EA6EEF6A0701FB
:1042C000656B666B220EE66E0C0EE66EFCEC90F0F3
:1042D000E552E552F3CF63F7F4CF64F70701220EFE
:1042E000616F0C0E626F1DD8EFCF60F762EC4CF07F
:1042F0000CD0800E321509E0090E0DD8EFCF8CF7E7
:10430000A7EC4EF00ED8FE0EEF6E0C01332B000E14
:1043100034238BD712003325E96E0B0E3421EA6E5D
:104320001200090E0C018BEFA1F02DEC71F00009C9
:1043300001E11200D8D82C0EC76F0B0EC3D80C01A8
:10434000026FFF0E025D01E1120002CCD3F261ECBC
:104350005EF0C2D8FAE091D80C01036B0C01035156
:1043600099D80C010351A2D80C01032B060E035D52
:1043700004E002012D0EC5D8F1D70201BE0EE06F98
:10438000810EE16F000EE26F0AEC5FF031EC5FF03E
:1043900002CCCEF211EF5EF00B013351030A6CE058
:1043A000010A4AE0030A11E0010A01E012009BD869
:1043B0005F0EC76F760E86D80B012A6FFF0E2A5D3F
:1043C00001E112000B01332B12002ACBE3F2E9ECDE
:1043D0005FF082D801E112000201000EE46F0C0EC2
:1043E000E56F05EC60F054EC60F0440E0C01005DEC
:1043F00001E012000B01332B0A0EE66EE66A760E20
:10440000E66E0E0EE66E0B012A51170DF3CFE9FF93
:10441000F4CFEAFF000EE926020EEA22E9CF00F00F
:10442000EACF01F0E9CFE6FFEACFE6FF06EC90F035
:10443000026E060EE15E02502ACBD3F261EC5EF012
:104440004BD801E1120019D80C01006B0C0100518E
:1044500021D80C0100512AD80C01002B060E005D5A
:1044600004E002012D0E4DD8F1D744D831EC5FF0B5
:104470000B01010E336F120012000F0E0201D76FF5
:10448000D86B0201AA0ED56F070ED66FA0EC5EF0B6
:104490007AEFA2F0EA6ABB0FE96E070EEA22EFCFCD
:1044A000C1F69CEC65F0020181EFA2F0EA6ABB0F55
:1044B000E96E070EEA22EFCFC2F6AAEC65F0020120
:1044C00081EFA2F0C86F0201C66B0201C26BC36B21
:1044D000C46BC56B5FEF5CF0F3CF00F0F4CF01F07D
:1044E000F350F410120002015F0EC96F760ECA6F0E
:1044F0000201120002010D0E04D802010A0E81EF22
:10450000A2F0D46F85EF5EF005016D51070A01E15D
:10451000E6D0010A01E1DBD0030A01E1A5D0010ADE
:1045200001E186D0070A63E0010A38E0030A18E0D7
:10453000010A01E01200D9EC74F0000901E1D0D0C9
:104540000701010EE76F0701440EE46F5B0EE56F94
:10455000010EE66F0BEC75F00501010E6D6F120098
:1045600007018F0EE86F090EE96F2EEC75F0000958
:1045700001E11200DEEC74F000090DE10901C30E47
:10458000B16F8F0EB26F000EB36F3CECA9F0050156
:10459000070E6D6F12000501020E6D6F060E07010A
:1045A0004C6F4D6B640E07014A6F4B6B020E070197
:1045B000486F496B86EC49F009018A6FFE0801E1FA
:1045C00012000901900EB16F8F0EB26F000EB36F23
:1045D0003CECA9F00901D40EB16F8E0EB26F000E43
:1045E000B36F3CECA9F00501030E6D6F1200500E85
:1045F00009018D6F8E6B100E0C010B6F0C6BE8CFE9
:104600005EF70CCC5FF707018B0E5C6F090E5D6FD8
:104610008AC95BF794EC4BF0F3CF00F0F4CF01F0D4
:104620000001800EF41401E012000501040E6D6F0C
:104630000701656B666B000EE66E050EE66EFCEC20
:1046400090F0E552E552F3CF63F7F4CF64F707013A
:10465000000E616F050E626F8AC960F762EC4CF064
:104660000501050E6D6F120007017B6B7C6B080E58
:104670000701796F7A6B0701000E776F0C0E786F68
:104680008AC976F7A2EC4DF0F3CF09FCF4CF0AFC0F
:104690000C01F350F41001E11200800E0A1504E041
:1046A0000501060E6D6F1200000E0925E96E0C0E55
:1046B0000A21EA6EEF6A0901000EAF6F0C0EB06FAF
:1046C00027ECA9F0050E05016D5DCEE112008AC947
:1046D0008CF7A7EC4EF00501070E6D6F120012006B
:1046E00012000B013051020A01E19ED0030A1EE0C4
:1046F000010A01E012000301010E4D6F0301200EBB
:104700004B6F260E4C6F03014A6B0301466B476BE0
:10471000486B496BE7EC01F00501FF6FFE0EFF5D92
:1047200001E112000B01010E306F1200FFC54FF3C3
:104730008EEC02F0000901E11200FFC577F33BECBB
:1047400005F0F3CF25FCF4CF26FCFFC560F32FEC7A
:1047500003F0F3CF27FCF4CF28FC0C012551F35CC8
:104760002651F45804E227CC25FC28CC26FC200E48
:10477000296F2A6B016B026B2551015D265102598D
:1047800059E2200E016A0125006E025101220050FB
:10479000255D0150265906E20151255D296F025120
:1047A00026592A6F29CC7EF32ACC7FF30301050E0C
:1047B0007C6F0C0E7D6FFFC57BF3A2EC05F00C0146
:1047C000036B046B2951035D2A5104591AE233D853
:1047D000EFCF00FC610E005D09E300517A0806E3AB
:1047E000200E005F28D800CCEFFF06D01B0E005D26
:1047F00003E10B01020E306F0C01032B000E0423AA
:10480000E1D729CC66F32ACC67F30301050E646F68
:104810000C0E656FFFC563F3C0EC03F0200E0C01B6
:104820000127000E0223A8D7FFC551F3ECEC02F0DC
:104830000B01306B1200050E0325E96E0C0E0421EE
:10484000EA6E12001B5B324A1B5B33316D1B5B311E
:104850006D4D6963726F636869702054656C6E6535
:10486000742053657276657220312E311B5B306D7A
:104870000D0A28666F7220746869732064656D6F15
:104880002C2074797065202761646D696E2720661D
:104890006F7220746865206C6F67696E20616E644A
:1048A00020276D6963726F636869702720666F7275
:1048B000207468652070617373776F72642E290DA0
:1048C0000A4C6F67696E3A200050617373776F729C
:1048D000643A20FFFD2D000D0A4163636573732068
:1048E00064656E6965640D0A0D0A000D0A4C6F67F8
:1048F00067656420696E207375636365737366759D
:104900006C6C790D0A0D0A0D0A50726573732027BD
:10491000712720746F20717569740D0A000D0A5398
:104920004E54502054696D653A2020202028646937
:104930007361626C6564290D0A416E616C6F673A40
:104940002020202020202020202020202031303234
:10495000330D0A427574746F6E733A202020202044
:1049600020202020332032203120300D0A4C4544B5
:10497000733A202020203720362035203420332061
:104980003220312030002020202020202020202014
:10499000000D0A0D0A476F6F64627965210D0A00E8
:1049A000070C1116070C1116070C1116070C11161F
:1049B00005090E1405090E1405090E1405090E1437
:1049C000040B1017040B1017040B1017040B10170F
:1049D000060A0F15060A0F15060A0F15060A0F1507
:1049E00078A46AD756B7C7E8DB702024EECEBDC1E5
:1049F000AF0F7CF52AC68747134630A8019546FDC0
:104A0000D8988069AFF7448BB15BFFFFBED75C8954
:104A10002211906B937198FD8E4379A62108B449B9
:104A200062251EF640B340C0515A5E26AAC7B6E9B9
:104A30005D102FD65314440281E6A1D8C8FBD3E7FA
:104A4000E6CDE121D60737C3870DD5F4ED145A45DD
:104A500005E9E3A9F8A3EFFCD9026F678A4C2A8D18
:104A60004239FAFF81F6718722619D6D0C38E5FDB0
:104A700044EABEA4A9CFDE4B604BBBF670BCBFBE00
:104A8000C67E9B28FA27A1EA8530EFD4051D88044D
:104A900039D0D4D9E599DBE6F87CA21F6556ACC4C1
:104AA000442229F497FF2A43A72394AB39A093FC0F
:104AB000C3595B6592CC0C8F7DF4EFFFD15D84858B
:104AC0004F7EA86FE0E62CFE144301A3A111084E0F
:104AD000827E53F735F23ABDBBD2D72A91D386EB0B
:104AE000FF0E0B012C5D12E10201C96BCA6B450E72
:104AF0000201C76FC86B0201C66B0201C26BC36BB8
:104B0000C46BC56B5FEC5CF00B012C6FFF0E0B01EF
:104B10002C5D01E177D02CCBE3F2E9EC5FF0F3CF31
:104B200000F0F4CF01F00050011001E16BD0920EC3
:104B3000E96E070EEA6E0E017651EE14006E0E015C
:104B40007751EE14016E0E017851EE14026E0E01D3
:104B50007951EE14036E920EE96E070EEA6E0701AC
:104B60008E51EE14046E07018F51EE14056E07018D
:104B70009051EE14066E07019151EE14076E00502D
:104B8000041809E10150051806E10250061803E176
:104B90000350071800E103E054EC60F033D0060E38
:104BA000E66EE66ABB0EE66E070EE66E000EE66E79
:104BB0000C0EE66E06EC90F0006E060EE15E005004
:104BC0008EC706FC8FC707FC90C708FC91C709FC7D
:104BD0000A0E0601D06FD16B0601000ECE6F0C0ECF
:104BE000CF6F11EC66F0F3CF0AFCF4CF0BFCD09240
:104BF0000C01000E0C6F0C0E0D6F0DCCF4FF0CCCE5
:104C0000F3FFFF001200D9CFE6FFDACFE6FFE1CFD6
:104C1000D9FFE2CFDAFF0C0EE12402E3E168E652AD
:104C2000E16ED950FA0FE96EFF0EDA20EA6E010E3E
:104C3000EECFDBFF020EEECFDBFF030EEECFDBFF8E
:104C4000040EEECFDBFF63D8D950010FE96E000EE2
:104C5000DA20EA6EEECFE6FFEECFE6FFEECFE6FF1C
:104C6000EFCFE6FF24ECA7F0006E060EE15C02E257
:104C7000E16AE552E16E0050DF6E850EDF1404E05C
:104C80004DD8EE6AED6A23D0090EDBCF00F00A0E94
:104C9000DBCF01F0820E0026FF0E01223FD800C0BC
:104CA000EEFF01C0EDFF7E0EF36E090EF3CFDBFFCA
:104CB0000A0EDB6AD950010FE66E000EDA20E66EAE
:104CC00026D8B2ECA7F0E552E552E552E552010EC6
:104CD000DBCF00F0020EDBCF01F0030EDBCF02F0E2
:104CE000040EDBCF03F000C026F001C027F002C0A5
:104CF00028F003C029F00C0EE15C02E2E16AE55203
:104D0000E16EE552E5CFDAFFE7CFD9FF1200D950C7
:104D1000050FE66E000EDA20E66E1200F80EDBCF0D
:104D2000E9FFF90EDBCFEAFF12000C01406B416B8B
:104D300058ECA9F09BC902F09CC903F0D890023648
:104D40000336000E02100B01296F79D800BE0168EE
:104D50005CD810E19DC929FB72D800BE016855D806
:104D600009E19FC929FB6BD800BE01684ED802E15A
:104D70005CECA9F040CCF3FF41CCF4FF12000C0135
:104D8000406B416B426B49D8000E51D8A2C929FB38
:104D900068ECA9F00C0140135CECA9F0030EE66E80
:104DA0008FECADF0E55239D8010E41D89CECA9F05A
:104DB000F350E66E0C0141CC00F042CC01F0412BE7
:104DC000000E42230901A4510024E96EA5510120DF
:104DD000EA6EE552E750EF6EA6510C01411905E16C
:104DE0000901A7510C01421903E0B4ECA9F0DED788
:104DF000BBECA9F05CECA9F00C014051006E016A1B
:104E000040CCF3FF01C0F4FF120000500C0140132E
:104E10000150411340514111120058ECA9F0A0C9B2
:104E200000F0A1C901F0D890003601361200001040
:104E30000B01296F68ECA9F00C014013120068EC1B
:104E4000A9F0006E016A1200D9CFE6FFDACFE6FFC3
:104E5000E1CFD9FFE2CFDAFFE652006801687F0EAA
:104E6000026E036AD950FA0FE96EFF0EDA20EA6E7D
:104E7000EE500016EE500116EE500216EE500316DC
:104E80006AD800C0EEFF01C0EEFF02C0EEFF03C013
:104E9000EEFFFD0EDB50800B02E0010E01D0000E94
:104EA000E66E59D8060EE926000EEA22E552E750D2
:104EB000EF6EFC0EDBCF00F0FD0EDBCF01F0D890E3
:104EC00000360136FC0E00C0DBFFFD0E01C0DBFF2B
:104ED000DB50E66E40D8040EE926000EEA22E552C9
:104EE000E750EE6EED6AFD0EDB50006E016AFF0EBC
:104EF000001818E1015016E12ED8EECF00F0EECFE9
:104F000001F0EECF02F0EFCF03F0005001100210DD
:104F1000031006E0210E0B011B6F1C6B800E0BD0E3
:104F2000040E09D0FD0EDB5008E115D8EE6AEE6ADA
:104F3000EE6AEE6A010EDF6E06D0020EDF6E0BD84F
:104F4000EE52EE52EE8EDF50E552E552E5CFDAFF3B
:104F5000E7CFD9FF1200F80EDBCFE9FFF90EDBCF68
:104F6000EAFF1200D9CFE6FFDACFE6FFE1CFD9FFA3
:104F7000E2CFDAFF5BD8013411E20050FE08000EE8
:104F800001540CE276D805E06CD8800EEE6EEE6827
:104F900047D067D8800EEE6E7F0E0ED047D8D890DF
:104FA000015004E6010E005C000E01580BE261D8CE
:104FB00005E057D8EE6A800EEE6E32D052D8EE6A17
:104FC000EE6A2ED047D8EECF00F0EECF01F0EECF54
:104FD00002F0EFCF03F032D800C0EEFF01C0EEFFC9
:104FE00002C0EEFF03C0EEFF21D80050010B05E028
:104FF00025D8020E3AD8EF8E04D020D8020E35D82C
:10500000EF9E14D8D8900132003218D8030E2DD854
:1050100000C0EFFF1AD804E011D8030E26D8EF8E97
:10502000E552E5CFDAFFE7CFD9FF120013D8040E1F
:105030001CD8EECF00F0EFCF01F01200FA0EDBCF5C
:10504000E9FFFB0EDBCFEAFF120004D8060E0DD8F5
:10505000EF501200FC0EDBCFE9FFFD0EDBCFEAFFC5
:105060001200ECDFEE6AEE6A1200E926000EEA2278
:105070001200220E0B011B6F1C6B25EFA8F00C0118
:10508000406B416B7AD8EF5007E077D881D80C019C
:10509000402B000E4123F6D740CCF3FF41CCF4FF68
:1050A00012000C01006B016B01510901B919E8AE46
:1050B00002D0B93507D0B8510C01005D0901B951D2
:1050C0000C01015910E20901B6510C010025E96EED
:1050D0000901B7510C010121EA6E5AD80C01002BCD
:1050E000000E0123E1D700CCF3FF01CCF4FF120046
:1050F0000C01006B016B99ECABF0E66E0C0100CC7F
:1051000000F001CC01F0002B000E01230901BA517F
:105110000024E96EBB510120EA6EE552E750EF6EC4
:10512000EAE100CCF3FF01CCF4FF12000C01006BAC
:10513000016B01510901BF19E8AE02D0BF3507D09C
:10514000BE510C01005D0901BF510C01015910E273
:105150000901BC510C010025E96E0901BD510C018A
:105160000121EA6E15D80C01002B000E0123E1D7B6
:1051700000CCF3FF01CCF4FF12000901B4510C0183
:105180004025E96E0901B5510C014121EA6E12007A
:10519000EFCFFFF69EEFABF00C01016B0901AA51B6
:1051A000AA0700091DE0A8C9E9FFA9C9EAFFEF6A3B
:1051B00026D80009FDE02CD80C01006F0D0E005D13
:1051C0000FE00A0E005D0CE0012B0901A8C9E9FF00
:1051D000A9C9EAFFA82B000EA92300CCEFFFDED758
:1051E0000C0101511200AC50020B020A01E0010E49
:1051F00012004F0EAB16AC9ACF0E9D161200ABA24A
:1052000002D0AB98AB889E50200B01E0010E12003B
:10521000AE501200ABC9ADFF12000C01006B0901CA
:10522000AE510C01005D12E2EADF0009FDE0F0DFA3
:105230000C01016FACC9E9FFADC9EAFFEF6E0901CE
:10524000AC2B000EAD230C01002BE9D71200CBDFF5
:105250000009FDE1AFC9E9FFB0C9EAFFEFCFABF943
:10526000D9DF0901AFC9E9FFB0C9EAFFAF2B000ED2
:10527000B023EF50ECE11200B6DF0009FDE1B1C947
:10528000F6FFB2C9F7FFB3C9F8FF0800F5CFABF9D5
:10529000C1DF0901B1C9F6FFB12BB2C9F7FF000E9A
:1052A000B223B3C9F8FFB3230800F550E5E11200BB
:1052B0008D929692C2EFA9F08D9096908D929692D3
:1052C00061D89680280E65D896820A0EC9EFA9F09B
:1052D0000B01080E1A6F29CB19FB8D908D9219378F
:1052E000D8A00ED096909682140EE66E8FECADF09C
:1052F000E5529680140EE66E8FECADF0E5520DD0BF
:1053000096909692140EE66E8FECADF0E552968074
:10531000140EE66E8FECADF0E5520B011A070B018F
:105320001A51DDE19690140EE66E8FECADF0E55269
:105330009680000E00D012000B01080E1A6F8D909F
:105340009690968222D80B01199F1947199184B221
:1053500019810B011A07F4E10B011951016A19CBEC
:10536000F3FF01C0F4FF12008D90969096920DD835
:1053700084B2FF0C000C8D909690968206D884B271
:10538000FF0C000C140EC9EFA9F0FCDF9680C2EFF1
:10539000A9F0E66E8FECADF0E55212000701005166
:1053A000030A53E0010A36E0030A04E0010A01E0BF
:1053B0001200120037EC38F0000962E08150010B56
:1053C000300F0701466F310E456F446F436F0F0179
:1053D000B10E006F900E016F000E026F1E81010E64
:1053E000096F070E0A6F860E126F900E136F000E74
:1053F000146F1E8D6D0E156F900E166F000E176FC9
:105400001E8F150E1B6F070E1C6FC8EC3DF00701B9
:10541000002B1200CBEC3DF0000932E18A98070125
:10542000002BCEECAAF026C0FCF927C0FDF928C05D
:10543000FEF929C0FFF952EC38F0F350F41002E005
:10544000000E01D0010EF36E1200CEECAAF009019D
:10545000FC51265C006EFD512758016EFE51285804
:10546000026EFF512958036ED880F20E00549E0E32
:105470000154000E0254000E035402E20701006BB7
:1054800012000B012D51010A3AE0010A01E012005D
:1054900081B068D0CEECAAF00B010051265C006E02
:1054A00001512758016E02512858026E03512958A4
:1054B000036ED880F20E00549E0E0154000E02546A
:1054C000000E03544FE277EC98F0000901E112005E
:1054D000CEECAAF026C000FB27C001FB28C002FBCF
:1054E00029C003FB09015B0E5C6F900E5D6F000E1F
:1054F0005E6F89EC97F00B01010E2D6F120096EC98
:1055000097F026C00AFC27C00BFC28C00CFC29C061
:105510000DFCFE0E0C0126180AE1E8680B1907E1E4
:10552000E8680C1904E1E8680D1901E11200E86867
:105530000A1909E1E8680B1906E1E8680C1903E1AA
:10554000E8680D190BE0FD0E0A1908E1E8680B196F
:1055500005E1E8680C1902E1E8680D190B012D6BF3
:105560007CEC98F01200D76AD66AF194F294F28A31
:10557000870ED56E1200F28A0000F29AD6CFC0F9DB
:10558000D7CFC1F90CCBC2F90DCBC3F90ECBC4F9FF
:105590000FCBC5F9F2B4EFD7F28A1200ECDFC0C925
:1055A000ABFCC1C9ACFCC2C9ADFCC3C9AEFCABCC41
:1055B00026F0ACCC27F0ADCC28F0AECC29F0120010
:1055C000DADFC1C982FCC2C983FCC3C984FCC4C977
:1055D00085FC82CC26F083CC27F084CC28F085CCC7
:1055E00029F01200C8DFC2C934FCC3C935FCC4C9E4
:1055F00036FCC5C937FC34CC26F035CC27F036CC88
:1056000028F037CC29F01200C6C926F0C7C927F008
:10561000C8C928F0C9C929F0140E2626000E272271
:1056200028222922280E2B6E2C6A2D6A2E6ACCEF96
:10563000ACF0F2A407D00B010C2B000E0D230E23AF
:105640000F23F2941200C9CF40FC9E96C69EF7C766
:10565000C9FFC6BEFF0C9EA6FED7000C0701FA517B
:105660000FE04AD8E66E0701F8C7E9FFF9C7EAFF7D
:10567000F82B000EF923E552E750EF6EFA07EED74C
:105680001200C69A1200FBC7E9FFFCC7EAFFEF5001
:105690000DE00701FBC7E9FFFCC7EAFFFB2B000E8B
:1056A000FC23EF50C96EC7B0EED7FDD712003F0EF6
:1056B000C716C66A0701FD51C612FF51C712FE5137
:1056C000030A09E0010A04E0020A06E1C78C04D0DB
:1056D000C78CC68801D0C688FD51050A03E0010ABF
:1056E00003E1978E948601D094969488949AC68A02
:1056F0001200C7B0010C000CC9CF40FC9E96C96ACD
:105700009EA6FED7C9501200200EAC6E900EAB6E56
:105710007E86AC8418D8080ED8900332023201324B
:105720000032E806F9E100507F6E0DD80050AF6EF0
:1057300012009EAA02D0AE501200000C9EA8FED706
:10574000FFC6ADFF1200FBC604F0FCC605F0FDC6A7
:1057500006F0FEC607F0D890073206320532043252
:105760001A0E0426F20E05229E0E0622000E0722B5
:1057700004C026F005C027F006C028F007C029F0B5
:10578000FBC62BF0FCC62CF0FDC62DF0FEC62EF09D
:10579000CCECACF026C000F027C001F028C002F02D
:1057A00029C003F00006000E015A025A035A1200E3
:1057B0002A0EF66E000EF76E000EF86E020109005A
:1057C000F550FB6F0900F550FC6F03E1FB6701D05A
:1057D0003DD00900F550F66F0900F550F76F09004C
:1057E000F550F86F09000900F550E96E0900F55011
:1057F000EA6E090009000900F550F96F0900F5503B
:10580000FA6F09000900F6CFFDF2F7CFFEF2F8CFEC
:10581000FFF2F6C2F6FFF7C2F7FFF8C2F8FF020187
:10582000F95302E1FA5307E00900F550EE6EF9076B
:10583000F8E2FA07F9D7FDC2F6FFFEC2F7FFFFC292
:10584000F8FF0201FB07000EFC5BBFD712000D0A38
:10585000004089003C89003789003389002F890086
:105860002B89002789002389001F89001B890017C5
:105870008900138900088900FE8800FE8800FE88E0
:1058800000F58800EC8800E28800D88800CD880008
:10589000B98800AC8800AB8800868800868800281C
:1058A0008800A787000987009C86002C8600C68593
:1058B00000A68400AB8800F98300268300F48200F0
:1058C0009D820095820086820076820026502B02FF
:1058D000F3CF22F0F4CF23F02C02F3502326000E56
:1058E000F420246E26502D02F3502426000EF420BE
:1058F000256E26502E02F350252627502B02F350FA
:105900002326F4502422000E252227502C02F35087
:105910002426F450252227502D02F3502526285006
:105920002B02F3502426F450252228502C02F35049
:10593000252629502B02F350252612000B01080EB4
:105940001A6F8B9694969488010EE66E8FECADF0EC
:10595000E55294860000000082B608D09AECADF0C3
:10596000000904E0FE0EF36EF46815D00B01199FD8
:1059700019470B01199182A802D00B0119810B0163
:105980001A07E0E10B011951006E016A00C0F3FF34
:1059900001C0F4FF00D01200256A246A236A226A3B
:1059A000200EE76ED890263627362836293622363E
:1059B0002336243625362B50225C2C5023582D506C
:1059C00024582E50255809E32B50225E2C50235A80
:1059D0002D50245A2E50255A262AE72EE4D712009D
:1059E00096948D840701FF6B0701FE6B0701FD6B29
:1059F00057EFABF08EAE12008D94F7C9F7F723EC9A
:105A0000ABF08D8412008EAE12008D94FAC9FAF7B5
:105A1000F8C9F8F7F9C9F9F72EECABF08D8412004C
:105A200000007D0064000100140014000200C800A2
:105A300096000500C80001000700000100010800F1
:105A4000C800C8000800C800C8000900C800C80095
:105A50000A00190014002F7365617263683F617357
:105A60005F713D4D6963726F636869702661735F32
:105A7000736974657365617263683D6D6963726FA4
:105A8000636869702E636F6D00FF256A246A100ECB
:105A9000E76ED89028362936243625362D50245CDA
:105AA0002E50255805E32D50245E2E50255A282AC5
:105AB000E72EF0D71200800EF36E00EE00F00E0E0F
:105AC00007D8600EF36E0FEE00F00F0E01D8120033
:105AD000EA6002D0EE6AFCD7F350E9601200EE6A89
:105AE000FCD7FF0EE350346E480E01D04C0EE76E2B
:105AF000E72EFED7E76AE72EFED7342EF7D7000051
:105B000012001DEE00F02DEE00F0F86A219CD8EC9A
:105B1000ABF0B0ECADF095EC7BF0FBD71200FF0ED4
:105B2000E350E84E1200000000D000D000D0E82E74
:105B3000FAD71200030EE66E8FECADF0E55282A6A6
:105B4000FE0C000C7777772E676F6F676C652E639E
:105B50006F6D000004A3000001757000646E00000A
:105B60001200FFFF000600064106410600FE00008D
:105B70000000FEFEFEFE000000000000000000002D
:105B8000FF00006A6F654070696373617265676FDB
:105B90006F642E636F6D004D657373616765206779
:105BA000656E6572617465642062792073746163E7
:105BB0006B2076352E3432200D0A0D0A427574742E
:105BC0006F6E733A203332313000FE000000000067
:105BD0000000000000000000000000009E9FFE4149
:105BE000007777772E676F6F676C652E636F6D0038
:105BF0005000FE04FF0007FF01010000000000004C
:105C0000000A0A0A0A0A0A0A0A0A0A0A000A0A0A08
:105C10000A0A0A0A0A0A0A0A000000000000000034
:105C200000000000474554202F7365617263683F90
:105C300061735F713D4D6963726F6368697026615E
:105C4000735F736974657365617263683D6D6963E1
:105C5000726F636869702E636F6D20485454502FC3
:105C6000312E300D0A486F73743A207777772E679C
:105C70006F6F676C652E636F6D0D0A436F6E6E6597
:105C80006374696F6E3A20636C6F73650D0A0D0A59
:105C9000000700040000FFFFFFFFFFFFFFFFFFFF03
:105CA000FFFFFFFFFFFFFFFFFFFFFFFFFFFFFFFF04
:105CB000FFFFFFFFFFFFFFFFFFFFFFFFFFFFFFFFF4
:105CC000FFFFFFFFFFFFFFFFFFFFFFFFFFFFFFFFE4
:105CD000FFFFFFFFFFFFFFFFFFFFFFFFFFFFFFFFD4
:105CE000FFFFFFFFFFFFFFFFFFFFFFFFFFFFFFFFC4
:105CF000FFFFFFFFFFFFFFFFFFFFFFFFFFFFFFFFB4
:105D0000FFFFFFFFFFFFFFFFFFFFFFFFFFFFFFFFA3
:105D1000FFFFFFFFFFFFFFFFFFFFFFFFFFFFFFFF93
:105D2000FFFFFFFFFFFFFFFFFFFFFFFFFFFFFFFF83
:105D3000FFFFFFFFFFFFFFFFFFFFFFFFFFFFFFFF73
:105D4000FFFFFFFFFFFFFFFFFFFFFFFFFFFFFFFF63
:105D5000FFFFFFFFFFFFFFFFFFFFFFFFFFFFFFFF53
:105D6000FFFFFFFFFFFFFFFFFFFFFFFFFFFFFFFF43
:105D7000FFFFFFFFFFFFFFFFFFFFFFFFFFFFFFFF33
:105D8000FFFFFFFFFFFFFFFFFFFFFFFFFFFFFFFF23
:105D9000FFFFFFFFFFFFFFFFFFFFFFFFFFFFFFFF13
:105DA000FFFFFFFFFFFFFFFFFFFFFFFFFFFFFFFF03
:105DB000FFFFFFFFFFFFFFFFFFFFFFFFFFFFFFFFF3
:105DC000FFFFFFFFFFFFFFFFFFFFFFFFFFFFFFFFE3
:105DD000FFFFFFFFFFFFFFFFFFFFFFFFFFFFFFFFD3
:105DE000FFFFFFFFFFFFFFFFFFFFFFFFFFFFFFFFC3
:105DF000FFFFFFFFFFFFFFFFFFFFFFFFFFFFFFFFB3
:105E0000FFFFFFFFFFFFFFFFFFFFFFFFFFFFFFFFA2
:105E1000FFFFFFFFFFFFFFFFFFFFFFFFFFFFFFFF92
:105E2000FFFFFFFFFFFFFFFFFFFFFFFFFFFFFFFF82
:105E3000FFFFFFFFFFFFFFFFFFFFFFFFFFFFFFFF72
:105E4000FFFFFFFFFFFFFFFFFFFFFFFFFFFFFFFF62
:105E5000FFFFFFFFFFFFFFFFFFFFFFFFFFFFFFFF52
:105E6000FFFFFFFFFFFFFFFFFFFFFFFFFFFFFFFF42
:105E7000FFFFFFFFFFFFFFFFFFFFFFFFFFFFFFFF32
:105E8000FFFFFFFFFFFFFFFFFFFFFFFFFFFFFFFF22
:105E9000FFFFFFFFFFFFFFFFFFFFFFFFFFFFFFFF12
:105EA000FFFFFFFFFFFFFFFFFFFFFFFFFFFFFFFF02
:105EB000FFFFFFFFFFFFFFFFFFFFFFFFFFFFFFFFF2
:105EC000FFFFFFFFFFFFFFFFFFFFFFFFFFFFFFFFE2
:105ED000FFFFFFFFFFFFFFFFFFFFFFFFFFFFFFFFD2
:105EE000FFFFFFFFFFFFFFFFFFFFFFFFFFFFFFFFC2
:105EF000FFFFFFFFFFFFFFFFFFFFFFFFFFFFFFFFB2
:105F0000FFFFFFFFFFFFFFFFFFFFFFFFFFFFFFFFA1
:105F1000FFFFFFFFFFFFFFFFFFFFFFFFFFFFFFFF91
:105F2000FFFFFFFFFFFFFFFFFFFFFFFFFFFFFFFF81
:105F3000FFFFFFFFFFFFFFFFFFFFFFFFFFFFFFFF71
:105F4000FFFFFFFFFFFFFFFFFFFFFFFFFFFFFFFF61
:105F5000FFFFFFFFFFFFFFFFFFFFFFFFFFFFFFFF51
:105F6000FFFFFFFFFFFFFFFFFFFFFFFFFFFFFFFF41
:105F7000FFFFFFFFFFFFFFFFFFFFFFFFFFFFFFFF31
:105F8000FFFFFFFFFFFFFFFFFFFFFFFFFFFFFFFF21
:105F9000FFFFFFFFFFFFFFFFFFFFFFFFFFFFFFFF11
:105FA000FFFFFFFFFFFFFFFFFFFFFFFFFFFFFFFF01
:105FB000FFFFFFFFFFFFFFFFFFFFFFFFFFFFFFFFF1
:105FC000FFFFFFFFFFFFFFFFFFFFFFFFFFFFFFFFE1
:105FD000FFFFFFFFFFFFFFFFFFFFFFFFFFFFFFFFD1
:105FE000FFFFFFFFFFFFFFFFFFFFFFFFFFFFFFFFC1
:105FF000FFFFFFFFFFFFFFFFFFFFFFFFFFFFFFFFB1
:10600000FFFFFFFFFFFFFFFFFFFFFFFFFFFFFFFFA0
:10601000FFFFFFFFFFFFFFFFFFFFFFFFFFFFFFFF90
:10602000FFFFFFFFFFFFFFFFFFFFFFFFFFFFFFFF80
:10603000FFFFFFFFFFFFFFFFFFFFFFFFFFFFFFFF70
:10604000FFFFFFFFFFFFFFFFFFFFFFFFFFFFFFFF60
:10605000FFFFFFFFFFFFFFFFFFFFFFFFFFFFFFFF50
:10606000FFFFFFFFFFFFFFFFFFFFFFFFFFFFFFFF40
:10607000FFFFFFFFFFFFFFFFFFFFFFFFFFFFFFFF30
:10608000FFFFFFFFFFFFFFFFFFFFFFFFFFFFFFFF20
:10609000FFFFFFFFFFFFFFFFFFFFFFFFFFFFFFFF10
:1060A000FFFFFFFFFFFFFFFFFFFFFFFFFFFFFFFF00
:1060B000FFFFFFFFFFFFFFFFFFFFFFFFFFFFFFFFF0
:1060C000FFFFFFFFFFFFFFFFFFFFFFFFFFFFFFFFE0
:1060D000FFFFFFFFFFFFFFFFFFFFFFFFFFFFFFFFD0
:1060E000FFFFFFFFFFFFFFFFFFFFFFFFFFFFFFFFC0
:1060F000FFFFFFFFFFFFFFFFFFFFFFFFFFFFFFFFB0
:10610000FFFFFFFFFFFFFFFFFFFFFFFFFFFFFFFF9F
:10611000FFFFFFFFFFFFFFFFFFFFFFFFFFFFFFFF8F
:10612000FFFFFFFFFFFFFFFFFFFFFFFFFFFFFFFF7F
:10613000FFFFFFFFFFFFFFFFFFFFFFFFFFFFFFFF6F
:10614000FFFFFFFFFFFFFFFFFFFFFFFFFFFFFFFF5F
:10615000FFFFFFFFFFFFFFFFFFFFFFFFFFFFFFFF4F
:10616000FFFFFFFFFFFFFFFFFFFFFFFFFFFFFFFF3F
:10617000FFFFFFFFFFFFFFFFFFFFFFFFFFFFFFFF2F
:10618000FFFFFFFFFFFFFFFFFFFFFFFFFFFFFFFF1F
:10619000FFFFFFFFFFFFFFFFFFFFFFFFFFFFFFFF0F
:1061A000FFFFFFFFFFFFFFFFFFFFFFFFFFFFFFFFFF
:1061B000FFFFFFFFFFFFFFFFFFFFFFFFFFFFFFFFEF
:1061C000FFFFFFFFFFFFFFFFFFFFFFFFFFFFFFFFDF
:1061D000FFFFFFFFFFFFFFFFFFFFFFFFFFFFFFFFCF
:1061E000FFFFFFFFFFFFFFFFFFFFFFFFFFFFFFFFBF
:1061F000FFFFFFFFFFFFFFFFFFFFFFFFFFFFFFFFAF
:10620000FFFFFFFFFFFFFFFFFFFFFFFFFFFFFFFF9E
:10621000FFFFFFFFFFFFFFFFFFFFFFFFFFFFFFFF8E
:10622000FFFFFFFFFFFFFFFFFFFFFFFFFFFFFFFF7E
:10623000FFFFFFFFFFFFFFFFFFFFFFFFFFFFFFFF6E
:10624000FFFFFFFFFFFFFFFFFFFFFFFFFFFFFFFF5E
:10625000FFFFFFFFFFFFFFFFFFFFFFFFFFFFFFFF4E
:10626000FFFFFFFFFFFFFFFFFFFFFFFFFFFFFFFF3E
:10627000FFFFFFFFFFFFFFFFFFFFFFFFFFFFFFFF2E
:10628000FFFFFFFFFFFFFFFFFFFFFFFFFFFFFFFF1E
:10629000FFFFFFFFFFFFFFFFFFFFFFFFFFFFFFFF0E
:1062A000FFFFFFFFFFFFFFFFFFFFFFFFFFFFFFFFFE
:1062B000FFFFFFFFFFFFFFFFFFFFFFFFFFFFFFFFEE
:1062C000FFFFFFFFFFFFFFFFFFFFFFFFFFFFFFFFDE
:1062D000FFFFFFFFFFFFFFFFFFFFFFFFFFFFFFFFCE
:1062E000FFFFFFFFFFFFFFFFFFFFFFFFFFFFFFFFBE
:1062F000FFFFFFFFFFFFFFFFFFFFFFFFFFFFFFFFAE
:10630000FFFFFFFFFFFFFFFFFFFFFFFFFFFFFFFF9D
:10631000FFFFFFFFFFFFFFFFFFFFFFFFFFFFFFFF8D
:10632000FFFFFFFFFFFFFFFFFFFFFFFFFFFFFFFF7D
:10633000FFFFFFFFFFFFFFFFFFFFFFFFFFFFFFFF6D
:10634000FFFFFFFFFFFFFFFFFFFFFFFFFFFFFFFF5D
:10635000FFFFFFFFFFFFFFFFFFFFFFFFFFFFFFFF4D
:10636000FFFFFFFFFFFFFFFFFFFFFFFFFFFFFFFF3D
:10637000FFFFFFFFFFFFFFFFFFFFFFFFFFFFFFFF2D
:10638000FFFFFFFFFFFFFFFFFFFFFFFFFFFFFFFF1D
:10639000FFFFFFFFFFFFFFFFFFFFFFFFFFFFFFFF0D
:1063A000FFFFFFFFFFFFFFFFFFFFFFFFFFFFFFFFFD
:1063B000FFFFFFFFFFFFFFFFFFFFFFFFFFFFFFFFED
:1063C000FFFFFFFFFFFFFFFFFFFFFFFFFFFFFFFFDD
:1063D000FFFFFFFFFFFFFFFFFFFFFFFFFFFFFFFFCD
:1063E000FFFFFFFFFFFFFFFFFFFFFFFFFFFFFFFFBD
:1063F000FFFFFFFFFFFFFFFFFFFFFFFFFFFFFFFFAD
:10640000FFFFFFFFFFFFFFFFFFFFFFFFFFFFFFFF9C
:10641000FFFFFFFFFFFFFFFFFFFFFFFFFFFFFFFF8C
:10642000FFFFFFFFFFFFFFFFFFFFFFFFFFFFFFFF7C
:10643000FFFFFFFFFFFFFFFFFFFFFFFFFFFFFFFF6C
:10644000FFFFFFFFFFFFFFFFFFFFFFFFFFFFFFFF5C
:10645000FFFFFFFFFFFFFFFFFFFFFFFFFFFFFFFF4C
:10646000FFFFFFFFFFFFFFFFFFFFFFFFFFFFFFFF3C
:10647000FFFFFFFFFFFFFFFFFFFFFFFFFFFFFFFF2C
:10648000FFFFFFFFFFFFFFFFFFFFFFFFFFFFFFFF1C
:10649000FFFFFFFFFFFFFFFFFFFFFFFFFFFFFFFF0C
:1064A000FFFFFFFFFFFFFFFFFFFFFFFFFFFFFFFFFC
:1064B000FFFFFFFFFFFFFFFFFFFFFFFFFFFFFFFFEC
:1064C000FFFFFFFFFFFFFFFFFFFFFFFFFFFFFFFFDC
:1064D000FFFFFFFFFFFFFFFFFFFFFFFFFFFFFFFFCC
:1064E000FFFFFFFFFFFFFFFFFFFFFFFFFFFFFFFFBC
:1064F000FFFFFFFFFFFFFFFFFFFFFFFFFFFFFFFFAC
:10650000FFFFFFFFFFFFFFFFFFFFFFFFFFFFFFFF9B
:10651000FFFFFFFFFFFFFFFFFFFFFFFFFFFFFFFF8B
:10652000FFFFFFFFFFFFFFFFFFFFFFFFFFFFFFFF7B
:10653000FFFFFFFFFFFFFFFFFFFFFFFFFFFFFFFF6B
:10654000FFFFFFFFFFFFFFFFFFFFFFFFFFFFFFFF5B
:10655000FFFFFFFFFFFFFFFFFFFFFFFFFFFFFFFF4B
:10656000FFFFFFFFFFFFFFFFFFFFFFFFFFFFFFFF3B
:10657000FFFFFFFFFFFFFFFFFFFFFFFFFFFFFFFF2B
:10658000FFFFFFFFFFFFFFFFFFFFFFFFFFFFFFFF1B
:10659000FFFFFFFFFFFFFFFFFFFFFFFFFFFFFFFF0B
:1065A000FFFFFFFFFFFFFFFFFFFFFFFFFFFFFFFFFB
:1065B000FFFFFFFFFFFFFFFFFFFFFFFFFFFFFFFFEB
:1065C000FFFFFFFFFFFFFFFFFFFFFFFFFFFFFFFFDB
:1065D000FFFFFFFFFFFFFFFFFFFFFFFFFFFFFFFFCB
:1065E000FFFFFFFFFFFFFFFFFFFFFFFFFFFFFFFFBB
:1065F000FFFFFFFFFFFFFFFFFFFFFFFFFFFFFFFFAB
:10660000FFFFFFFFFFFFFFFFFFFFFFFFFFFFFFFF9A
:10661000FFFFFFFFFFFFFFFFFFFFFFFFFFFFFFFF8A
:10662000FFFFFFFFFFFFFFFFFFFFFFFFFFFFFFFF7A
:10663000FFFFFFFFFFFFFFFFFFFFFFFFFFFFFFFF6A
:10664000FFFFFFFFFFFFFFFFFFFFFFFFFFFFFFFF5A
:10665000FFFFFFFFFFFFFFFFFFFFFFFFFFFFFFFF4A
:10666000FFFFFFFFFFFFFFFFFFFFFFFFFFFFFFFF3A
:10667000FFFFFFFFFFFFFFFFFFFFFFFFFFFFFFFF2A
:10668000FFFFFFFFFFFFFFFFFFFFFFFFFFFFFFFF1A
:10669000FFFFFFFFFFFFFFFFFFFFFFFFFFFFFFFF0A
:1066A000FFFFFFFFFFFFFFFFFFFFFFFFFFFFFFFFFA
:1066B000FFFFFFFFFFFFFFFFFFFFFFFFFFFFFFFFEA
:1066C000FFFFFFFFFFFFFFFFFFFFFFFFFFFFFFFFDA
:1066D000FFFFFFFFFFFFFFFFFFFFFFFFFFFFFFFFCA
:1066E000FFFFFFFFFFFFFFFFFFFFFFFFFFFFFFFFBA
:1066F000FFFFFFFFFFFFFFFFFFFFFFFFFFFFFFFFAA
:10670000FFFFFFFFFFFFFFFFFFFFFFFFFFFFFFFF99
:10671000FFFFFFFFFFFFFFFFFFFFFFFFFFFFFFFF89
:10672000FFFFFFFFFFFFFFFFFFFFFFFFFFFFFFFF79
:10673000FFFFFFFFFFFFFFFFFFFFFFFFFFFFFFFF69
:10674000FFFFFFFFFFFFFFFFFFFFFFFFFFFFFFFF59
:10675000FFFFFFFFFFFFFFFFFFFFFFFFFFFFFFFF49
:10676000FFFFFFFFFFFFFFFFFFFFFFFFFFFFFFFF39
:10677000FFFFFFFFFFFFFFFFFFFFFFFFFFFFFFFF29
:10678000FFFFFFFFFFFFFFFFFFFFFFFFFFFFFFFF19
:10679000FFFFFFFFFFFFFFFFFFFFFFFFFFFFFFFF09
:1067A000FFFFFFFFFFFFFFFFFFFFFFFFFFFFFFFFF9
:1067B000FFFFFFFFFFFFFFFFFFFFFFFFFFFFFFFFE9
:1067C000FFFFFFFFFFFFFFFFFFFFFFFFFFFFFFFFD9
:1067D000FFFFFFFFFFFFFFFFFFFFFFFFFFFFFFFFC9
:1067E000FFFFFFFFFFFFFFFFFFFFFFFFFFFFFFFFB9
:1067F000FFFFFFFFFFFFFFFFFFFFFFFFFFFFFFFFA9
:10680000FFFFFFFFFFFFFFFFFFFFFFFFFFFFFFFF98
:10681000FFFFFFFFFFFFFFFFFFFFFFFFFFFFFFFF88
:10682000FFFFFFFFFFFFFFFFFFFFFFFFFFFFFFFF78
:10683000FFFFFFFFFFFFFFFFFFFFFFFFFFFFFFFF68
:10684000FFFFFFFFFFFFFFFFFFFFFFFFFFFFFFFF58
:10685000FFFFFFFFFFFFFFFFFFFFFFFFFFFFFFFF48
:10686000FFFFFFFFFFFFFFFFFFFFFFFFFFFFFFFF38
:10687000FFFFFFFFFFFFFFFFFFFFFFFFFFFFFFFF28
:10688000FFFFFFFFFFFFFFFFFFFFFFFFFFFFFFFF18
:10689000FFFFFFFFFFFFFFFFFFFFFFFFFFFFFFFF08
:1068A000FFFFFFFFFFFFFFFFFFFFFFFFFFFFFFFFF8
:1068B000FFFFFFFFFFFFFFFFFFFFFFFFFFFFFFFFE8
:1068C000FFFFFFFFFFFFFFFFFFFFFFFFFFFFFFFFD8
:1068D000FFFFFFFFFFFFFFFFFFFFFFFFFFFFFFFFC8
:1068E000FFFFFFFFFFFFFFFFFFFFFFFFFFFFFFFFB8
:1068F000FFFFFFFFFFFFFFFFFFFFFFFFFFFFFFFFA8
:10690000FFFFFFFFFFFFFFFFFFFFFFFFFFFFFFFF97
:10691000FFFFFFFFFFFFFFFFFFFFFFFFFFFFFFFF87
:10692000FFFFFFFFFFFFFFFFFFFFFFFFFFFFFFFF77
:10693000FFFFFFFFFFFFFFFFFFFFFFFFFFFFFFFF67
:10694000FFFFFFFFFFFFFFFFFFFFFFFFFFFFFFFF57
:10695000FFFFFFFFFFFFFFFFFFFFFFFFFFFFFFFF47
:10696000FFFFFFFFFFFFFFFFFFFFFFFFFFFFFFFF37
:10697000FFFFFFFFFFFFFFFFFFFFFFFFFFFFFFFF27
:10698000FFFFFFFFFFFFFFFFFFFFFFFFFFFFFFFF17
:10699000FFFFFFFFFFFFFFFFFFFFFFFFFFFFFFFF07
:1069A000FFFFFFFFFFFFFFFFFFFFFFFFFFFFFFFFF7
:1069B000FFFFFFFFFFFFFFFFFFFFFFFFFFFFFFFFE7
:1069C000FFFFFFFFFFFFFFFFFFFFFFFFFFFFFFFFD7
:1069D000FFFFFFFFFFFFFFFFFFFFFFFFFFFFFFFFC7
:1069E000FFFFFFFFFFFFFFFFFFFFFFFFFFFFFFFFB7
:1069F000FFFFFFFFFFFFFFFFFFFFFFFFFFFFFFFFA7
:106A0000FFFFFFFFFFFFFFFFFFFFFFFFFFFFFFFF96
:106A1000FFFFFFFFFFFFFFFFFFFFFFFFFFFFFFFF86
:106A2000FFFFFFFFFFFFFFFFFFFFFFFFFFFFFFFF76
:106A3000FFFFFFFFFFFFFFFFFFFFFFFFFFFFFFFF66
:106A4000FFFFFFFFFFFFFFFFFFFFFFFFFFFFFFFF56
:106A5000FFFFFFFFFFFFFFFFFFFFFFFFFFFFFFFF46
:106A6000FFFFFFFFFFFFFFFFFFFFFFFFFFFFFFFF36
:106A7000FFFFFFFFFFFFFFFFFFFFFFFFFFFFFFFF26
:106A8000FFFFFFFFFFFFFFFFFFFFFFFFFFFFFFFF16
:106A9000FFFFFFFFFFFFFFFFFFFFFFFFFFFFFFFF06
:106AA000FFFFFFFFFFFFFFFFFFFFFFFFFFFFFFFFF6
:106AB000FFFFFFFFFFFFFFFFFFFFFFFFFFFFFFFFE6
:106AC000FFFFFFFFFFFFFFFFFFFFFFFFFFFFFFFFD6
:106AD000FFFFFFFFFFFFFFFFFFFFFFFFFFFFFFFFC6
:106AE000FFFFFFFFFFFFFFFFFFFFFFFFFFFFFFFFB6
:106AF000FFFFFFFFFFFFFFFFFFFFFFFFFFFFFFFFA6
:106B0000FFFFFFFFFFFFFFFFFFFFFFFFFFFFFFFF95
:106B1000FFFFFFFFFFFFFFFFFFFFFFFFFFFFFFFF85
:106B2000FFFFFFFFFFFFFFFFFFFFFFFFFFFFFFFF75
:106B3000FFFFFFFFFFFFFFFFFFFFFFFFFFFFFFFF65
:106B4000FFFFFFFFFFFFFFFFFFFFFFFFFFFFFFFF55
:106B5000FFFFFFFFFFFFFFFFFFFFFFFFFFFFFFFF45
:106B6000FFFFFFFFFFFFFFFFFFFFFFFFFFFFFFFF35
:106B7000FFFFFFFFFFFFFFFFFFFFFFFFFFFFFFFF25
:106B8000FFFFFFFFFFFFFFFFFFFFFFFFFFFFFFFF15
:106B9000FFFFFFFFFFFFFFFFFFFFFFFFFFFFFFFF05
:106BA000FFFFFFFFFFFFFFFFFFFFFFFFFFFFFFFFF5
:106BB000FFFFFFFFFFFFFFFFFFFFFFFFFFFFFFFFE5
:106BC000FFFFFFFFFFFFFFFFFFFFFFFFFFFFFFFFD5
:106BD000FFFFFFFFFFFFFFFFFFFFFFFFFFFFFFFFC5
:106BE000FFFFFFFFFFFFFFFFFFFFFFFFFFFFFFFFB5
:106BF000FFFFFFFFFFFFFFFFFFFFFFFFFFFFFFFFA5
:106C0000FFFFFFFFFFFFFFFFFFFFFFFFFFFFFFFF94
:106C1000FFFFFFFFFFFFFFFFFFFFFFFFFFFFFFFF84
:106C2000FFFFFFFFFFFFFFFFFFFFFFFFFFFFFFFF74
:106C3000FFFFFFFFFFFFFFFFFFFFFFFFFFFFFFFF64
:106C4000FFFFFFFFFFFFFFFFFFFFFFFFFFFFFFFF54
:106C5000FFFFFFFFFFFFFFFFFFFFFFFFFFFFFFFF44
:106C6000FFFFFFFFFFFFFFFFFFFFFFFFFFFFFFFF34
:106C7000FFFFFFFFFFFFFFFFFFFFFFFFFFFFFFFF24
:106C8000FFFFFFFFFFFFFFFFFFFFFFFFFFFFFFFF14
:106C9000FFFFFFFFFFFFFFFFFFFFFFFFFFFFFFFF04
:106CA000FFFFFFFFFFFFFFFFFFFFFFFFFFFFFFFFF4
:106CB000FFFFFFFFFFFFFFFFFFFFFFFFFFFFFFFFE4
:106CC000FFFFFFFFFFFFFFFFFFFFFFFFFFFFFFFFD4
:106CD000FFFFFFFFFFFFFFFFFFFFFFFFFFFFFFFFC4
:106CE000FFFFFFFFFFFFFFFFFFFFFFFFFFFFFFFFB4
:106CF000FFFFFFFFFFFFFFFFFFFFFFFFFFFFFFFFA4
:106D0000FFFFFFFFFFFFFFFFFFFFFFFFFFFFFFFF93
:106D1000FFFFFFFFFFFFFFFFFFFFFFFFFFFFFFFF83
:106D2000FFFFFFFFFFFFFFFFFFFFFFFFFFFFFFFF73
:106D3000FFFFFFFFFFFFFFFFFFFFFFFFFFFFFFFF63
:106D4000FFFFFFFFFFFFFFFFFFFFFFFFFFFFFFFF53
:106D5000FFFFFFFFFFFFFFFFFFFFFFFFFFFFFFFF43
:106D6000FFFFFFFFFFFFFFFFFFFFFFFFFFFFFFFF33
:106D7000FFFFFFFFFFFFFFFFFFFFFFFFFFFFFFFF23
:106D8000FFFFFFFFFFFFFFFFFFFFFFFFFFFFFFFF13
:106D9000FFFFFFFFFFFFFFFFFFFFFFFFFFFFFFFF03
:106DA000FFFFFFFFFFFFFFFFFFFFFFFFFFFFFFFFF3
:106DB000FFFFFFFFFFFFFFFFFFFFFFFFFFFFFFFFE3
:106DC000FFFFFFFFFFFFFFFFFFFFFFFFFFFFFFFFD3
:106DD000FFFFFFFFFFFFFFFFFFFFFFFFFFFFFFFFC3
:106DE000FFFFFFFFFFFFFFFFFFFFFFFFFFFFFFFFB3
:106DF000FFFFFFFFFFFFFFFFFFFFFFFFFFFFFFFFA3
:106E0000FFFFFFFFFFFFFFFFFFFFFFFFFFFFFFFF92
:106E1000FFFFFFFFFFFFFFFFFFFFFFFFFFFFFFFF82
:106E2000FFFFFFFFFFFFFFFFFFFFFFFFFFFFFFFF72
:106E3000FFFFFFFFFFFFFFFFFFFFFFFFFFFFFFFF62
:106E4000FFFFFFFFFFFFFFFFFFFFFFFFFFFFFFFF52
:106E5000FFFFFFFFFFFFFFFFFFFFFFFFFFFFFFFF42
:106E6000FFFFFFFFFFFFFFFFFFFFFFFFFFFFFFFF32
:106E7000FFFFFFFFFFFFFFFFFFFFFFFFFFFFFFFF22
:106E8000FFFFFFFFFFFFFFFFFFFFFFFFFFFFFFFF12
:106E9000FFFFFFFFFFFFFFFFFFFFFFFFFFFFFFFF02
:106EA000FFFFFFFFFFFFFFFFFFFFFFFFFFFFFFFFF2
:106EB000FFFFFFFFFFFFFFFFFFFFFFFFFFFFFFFFE2
:106EC000FFFFFFFFFFFFFFFFFFFFFFFFFFFFFFFFD2
:106ED000FFFFFFFFFFFFFFFFFFFFFFFFFFFFFFFFC2
:106EE000FFFFFFFFFFFFFFFFFFFFFFFFFFFFFFFFB2
:106EF000FFFFFFFFFFFFFFFFFFFFFFFFFFFFFFFFA2
:106F0000FFFFFFFFFFFFFFFFFFFFFFFFFFFFFFFF91
:106F1000FFFFFFFFFFFFFFFFFFFFFFFFFFFFFFFF81
:106F2000FFFFFFFFFFFFFFFFFFFFFFFFFFFFFFFF71
:106F3000FFFFFFFFFFFFFFFFFFFFFFFFFFFFFFFF61
:106F4000FFFFFFFFFFFFFFFFFFFFFFFFFFFFFFFF51
:106F5000FFFFFFFFFFFFFFFFFFFFFFFFFFFFFFFF41
:106F6000FFFFFFFFFFFFFFFFFFFFFFFFFFFFFFFF31
:106F7000FFFFFFFFFFFFFFFFFFFFFFFFFFFFFFFF21
:106F8000FFFFFFFFFFFFFFFFFFFFFFFFFFFFFFFF11
:106F9000FFFFFFFFFFFFFFFFFFFFFFFFFFFFFFFF01
:106FA000FFFFFFFFFFFFFFFFFFFFFFFFFFFFFFFFF1
:106FB000FFFFFFFFFFFFFFFFFFFFFFFFFFFFFFFFE1
:106FC000FFFFFFFFFFFFFFFFFFFFFFFFFFFFFFFFD1
:106FD000FFFFFFFFFFFFFFFFFFFFFFFFFFFFFFFFC1
:106FE000FFFFFFFFFFFFFFFFFFFFFFFFFFFFFFFFB1
:106FF000FFFFFFFFFFFFFFFFFFFFFFFFFFFFFFFFA1
:10700000FFFFFFFFFFFFFFFFFFFFFFFFFFFFFFFF90
:10701000FFFFFFFFFFFFFFFFFFFFFFFFFFFFFFFF80
:10702000FFFFFFFFFFFFFFFFFFFFFFFFFFFFFFFF70
:10703000FFFFFFFFFFFFFFFFFFFFFFFFFFFFFFFF60
:10704000FFFFFFFFFFFFFFFFFFFFFFFFFFFFFFFF50
:10705000FFFFFFFFFFFFFFFFFFFFFFFFFFFFFFFF40
:10706000FFFFFFFFFFFFFFFFFFFFFFFFFFFFFFFF30
:10707000FFFFFFFFFFFFFFFFFFFFFFFFFFFFFFFF20
:10708000FFFFFFFFFFFFFFFFFFFFFFFFFFFFFFFF10
:10709000FFFFFFFFFFFFFFFFFFFFFFFFFFFFFFFF00
:1070A000FFFFFFFFFFFFFFFFFFFFFFFFFFFFFFFFF0
:1070B000FFFFFFFFFFFFFFFFFFFFFFFFFFFFFFFFE0
:1070C000FFFFFFFFFFFFFFFFFFFFFFFFFFFFFFFFD0
:1070D000FFFFFFFFFFFFFFFFFFFFFFFFFFFFFFFFC0
:1070E000FFFFFFFFFFFFFFFFFFFFFFFFFFFFFFFFB0
:1070F000FFFFFFFFFFFFFFFFFFFFFFFFFFFFFFFFA0
:10710000FFFFFFFFFFFFFFFFFFFFFFFFFFFFFFFF8F
:10711000FFFFFFFFFFFFFFFFFFFFFFFFFFFFFFFF7F
:10712000FFFFFFFFFFFFFFFFFFFFFFFFFFFFFFFF6F
:10713000FFFFFFFFFFFFFFFFFFFFFFFFFFFFFFFF5F
:10714000FFFFFFFFFFFFFFFFFFFFFFFFFFFFFFFF4F
:10715000FFFFFFFFFFFFFFFFFFFFFFFFFFFFFFFF3F
:10716000FFFFFFFFFFFFFFFFFFFFFFFFFFFFFFFF2F
:10717000FFFFFFFFFFFFFFFFFFFFFFFFFFFFFFFF1F
:10718000FFFFFFFFFFFFFFFFFFFFFFFFFFFFFFFF0F
:10719000FFFFFFFFFFFFFFFFFFFFFFFFFFFFFFFFFF
:1071A000FFFFFFFFFFFFFFFFFFFFFFFFFFFFFFFFEF
:1071B000FFFFFFFFFFFFFFFFFFFFFFFFFFFFFFFFDF
:1071C000FFFFFFFFFFFFFFFFFFFFFFFFFFFFFFFFCF
:1071D000FFFFFFFFFFFFFFFFFFFFFFFFFFFFFFFFBF
:1071E000FFFFFFFFFFFFFFFFFFFFFFFFFFFFFFFFAF
:1071F000FFFFFFFFFFFFFFFFFFFFFFFFFFFFFFFF9F
:10720000FFFFFFFFFFFFFFFFFFFFFFFFFFFFFFFF8E
:10721000FFFFFFFFFFFFFFFFFFFFFFFFFFFFFFFF7E
:10722000FFFFFFFFFFFFFFFFFFFFFFFFFFFFFFFF6E
:10723000FFFFFFFFFFFFFFFFFFFFFFFFFFFFFFFF5E
:10724000FFFFFFFFFFFFFFFFFFFFFFFFFFFFFFFF4E
:10725000FFFFFFFFFFFFFFFFFFFFFFFFFFFFFFFF3E
:10726000FFFFFFFFFFFFFFFFFFFFFFFFFFFFFFFF2E
:10727000FFFFFFFFFFFFFFFFFFFFFFFFFFFFFFFF1E
:10728000FFFFFFFFFFFFFFFFFFFFFFFFFFFFFFFF0E
:10729000FFFFFFFFFFFFFFFFFFFFFFFFFFFFFFFFFE
:1072A000FFFFFFFFFFFFFFFFFFFFFFFFFFFFFFFFEE
:1072B000FFFFFFFFFFFFFFFFFFFFFFFFFFFFFFFFDE
:1072C000FFFFFFFFFFFFFFFFFFFFFFFFFFFFFFFFCE
:1072D000FFFFFFFFFFFFFFFFFFFFFFFFFFFFFFFFBE
:1072E000FFFFFFFFFFFFFFFFFFFFFFFFFFFFFFFFAE
:1072F000FFFFFFFFFFFFFFFFFFFFFFFFFFFFFFFF9E
:10730000FFFFFFFFFFFFFFFFFFFFFFFFFFFFFFFF8D
:10731000FFFFFFFFFFFFFFFFFFFFFFFFFFFFFFFF7D
:10732000FFFFFFFFFFFFFFFFFFFFFFFFFFFFFFFF6D
:10733000FFFFFFFFFFFFFFFFFFFFFFFFFFFFFFFF5D
:10734000FFFFFFFFFFFFFFFFFFFFFFFFFFFFFFFF4D
:10735000FFFFFFFFFFFFFFFFFFFFFFFFFFFFFFFF3D
:10736000FFFFFFFFFFFFFFFFFFFFFFFFFFFFFFFF2D
:10737000FFFFFFFFFFFFFFFFFFFFFFFFFFFFFFFF1D
:10738000FFFFFFFFFFFFFFFFFFFFFFFFFFFFFFFF0D
:10739000FFFFFFFFFFFFFFFFFFFFFFFFFFFFFFFFFD
:1073A000FFFFFFFFFFFFFFFFFFFFFFFFFFFFFFFFED
:1073B000FFFFFFFFFFFFFFFFFFFFFFFFFFFFFFFFDD
:1073C000FFFFFFFFFFFFFFFFFFFFFFFFFFFFFFFFCD
:1073D000FFFFFFFFFFFFFFFFFFFFFFFFFFFFFFFFBD
:1073E000FFFFFFFFFFFFFFFFFFFFFFFFFFFFFFFFAD
:1073F000FFFFFFFFFFFFFFFFFFFFFFFFFFFFFFFF9D
:10740000FFFFFFFFFFFFFFFFFFFFFFFFFFFFFFFF8C
:10741000FFFFFFFFFFFFFFFFFFFFFFFFFFFFFFFF7C
:10742000FFFFFFFFFFFFFFFFFFFFFFFFFFFFFFFF6C
:10743000FFFFFFFFFFFFFFFFFFFFFFFFFFFFFFFF5C
:10744000FFFFFFFFFFFFFFFFFFFFFFFFFFFFFFFF4C
:10745000FFFFFFFFFFFFFFFFFFFFFFFFFFFFFFFF3C
:10746000FFFFFFFFFFFFFFFFFFFFFFFFFFFFFFFF2C
:10747000FFFFFFFFFFFFFFFFFFFFFFFFFFFFFFFF1C
:10748000FFFFFFFFFFFFFFFFFFFFFFFFFFFFFFFF0C
:10749000FFFFFFFFFFFFFFFFFFFFFFFFFFFFFFFFFC
:1074A000FFFFFFFFFFFFFFFFFFFFFFFFFFFFFFFFEC
:1074B000FFFFFFFFFFFFFFFFFFFFFFFFFFFFFFFFDC
:1074C000FFFFFFFFFFFFFFFFFFFFFFFFFFFFFFFFCC
:1074D000FFFFFFFFFFFFFFFFFFFFFFFFFFFFFFFFBC
:1074E000FFFFFFFFFFFFFFFFFFFFFFFFFFFFFFFFAC
:1074F000FFFFFFFFFFFFFFFFFFFFFFFFFFFFFFFF9C
:10750000FFFFFFFFFFFFFFFFFFFFFFFFFFFFFFFF8B
:10751000FFFFFFFFFFFFFFFFFFFFFFFFFFFFFFFF7B
:10752000FFFFFFFFFFFFFFFFFFFFFFFFFFFFFFFF6B
:10753000FFFFFFFFFFFFFFFFFFFFFFFFFFFFFFFF5B
:10754000FFFFFFFFFFFFFFFFFFFFFFFFFFFFFFFF4B
:10755000FFFFFFFFFFFFFFFFFFFFFFFFFFFFFFFF3B
:10756000FFFFFFFFFFFFFFFFFFFFFFFFFFFFFFFF2B
:10757000FFFFFFFFFFFFFFFFFFFFFFFFFFFFFFFF1B
:10758000FFFFFFFFFFFFFFFFFFFFFFFFFFFFFFFF0B
:10759000FFFFFFFFFFFFFFFFFFFFFFFFFFFFFFFFFB
:1075A000FFFFFFFFFFFFFFFFFFFFFFFFFFFFFFFFEB
:1075B000FFFFFFFFFFFFFFFFFFFFFFFFFFFFFFFFDB
:1075C000FFFFFFFFFFFFFFFFFFFFFFFFFFFFFFFFCB
:1075D000FFFFFFFFFFFFFFFFFFFFFFFFFFFFFFFFBB
:1075E000FFFFFFFFFFFFFFFFFFFFFFFFFFFFFFFFAB
:1075F000FFFFFFFFFFFFFFFFFFFFFFFFFFFFFFFF9B
:10760000FFFFFFFFFFFFFFFFFFFFFFFFFFFFFFFF8A
:10761000FFFFFFFFFFFFFFFFFFFFFFFFFFFFFFFF7A
:10762000FFFFFFFFFFFFFFFFFFFFFFFFFFFFFFFF6A
:10763000FFFFFFFFFFFFFFFFFFFFFFFFFFFFFFFF5A
:10764000FFFFFFFFFFFFFFFFFFFFFFFFFFFFFFFF4A
:10765000FFFFFFFFFFFFFFFFFFFFFFFFFFFFFFFF3A
:10766000FFFFFFFFFFFFFFFFFFFFFFFFFFFFFFFF2A
:10767000FFFFFFFFFFFFFFFFFFFFFFFFFFFFFFFF1A
:10768000FFFFFFFFFFFFFFFFFFFFFFFFFFFFFFFF0A
:10769000FFFFFFFFFFFFFFFFFFFFFFFFFFFFFFFFFA
:1076A000FFFFFFFFFFFFFFFFFFFFFFFFFFFFFFFFEA
:1076B000FFFFFFFFFFFFFFFFFFFFFFFFFFFFFFFFDA
:1076C000FFFFFFFFFFFFFFFFFFFFFFFFFFFFFFFFCA
:1076D000FFFFFFFFFFFFFFFFFFFFFFFFFFFFFFFFBA
:1076E000FFFFFFFFFFFFFFFFFFFFFFFFFFFFFFFFAA
:1076F000FFFFFFFFFFFFFFFFFFFFFFFFFFFFFFFF9A
:10770000FFFFFFFFFFFFFFFFFFFFFFFFFFFFFFFF89
:10771000FFFFFFFFFFFFFFFFFFFFFFFFFFFFFFFF79
:10772000FFFFFFFFFFFFFFFFFFFFFFFFFFFFFFFF69
:10773000FFFFFFFFFFFFFFFFFFFFFFFFFFFFFFFF59
:10774000FFFFFFFFFFFFFFFFFFFFFFFFFFFFFFFF49
:10775000FFFFFFFFFFFFFFFFFFFFFFFFFFFFFFFF39
:10776000FFFFFFFFFFFFFFFFFFFFFFFFFFFFFFFF29
:10777000FFFFFFFFFFFFFFFFFFFFFFFFFFFFFFFF19
:10778000FFFFFFFFFFFFFFFFFFFFFFFFFFFFFFFF09
:10779000FFFFFFFFFFFFFFFFFFFFFFFFFFFFFFFFF9
:1077A000FFFFFFFFFFFFFFFFFFFFFFFFFFFFFFFFE9
:1077B000FFFFFFFFFFFFFFFFFFFFFFFFFFFFFFFFD9
:1077C000FFFFFFFFFFFFFFFFFFFFFFFFFFFFFFFFC9
:1077D000FFFFFFFFFFFFFFFFFFFFFFFFFFFFFFFFB9
:1077E000FFFFFFFFFFFFFFFFFFFFFFFFFFFFFFFFA9
:1077F000FFFFFFFFFFFFFFFFFFFFFFFFFFFFFFFF99
:10780000FFFFFFFFFFFFFFFFFFFFFFFFFFFFFFFF88
:10781000FFFFFFFFFFFFFFFFFFFFFFFFFFFFFFFF78
:10782000FFFFFFFFFFFFFFFFFFFFFFFFFFFFFFFF68
:10783000FFFFFFFFFFFFFFFFFFFFFFFFFFFFFFFF58
:10784000FFFFFFFFFFFFFFFFFFFFFFFFFFFFFFFF48
:10785000FFFFFFFFFFFFFFFFFFFFFFFFFFFFFFFF38
:10786000FFFFFFFFFFFFFFFFFFFFFFFFFFFFFFFF28
:10787000FFFFFFFFFFFFFFFFFFFFFFFFFFFFFFFF18
:10788000FFFFFFFFFFFFFFFFFFFFFFFFFFFFFFFF08
:10789000FFFFFFFFFFFFFFFFFFFFFFFFFFFFFFFFF8
:1078A000FFFFFFFFFFFFFFFFFFFFFFFFFFFFFFFFE8
:1078B000FFFFFFFFFFFFFFFFFFFFFFFFFFFFFFFFD8
:1078C000FFFFFFFFFFFFFFFFFFFFFFFFFFFFFFFFC8
:1078D000FFFFFFFFFFFFFFFFFFFFFFFFFFFFFFFFB8
:1078E000FFFFFFFFFFFFFFFFFFFFFFFFFFFFFFFFA8
:1078F000FFFFFFFFFFFFFFFFFFFFFFFFFFFFFFFF98
:10790000FFFFFFFFFFFFFFFFFFFFFFFFFFFFFFFF87
:10791000FFFFFFFFFFFFFFFFFFFFFFFFFFFFFFFF77
:10792000FFFFFFFFFFFFFFFFFFFFFFFFFFFFFFFF67
:10793000FFFFFFFFFFFFFFFFFFFFFFFFFFFFFFFF57
:10794000FFFFFFFFFFFFFFFFFFFFFFFFFFFFFFFF47
:10795000FFFFFFFFFFFFFFFFFFFFFFFFFFFFFFFF37
:10796000FFFFFFFFFFFFFFFFFFFFFFFFFFFFFFFF27
:10797000FFFFFFFFFFFFFFFFFFFFFFFFFFFFFFFF17
:10798000FFFFFFFFFFFFFFFFFFFFFFFFFFFFFFFF07
:10799000FFFFFFFFFFFFFFFFFFFFFFFFFFFFFFFFF7
:1079A000FFFFFFFFFFFFFFFFFFFFFFFFFFFFFFFFE7
:1079B000FFFFFFFFFFFFFFFFFFFFFFFFFFFFFFFFD7
:1079C000FFFFFFFFFFFFFFFFFFFFFFFFFFFFFFFFC7
:1079D000FFFFFFFFFFFFFFFFFFFFFFFFFFFFFFFFB7
:1079E000FFFFFFFFFFFFFFFFFFFFFFFFFFFFFFFFA7
:1079F000FFFFFFFFFFFFFFFFFFFFFFFFFFFFFFFF97
:107A0000FFFFFFFFFFFFFFFFFFFFFFFFFFFFFFFF86
:107A1000FFFFFFFFFFFFFFFFFFFFFFFFFFFFFFFF76
:107A2000FFFFFFFFFFFFFFFFFFFFFFFFFFFFFFFF66
:107A3000FFFFFFFFFFFFFFFFFFFFFFFFFFFFFFFF56
:107A4000FFFFFFFFFFFFFFFFFFFFFFFFFFFFFFFF46
:107A5000FFFFFFFFFFFFFFFFFFFFFFFFFFFFFFFF36
:107A6000FFFFFFFFFFFFFFFFFFFFFFFFFFFFFFFF26
:107A7000FFFFFFFFFFFFFFFFFFFFFFFFFFFFFFFF16
:107A8000FFFFFFFFFFFFFFFFFFFFFFFFFFFFFFFF06
:107A9000FFFFFFFFFFFFFFFFFFFFFFFFFFFFFFFFF6
:107AA000FFFFFFFFFFFFFFFFFFFFFFFFFFFFFFFFE6
:107AB000FFFFFFFFFFFFFFFFFFFFFFFFFFFFFFFFD6
:107AC000FFFFFFFFFFFFFFFFFFFFFFFFFFFFFFFFC6
:107AD000FFFFFFFFFFFFFFFFFFFFFFFFFFFFFFFFB6
:107AE000FFFFFFFFFFFFFFFFFFFFFFFFFFFFFFFFA6
:107AF000FFFFFFFFFFFFFFFFFFFFFFFFFFFFFFFF96
:107B0000FFFFFFFFFFFFFFFFFFFFFFFFFFFFFFFF85
:107B1000FFFFFFFFFFFFFFFFFFFFFFFFFFFFFFFF75
:107B2000FFFFFFFFFFFFFFFFFFFFFFFFFFFFFFFF65
:107B3000FFFFFFFFFFFFFFFFFFFFFFFFFFFFFFFF55
:107B4000FFFFFFFFFFFFFFFFFFFFFFFFFFFFFFFF45
:107B5000FFFFFFFFFFFFFFFFFFFFFFFFFFFFFFFF35
:107B6000FFFFFFFFFFFFFFFFFFFFFFFFFFFFFFFF25
:107B7000FFFFFFFFFFFFFFFFFFFFFFFFFFFFFFFF15
:107B8000FFFFFFFFFFFFFFFFFFFFFFFFFFFFFFFF05
:107B9000FFFFFFFFFFFFFFFFFFFFFFFFFFFFFFFFF5
:107BA000FFFFFFFFFFFFFFFFFFFFFFFFFFFFFFFFE5
:107BB000FFFFFFFFFFFFFFFFFFFFFFFFFFFFFFFFD5
:107BC000FFFFFFFFFFFFFFFFFFFFFFFFFFFFFFFFC5
:107BD000FFFFFFFFFFFFFFFFFFFFFFFFFFFFFFFFB5
:107BE000FFFFFFFFFFFFFFFFFFFFFFFFFFFFFFFFA5
:107BF000FFFFFFFFFFFFFFFFFFFFFFFFFFFFFFFF95
:107C0000FFFFFFFFFFFFFFFFFFFFFFFFFFFFFFFF84
:107C1000FFFFFFFFFFFFFFFFFFFFFFFFFFFFFFFF74
:107C2000FFFFFFFFFFFFFFFFFFFFFFFFFFFFFFFF64
:107C3000FFFFFFFFFFFFFFFFFFFFFFFFFFFFFFFF54
:107C4000FFFFFFFFFFFFFFFFFFFFFFFFFFFFFFFF44
:107C5000FFFFFFFFFFFFFFFFFFFFFFFFFFFFFFFF34
:107C6000FFFFFFFFFFFFFFFFFFFFFFFFFFFFFFFF24
:107C7000FFFFFFFFFFFFFFFFFFFFFFFFFFFFFFFF14
:107C8000FFFFFFFFFFFFFFFFFFFFFFFFFFFFFFFF04
:107C9000FFFFFFFFFFFFFFFFFFFFFFFFFFFFFFFFF4
:107CA000FFFFFFFFFFFFFFFFFFFFFFFFFFFFFFFFE4
:107CB000FFFFFFFFFFFFFFFFFFFFFFFFFFFFFFFFD4
:107CC000FFFFFFFFFFFFFFFFFFFFFFFFFFFFFFFFC4
:107CD000FFFFFFFFFFFFFFFFFFFFFFFFFFFFFFFFB4
:107CE000FFFFFFFFFFFFFFFFFFFFFFFFFFFFFFFFA4
:107CF000FFFFFFFFFFFFFFFFFFFFFFFFFFFFFFFF94
:107D0000FFFFFFFFFFFFFFFFFFFFFFFFFFFFFFFF83
:107D1000FFFFFFFFFFFFFFFFFFFFFFFFFFFFFFFF73
:107D2000FFFFFFFFFFFFFFFFFFFFFFFFFFFFFFFF63
:107D3000FFFFFFFFFFFFFFFFFFFFFFFFFFFFFFFF53
:107D4000FFFFFFFFFFFFFFFFFFFFFFFFFFFFFFFF43
:107D5000FFFFFFFFFFFFFFFFFFFFFFFFFFFFFFFF33
:107D6000FFFFFFFFFFFFFFFFFFFFFFFFFFFFFFFF23
:107D7000FFFFFFFFFFFFFFFFFFFFFFFFFFFFFFFF13
:107D8000FFFFFFFFFFFFFFFFFFFFFFFFFFFFFFFF03
:107D9000FFFFFFFFFFFFFFFFFFFFFFFFFFFFFFFFF3
:107DA000FFFFFFFFFFFFFFFFFFFFFFFFFFFFFFFFE3
:107DB000FFFFFFFFFFFFFFFFFFFFFFFFFFFFFFFFD3
:107DC000FFFFFFFFFFFFFFFFFFFFFFFFFFFFFFFFC3
:107DD000FFFFFFFFFFFFFFFFFFFFFFFFFFFFFFFFB3
:107DE000FFFFFFFFFFFFFFFFFFFFFFFFFFFFFFFFA3
:107DF000FFFFFFFFFFFFFFFFFFFFFFFFFFFFFFFF93
:107E0000FFFFFFFFFFFFFFFFFFFFFFFFFFFFFFFF82
:107E1000FFFFFFFFFFFFFFFFFFFFFFFFFFFFFFFF72
:107E2000FFFFFFFFFFFFFFFFFFFFFFFFFFFFFFFF62
:107E3000FFFFFFFFFFFFFFFFFFFFFFFFFFFFFFFF52
:107E4000FFFFFFFFFFFFFFFFFFFFFFFFFFFFFFFF42
:107E5000FFFFFFFFFFFFFFFFFFFFFFFFFFFFFFFF32
:107E6000FFFFFFFFFFFFFFFFFFFFFFFFFFFFFFFF22
:107E7000FFFFFFFFFFFFFFFFFFFFFFFFFFFFFFFF12
:107E8000FFFFFFFFFFFFFFFFFFFFFFFFFFFFFFFF02
:107E9000FFFFFFFFFFFFFFFFFFFFFFFFFFFFFFFFF2
:107EA000FFFFFFFFFFFFFFFFFFFFFFFFFFFFFFFFE2
:107EB000FFFFFFFFFFFFFFFFFFFFFFFFFFFFFFFFD2
:107EC000FFFFFFFFFFFFFFFFFFFFFFFFFFFFFFFFC2
:107ED000FFFFFFFFFFFFFFFFFFFFFFFFFFFFFFFFB2
:107EE000FFFFFFFFFFFFFFFFFFFFFFFFFFFFFFFFA2
:107EF000FFFFFFFFFFFFFFFFFFFFFFFFFFFFFFFF92
:107F0000FFFFFFFFFFFFFFFFFFFFFFFFFFFFFFFF81
:107F1000FFFFFFFFFFFFFFFFFFFFFFFFFFFFFFFF71
:107F2000FFFFFFFFFFFFFFFFFFFFFFFFFFFFFFFF61
:107F3000FFFFFFFFFFFFFFFFFFFFFFFFFFFFFFFF51
:107F4000FFFFFFFFFFFFFFFFFFFFFFFFFFFFFFFF41
:107F5000FFFFFFFFFFFFFFFFFFFFFFFFFFFFFFFF31
:107F6000FFFFFFFFFFFFFFFFFFFFFFFFFFFFFFFF21
:107F7000FFFFFFFFFFFFFFFFFFFFFFFFFFFFFFFF11
:107F8000FFFFFFFFFFFFFFFFFFFFFFFFFFFFFFFF01
:107F9000FFFFFFFFFFFFFFFFFFFFFFFFFFFFFFFFF1
:107FA000FFFFFFFFFFFFFFFFFFFFFFFFFFFFFFFFE1
:107FB000FFFFFFFFFFFFFFFFFFFFFFFFFFFFFFFFD1
:107FC000FFFFFFFFFFFFFFFFFFFFFFFFFFFFFFFFC1
:107FD000FFFFFFFFFFFFFFFFFFFFFFFFFFFFFFFFB1
:107FE000FFFFFFFFFFFFFFFFFFFFFFFFFFFFFFFFA1
:107FF000FFFFFFFFFFFFFFFFFFFFFFFFFFFFFFFF91
:10800000FFFFFFFFFFFFFFFFFFFFFFFFFFFFFFFF80
:10801000FFFFFFFFFFFFFFFFFFFFFFFFFFFFFFFF70
:10802000FFFFFFFFFFFFFFFFFFFFFFFFFFFFFFFF60
:10803000FFFFFFFFFFFFFFFFFFFFFFFFFFFFFFFF50
:10804000FFFFFFFFFFFFFFFFFFFFFFFFFFFFFFFF40
:10805000FFFFFFFFFFFFFFFFFFFFFFFFFFFFFFFF30
:10806000FFFFFFFFFFFFFFFFFFFFFFFFFFFFFFFF20
:10807000FFFFFFFFFFFFFFFFFFFFFFFFFFFFFFFF10
:10808000FFFFFFFFFFFFFFFFFFFFFFFFFFFFFFFF00
:10809000FFFFFFFFFFFFFFFFFFFFFFFFFFFFFFFFF0
:1080A000FFFFFFFFFFFFFFFFFFFFFFFFFFFFFFFFE0
:1080B000FFFFFFFFFFFFFFFFFFFFFFFFFFFFFFFFD0
:1080C000FFFFFFFFFFFFFFFFFFFFFFFFFFFFFFFFC0
:1080D000FFFFFFFFFFFFFFFFFFFFFFFFFFFFFFFFB0
:1080E000FFFFFFFFFFFFFFFFFFFFFFFFFFFFFFFFA0
:1080F000FFFFFFFFFFFFFFFFFFFFFFFFFFFFFFFF90
:10810000FFFFFFFFFFFFFFFFFFFFFFFFFFFFFFFF7F
:10811000FFFFFFFFFFFFFFFFFFFFFFFFFFFFFFFF6F
:10812000FFFFFFFFFFFFFFFFFFFFFFFFFFFFFFFF5F
:10813000FFFFFFFFFFFFFFFFFFFFFFFFFFFFFFFF4F
:10814000FFFFFFFFFFFFFFFFFFFFFFFFFFFFFFFF3F
:10815000FFFFFFFFFFFFFFFFFFFFFFFFFFFFFFFF2F
:10816000FFFFFFFFFFFFFFFFFFFFFFFFFFFFFFFF1F
:10817000FFFFFFFFFFFFFFFFFFFFFFFFFFFFFFFF0F
:10818000FFFFFFFFFFFFFFFFFFFFFFFFFFFFFFFFFF
:10819000FFFFFFFFFFFFFFFFFFFFFFFFFFFFFFFFEF
:1081A000FFFFFFFFFFFFFFFFFFFFFFFFFFFFFFFFDF
:1081B000FFFFFFFFFFFFFFFFFFFFFFFFFFFFFFFFCF
:1081C000FFFFFFFFFFFFFFFFFFFFFFFFFFFFFFFFBF
:1081D000FFFFFFFFFFFFFFFFFFFFFFFFFFFFFFFFAF
:1081E000FFFFFFFFFFFFFFFFFFFFFFFFFFFFFFFF9F
:1081F000FFFFFFFFFFFFFFFFFFFFFFFFFFFFFFFF8F
:10820000FFFFFFFFFFFFFFFFFFFFFFFFFFFFFFFF7E
:10821000FFFFFFFFFFFFFFFFFFFFFFFFFFFFFFFF6E
:10822000FFFFFFFFFFFFFFFFFFFFFFFFFFFFFFFF5E
:10823000FFFFFFFFFFFFFFFFFFFFFFFFFFFFFFFF4E
:10824000FFFFFFFFFFFFFFFFFFFFFFFFFFFFFFFF3E
:10825000FFFFFFFFFFFFFFFFFFFFFFFFFFFFFFFF2E
:10826000FFFFFFFFFFFFFFFFFFFFFFFFFFFFFFFF1E
:10827000FFFFFFFFFFFFFFFFFFFFFFFFFFFFFFFF0E
:10828000FFFFFFFFFFFFFFFFFFFFFFFFFFFFFFFFFE
:10829000FFFFFFFFFFFFFFFFFFFFFFFFFFFFFFFFEE
:1082A000FFFFFFFFFFFFFFFFFFFFFFFFFFFFFFFFDE
:1082B000FFFFFFFFFFFFFFFFFFFFFFFFFFFFFFFFCE
:1082C000FFFFFFFFFFFFFFFFFFFFFFFFFFFFFFFFBE
:1082D000FFFFFFFFFFFFFFFFFFFFFFFFFFFFFFFFAE
:1082E000FFFFFFFFFFFFFFFFFFFFFFFFFFFFFFFF9E
:1082F000FFFFFFFFFFFFFFFFFFFFFFFFFFFFFFFF8E
:10830000FFFFFFFFFFFFFFFFFFFFFFFFFFFFFFFF7D
:10831000FFFFFFFFFFFFFFFFFFFFFFFFFFFFFFFF6D
:10832000FFFFFFFFFFFFFFFFFFFFFFFFFFFFFFFF5D
:10833000FFFFFFFFFFFFFFFFFFFFFFFFFFFFFFFF4D
:10834000FFFFFFFFFFFFFFFFFFFFFFFFFFFFFFFF3D
:10835000FFFFFFFFFFFFFFFFFFFFFFFFFFFFFFFF2D
:10836000FFFFFFFFFFFFFFFFFFFFFFFFFFFFFFFF1D
:10837000FFFFFFFFFFFFFFFFFFFFFFFFFFFFFFFF0D
:10838000FFFFFFFFFFFFFFFFFFFFFFFFFFFFFFFFFD
:10839000FFFFFFFFFFFFFFFFFFFFFFFFFFFFFFFFED
:1083A000FFFFFFFFFFFFFFFFFFFFFFFFFFFFFFFFDD
:1083B000FFFFFFFFFFFFFFFFFFFFFFFFFFFFFFFFCD
:1083C000FFFFFFFFFFFFFFFFFFFFFFFFFFFFFFFFBD
:1083D000FFFFFFFFFFFFFFFFFFFFFFFFFFFFFFFFAD
:1083E000FFFFFFFFFFFFFFFFFFFFFFFFFFFFFFFF9D
:1083F000FFFFFFFFFFFFFFFFFFFFFFFFFFFFFFFF8D
:10840000FFFFFFFFFFFFFFFFFFFFFFFFFFFFFFFF7C
:10841000FFFFFFFFFFFFFFFFFFFFFFFFFFFFFFFF6C
:10842000FFFFFFFFFFFFFFFFFFFFFFFFFFFFFFFF5C
:10843000FFFFFFFFFFFFFFFFFFFFFFFFFFFFFFFF4C
:10844000FFFFFFFFFFFFFFFFFFFFFFFFFFFFFFFF3C
:10845000FFFFFFFFFFFFFFFFFFFFFFFFFFFFFFFF2C
:10846000FFFFFFFFFFFFFFFFFFFFFFFFFFFFFFFF1C
:10847000FFFFFFFFFFFFFFFFFFFFFFFFFFFFFFFF0C
:10848000FFFFFFFFFFFFFFFFFFFFFFFFFFFFFFFFFC
:10849000FFFFFFFFFFFFFFFFFFFFFFFFFFFFFFFFEC
:1084A000FFFFFFFFFFFFFFFFFFFFFFFFFFFFFFFFDC
:1084B000FFFFFFFFFFFFFFFFFFFFFFFFFFFFFFFFCC
:1084C000FFFFFFFFFFFFFFFFFFFFFFFFFFFFFFFFBC
:1084D000FFFFFFFFFFFFFFFFFFFFFFFFFFFFFFFFAC
:1084E000FFFFFFFFFFFFFFFFFFFFFFFFFFFFFFFF9C
:1084F000FFFFFFFFFFFFFFFFFFFFFFFFFFFFFFFF8C
:10850000FFFFFFFFFFFFFFFFFFFFFFFFFFFFFFFF7B
:10851000FFFFFFFFFFFFFFFFFFFFFFFFFFFFFFFF6B
:10852000FFFFFFFFFFFFFFFFFFFFFFFFFFFFFFFF5B
:10853000FFFFFFFFFFFFFFFFFFFFFFFFFFFFFFFF4B
:10854000FFFFFFFFFFFFFFFFFFFFFFFFFFFFFFFF3B
:10855000FFFFFFFFFFFFFFFFFFFFFFFFFFFFFFFF2B
:10856000FFFFFFFFFFFFFFFFFFFFFFFFFFFFFFFF1B
:10857000FFFFFFFFFFFFFFFFFFFFFFFFFFFFFFFF0B
:10858000FFFFFFFFFFFFFFFFFFFFFFFFFFFFFFFFFB
:10859000FFFFFFFFFFFFFFFFFFFFFFFFFFFFFFFFEB
:1085A000FFFFFFFFFFFFFFFFFFFFFFFFFFFFFFFFDB
:1085B000FFFFFFFFFFFFFFFFFFFFFFFFFFFFFFFFCB
:1085C000FFFFFFFFFFFFFFFFFFFFFFFFFFFFFFFFBB
:1085D000FFFFFFFFFFFFFFFFFFFFFFFFFFFFFFFFAB
:1085E000FFFFFFFFFFFFFFFFFFFFFFFFFFFFFFFF9B
:1085F000FFFFFFFFFFFFFFFFFFFFFFFFFFFFFFFF8B
:10860000FFFFFFFFFFFFFFFFFFFFFFFFFFFFFFFF7A
:10861000FFFFFFFFFFFFFFFFFFFFFFFFFFFFFFFF6A
:10862000FFFFFFFFFFFFFFFFFFFFFFFFFFFFFFFF5A
:10863000FFFFFFFFFFFFFFFFFFFFFFFFFFFFFFFF4A
:10864000FFFFFFFFFFFFFFFFFFFFFFFFFFFFFFFF3A
:10865000FFFFFFFFFFFFFFFFFFFFFFFFFFFFFFFF2A
:10866000FFFFFFFFFFFFFFFFFFFFFFFFFFFFFFFF1A
:10867000FFFFFFFFFFFFFFFFFFFFFFFFFFFFFFFF0A
:10868000FFFFFFFFFFFFFFFFFFFFFFFFFFFFFFFFFA
:10869000FFFFFFFFFFFFFFFFFFFFFFFFFFFFFFFFEA
:1086A000FFFFFFFFFFFFFFFFFFFFFFFFFFFFFFFFDA
:1086B000FFFFFFFFFFFFFFFFFFFFFFFFFFFFFFFFCA
:1086C000FFFFFFFFFFFFFFFFFFFFFFFFFFFFFFFFBA
:1086D000FFFFFFFFFFFFFFFFFFFFFFFFFFFFFFFFAA
:1086E000FFFFFFFFFFFFFFFFFFFFFFFFFFFFFFFF9A
:1086F000FFFFFFFFFFFFFFFFFFFFFFFFFFFFFFFF8A
:10870000FFFFFFFFFFFFFFFFFFFFFFFFFFFFFFFF79
:10871000FFFFFFFFFFFFFFFFFFFFFFFFFFFFFFFF69
:10872000FFFFFFFFFFFFFFFFFFFFFFFFFFFFFFFF59
:10873000FFFFFFFFFFFFFFFFFFFFFFFFFFFFFFFF49
:10874000FFFFFFFFFFFFFFFFFFFFFFFFFFFFFFFF39
:10875000FFFFFFFFFFFFFFFFFFFFFFFFFFFFFFFF29
:10876000FFFFFFFFFFFFFFFFFFFFFFFFFFFFFFFF19
:10877000FFFFFFFFFFFFFFFFFFFFFFFFFFFFFFFF09
:10878000FFFFFFFFFFFFFFFFFFFFFFFFFFFFFFFFF9
:10879000FFFFFFFFFFFFFFFFFFFFFFFFFFFFFFFFE9
:1087A000FFFFFFFFFFFFFFFFFFFFFFFFFFFFFFFFD9
:1087B000FFFFFFFFFFFFFFFFFFFFFFFFFFFFFFFFC9
:1087C000FFFFFFFFFFFFFFFFFFFFFFFFFFFFFFFFB9
:1087D000FFFFFFFFFFFFFFFFFFFFFFFFFFFFFFFFA9
:1087E000FFFFFFFFFFFFFFFFFFFFFFFFFFFFFFFF99
:1087F000FFFFFFFFFFFFFFFFFFFFFFFFFFFFFFFF89
:10880000FFFFFFFFFFFFFFFFFFFFFFFFFFFFFFFF78
:10881000FFFFFFFFFFFFFFFFFFFFFFFFFFFFFFFF68
:10882000FFFFFFFFFFFFFFFFFFFFFFFFFFFFFFFF58
:10883000FFFFFFFFFFFFFFFFFFFFFFFFFFFFFFFF48
:10884000FFFFFFFFFFFFFFFFFFFFFFFFFFFFFFFF38
:10885000FFFFFFFFFFFFFFFFFFFFFFFFFFFFFFFF28
:10886000FFFFFFFFFFFFFFFFFFFFFFFFFFFFFFFF18
:10887000FFFFFFFFFFFFFFFFFFFFFFFFFFFFFFFF08
:10888000FFFFFFFFFFFFFFFFFFFFFFFFFFFFFFFFF8
:10889000FFFFFFFFFFFFFFFFFFFFFFFFFFFFFFFFE8
:1088A000FFFFFFFFFFFFFFFFFFFFFFFFFFFFFFFFD8
:1088B000FFFFFFFFFFFFFFFFFFFFFFFFFFFFFFFFC8
:1088C000FFFFFFFFFFFFFFFFFFFFFFFFFFFFFFFFB8
:1088D000FFFFFFFFFFFFFFFFFFFFFFFFFFFFFFFFA8
:1088E000FFFFFFFFFFFFFFFFFFFFFFFFFFFFFFFF98
:1088F000FFFFFFFFFFFFFFFFFFFFFFFFFFFFFFFF88
:10890000FFFFFFFFFFFFFFFFFFFFFFFFFFFFFFFF77
:10891000FFFFFFFFFFFFFFFFFFFFFFFFFFFFFFFF67
:10892000FFFFFFFFFFFFFFFFFFFFFFFFFFFFFFFF57
:10893000FFFFFFFFFFFFFFFFFFFFFFFFFFFFFFFF47
:10894000FFFFFFFFFFFFFFFFFFFFFFFFFFFFFFFF37
:10895000FFFFFFFFFFFFFFFFFFFFFFFFFFFFFFFF27
:10896000FFFFFFFFFFFFFFFFFFFFFFFFFFFFFFFF17
:10897000FFFFFFFFFFFFFFFFFFFFFFFFFFFFFFFF07
:10898000FFFFFFFFFFFFFFFFFFFFFFFFFFFFFFFFF7
:10899000FFFFFFFFFFFFFFFFFFFFFFFFFFFFFFFFE7
:1089A000FFFFFFFFFFFFFFFFFFFFFFFFFFFFFFFFD7
:1089B000FFFFFFFFFFFFFFFFFFFFFFFFFFFFFFFFC7
:1089C000FFFFFFFFFFFFFFFFFFFFFFFFFFFFFFFFB7
:1089D000FFFFFFFFFFFFFFFFFFFFFFFFFFFFFFFFA7
:1089E000FFFFFFFFFFFFFFFFFFFFFFFFFFFFFFFF97
:1089F000FFFFFFFFFFFFFFFFFFFFFFFFFFFFFFFF87
:108A0000FFFFFFFFFFFFFFFFFFFFFFFFFFFFFFFF76
:108A1000FFFFFFFFFFFFFFFFFFFFFFFFFFFFFFFF66
:108A2000FFFFFFFFFFFFFFFFFFFFFFFFFFFFFFFF56
:108A3000FFFFFFFFFFFFFFFFFFFFFFFFFFFFFFFF46
:108A4000FFFFFFFFFFFFFFFFFFFFFFFFFFFFFFFF36
:108A5000FFFFFFFFFFFFFFFFFFFFFFFFFFFFFFFF26
:108A6000FFFFFFFFFFFFFFFFFFFFFFFFFFFFFFFF16
:108A7000FFFFFFFFFFFFFFFFFFFFFFFFFFFFFFFF06
:108A8000FFFFFFFFFFFFFFFFFFFFFFFFFFFFFFFFF6
:108A9000FFFFFFFFFFFFFFFFFFFFFFFFFFFFFFFFE6
:108AA000FFFFFFFFFFFFFFFFFFFFFFFFFFFFFFFFD6
:108AB000FFFFFFFFFFFFFFFFFFFFFFFFFFFFFFFFC6
:108AC000FFFFFFFFFFFFFFFFFFFFFFFFFFFFFFFFB6
:108AD000FFFFFFFFFFFFFFFFFFFFFFFFFFFFFFFFA6
:108AE000FFFFFFFFFFFFFFFFFFFFFFFFFFFFFFFF96
:108AF000FFFFFFFFFFFFFFFFFFFFFFFFFFFFFFFF86
:108B0000FFFFFFFFFFFFFFFFFFFFFFFFFFFFFFFF75
:108B1000FFFFFFFFFFFFFFFFFFFFFFFFFFFFFFFF65
:108B2000FFFFFFFFFFFFFFFFFFFFFFFFFFFFFFFF55
:108B3000FFFFFFFFFFFFFFFFFFFFFFFFFFFFFFFF45
:108B4000FFFFFFFFFFFFFFFFFFFFFFFFFFFFFFFF35
:108B5000FFFFFFFFFFFFFFFFFFFFFFFFFFFFFFFF25
:108B6000FFFFFFFFFFFFFFFFFFFFFFFFFFFFFFFF15
:108B7000FFFFFFFFFFFFFFFFFFFFFFFFFFFFFFFF05
:108B8000FFFFFFFFFFFFFFFFFFFFFFFFFFFFFFFFF5
:108B9000FFFFFFFFFFFFFFFFFFFFFFFFFFFFFFFFE5
:108BA000FFFFFFFFFFFFFFFFFFFFFFFFFFFFFFFFD5
:108BB000FFFFFFFFFFFFFFFFFFFFFFFFFFFFFFFFC5
:108BC000FFFFFFFFFFFFFFFFFFFFFFFFFFFFFFFFB5
:108BD000FFFFFFFFFFFFFFFFFFFFFFFFFFFFFFFFA5
:108BE000FFFFFFFFFFFFFFFFFFFFFFFFFFFFFFFF95
:108BF000FFFFFFFFFFFFFFFFFFFFFFFFFFFFFFFF85
:108C0000FFFFFFFFFFFFFFFFFFFFFFFFFFFFFFFF74
:108C1000FFFFFFFFFFFFFFFFFFFFFFFFFFFFFFFF64
:108C2000FFFFFFFFFFFFFFFFFFFFFFFFFFFFFFFF54
:108C3000FFFFFFFFFFFFFFFFFFFFFFFFFFFFFFFF44
:108C4000FFFFFFFFFFFFFFFFFFFFFFFFFFFFFFFF34
:108C5000FFFFFFFFFFFFFFFFFFFFFFFFFFFFFFFF24
:108C6000FFFFFFFFFFFFFFFFFFFFFFFFFFFFFFFF14
:108C7000FFFFFFFFFFFFFFFFFFFFFFFFFFFFFFFF04
:108C8000FFFFFFFFFFFFFFFFFFFFFFFFFFFFFFFFF4
:108C9000FFFFFFFFFFFFFFFFFFFFFFFFFFFFFFFFE4
:108CA000FFFFFFFFFFFFFFFFFFFFFFFFFFFFFFFFD4
:108CB000FFFFFFFFFFFFFFFFFFFFFFFFFFFFFFFFC4
:108CC000FFFFFFFFFFFFFFFFFFFFFFFFFFFFFFFFB4
:108CD000FFFFFFFFFFFFFFFFFFFFFFFFFFFFFFFFA4
:108CE000FFFFFFFFFFFFFFFFFFFFFFFFFFFFFFFF94
:108CF000FFFFFFFFFFFFFFFFFFFFFFFFFFFFFFFF84
:108D0000FFFFFFFFFFFFFFFFFFFFFFFFFFFFFFFF73
:108D1000FFFFFFFFFFFFFFFFFFFFFFFFFFFFFFFF63
:108D2000FFFFFFFFFFFFFFFFFFFFFFFFFFFFFFFF53
:108D3000FFFFFFFFFFFFFFFFFFFFFFFFFFFFFFFF43
:108D4000FFFFFFFFFFFFFFFFFFFFFFFFFFFFFFFF33
:108D5000FFFFFFFFFFFFFFFFFFFFFFFFFFFFFFFF23
:108D6000FFFFFFFFFFFFFFFFFFFFFFFFFFFFFFFF13
:108D7000FFFFFFFFFFFFFFFFFFFFFFFFFFFFFFFF03
:108D8000FFFFFFFFFFFFFFFFFFFFFFFFFFFFFFFFF3
:108D9000FFFFFFFFFFFFFFFFFFFFFFFFFFFFFFFFE3
:108DA000FFFFFFFFFFFFFFFFFFFFFFFFFFFFFFFFD3
:108DB000FFFFFFFFFFFFFFFFFFFFFFFFFFFFFFFFC3
:108DC000FFFFFFFFFFFFFFFFFFFFFFFFFFFFFFFFB3
:108DD000FFFFFFFFFFFFFFFFFFFFFFFFFFFFFFFFA3
:108DE000FFFFFFFFFFFFFFFFFFFFFFFFFFFFFFFF93
:108DF000FFFFFFFFFFFFFFFFFFFFFFFFFFFFFFFF83
:108E0000FFFFFFFFFFFFFFFFFFFFFFFFFFFFFFFF72
:108E1000FFFFFFFFFFFFFFFFFFFFFFFFFFFFFFFF62
:108E2000FFFFFFFFFFFFFFFFFFFFFFFFFFFFFFFF52
:108E3000FFFFFFFFFFFFFFFFFFFFFFFFFFFFFFFF42
:108E4000FFFFFFFFFFFFFFFFFFFFFFFFFFFFFFFF32
:108E5000FFFFFFFFFFFFFFFFFFFFFFFFFFFFFFFF22
:108E6000FFFFFFFFFFFFFFFFFFFFFFFFFFFFFFFF12
:108E7000FFFFFFFFFFFFFFFFFFFFFFFFFFFFFFFF02
:108E8000FFFFFFFFFFFFFFFFFFFFFFFFFFFFFFFFF2
:108E9000FFFFFFFFFFFFFFFFFFFFFFFFFFFFFFFFE2
:108EA000FFFFFFFFFFFFFFFFFFFFFFFFFFFFFFFFD2
:108EB000FFFFFFFFFFFFFFFFFFFFFFFFFFFFFFFFC2
:108EC000FFFFFFFFFFFFFFFFFFFFFFFFFFFFFFFFB2
:108ED000FFFFFFFFFFFFFFFFFFFFFFFFFFFFFFFFA2
:108EE000FFFFFFFFFFFFFFFFFFFFFFFFFFFFFFFF92
:108EF000FFFFFFFFFFFFFFFFFFFFFFFFFFFFFFFF82
:108F0000FFFFFFFFFFFFFFFFFFFFFFFFFFFFFFFF71
:108F1000FFFFFFFFFFFFFFFFFFFFFFFFFFFFFFFF61
:108F2000FFFFFFFFFFFFFFFFFFFFFFFFFFFFFFFF51
:108F3000FFFFFFFFFFFFFFFFFFFFFFFFFFFFFFFF41
:108F4000FFFFFFFFFFFFFFFFFFFFFFFFFFFFFFFF31
:108F5000FFFFFFFFFFFFFFFFFFFFFFFFFFFFFFFF21
:108F6000FFFFFFFFFFFFFFFFFFFFFFFFFFFFFFFF11
:108F7000FFFFFFFFFFFFFFFFFFFFFFFFFFFFFFFF01
:108F8000FFFFFFFFFFFFFFFFFFFFFFFFFFFFFFFFF1
:108F9000FFFFFFFFFFFFFFFFFFFFFFFFFFFFFFFFE1
:108FA000FFFFFFFFFFFFFFFFFFFFFFFFFFFFFFFFD1
:108FB000FFFFFFFFFFFFFFFFFFFFFFFFFFFFFFFFC1
:108FC000FFFFFFFFFFFFFFFFFFFFFFFFFFFFFFFFB1
:108FD000FFFFFFFFFFFFFFFFFFFFFFFFFFFFFFFFA1
:108FE000FFFFFFFFFFFFFFFFFFFFFFFFFFFFFFFF91
:108FF000FFFFFFFFFFFFFFFFFFFFFFFFFFFFFFFF81
:10900000FFFFFFFFFFFFFFFFFFFFFFFFFFFFFFFF70
:10901000FFFFFFFFFFFFFFFFFFFFFFFFFFFFFFFF60
:10902000FFFFFFFFFFFFFFFFFFFFFFFFFFFFFFFF50
:10903000FFFFFFFFFFFFFFFFFFFFFFFFFFFFFFFF40
:10904000FFFFFFFFFFFFFFFFFFFFFFFFFFFFFFFF30
:10905000FFFFFFFFFFFFFFFFFFFFFFFFFFFFFFFF20
:10906000FFFFFFFFFFFFFFFFFFFFFFFFFFFFFFFF10
:10907000FFFFFFFFFFFFFFFFFFFFFFFFFFFFFFFF00
:10908000FFFFFFFFFFFFFFFFFFFFFFFFFFFFFFFFF0
:10909000FFFFFFFFFFFFFFFFFFFFFFFFFFFFFFFFE0
:1090A000FFFFFFFFFFFFFFFFFFFFFFFFFFFFFFFFD0
:1090B000FFFFFFFFFFFFFFFFFFFFFFFFFFFFFFFFC0
:1090C000FFFFFFFFFFFFFFFFFFFFFFFFFFFFFFFFB0
:1090D000FFFFFFFFFFFFFFFFFFFFFFFFFFFFFFFFA0
:1090E000FFFFFFFFFFFFFFFFFFFFFFFFFFFFFFFF90
:1090F000FFFFFFFFFFFFFFFFFFFFFFFFFFFFFFFF80
:10910000FFFFFFFFFFFFFFFFFFFFFFFFFFFFFFFF6F
:10911000FFFFFFFFFFFFFFFFFFFFFFFFFFFFFFFF5F
:10912000FFFFFFFFFFFFFFFFFFFFFFFFFFFFFFFF4F
:10913000FFFFFFFFFFFFFFFFFFFFFFFFFFFFFFFF3F
:10914000FFFFFFFFFFFFFFFFFFFFFFFFFFFFFFFF2F
:10915000FFFFFFFFFFFFFFFFFFFFFFFFFFFFFFFF1F
:10916000FFFFFFFFFFFFFFFFFFFFFFFFFFFFFFFF0F
:10917000FFFFFFFFFFFFFFFFFFFFFFFFFFFFFFFFFF
:10918000FFFFFFFFFFFFFFFFFFFFFFFFFFFFFFFFEF
:10919000FFFFFFFFFFFFFFFFFFFFFFFFFFFFFFFFDF
:1091A000FFFFFFFFFFFFFFFFFFFFFFFFFFFFFFFFCF
:1091B000FFFFFFFFFFFFFFFFFFFFFFFFFFFFFFFFBF
:1091C000FFFFFFFFFFFFFFFFFFFFFFFFFFFFFFFFAF
:1091D000FFFFFFFFFFFFFFFFFFFFFFFFFFFFFFFF9F
:1091E000FFFFFFFFFFFFFFFFFFFFFFFFFFFFFFFF8F
:1091F000FFFFFFFFFFFFFFFFFFFFFFFFFFFFFFFF7F
:10920000FFFFFFFFFFFFFFFFFFFFFFFFFFFFFFFF6E
:10921000FFFFFFFFFFFFFFFFFFFFFFFFFFFFFFFF5E
:10922000FFFFFFFFFFFFFFFFFFFFFFFFFFFFFFFF4E
:10923000FFFFFFFFFFFFFFFFFFFFFFFFFFFFFFFF3E
:10924000FFFFFFFFFFFFFFFFFFFFFFFFFFFFFFFF2E
:10925000FFFFFFFFFFFFFFFFFFFFFFFFFFFFFFFF1E
:10926000FFFFFFFFFFFFFFFFFFFFFFFFFFFFFFFF0E
:10927000FFFFFFFFFFFFFFFFFFFFFFFFFFFFFFFFFE
:10928000FFFFFFFFFFFFFFFFFFFFFFFFFFFFFFFFEE
:10929000FFFFFFFFFFFFFFFFFFFFFFFFFFFFFFFFDE
:1092A000FFFFFFFFFFFFFFFFFFFFFFFFFFFFFFFFCE
:1092B000FFFFFFFFFFFFFFFFFFFFFFFFFFFFFFFFBE
:1092C000FFFFFFFFFFFFFFFFFFFFFFFFFFFFFFFFAE
:1092D000FFFFFFFFFFFFFFFFFFFFFFFFFFFFFFFF9E
:1092E000FFFFFFFFFFFFFFFFFFFFFFFFFFFFFFFF8E
:1092F000FFFFFFFFFFFFFFFFFFFFFFFFFFFFFFFF7E
:10930000FFFFFFFFFFFFFFFFFFFFFFFFFFFFFFFF6D
:10931000FFFFFFFFFFFFFFFFFFFFFFFFFFFFFFFF5D
:10932000FFFFFFFFFFFFFFFFFFFFFFFFFFFFFFFF4D
:10933000FFFFFFFFFFFFFFFFFFFFFFFFFFFFFFFF3D
:10934000FFFFFFFFFFFFFFFFFFFFFFFFFFFFFFFF2D
:10935000FFFFFFFFFFFFFFFFFFFFFFFFFFFFFFFF1D
:10936000FFFFFFFFFFFFFFFFFFFFFFFFFFFFFFFF0D
:10937000FFFFFFFFFFFFFFFFFFFFFFFFFFFFFFFFFD
:10938000FFFFFFFFFFFFFFFFFFFFFFFFFFFFFFFFED
:10939000FFFFFFFFFFFFFFFFFFFFFFFFFFFFFFFFDD
:1093A000FFFFFFFFFFFFFFFFFFFFFFFFFFFFFFFFCD
:1093B000FFFFFFFFFFFFFFFFFFFFFFFFFFFFFFFFBD
:1093C000FFFFFFFFFFFFFFFFFFFFFFFFFFFFFFFFAD
:1093D000FFFFFFFFFFFFFFFFFFFFFFFFFFFFFFFF9D
:1093E000FFFFFFFFFFFFFFFFFFFFFFFFFFFFFFFF8D
:1093F000FFFFFFFFFFFFFFFFFFFFFFFFFFFFFFFF7D
:10940000FFFFFFFFFFFFFFFFFFFFFFFFFFFFFFFF6C
:10941000FFFFFFFFFFFFFFFFFFFFFFFFFFFFFFFF5C
:10942000FFFFFFFFFFFFFFFFFFFFFFFFFFFFFFFF4C
:10943000FFFFFFFFFFFFFFFFFFFFFFFFFFFFFFFF3C
:10944000FFFFFFFFFFFFFFFFFFFFFFFFFFFFFFFF2C
:10945000FFFFFFFFFFFFFFFFFFFFFFFFFFFFFFFF1C
:10946000FFFFFFFFFFFFFFFFFFFFFFFFFFFFFFFF0C
:10947000FFFFFFFFFFFFFFFFFFFFFFFFFFFFFFFFFC
:10948000FFFFFFFFFFFFFFFFFFFFFFFFFFFFFFFFEC
:10949000FFFFFFFFFFFFFFFFFFFFFFFFFFFFFFFFDC
:1094A000FFFFFFFFFFFFFFFFFFFFFFFFFFFFFFFFCC
:1094B000FFFFFFFFFFFFFFFFFFFFFFFFFFFFFFFFBC
:1094C000FFFFFFFFFFFFFFFFFFFFFFFFFFFFFFFFAC
:1094D000FFFFFFFFFFFFFFFFFFFFFFFFFFFFFFFF9C
:1094E000FFFFFFFFFFFFFFFFFFFFFFFFFFFFFFFF8C
:1094F000FFFFFFFFFFFFFFFFFFFFFFFFFFFFFFFF7C
:10950000FFFFFFFFFFFFFFFFFFFFFFFFFFFFFFFF6B
:10951000FFFFFFFFFFFFFFFFFFFFFFFFFFFFFFFF5B
:10952000FFFFFFFFFFFFFFFFFFFFFFFFFFFFFFFF4B
:10953000FFFFFFFFFFFFFFFFFFFFFFFFFFFFFFFF3B
:10954000FFFFFFFFFFFFFFFFFFFFFFFFFFFFFFFF2B
:10955000FFFFFFFFFFFFFFFFFFFFFFFFFFFFFFFF1B
:10956000FFFFFFFFFFFFFFFFFFFFFFFFFFFFFFFF0B
:10957000FFFFFFFFFFFFFFFFFFFFFFFFFFFFFFFFFB
:10958000FFFFFFFFFFFFFFFFFFFFFFFFFFFFFFFFEB
:10959000FFFFFFFFFFFFFFFFFFFFFFFFFFFFFFFFDB
:1095A000FFFFFFFFFFFFFFFFFFFFFFFFFFFFFFFFCB
:1095B000FFFFFFFFFFFFFFFFFFFFFFFFFFFFFFFFBB
:1095C000FFFFFFFFFFFFFFFFFFFFFFFFFFFFFFFFAB
:1095D000FFFFFFFFFFFFFFFFFFFFFFFFFFFFFFFF9B
:1095E000FFFFFFFFFFFFFFFFFFFFFFFFFFFFFFFF8B
:1095F000FFFFFFFFFFFFFFFFFFFFFFFFFFFFFFFF7B
:10960000FFFFFFFFFFFFFFFFFFFFFFFFFFFFFFFF6A
:10961000FFFFFFFFFFFFFFFFFFFFFFFFFFFFFFFF5A
:10962000FFFFFFFFFFFFFFFFFFFFFFFFFFFFFFFF4A
:10963000FFFFFFFFFFFFFFFFFFFFFFFFFFFFFFFF3A
:10964000FFFFFFFFFFFFFFFFFFFFFFFFFFFFFFFF2A
:10965000FFFFFFFFFFFFFFFFFFFFFFFFFFFFFFFF1A
:10966000FFFFFFFFFFFFFFFFFFFFFFFFFFFFFFFF0A
:10967000FFFFFFFFFFFFFFFFFFFFFFFFFFFFFFFFFA
:10968000FFFFFFFFFFFFFFFFFFFFFFFFFFFFFFFFEA
:10969000FFFFFFFFFFFFFFFFFFFFFFFFFFFFFFFFDA
:1096A000FFFFFFFFFFFFFFFFFFFFFFFFFFFFFFFFCA
:1096B000FFFFFFFFFFFFFFFFFFFFFFFFFFFFFFFFBA
:1096C000FFFFFFFFFFFFFFFFFFFFFFFFFFFFFFFFAA
:1096D000FFFFFFFFFFFFFFFFFFFFFFFFFFFFFFFF9A
:1096E000FFFFFFFFFFFFFFFFFFFFFFFFFFFFFFFF8A
:1096F000FFFFFFFFFFFFFFFFFFFFFFFFFFFFFFFF7A
:10970000FFFFFFFFFFFFFFFFFFFFFFFFFFFFFFFF69
:10971000FFFFFFFFFFFFFFFFFFFFFFFFFFFFFFFF59
:10972000FFFFFFFFFFFFFFFFFFFFFFFFFFFFFFFF49
:10973000FFFFFFFFFFFFFFFFFFFFFFFFFFFFFFFF39
:10974000FFFFFFFFFFFFFFFFFFFFFFFFFFFFFFFF29
:10975000FFFFFFFFFFFFFFFFFFFFFFFFFFFFFFFF19
:10976000FFFFFFFFFFFFFFFFFFFFFFFFFFFFFFFF09
:10977000FFFFFFFFFFFFFFFFFFFFFFFFFFFFFFFFF9
:10978000FFFFFFFFFFFFFFFFFFFFFFFFFFFFFFFFE9
:10979000FFFFFFFFFFFFFFFFFFFFFFFFFFFFFFFFD9
:1097A000FFFFFFFFFFFFFFFFFFFFFFFFFFFFFFFFC9
:1097B000FFFFFFFFFFFFFFFFFFFFFFFFFFFFFFFFB9
:1097C000FFFFFFFFFFFFFFFFFFFFFFFFFFFFFFFFA9
:1097D000FFFFFFFFFFFFFFFFFFFFFFFFFFFFFFFF99
:1097E000FFFFFFFFFFFFFFFFFFFFFFFFFFFFFFFF89
:1097F000FFFFFFFFFFFFFFFFFFFFFFFFFFFFFFFF79
:10980000FFFFFFFFFFFFFFFFFFFFFFFFFFFFFFFF68
:10981000FFFFFFFFFFFFFFFFFFFFFFFFFFFFFFFF58
:10982000FFFFFFFFFFFFFFFFFFFFFFFFFFFFFFFF48
:10983000FFFFFFFFFFFFFFFFFFFFFFFFFFFFFFFF38
:10984000FFFFFFFFFFFFFFFFFFFFFFFFFFFFFFFF28
:10985000FFFFFFFFFFFFFFFFFFFFFFFFFFFFFFFF18
:10986000FFFFFFFFFFFFFFFFFFFFFFFFFFFFFFFF08
:10987000FFFFFFFFFFFFFFFFFFFFFFFFFFFFFFFFF8
:10988000FFFFFFFFFFFFFFFFFFFFFFFFFFFFFFFFE8
:10989000FFFFFFFFFFFFFFFFFFFFFFFFFFFFFFFFD8
:1098A000FFFFFFFFFFFFFFFFFFFFFFFFFFFFFFFFC8
:1098B000FFFFFFFFFFFFFFFFFFFFFFFFFFFFFFFFB8
:1098C000FFFFFFFFFFFFFFFFFFFFFFFFFFFFFFFFA8
:1098D000FFFFFFFFFFFFFFFFFFFFFFFFFFFFFFFF98
:1098E000FFFFFFFFFFFFFFFFFFFFFFFFFFFFFFFF88
:1098F000FFFFFFFFFFFFFFFFFFFFFFFFFFFFFFFF78
:10990000FFFFFFFFFFFFFFFFFFFFFFFFFFFFFFFF67
:10991000FFFFFFFFFFFFFFFFFFFFFFFFFFFFFFFF57
:10992000FFFFFFFFFFFFFFFFFFFFFFFFFFFFFFFF47
:10993000FFFFFFFFFFFFFFFFFFFFFFFFFFFFFFFF37
:10994000FFFFFFFFFFFFFFFFFFFFFFFFFFFFFFFF27
:10995000FFFFFFFFFFFFFFFFFFFFFFFFFFFFFFFF17
:10996000FFFFFFFFFFFFFFFFFFFFFFFFFFFFFFFF07
:10997000FFFFFFFFFFFFFFFFFFFFFFFFFFFFFFFFF7
:10998000FFFFFFFFFFFFFFFFFFFFFFFFFFFFFFFFE7
:10999000FFFFFFFFFFFFFFFFFFFFFFFFFFFFFFFFD7
:1099A000FFFFFFFFFFFFFFFFFFFFFFFFFFFFFFFFC7
:1099B000FFFFFFFFFFFFFFFFFFFFFFFFFFFFFFFFB7
:1099C000FFFFFFFFFFFFFFFFFFFFFFFFFFFFFFFFA7
:1099D000FFFFFFFFFFFFFFFFFFFFFFFFFFFFFFFF97
:1099E000FFFFFFFFFFFFFFFFFFFFFFFFFFFFFFFF87
:1099F000FFFFFFFFFFFFFFFFFFFFFFFFFFFFFFFF77
:109A0000FFFFFFFFFFFFFFFFFFFFFFFFFFFFFFFF66
:109A1000FFFFFFFFFFFFFFFFFFFFFFFFFFFFFFFF56
:109A2000FFFFFFFFFFFFFFFFFFFFFFFFFFFFFFFF46
:109A3000FFFFFFFFFFFFFFFFFFFFFFFFFFFFFFFF36
:109A4000FFFFFFFFFFFFFFFFFFFFFFFFFFFFFFFF26
:109A5000FFFFFFFFFFFFFFFFFFFFFFFFFFFFFFFF16
:109A6000FFFFFFFFFFFFFFFFFFFFFFFFFFFFFFFF06
:109A7000FFFFFFFFFFFFFFFFFFFFFFFFFFFFFFFFF6
:109A8000FFFFFFFFFFFFFFFFFFFFFFFFFFFFFFFFE6
:109A9000FFFFFFFFFFFFFFFFFFFFFFFFFFFFFFFFD6
:109AA000FFFFFFFFFFFFFFFFFFFFFFFFFFFFFFFFC6
:109AB000FFFFFFFFFFFFFFFFFFFFFFFFFFFFFFFFB6
:109AC000FFFFFFFFFFFFFFFFFFFFFFFFFFFFFFFFA6
:109AD000FFFFFFFFFFFFFFFFFFFFFFFFFFFFFFFF96
:109AE000FFFFFFFFFFFFFFFFFFFFFFFFFFFFFFFF86
:109AF000FFFFFFFFFFFFFFFFFFFFFFFFFFFFFFFF76
:109B0000FFFFFFFFFFFFFFFFFFFFFFFFFFFFFFFF65
:109B1000FFFFFFFFFFFFFFFFFFFFFFFFFFFFFFFF55
:109B2000FFFFFFFFFFFFFFFFFFFFFFFFFFFFFFFF45
:109B3000FFFFFFFFFFFFFFFFFFFFFFFFFFFFFFFF35
:109B4000FFFFFFFFFFFFFFFFFFFFFFFFFFFFFFFF25
:109B5000FFFFFFFFFFFFFFFFFFFFFFFFFFFFFFFF15
:109B6000FFFFFFFFFFFFFFFFFFFFFFFFFFFFFFFF05
:109B7000FFFFFFFFFFFFFFFFFFFFFFFFFFFFFFFFF5
:109B8000FFFFFFFFFFFFFFFFFFFFFFFFFFFFFFFFE5
:109B9000FFFFFFFFFFFFFFFFFFFFFFFFFFFFFFFFD5
:109BA000FFFFFFFFFFFFFFFFFFFFFFFFFFFFFFFFC5
:109BB000FFFFFFFFFFFFFFFFFFFFFFFFFFFFFFFFB5
:109BC000FFFFFFFFFFFFFFFFFFFFFFFFFFFFFFFFA5
:109BD000FFFFFFFFFFFFFFFFFFFFFFFFFFFFFFFF95
:109BE000FFFFFFFFFFFFFFFFFFFFFFFFFFFFFFFF85
:109BF000FFFFFFFFFFFFFFFFFFFFFFFFFFFFFFFF75
:109C0000FFFFFFFFFFFFFFFFFFFFFFFFFFFFFFFF64
:109C1000FFFFFFFFFFFFFFFFFFFFFFFFFFFFFFFF54
:109C2000FFFFFFFFFFFFFFFFFFFFFFFFFFFFFFFF44
:109C3000FFFFFFFFFFFFFFFFFFFFFFFFFFFFFFFF34
:109C4000FFFFFFFFFFFFFFFFFFFFFFFFFFFFFFFF24
:109C5000FFFFFFFFFFFFFFFFFFFFFFFFFFFFFFFF14
:109C6000FFFFFFFFFFFFFFFFFFFFFFFFFFFFFFFF04
:109C7000FFFFFFFFFFFFFFFFFFFFFFFFFFFFFFFFF4
:109C8000FFFFFFFFFFFFFFFFFFFFFFFFFFFFFFFFE4
:109C9000FFFFFFFFFFFFFFFFFFFFFFFFFFFFFFFFD4
:109CA000FFFFFFFFFFFFFFFFFFFFFFFFFFFFFFFFC4
:109CB000FFFFFFFFFFFFFFFFFFFFFFFFFFFFFFFFB4
:109CC000FFFFFFFFFFFFFFFFFFFFFFFFFFFFFFFFA4
:109CD000FFFFFFFFFFFFFFFFFFFFFFFFFFFFFFFF94
:109CE000FFFFFFFFFFFFFFFFFFFFFFFFFFFFFFFF84
:109CF000FFFFFFFFFFFFFFFFFFFFFFFFFFFFFFFF74
:109D0000FFFFFFFFFFFFFFFFFFFFFFFFFFFFFFFF63
:109D1000FFFFFFFFFFFFFFFFFFFFFFFFFFFFFFFF53
:109D2000FFFFFFFFFFFFFFFFFFFFFFFFFFFFFFFF43
:109D3000FFFFFFFFFFFFFFFFFFFFFFFFFFFFFFFF33
:109D4000FFFFFFFFFFFFFFFFFFFFFFFFFFFFFFFF23
:109D5000FFFFFFFFFFFFFFFFFFFFFFFFFFFFFFFF13
:109D6000FFFFFFFFFFFFFFFFFFFFFFFFFFFFFFFF03
:109D7000FFFFFFFFFFFFFFFFFFFFFFFFFFFFFFFFF3
:109D8000FFFFFFFFFFFFFFFFFFFFFFFFFFFFFFFFE3
:109D9000FFFFFFFFFFFFFFFFFFFFFFFFFFFFFFFFD3
:109DA000FFFFFFFFFFFFFFFFFFFFFFFFFFFFFFFFC3
:109DB000FFFFFFFFFFFFFFFFFFFFFFFFFFFFFFFFB3
:109DC000FFFFFFFFFFFFFFFFFFFFFFFFFFFFFFFFA3
:109DD000FFFFFFFFFFFFFFFFFFFFFFFFFFFFFFFF93
:109DE000FFFFFFFFFFFFFFFFFFFFFFFFFFFFFFFF83
:109DF000FFFFFFFFFFFFFFFFFFFFFFFFFFFFFFFF73
:109E0000FFFFFFFFFFFFFFFFFFFFFFFFFFFFFFFF62
:109E1000FFFFFFFFFFFFFFFFFFFFFFFFFFFFFFFF52
:109E2000FFFFFFFFFFFFFFFFFFFFFFFFFFFFFFFF42
:109E3000FFFFFFFFFFFFFFFFFFFFFFFFFFFFFFFF32
:109E4000FFFFFFFFFFFFFFFFFFFFFFFFFFFFFFFF22
:109E5000FFFFFFFFFFFFFFFFFFFFFFFFFFFFFFFF12
:109E6000FFFFFFFFFFFFFFFFFFFFFFFFFFFFFFFF02
:109E7000FFFFFFFFFFFFFFFFFFFFFFFFFFFFFFFFF2
:109E8000FFFFFFFFFFFFFFFFFFFFFFFFFFFFFFFFE2
:109E9000FFFFFFFFFFFFFFFFFFFFFFFFFFFFFFFFD2
:109EA000FFFFFFFFFFFFFFFFFFFFFFFFFFFFFFFFC2
:109EB000FFFFFFFFFFFFFFFFFFFFFFFFFFFFFFFFB2
:109EC000FFFFFFFFFFFFFFFFFFFFFFFFFFFFFFFFA2
:109ED000FFFFFFFFFFFFFFFFFFFFFFFFFFFFFFFF92
:109EE000FFFFFFFFFFFFFFFFFFFFFFFFFFFFFFFF82
:109EF000FFFFFFFFFFFFFFFFFFFFFFFFFFFFFFFF72
:109F0000FFFFFFFFFFFFFFFFFFFFFFFFFFFFFFFF61
:109F1000FFFFFFFFFFFFFFFFFFFFFFFFFFFFFFFF51
:109F2000FFFFFFFFFFFFFFFFFFFFFFFFFFFFFFFF41
:109F3000FFFFFFFFFFFFFFFFFFFFFFFFFFFFFFFF31
:109F4000FFFFFFFFFFFFFFFFFFFFFFFFFFFFFFFF21
:109F5000FFFFFFFFFFFFFFFFFFFFFFFFFFFFFFFF11
:109F6000FFFFFFFFFFFFFFFFFFFFFFFFFFFFFFFF01
:109F7000FFFFFFFFFFFFFFFFFFFFFFFFFFFFFFFFF1
:109F8000FFFFFFFFFFFFFFFFFFFFFFFFFFFFFFFFE1
:109F9000FFFFFFFFFFFFFFFFFFFFFFFFFFFFFFFFD1
:109FA000FFFFFFFFFFFFFFFFFFFFFFFFFFFFFFFFC1
:109FB000FFFFFFFFFFFFFFFFFFFFFFFFFFFFFFFFB1
:109FC000FFFFFFFFFFFFFFFFFFFFFFFFFFFFFFFFA1
:109FD000FFFFFFFFFFFFFFFFFFFFFFFFFFFFFFFF91
:109FE000FFFFFFFFFFFFFFFFFFFFFFFFFFFFFFFF81
:109FF000FFFFFFFFFFFFFFFFFFFFFFFFFFFFFFFF71
:10A00000FFFFFFFFFFFFFFFFFFFFFFFFFFFFFFFF60
:10A01000FFFFFFFFFFFFFFFFFFFFFFFFFFFFFFFF50
:10A02000FFFFFFFFFFFFFFFFFFFFFFFFFFFFFFFF40
:10A03000FFFFFFFFFFFFFFFFFFFFFFFFFFFFFFFF30
:10A04000FFFFFFFFFFFFFFFFFFFFFFFFFFFFFFFF20
:10A05000FFFFFFFFFFFFFFFFFFFFFFFFFFFFFFFF10
:10A06000FFFFFFFFFFFFFFFFFFFFFFFFFFFFFFFF00
:10A07000FFFFFFFFFFFFFFFFFFFFFFFFFFFFFFFFF0
:10A08000FFFFFFFFFFFFFFFFFFFFFFFFFFFFFFFFE0
:10A09000FFFFFFFFFFFFFFFFFFFFFFFFFFFFFFFFD0
:10A0A000FFFFFFFFFFFFFFFFFFFFFFFFFFFFFFFFC0
:10A0B000FFFFFFFFFFFFFFFFFFFFFFFFFFFFFFFFB0
:10A0C000FFFFFFFFFFFFFFFFFFFFFFFFFFFFFFFFA0
:10A0D000FFFFFFFFFFFFFFFFFFFFFFFFFFFFFFFF90
:10A0E000FFFFFFFFFFFFFFFFFFFFFFFFFFFFFFFF80
:10A0F000FFFFFFFFFFFFFFFFFFFFFFFFFFFFFFFF70
:10A10000FFFFFFFFFFFFFFFFFFFFFFFFFFFFFFFF5F
:10A11000FFFFFFFFFFFFFFFFFFFFFFFFFFFFFFFF4F
:10A12000FFFFFFFFFFFFFFFFFFFFFFFFFFFFFFFF3F
:10A13000FFFFFFFFFFFFFFFFFFFFFFFFFFFFFFFF2F
:10A14000FFFFFFFFFFFFFFFFFFFFFFFFFFFFFFFF1F
:10A15000FFFFFFFFFFFFFFFFFFFFFFFFFFFFFFFF0F
:10A16000FFFFFFFFFFFFFFFFFFFFFFFFFFFFFFFFFF
:10A17000FFFFFFFFFFFFFFFFFFFFFFFFFFFFFFFFEF
:10A18000FFFFFFFFFFFFFFFFFFFFFFFFFFFFFFFFDF
:10A19000FFFFFFFFFFFFFFFFFFFFFFFFFFFFFFFFCF
:10A1A000FFFFFFFFFFFFFFFFFFFFFFFFFFFFFFFFBF
:10A1B000FFFFFFFFFFFFFFFFFFFFFFFFFFFFFFFFAF
:10A1C000FFFFFFFFFFFFFFFFFFFFFFFFFFFFFFFF9F
:10A1D000FFFFFFFFFFFFFFFFFFFFFFFFFFFFFFFF8F
:10A1E000FFFFFFFFFFFFFFFFFFFFFFFFFFFFFFFF7F
:10A1F000FFFFFFFFFFFFFFFFFFFFFFFFFFFFFFFF6F
:10A20000FFFFFFFFFFFFFFFFFFFFFFFFFFFFFFFF5E
:10A21000FFFFFFFFFFFFFFFFFFFFFFFFFFFFFFFF4E
:10A22000FFFFFFFFFFFFFFFFFFFFFFFFFFFFFFFF3E
:10A23000FFFFFFFFFFFFFFFFFFFFFFFFFFFFFFFF2E
:10A24000FFFFFFFFFFFFFFFFFFFFFFFFFFFFFFFF1E
:10A25000FFFFFFFFFFFFFFFFFFFFFFFFFFFFFFFF0E
:10A26000FFFFFFFFFFFFFFFFFFFFFFFFFFFFFFFFFE
:10A27000FFFFFFFFFFFFFFFFFFFFFFFFFFFFFFFFEE
:10A28000FFFFFFFFFFFFFFFFFFFFFFFFFFFFFFFFDE
:10A29000FFFFFFFFFFFFFFFFFFFFFFFFFFFFFFFFCE
:10A2A000FFFFFFFFFFFFFFFFFFFFFFFFFFFFFFFFBE
:10A2B000FFFFFFFFFFFFFFFFFFFFFFFFFFFFFFFFAE
:10A2C000FFFFFFFFFFFFFFFFFFFFFFFFFFFFFFFF9E
:10A2D000FFFFFFFFFFFFFFFFFFFFFFFFFFFFFFFF8E
:10A2E000FFFFFFFFFFFFFFFFFFFFFFFFFFFFFFFF7E
:10A2F000FFFFFFFFFFFFFFFFFFFFFFFFFFFFFFFF6E
:10A30000FFFFFFFFFFFFFFFFFFFFFFFFFFFFFFFF5D
:10A31000FFFFFFFFFFFFFFFFFFFFFFFFFFFFFFFF4D
:10A32000FFFFFFFFFFFFFFFFFFFFFFFFFFFFFFFF3D
:10A33000FFFFFFFFFFFFFFFFFFFFFFFFFFFFFFFF2D
:10A34000FFFFFFFFFFFFFFFFFFFFFFFFFFFFFFFF1D
:10A35000FFFFFFFFFFFFFFFFFFFFFFFFFFFFFFFF0D
:10A36000FFFFFFFFFFFFFFFFFFFFFFFFFFFFFFFFFD
:10A37000FFFFFFFFFFFFFFFFFFFFFFFFFFFFFFFFED
:10A38000FFFFFFFFFFFFFFFFFFFFFFFFFFFFFFFFDD
:10A39000FFFFFFFFFFFFFFFFFFFFFFFFFFFFFFFFCD
:10A3A000FFFFFFFFFFFFFFFFFFFFFFFFFFFFFFFFBD
:10A3B000FFFFFFFFFFFFFFFFFFFFFFFFFFFFFFFFAD
:10A3C000FFFFFFFFFFFFFFFFFFFFFFFFFFFFFFFF9D
:10A3D000FFFFFFFFFFFFFFFFFFFFFFFFFFFFFFFF8D
:10A3E000FFFFFFFFFFFFFFFFFFFFFFFFFFFFFFFF7D
:10A3F000FFFFFFFFFFFFFFFFFFFFFFFFFFFFFFFF6D
:10A40000FFFFFFFFFFFFFFFFFFFFFFFFFFFFFFFF5C
:10A41000FFFFFFFFFFFFFFFFFFFFFFFFFFFFFFFF4C
:10A42000FFFFFFFFFFFFFFFFFFFFFFFFFFFFFFFF3C
:10A43000FFFFFFFFFFFFFFFFFFFFFFFFFFFFFFFF2C
:10A44000FFFFFFFFFFFFFFFFFFFFFFFFFFFFFFFF1C
:10A45000FFFFFFFFFFFFFFFFFFFFFFFFFFFFFFFF0C
:10A46000FFFFFFFFFFFFFFFFFFFFFFFFFFFFFFFFFC
:10A47000FFFFFFFFFFFFFFFFFFFFFFFFFFFFFFFFEC
:10A48000FFFFFFFFFFFFFFFFFFFFFFFFFFFFFFFFDC
:10A49000FFFFFFFFFFFFFFFFFFFFFFFFFFFFFFFFCC
:10A4A000FFFFFFFFFFFFFFFFFFFFFFFFFFFFFFFFBC
:10A4B000FFFFFFFFFFFFFFFFFFFFFFFFFFFFFFFFAC
:10A4C000FFFFFFFFFFFFFFFFFFFFFFFFFFFFFFFF9C
:10A4D000FFFFFFFFFFFFFFFFFFFFFFFFFFFFFFFF8C
:10A4E000FFFFFFFFFFFFFFFFFFFFFFFFFFFFFFFF7C
:10A4F000FFFFFFFFFFFFFFFFFFFFFFFFFFFFFFFF6C
:10A50000FFFFFFFFFFFFFFFFFFFFFFFFFFFFFFFF5B
:10A51000FFFFFFFFFFFFFFFFFFFFFFFFFFFFFFFF4B
:10A52000FFFFFFFFFFFFFFFFFFFFFFFFFFFFFFFF3B
:10A53000FFFFFFFFFFFFFFFFFFFFFFFFFFFFFFFF2B
:10A54000FFFFFFFFFFFFFFFFFFFFFFFFFFFFFFFF1B
:10A55000FFFFFFFFFFFFFFFFFFFFFFFFFFFFFFFF0B
:10A56000FFFFFFFFFFFFFFFFFFFFFFFFFFFFFFFFFB
:10A57000FFFFFFFFFFFFFFFFFFFFFFFFFFFFFFFFEB
:10A58000FFFFFFFFFFFFFFFFFFFFFFFFFFFFFFFFDB
:10A59000FFFFFFFFFFFFFFFFFFFFFFFFFFFFFFFFCB
:10A5A000FFFFFFFFFFFFFFFFFFFFFFFFFFFFFFFFBB
:10A5B000FFFFFFFFFFFFFFFFFFFFFFFFFFFFFFFFAB
:10A5C000FFFFFFFFFFFFFFFFFFFFFFFFFFFFFFFF9B
:10A5D000FFFFFFFFFFFFFFFFFFFFFFFFFFFFFFFF8B
:10A5E000FFFFFFFFFFFFFFFFFFFFFFFFFFFFFFFF7B
:10A5F000FFFFFFFFFFFFFFFFFFFFFFFFFFFFFFFF6B
:10A60000FFFFFFFFFFFFFFFFFFFFFFFFFFFFFFFF5A
:10A61000FFFFFFFFFFFFFFFFFFFFFFFFFFFFFFFF4A
:10A62000FFFFFFFFFFFFFFFFFFFFFFFFFFFFFFFF3A
:10A63000FFFFFFFFFFFFFFFFFFFFFFFFFFFFFFFF2A
:10A64000FFFFFFFFFFFFFFFFFFFFFFFFFFFFFFFF1A
:10A65000FFFFFFFFFFFFFFFFFFFFFFFFFFFFFFFF0A
:10A66000FFFFFFFFFFFFFFFFFFFFFFFFFFFFFFFFFA
:10A67000FFFFFFFFFFFFFFFFFFFFFFFFFFFFFFFFEA
:10A68000FFFFFFFFFFFFFFFFFFFFFFFFFFFFFFFFDA
:10A69000FFFFFFFFFFFFFFFFFFFFFFFFFFFFFFFFCA
:10A6A000FFFFFFFFFFFFFFFFFFFFFFFFFFFFFFFFBA
:10A6B000FFFFFFFFFFFFFFFFFFFFFFFFFFFFFFFFAA
:10A6C000FFFFFFFFFFFFFFFFFFFFFFFFFFFFFFFF9A
:10A6D000FFFFFFFFFFFFFFFFFFFFFFFFFFFFFFFF8A
:10A6E000FFFFFFFFFFFFFFFFFFFFFFFFFFFFFFFF7A
:10A6F000FFFFFFFFFFFFFFFFFFFFFFFFFFFFFFFF6A
:10A70000FFFFFFFFFFFFFFFFFFFFFFFFFFFFFFFF59
:10A71000FFFFFFFFFFFFFFFFFFFFFFFFFFFFFFFF49
:10A72000FFFFFFFFFFFFFFFFFFFFFFFFFFFFFFFF39
:10A73000FFFFFFFFFFFFFFFFFFFFFFFFFFFFFFFF29
:10A74000FFFFFFFFFFFFFFFFFFFFFFFFFFFFFFFF19
:10A75000FFFFFFFFFFFFFFFFFFFFFFFFFFFFFFFF09
:10A76000FFFFFFFFFFFFFFFFFFFFFFFFFFFFFFFFF9
:10A77000FFFFFFFFFFFFFFFFFFFFFFFFFFFFFFFFE9
:10A78000FFFFFFFFFFFFFFFFFFFFFFFFFFFFFFFFD9
:10A79000FFFFFFFFFFFFFFFFFFFFFFFFFFFFFFFFC9
:10A7A000FFFFFFFFFFFFFFFFFFFFFFFFFFFFFFFFB9
:10A7B000FFFFFFFFFFFFFFFFFFFFFFFFFFFFFFFFA9
:10A7C000FFFFFFFFFFFFFFFFFFFFFFFFFFFFFFFF99
:10A7D000FFFFFFFFFFFFFFFFFFFFFFFFFFFFFFFF89
:10A7E000FFFFFFFFFFFFFFFFFFFFFFFFFFFFFFFF79
:10A7F000FFFFFFFFFFFFFFFFFFFFFFFFFFFFFFFF69
:10A80000FFFFFFFFFFFFFFFFFFFFFFFFFFFFFFFF58
:10A81000FFFFFFFFFFFFFFFFFFFFFFFFFFFFFFFF48
:10A82000FFFFFFFFFFFFFFFFFFFFFFFFFFFFFFFF38
:10A83000FFFFFFFFFFFFFFFFFFFFFFFFFFFFFFFF28
:10A84000FFFFFFFFFFFFFFFFFFFFFFFFFFFFFFFF18
:10A85000FFFFFFFFFFFFFFFFFFFFFFFFFFFFFFFF08
:10A86000FFFFFFFFFFFFFFFFFFFFFFFFFFFFFFFFF8
:10A87000FFFFFFFFFFFFFFFFFFFFFFFFFFFFFFFFE8
:10A88000FFFFFFFFFFFFFFFFFFFFFFFFFFFFFFFFD8
:10A89000FFFFFFFFFFFFFFFFFFFFFFFFFFFFFFFFC8
:10A8A000FFFFFFFFFFFFFFFFFFFFFFFFFFFFFFFFB8
:10A8B000FFFFFFFFFFFFFFFFFFFFFFFFFFFFFFFFA8
:10A8C000FFFFFFFFFFFFFFFFFFFFFFFFFFFFFFFF98
:10A8D000FFFFFFFFFFFFFFFFFFFFFFFFFFFFFFFF88
:10A8E000FFFFFFFFFFFFFFFFFFFFFFFFFFFFFFFF78
:10A8F000FFFFFFFFFFFFFFFFFFFFFFFFFFFFFFFF68
:10A90000FFFFFFFFFFFFFFFFFFFFFFFFFFFFFFFF57
:10A91000FFFFFFFFFFFFFFFFFFFFFFFFFFFFFFFF47
:10A92000FFFFFFFFFFFFFFFFFFFFFFFFFFFFFFFF37
:10A93000FFFFFFFFFFFFFFFFFFFFFFFFFFFFFFFF27
:10A94000FFFFFFFFFFFFFFFFFFFFFFFFFFFFFFFF17
:10A95000FFFFFFFFFFFFFFFFFFFFFFFFFFFFFFFF07
:10A96000FFFFFFFFFFFFFFFFFFFFFFFFFFFFFFFFF7
:10A97000FFFFFFFFFFFFFFFFFFFFFFFFFFFFFFFFE7
:10A98000FFFFFFFFFFFFFFFFFFFFFFFFFFFFFFFFD7
:10A99000FFFFFFFFFFFFFFFFFFFFFFFFFFFFFFFFC7
:10A9A000FFFFFFFFFFFFFFFFFFFFFFFFFFFFFFFFB7
:10A9B000FFFFFFFFFFFFFFFFFFFFFFFFFFFFFFFFA7
:10A9C000FFFFFFFFFFFFFFFFFFFFFFFFFFFFFFFF97
:10A9D000FFFFFFFFFFFFFFFFFFFFFFFFFFFFFFFF87
:10A9E000FFFFFFFFFFFFFFFFFFFFFFFFFFFFFFFF77
:10A9F000FFFFFFFFFFFFFFFFFFFFFFFFFFFFFFFF67
:10AA0000FFFFFFFFFFFFFFFFFFFFFFFFFFFFFFFF56
:10AA1000FFFFFFFFFFFFFFFFFFFFFFFFFFFFFFFF46
:10AA2000FFFFFFFFFFFFFFFFFFFFFFFFFFFFFFFF36
:10AA3000FFFFFFFFFFFFFFFFFFFFFFFFFFFFFFFF26
:10AA4000FFFFFFFFFFFFFFFFFFFFFFFFFFFFFFFF16
:10AA5000FFFFFFFFFFFFFFFFFFFFFFFFFFFFFFFF06
:10AA6000FFFFFFFFFFFFFFFFFFFFFFFFFFFFFFFFF6
:10AA7000FFFFFFFFFFFFFFFFFFFFFFFFFFFFFFFFE6
:10AA8000FFFFFFFFFFFFFFFFFFFFFFFFFFFFFFFFD6
:10AA9000FFFFFFFFFFFFFFFFFFFFFFFFFFFFFFFFC6
:10AAA000FFFFFFFFFFFFFFFFFFFFFFFFFFFFFFFFB6
:10AAB000FFFFFFFFFFFFFFFFFFFFFFFFFFFFFFFFA6
:10AAC000FFFFFFFFFFFFFFFFFFFFFFFFFFFFFFFF96
:10AAD000FFFFFFFFFFFFFFFFFFFFFFFFFFFFFFFF86
:10AAE000FFFFFFFFFFFFFFFFFFFFFFFFFFFFFFFF76
:10AAF000FFFFFFFFFFFFFFFFFFFFFFFFFFFFFFFF66
:10AB0000FFFFFFFFFFFFFFFFFFFFFFFFFFFFFFFF55
:10AB1000FFFFFFFFFFFFFFFFFFFFFFFFFFFFFFFF45
:10AB2000FFFFFFFFFFFFFFFFFFFFFFFFFFFFFFFF35
:10AB3000FFFFFFFFFFFFFFFFFFFFFFFFFFFFFFFF25
:10AB4000FFFFFFFFFFFFFFFFFFFFFFFFFFFFFFFF15
:10AB5000FFFFFFFFFFFFFFFFFFFFFFFFFFFFFFFF05
:10AB6000FFFFFFFFFFFFFFFFFFFFFFFFFFFFFFFFF5
:10AB7000FFFFFFFFFFFFFFFFFFFFFFFFFFFFFFFFE5
:10AB8000FFFFFFFFFFFFFFFFFFFFFFFFFFFFFFFFD5
:10AB9000FFFFFFFFFFFFFFFFFFFFFFFFFFFFFFFFC5
:10ABA000FFFFFFFFFFFFFFFFFFFFFFFFFFFFFFFFB5
:10ABB000FFFFFFFFFFFFFFFFFFFFFFFFFFFFFFFFA5
:10ABC000FFFFFFFFFFFFFFFFFFFFFFFFFFFFFFFF95
:10ABD000FFFFFFFFFFFFFFFFFFFFFFFFFFFFFFFF85
:10ABE000FFFFFFFFFFFFFFFFFFFFFFFFFFFFFFFF75
:10ABF000FFFFFFFFFFFFFFFFFFFFFFFFFFFFFFFF65
:10AC0000FFFFFFFFFFFFFFFFFFFFFFFFFFFFFFFF54
:10AC1000FFFFFFFFFFFFFFFFFFFFFFFFFFFFFFFF44
:10AC2000FFFFFFFFFFFFFFFFFFFFFFFFFFFFFFFF34
:10AC3000FFFFFFFFFFFFFFFFFFFFFFFFFFFFFFFF24
:10AC4000FFFFFFFFFFFFFFFFFFFFFFFFFFFFFFFF14
:10AC5000FFFFFFFFFFFFFFFFFFFFFFFFFFFFFFFF04
:10AC6000FFFFFFFFFFFFFFFFFFFFFFFFFFFFFFFFF4
:10AC7000FFFFFFFFFFFFFFFFFFFFFFFFFFFFFFFFE4
:10AC8000FFFFFFFFFFFFFFFFFFFFFFFFFFFFFFFFD4
:10AC9000FFFFFFFFFFFFFFFFFFFFFFFFFFFFFFFFC4
:10ACA000FFFFFFFFFFFFFFFFFFFFFFFFFFFFFFFFB4
:10ACB000FFFFFFFFFFFFFFFFFFFFFFFFFFFFFFFFA4
:10ACC000FFFFFFFFFFFFFFFFFFFFFFFFFFFFFFFF94
:10ACD000FFFFFFFFFFFFFFFFFFFFFFFFFFFFFFFF84
:10ACE000FFFFFFFFFFFFFFFFFFFFFFFFFFFFFFFF74
:10ACF000FFFFFFFFFFFFFFFFFFFFFFFFFFFFFFFF64
:10AD0000FFFFFFFFFFFFFFFFFFFFFFFFFFFFFFFF53
:10AD1000FFFFFFFFFFFFFFFFFFFFFFFFFFFFFFFF43
:10AD2000FFFFFFFFFFFFFFFFFFFFFFFFFFFFFFFF33
:10AD3000FFFFFFFFFFFFFFFFFFFFFFFFFFFFFFFF23
:10AD4000FFFFFFFFFFFFFFFFFFFFFFFFFFFFFFFF13
:10AD5000FFFFFFFFFFFFFFFFFFFFFFFFFFFFFFFF03
:10AD6000FFFFFFFFFFFFFFFFFFFFFFFFFFFFFFFFF3
:10AD7000FFFFFFFFFFFFFFFFFFFFFFFFFFFFFFFFE3
:10AD8000FFFFFFFFFFFFFFFFFFFFFFFFFFFFFFFFD3
:10AD9000FFFFFFFFFFFFFFFFFFFFFFFFFFFFFFFFC3
:10ADA000FFFFFFFFFFFFFFFFFFFFFFFFFFFFFFFFB3
:10ADB000FFFFFFFFFFFFFFFFFFFFFFFFFFFFFFFFA3
:10ADC000FFFFFFFFFFFFFFFFFFFFFFFFFFFFFFFF93
:10ADD000FFFFFFFFFFFFFFFFFFFFFFFFFFFFFFFF83
:10ADE000FFFFFFFFFFFFFFFFFFFFFFFFFFFFFFFF73
:10ADF000FFFFFFFFFFFFFFFFFFFFFFFFFFFFFFFF63
:10AE0000FFFFFFFFFFFFFFFFFFFFFFFFFFFFFFFF52
:10AE1000FFFFFFFFFFFFFFFFFFFFFFFFFFFFFFFF42
:10AE2000FFFFFFFFFFFFFFFFFFFFFFFFFFFFFFFF32
:10AE3000FFFFFFFFFFFFFFFFFFFFFFFFFFFFFFFF22
:10AE4000FFFFFFFFFFFFFFFFFFFFFFFFFFFFFFFF12
:10AE5000FFFFFFFFFFFFFFFFFFFFFFFFFFFFFFFF02
:10AE6000FFFFFFFFFFFFFFFFFFFFFFFFFFFFFFFFF2
:10AE7000FFFFFFFFFFFFFFFFFFFFFFFFFFFFFFFFE2
:10AE8000FFFFFFFFFFFFFFFFFFFFFFFFFFFFFFFFD2
:10AE9000FFFFFFFFFFFFFFFFFFFFFFFFFFFFFFFFC2
:10AEA000FFFFFFFFFFFFFFFFFFFFFFFFFFFFFFFFB2
:10AEB000FFFFFFFFFFFFFFFFFFFFFFFFFFFFFFFFA2
:10AEC000FFFFFFFFFFFFFFFFFFFFFFFFFFFFFFFF92
:10AED000FFFFFFFFFFFFFFFFFFFFFFFFFFFFFFFF82
:10AEE000FFFFFFFFFFFFFFFFFFFFFFFFFFFFFFFF72
:10AEF000FFFFFFFFFFFFFFFFFFFFFFFFFFFFFFFF62
:10AF0000FFFFFFFFFFFFFFFFFFFFFFFFFFFFFFFF51
:10AF1000FFFFFFFFFFFFFFFFFFFFFFFFFFFFFFFF41
:10AF2000FFFFFFFFFFFFFFFFFFFFFFFFFFFFFFFF31
:10AF3000FFFFFFFFFFFFFFFFFFFFFFFFFFFFFFFF21
:10AF4000FFFFFFFFFFFFFFFFFFFFFFFFFFFFFFFF11
:10AF5000FFFFFFFFFFFFFFFFFFFFFFFFFFFFFFFF01
:10AF6000FFFFFFFFFFFFFFFFFFFFFFFFFFFFFFFFF1
:10AF7000FFFFFFFFFFFFFFFFFFFFFFFFFFFFFFFFE1
:10AF8000FFFFFFFFFFFFFFFFFFFFFFFFFFFFFFFFD1
:10AF9000FFFFFFFFFFFFFFFFFFFFFFFFFFFFFFFFC1
:10AFA000FFFFFFFFFFFFFFFFFFFFFFFFFFFFFFFFB1
:10AFB000FFFFFFFFFFFFFFFFFFFFFFFFFFFFFFFFA1
:10AFC000FFFFFFFFFFFFFFFFFFFFFFFFFFFFFFFF91
:10AFD000FFFFFFFFFFFFFFFFFFFFFFFFFFFFFFFF81
:10AFE000FFFFFFFFFFFFFFFFFFFFFFFFFFFFFFFF71
:10AFF000FFFFFFFFFFFFFFFFFFFFFFFFFFFFFFFF61
:10B00000FFFFFFFFFFFFFFFFFFFFFFFFFFFFFFFF50
:10B01000FFFFFFFFFFFFFFFFFFFFFFFFFFFFFFFF40
:10B02000FFFFFFFFFFFFFFFFFFFFFFFFFFFFFFFF30
:10B03000FFFFFFFFFFFFFFFFFFFFFFFFFFFFFFFF20
:10B04000FFFFFFFFFFFFFFFFFFFFFFFFFFFFFFFF10
:10B05000FFFFFFFFFFFFFFFFFFFFFFFFFFFFFFFF00
:10B06000FFFFFFFFFFFFFFFFFFFFFFFFFFFFFFFFF0
:10B07000FFFFFFFFFFFFFFFFFFFFFFFFFFFFFFFFE0
:10B08000FFFFFFFFFFFFFFFFFFFFFFFFFFFFFFFFD0
:10B09000FFFFFFFFFFFFFFFFFFFFFFFFFFFFFFFFC0
:10B0A000FFFFFFFFFFFFFFFFFFFFFFFFFFFFFFFFB0
:10B0B000FFFFFFFFFFFFFFFFFFFFFFFFFFFFFFFFA0
:10B0C000FFFFFFFFFFFFFFFFFFFFFFFFFFFFFFFF90
:10B0D000FFFFFFFFFFFFFFFFFFFFFFFFFFFFFFFF80
:10B0E000FFFFFFFFFFFFFFFFFFFFFFFFFFFFFFFF70
:10B0F000FFFFFFFFFFFFFFFFFFFFFFFFFFFFFFFF60
:10B10000FFFFFFFFFFFFFFFFFFFFFFFFFFFFFFFF4F
:10B11000FFFFFFFFFFFFFFFFFFFFFFFFFFFFFFFF3F
:10B12000FFFFFFFFFFFFFFFFFFFFFFFFFFFFFFFF2F
:10B13000FFFFFFFFFFFFFFFFFFFFFFFFFFFFFFFF1F
:10B14000FFFFFFFFFFFFFFFFFFFFFFFFFFFFFFFF0F
:10B15000FFFFFFFFFFFFFFFFFFFFFFFFFFFFFFFFFF
:10B16000FFFFFFFFFFFFFFFFFFFFFFFFFFFFFFFFEF
:10B17000FFFFFFFFFFFFFFFFFFFFFFFFFFFFFFFFDF
:10B18000FFFFFFFFFFFFFFFFFFFFFFFFFFFFFFFFCF
:10B19000FFFFFFFFFFFFFFFFFFFFFFFFFFFFFFFFBF
:10B1A000FFFFFFFFFFFFFFFFFFFFFFFFFFFFFFFFAF
:10B1B000FFFFFFFFFFFFFFFFFFFFFFFFFFFFFFFF9F
:10B1C000FFFFFFFFFFFFFFFFFFFFFFFFFFFFFFFF8F
:10B1D000FFFFFFFFFFFFFFFFFFFFFFFFFFFFFFFF7F
:10B1E000FFFFFFFFFFFFFFFFFFFFFFFFFFFFFFFF6F
:10B1F000FFFFFFFFFFFFFFFFFFFFFFFFFFFFFFFF5F
:10B20000FFFFFFFFFFFFFFFFFFFFFFFFFFFFFFFF4E
:10B21000FFFFFFFFFFFFFFFFFFFFFFFFFFFFFFFF3E
:10B22000FFFFFFFFFFFFFFFFFFFFFFFFFFFFFFFF2E
:10B23000FFFFFFFFFFFFFFFFFFFFFFFFFFFFFFFF1E
:10B24000FFFFFFFFFFFFFFFFFFFFFFFFFFFFFFFF0E
:10B25000FFFFFFFFFFFFFFFFFFFFFFFFFFFFFFFFFE
:10B26000FFFFFFFFFFFFFFFFFFFFFFFFFFFFFFFFEE
:10B27000FFFFFFFFFFFFFFFFFFFFFFFFFFFFFFFFDE
:10B28000FFFFFFFFFFFFFFFFFFFFFFFFFFFFFFFFCE
:10B29000FFFFFFFFFFFFFFFFFFFFFFFFFFFFFFFFBE
:10B2A000FFFFFFFFFFFFFFFFFFFFFFFFFFFFFFFFAE
:10B2B000FFFFFFFFFFFFFFFFFFFFFFFFFFFFFFFF9E
:10B2C000FFFFFFFFFFFFFFFFFFFFFFFFFFFFFFFF8E
:10B2D000FFFFFFFFFFFFFFFFFFFFFFFFFFFFFFFF7E
:10B2E000FFFFFFFFFFFFFFFFFFFFFFFFFFFFFFFF6E
:10B2F000FFFFFFFFFFFFFFFFFFFFFFFFFFFFFFFF5E
:10B30000FFFFFFFFFFFFFFFFFFFFFFFFFFFFFFFF4D
:10B31000FFFFFFFFFFFFFFFFFFFFFFFFFFFFFFFF3D
:10B32000FFFFFFFFFFFFFFFFFFFFFFFFFFFFFFFF2D
:10B33000FFFFFFFFFFFFFFFFFFFFFFFFFFFFFFFF1D
:10B34000FFFFFFFFFFFFFFFFFFFFFFFFFFFFFFFF0D
:10B35000FFFFFFFFFFFFFFFFFFFFFFFFFFFFFFFFFD
:10B36000FFFFFFFFFFFFFFFFFFFFFFFFFFFFFFFFED
:10B37000FFFFFFFFFFFFFFFFFFFFFFFFFFFFFFFFDD
:10B38000FFFFFFFFFFFFFFFFFFFFFFFFFFFFFFFFCD
:10B39000FFFFFFFFFFFFFFFFFFFFFFFFFFFFFFFFBD
:10B3A000FFFFFFFFFFFFFFFFFFFFFFFFFFFFFFFFAD
:10B3B000FFFFFFFFFFFFFFFFFFFFFFFFFFFFFFFF9D
:10B3C000FFFFFFFFFFFFFFFFFFFFFFFFFFFFFFFF8D
:10B3D000FFFFFFFFFFFFFFFFFFFFFFFFFFFFFFFF7D
:10B3E000FFFFFFFFFFFFFFFFFFFFFFFFFFFFFFFF6D
:10B3F000FFFFFFFFFFFFFFFFFFFFFFFFFFFFFFFF5D
:10B40000FFFFFFFFFFFFFFFFFFFFFFFFFFFFFFFF4C
:10B41000FFFFFFFFFFFFFFFFFFFFFFFFFFFFFFFF3C
:10B42000FFFFFFFFFFFFFFFFFFFFFFFFFFFFFFFF2C
:10B43000FFFFFFFFFFFFFFFFFFFFFFFFFFFFFFFF1C
:10B44000FFFFFFFFFFFFFFFFFFFFFFFFFFFFFFFF0C
:10B45000FFFFFFFFFFFFFFFFFFFFFFFFFFFFFFFFFC
:10B46000FFFFFFFFFFFFFFFFFFFFFFFFFFFFFFFFEC
:10B47000FFFFFFFFFFFFFFFFFFFFFFFFFFFFFFFFDC
:10B48000FFFFFFFFFFFFFFFFFFFFFFFFFFFFFFFFCC
:10B49000FFFFFFFFFFFFFFFFFFFFFFFFFFFFFFFFBC
:10B4A000FFFFFFFFFFFFFFFFFFFFFFFFFFFFFFFFAC
:10B4B000FFFFFFFFFFFFFFFFFFFFFFFFFFFFFFFF9C
:10B4C000FFFFFFFFFFFFFFFFFFFFFFFFFFFFFFFF8C
:10B4D000FFFFFFFFFFFFFFFFFFFFFFFFFFFFFFFF7C
:10B4E000FFFFFFFFFFFFFFFFFFFFFFFFFFFFFFFF6C
:10B4F000FFFFFFFFFFFFFFFFFFFFFFFFFFFFFFFF5C
:10B50000FFFFFFFFFFFFFFFFFFFFFFFFFFFFFFFF4B
:10B51000FFFFFFFFFFFFFFFFFFFFFFFFFFFFFFFF3B
:10B52000FFFFFFFFFFFFFFFFFFFFFFFFFFFFFFFF2B
:10B53000FFFFFFFFFFFFFFFFFFFFFFFFFFFFFFFF1B
:10B54000FFFFFFFFFFFFFFFFFFFFFFFFFFFFFFFF0B
:10B55000FFFFFFFFFFFFFFFFFFFFFFFFFFFFFFFFFB
:10B56000FFFFFFFFFFFFFFFFFFFFFFFFFFFFFFFFEB
:10B57000FFFFFFFFFFFFFFFFFFFFFFFFFFFFFFFFDB
:10B58000FFFFFFFFFFFFFFFFFFFFFFFFFFFFFFFFCB
:10B59000FFFFFFFFFFFFFFFFFFFFFFFFFFFFFFFFBB
:10B5A000FFFFFFFFFFFFFFFFFFFFFFFFFFFFFFFFAB
:10B5B000FFFFFFFFFFFFFFFFFFFFFFFFFFFFFFFF9B
:10B5C000FFFFFFFFFFFFFFFFFFFFFFFFFFFFFFFF8B
:10B5D000FFFFFFFFFFFFFFFFFFFFFFFFFFFFFFFF7B
:10B5E000FFFFFFFFFFFFFFFFFFFFFFFFFFFFFFFF6B
:10B5F000FFFFFFFFFFFFFFFFFFFFFFFFFFFFFFFF5B
:10B60000FFFFFFFFFFFFFFFFFFFFFFFFFFFFFFFF4A
:10B61000FFFFFFFFFFFFFFFFFFFFFFFFFFFFFFFF3A
:10B62000FFFFFFFFFFFFFFFFFFFFFFFFFFFFFFFF2A
:10B63000FFFFFFFFFFFFFFFFFFFFFFFFFFFFFFFF1A
:10B64000FFFFFFFFFFFFFFFFFFFFFFFFFFFFFFFF0A
:10B65000FFFFFFFFFFFFFFFFFFFFFFFFFFFFFFFFFA
:10B66000FFFFFFFFFFFFFFFFFFFFFFFFFFFFFFFFEA
:10B67000FFFFFFFFFFFFFFFFFFFFFFFFFFFFFFFFDA
:10B68000FFFFFFFFFFFFFFFFFFFFFFFFFFFFFFFFCA
:10B69000FFFFFFFFFFFFFFFFFFFFFFFFFFFFFFFFBA
:10B6A000FFFFFFFFFFFFFFFFFFFFFFFFFFFFFFFFAA
:10B6B000FFFFFFFFFFFFFFFFFFFFFFFFFFFFFFFF9A
:10B6C000FFFFFFFFFFFFFFFFFFFFFFFFFFFFFFFF8A
:10B6D000FFFFFFFFFFFFFFFFFFFFFFFFFFFFFFFF7A
:10B6E000FFFFFFFFFFFFFFFFFFFFFFFFFFFFFFFF6A
:10B6F000FFFFFFFFFFFFFFFFFFFFFFFFFFFFFFFF5A
:10B70000FFFFFFFFFFFFFFFFFFFFFFFFFFFFFFFF49
:10B71000FFFFFFFFFFFFFFFFFFFFFFFFFFFFFFFF39
:10B72000FFFFFFFFFFFFFFFFFFFFFFFFFFFFFFFF29
:10B73000FFFFFFFFFFFFFFFFFFFFFFFFFFFFFFFF19
:10B74000FFFFFFFFFFFFFFFFFFFFFFFFFFFFFFFF09
:10B75000FFFFFFFFFFFFFFFFFFFFFFFFFFFFFFFFF9
:10B76000FFFFFFFFFFFFFFFFFFFFFFFFFFFFFFFFE9
:10B77000FFFFFFFFFFFFFFFFFFFFFFFFFFFFFFFFD9
:10B78000FFFFFFFFFFFFFFFFFFFFFFFFFFFFFFFFC9
:10B79000FFFFFFFFFFFFFFFFFFFFFFFFFFFFFFFFB9
:10B7A000FFFFFFFFFFFFFFFFFFFFFFFFFFFFFFFFA9
:10B7B000FFFFFFFFFFFFFFFFFFFFFFFFFFFFFFFF99
:10B7C000FFFFFFFFFFFFFFFFFFFFFFFFFFFFFFFF89
:10B7D000FFFFFFFFFFFFFFFFFFFFFFFFFFFFFFFF79
:10B7E000FFFFFFFFFFFFFFFFFFFFFFFFFFFFFFFF69
:10B7F000FFFFFFFFFFFFFFFFFFFFFFFFFFFFFFFF59
:10B80000FFFFFFFFFFFFFFFFFFFFFFFFFFFFFFFF48
:10B81000FFFFFFFFFFFFFFFFFFFFFFFFFFFFFFFF38
:10B82000FFFFFFFFFFFFFFFFFFFFFFFFFFFFFFFF28
:10B83000FFFFFFFFFFFFFFFFFFFFFFFFFFFFFFFF18
:10B84000FFFFFFFFFFFFFFFFFFFFFFFFFFFFFFFF08
:10B85000FFFFFFFFFFFFFFFFFFFFFFFFFFFFFFFFF8
:10B86000FFFFFFFFFFFFFFFFFFFFFFFFFFFFFFFFE8
:10B87000FFFFFFFFFFFFFFFFFFFFFFFFFFFFFFFFD8
:10B88000FFFFFFFFFFFFFFFFFFFFFFFFFFFFFFFFC8
:10B89000FFFFFFFFFFFFFFFFFFFFFFFFFFFFFFFFB8
:10B8A000FFFFFFFFFFFFFFFFFFFFFFFFFFFFFFFFA8
:10B8B000FFFFFFFFFFFFFFFFFFFFFFFFFFFFFFFF98
:10B8C000FFFFFFFFFFFFFFFFFFFFFFFFFFFFFFFF88
:10B8D000FFFFFFFFFFFFFFFFFFFFFFFFFFFFFFFF78
:10B8E000FFFFFFFFFFFFFFFFFFFFFFFFFFFFFFFF68
:10B8F000FFFFFFFFFFFFFFFFFFFFFFFFFFFFFFFF58
:10B90000FFFFFFFFFFFFFFFFFFFFFFFFFFFFFFFF47
:10B91000FFFFFFFFFFFFFFFFFFFFFFFFFFFFFFFF37
:10B92000FFFFFFFFFFFFFFFFFFFFFFFFFFFFFFFF27
:10B93000FFFFFFFFFFFFFFFFFFFFFFFFFFFFFFFF17
:10B94000FFFFFFFFFFFFFFFFFFFFFFFFFFFFFFFF07
:10B95000FFFFFFFFFFFFFFFFFFFFFFFFFFFFFFFFF7
:10B96000FFFFFFFFFFFFFFFFFFFFFFFFFFFFFFFFE7
:10B97000FFFFFFFFFFFFFFFFFFFFFFFFFFFFFFFFD7
:10B98000FFFFFFFFFFFFFFFFFFFFFFFFFFFFFFFFC7
:10B99000FFFFFFFFFFFFFFFFFFFFFFFFFFFFFFFFB7
:10B9A000FFFFFFFFFFFFFFFFFFFFFFFFFFFFFFFFA7
:10B9B000FFFFFFFFFFFFFFFFFFFFFFFFFFFFFFFF97
:10B9C000FFFFFFFFFFFFFFFFFFFFFFFFFFFFFFFF87
:10B9D000FFFFFFFFFFFFFFFFFFFFFFFFFFFFFFFF77
:10B9E000FFFFFFFFFFFFFFFFFFFFFFFFFFFFFFFF67
:10B9F000FFFFFFFFFFFFFFFFFFFFFFFFFFFFFFFF57
:10BA0000FFFFFFFFFFFFFFFFFFFFFFFFFFFFFFFF46
:10BA1000FFFFFFFFFFFFFFFFFFFFFFFFFFFFFFFF36
:10BA2000FFFFFFFFFFFFFFFFFFFFFFFFFFFFFFFF26
:10BA3000FFFFFFFFFFFFFFFFFFFFFFFFFFFFFFFF16
:10BA4000FFFFFFFFFFFFFFFFFFFFFFFFFFFFFFFF06
:10BA5000FFFFFFFFFFFFFFFFFFFFFFFFFFFFFFFFF6
:10BA6000FFFFFFFFFFFFFFFFFFFFFFFFFFFFFFFFE6
:10BA7000FFFFFFFFFFFFFFFFFFFFFFFFFFFFFFFFD6
:10BA8000FFFFFFFFFFFFFFFFFFFFFFFFFFFFFFFFC6
:10BA9000FFFFFFFFFFFFFFFFFFFFFFFFFFFFFFFFB6
:10BAA000FFFFFFFFFFFFFFFFFFFFFFFFFFFFFFFFA6
:10BAB000FFFFFFFFFFFFFFFFFFFFFFFFFFFFFFFF96
:10BAC000FFFFFFFFFFFFFFFFFFFFFFFFFFFFFFFF86
:10BAD000FFFFFFFFFFFFFFFFFFFFFFFFFFFFFFFF76
:10BAE000FFFFFFFFFFFFFFFFFFFFFFFFFFFFFFFF66
:10BAF000FFFFFFFFFFFFFFFFFFFFFFFFFFFFFFFF56
:10BB0000FFFFFFFFFFFFFFFFFFFFFFFFFFFFFFFF45
:10BB1000FFFFFFFFFFFFFFFFFFFFFFFFFFFFFFFF35
:10BB2000FFFFFFFFFFFFFFFFFFFFFFFFFFFFFFFF25
:10BB3000FFFFFFFFFFFFFFFFFFFFFFFFFFFFFFFF15
:10BB4000FFFFFFFFFFFFFFFFFFFFFFFFFFFFFFFF05
:10BB5000FFFFFFFFFFFFFFFFFFFFFFFFFFFFFFFFF5
:10BB6000FFFFFFFFFFFFFFFFFFFFFFFFFFFFFFFFE5
:10BB7000FFFFFFFFFFFFFFFFFFFFFFFFFFFFFFFFD5
:10BB8000FFFFFFFFFFFFFFFFFFFFFFFFFFFFFFFFC5
:10BB9000FFFFFFFFFFFFFFFFFFFFFFFFFFFFFFFFB5
:10BBA000FFFFFFFFFFFFFFFFFFFFFFFFFFFFFFFFA5
:10BBB000FFFFFFFFFFFFFFFFFFFFFFFFFFFFFFFF95
:10BBC000FFFFFFFFFFFFFFFFFFFFFFFFFFFFFFFF85
:10BBD000FFFFFFFFFFFFFFFFFFFFFFFFFFFFFFFF75
:10BBE000FFFFFFFFFFFFFFFFFFFFFFFFFFFFFFFF65
:10BBF000FFFFFFFFFFFFFFFFFFFFFFFFFFFFFFFF55
:10BC0000FFFFFFFFFFFFFFFFFFFFFFFFFFFFFFFF44
:10BC1000FFFFFFFFFFFFFFFFFFFFFFFFFFFFFFFF34
:10BC2000FFFFFFFFFFFFFFFFFFFFFFFFFFFFFFFF24
:10BC3000FFFFFFFFFFFFFFFFFFFFFFFFFFFFFFFF14
:10BC4000FFFFFFFFFFFFFFFFFFFFFFFFFFFFFFFF04
:10BC5000FFFFFFFFFFFFFFFFFFFFFFFFFFFFFFFFF4
:10BC6000FFFFFFFFFFFFFFFFFFFFFFFFFFFFFFFFE4
:10BC7000FFFFFFFFFFFFFFFFFFFFFFFFFFFFFFFFD4
:10BC8000FFFFFFFFFFFFFFFFFFFFFFFFFFFFFFFFC4
:10BC9000FFFFFFFFFFFFFFFFFFFFFFFFFFFFFFFFB4
:10BCA000FFFFFFFFFFFFFFFFFFFFFFFFFFFFFFFFA4
:10BCB000FFFFFFFFFFFFFFFFFFFFFFFFFFFFFFFF94
:10BCC000FFFFFFFFFFFFFFFFFFFFFFFFFFFFFFFF84
:10BCD000FFFFFFFFFFFFFFFFFFFFFFFFFFFFFFFF74
:10BCE000FFFFFFFFFFFFFFFFFFFFFFFFFFFFFFFF64
:10BCF000FFFFFFFFFFFFFFFFFFFFFFFFFFFFFFFF54
:10BD0000FFFFFFFFFFFFFFFFFFFFFFFFFFFFFFFF43
:10BD1000FFFFFFFFFFFFFFFFFFFFFFFFFFFFFFFF33
:10BD2000FFFFFFFFFFFFFFFFFFFFFFFFFFFFFFFF23
:10BD3000FFFFFFFFFFFFFFFFFFFFFFFFFFFFFFFF13
:10BD4000FFFFFFFFFFFFFFFFFFFFFFFFFFFFFFFF03
:10BD5000FFFFFFFFFFFFFFFFFFFFFFFFFFFFFFFFF3
:10BD6000FFFFFFFFFFFFFFFFFFFFFFFFFFFFFFFFE3
:10BD7000FFFFFFFFFFFFFFFFFFFFFFFFFFFFFFFFD3
:10BD8000FFFFFFFFFFFFFFFFFFFFFFFFFFFFFFFFC3
:10BD9000FFFFFFFFFFFFFFFFFFFFFFFFFFFFFFFFB3
:10BDA000FFFFFFFFFFFFFFFFFFFFFFFFFFFFFFFFA3
:10BDB000FFFFFFFFFFFFFFFFFFFFFFFFFFFFFFFF93
:10BDC000FFFFFFFFFFFFFFFFFFFFFFFFFFFFFFFF83
:10BDD000FFFFFFFFFFFFFFFFFFFFFFFFFFFFFFFF73
:10BDE000FFFFFFFFFFFFFFFFFFFFFFFFFFFFFFFF63
:10BDF000FFFFFFFFFFFFFFFFFFFFFFFFFFFFFFFF53
:10BE0000FFFFFFFFFFFFFFFFFFFFFFFFFFFFFFFF42
:10BE1000FFFFFFFFFFFFFFFFFFFFFFFFFFFFFFFF32
:10BE2000FFFFFFFFFFFFFFFFFFFFFFFFFFFFFFFF22
:10BE3000FFFFFFFFFFFFFFFFFFFFFFFFFFFFFFFF12
:10BE4000FFFFFFFFFFFFFFFFFFFFFFFFFFFFFFFF02
:10BE5000FFFFFFFFFFFFFFFFFFFFFFFFFFFFFFFFF2
:10BE6000FFFFFFFFFFFFFFFFFFFFFFFFFFFFFFFFE2
:10BE7000FFFFFFFFFFFFFFFFFFFFFFFFFFFFFFFFD2
:10BE8000FFFFFFFFFFFFFFFFFFFFFFFFFFFFFFFFC2
:10BE9000FFFFFFFFFFFFFFFFFFFFFFFFFFFFFFFFB2
:10BEA000FFFFFFFFFFFFFFFFFFFFFFFFFFFFFFFFA2
:10BEB000FFFFFFFFFFFFFFFFFFFFFFFFFFFFFFFF92
:10BEC000FFFFFFFFFFFFFFFFFFFFFFFFFFFFFFFF82
:10BED000FFFFFFFFFFFFFFFFFFFFFFFFFFFFFFFF72
:10BEE000FFFFFFFFFFFFFFFFFFFFFFFFFFFFFFFF62
:10BEF000FFFFFFFFFFFFFFFFFFFFFFFFFFFFFFFF52
:10BF0000FFFFFFFFFFFFFFFFFFFFFFFFFFFFFFFF41
:10BF1000FFFFFFFFFFFFFFFFFFFFFFFFFFFFFFFF31
:10BF2000FFFFFFFFFFFFFFFFFFFFFFFFFFFFFFFF21
:10BF3000FFFFFFFFFFFFFFFFFFFFFFFFFFFFFFFF11
:10BF4000FFFFFFFFFFFFFFFFFFFFFFFFFFFFFFFF01
:10BF5000FFFFFFFFFFFFFFFFFFFFFFFFFFFFFFFFF1
:10BF6000FFFFFFFFFFFFFFFFFFFFFFFFFFFFFFFFE1
:10BF7000FFFFFFFFFFFFFFFFFFFFFFFFFFFFFFFFD1
:10BF8000FFFFFFFFFFFFFFFFFFFFFFFFFFFFFFFFC1
:10BF9000FFFFFFFFFFFFFFFFFFFFFFFFFFFFFFFFB1
:10BFA000FFFFFFFFFFFFFFFFFFFFFFFFFFFFFFFFA1
:10BFB000FFFFFFFFFFFFFFFFFFFFFFFFFFFFFFFF91
:10BFC000FFFFFFFFFFFFFFFFFFFFFFFFFFFFFFFF81
:10BFD000FFFFFFFFFFFFFFFFFFFFFFFFFFFFFFFF71
:10BFE000FFFFFFFFFFFFFFFFFFFFFFFFFFFFFFFF61
:10BFF000FFFFFFFFFFFFFFFFFFFFFFFFFFFFFFFF51
:10C00000FFFFFFFFFFFFFFFFFFFFFFFFFFFFFFFF40
:10C01000FFFFFFFFFFFFFFFFFFFFFFFFFFFFFFFF30
:10C02000FFFFFFFFFFFFFFFFFFFFFFFFFFFFFFFF20
:10C03000FFFFFFFFFFFFFFFFFFFFFFFFFFFFFFFF10
:10C04000FFFFFFFFFFFFFFFFFFFFFFFFFFFFFFFF00
:10C05000FFFFFFFFFFFFFFFFFFFFFFFFFFFFFFFFF0
:10C06000FFFFFFFFFFFFFFFFFFFFFFFFFFFFFFFFE0
:10C07000FFFFFFFFFFFFFFFFFFFFFFFFFFFFFFFFD0
:10C08000FFFFFFFFFFFFFFFFFFFFFFFFFFFFFFFFC0
:10C09000FFFFFFFFFFFFFFFFFFFFFFFFFFFFFFFFB0
:10C0A000FFFFFFFFFFFFFFFFFFFFFFFFFFFFFFFFA0
:10C0B000FFFFFFFFFFFFFFFFFFFFFFFFFFFFFFFF90
:10C0C000FFFFFFFFFFFFFFFFFFFFFFFFFFFFFFFF80
:10C0D000FFFFFFFFFFFFFFFFFFFFFFFFFFFFFFFF70
:10C0E000FFFFFFFFFFFFFFFFFFFFFFFFFFFFFFFF60
:10C0F000FFFFFFFFFFFFFFFFFFFFFFFFFFFFFFFF50
:10C10000FFFFFFFFFFFFFFFFFFFFFFFFFFFFFFFF3F
:10C11000FFFFFFFFFFFFFFFFFFFFFFFFFFFFFFFF2F
:10C12000FFFFFFFFFFFFFFFFFFFFFFFFFFFFFFFF1F
:10C13000FFFFFFFFFFFFFFFFFFFFFFFFFFFFFFFF0F
:10C14000FFFFFFFFFFFFFFFFFFFFFFFFFFFFFFFFFF
:10C15000FFFFFFFFFFFFFFFFFFFFFFFFFFFFFFFFEF
:10C16000FFFFFFFFFFFFFFFFFFFFFFFFFFFFFFFFDF
:10C17000FFFFFFFFFFFFFFFFFFFFFFFFFFFFFFFFCF
:10C18000FFFFFFFFFFFFFFFFFFFFFFFFFFFFFFFFBF
:10C19000FFFFFFFFFFFFFFFFFFFFFFFFFFFFFFFFAF
:10C1A000FFFFFFFFFFFFFFFFFFFFFFFFFFFFFFFF9F
:10C1B000FFFFFFFFFFFFFFFFFFFFFFFFFFFFFFFF8F
:10C1C000FFFFFFFFFFFFFFFFFFFFFFFFFFFFFFFF7F
:10C1D000FFFFFFFFFFFFFFFFFFFFFFFFFFFFFFFF6F
:10C1E000FFFFFFFFFFFFFFFFFFFFFFFFFFFFFFFF5F
:10C1F000FFFFFFFFFFFFFFFFFFFFFFFFFFFFFFFF4F
:10C20000FFFFFFFFFFFFFFFFFFFFFFFFFFFFFFFF3E
:10C21000FFFFFFFFFFFFFFFFFFFFFFFFFFFFFFFF2E
:10C22000FFFFFFFFFFFFFFFFFFFFFFFFFFFFFFFF1E
:10C23000FFFFFFFFFFFFFFFFFFFFFFFFFFFFFFFF0E
:10C24000FFFFFFFFFFFFFFFFFFFFFFFFFFFFFFFFFE
:10C25000FFFFFFFFFFFFFFFFFFFFFFFFFFFFFFFFEE
:10C26000FFFFFFFFFFFFFFFFFFFFFFFFFFFFFFFFDE
:10C27000FFFFFFFFFFFFFFFFFFFFFFFFFFFFFFFFCE
:10C28000FFFFFFFFFFFFFFFFFFFFFFFFFFFFFFFFBE
:10C29000FFFFFFFFFFFFFFFFFFFFFFFFFFFFFFFFAE
:10C2A000FFFFFFFFFFFFFFFFFFFFFFFFFFFFFFFF9E
:10C2B000FFFFFFFFFFFFFFFFFFFFFFFFFFFFFFFF8E
:10C2C000FFFFFFFFFFFFFFFFFFFFFFFFFFFFFFFF7E
:10C2D000FFFFFFFFFFFFFFFFFFFFFFFFFFFFFFFF6E
:10C2E000FFFFFFFFFFFFFFFFFFFFFFFFFFFFFFFF5E
:10C2F000FFFFFFFFFFFFFFFFFFFFFFFFFFFFFFFF4E
:10C30000FFFFFFFFFFFFFFFFFFFFFFFFFFFFFFFF3D
:10C31000FFFFFFFFFFFFFFFFFFFFFFFFFFFFFFFF2D
:10C32000FFFFFFFFFFFFFFFFFFFFFFFFFFFFFFFF1D
:10C33000FFFFFFFFFFFFFFFFFFFFFFFFFFFFFFFF0D
:10C34000FFFFFFFFFFFFFFFFFFFFFFFFFFFFFFFFFD
:10C35000FFFFFFFFFFFFFFFFFFFFFFFFFFFFFFFFED
:10C36000FFFFFFFFFFFFFFFFFFFFFFFFFFFFFFFFDD
:10C37000FFFFFFFFFFFFFFFFFFFFFFFFFFFFFFFFCD
:10C38000FFFFFFFFFFFFFFFFFFFFFFFFFFFFFFFFBD
:10C39000FFFFFFFFFFFFFFFFFFFFFFFFFFFFFFFFAD
:10C3A000FFFFFFFFFFFFFFFFFFFFFFFFFFFFFFFF9D
:10C3B000FFFFFFFFFFFFFFFFFFFFFFFFFFFFFFFF8D
:10C3C000FFFFFFFFFFFFFFFFFFFFFFFFFFFFFFFF7D
:10C3D000FFFFFFFFFFFFFFFFFFFFFFFFFFFFFFFF6D
:10C3E000FFFFFFFFFFFFFFFFFFFFFFFFFFFFFFFF5D
:10C3F000FFFFFFFFFFFFFFFFFFFFFFFFFFFFFFFF4D
:10C40000FFFFFFFFFFFFFFFFFFFFFFFFFFFFFFFF3C
:10C41000FFFFFFFFFFFFFFFFFFFFFFFFFFFFFFFF2C
:10C42000FFFFFFFFFFFFFFFFFFFFFFFFFFFFFFFF1C
:10C43000FFFFFFFFFFFFFFFFFFFFFFFFFFFFFFFF0C
:10C44000FFFFFFFFFFFFFFFFFFFFFFFFFFFFFFFFFC
:10C45000FFFFFFFFFFFFFFFFFFFFFFFFFFFFFFFFEC
:10C46000FFFFFFFFFFFFFFFFFFFFFFFFFFFFFFFFDC
:10C47000FFFFFFFFFFFFFFFFFFFFFFFFFFFFFFFFCC
:10C48000FFFFFFFFFFFFFFFFFFFFFFFFFFFFFFFFBC
:10C49000FFFFFFFFFFFFFFFFFFFFFFFFFFFFFFFFAC
:10C4A000FFFFFFFFFFFFFFFFFFFFFFFFFFFFFFFF9C
:10C4B000FFFFFFFFFFFFFFFFFFFFFFFFFFFFFFFF8C
:10C4C000FFFFFFFFFFFFFFFFFFFFFFFFFFFFFFFF7C
:10C4D000FFFFFFFFFFFFFFFFFFFFFFFFFFFFFFFF6C
:10C4E000FFFFFFFFFFFFFFFFFFFFFFFFFFFFFFFF5C
:10C4F000FFFFFFFFFFFFFFFFFFFFFFFFFFFFFFFF4C
:10C50000FFFFFFFFFFFFFFFFFFFFFFFFFFFFFFFF3B
:10C51000FFFFFFFFFFFFFFFFFFFFFFFFFFFFFFFF2B
:10C52000FFFFFFFFFFFFFFFFFFFFFFFFFFFFFFFF1B
:10C53000FFFFFFFFFFFFFFFFFFFFFFFFFFFFFFFF0B
:10C54000FFFFFFFFFFFFFFFFFFFFFFFFFFFFFFFFFB
:10C55000FFFFFFFFFFFFFFFFFFFFFFFFFFFFFFFFEB
:10C56000FFFFFFFFFFFFFFFFFFFFFFFFFFFFFFFFDB
:10C57000FFFFFFFFFFFFFFFFFFFFFFFFFFFFFFFFCB
:10C58000FFFFFFFFFFFFFFFFFFFFFFFFFFFFFFFFBB
:10C59000FFFFFFFFFFFFFFFFFFFFFFFFFFFFFFFFAB
:10C5A000FFFFFFFFFFFFFFFFFFFFFFFFFFFFFFFF9B
:10C5B000FFFFFFFFFFFFFFFFFFFFFFFFFFFFFFFF8B
:10C5C000FFFFFFFFFFFFFFFFFFFFFFFFFFFFFFFF7B
:10C5D000FFFFFFFFFFFFFFFFFFFFFFFFFFFFFFFF6B
:10C5E000FFFFFFFFFFFFFFFFFFFFFFFFFFFFFFFF5B
:10C5F000FFFFFFFFFFFFFFFFFFFFFFFFFFFFFFFF4B
:10C60000FFFFFFFFFFFFFFFFFFFFFFFFFFFFFFFF3A
:10C61000FFFFFFFFFFFFFFFFFFFFFFFFFFFFFFFF2A
:10C62000FFFFFFFFFFFFFFFFFFFFFFFFFFFFFFFF1A
:10C63000FFFFFFFFFFFFFFFFFFFFFFFFFFFFFFFF0A
:10C64000FFFFFFFFFFFFFFFFFFFFFFFFFFFFFFFFFA
:10C65000FFFFFFFFFFFFFFFFFFFFFFFFFFFFFFFFEA
:10C66000FFFFFFFFFFFFFFFFFFFFFFFFFFFFFFFFDA
:10C67000FFFFFFFFFFFFFFFFFFFFFFFFFFFFFFFFCA
:10C68000FFFFFFFFFFFFFFFFFFFFFFFFFFFFFFFFBA
:10C69000FFFFFFFFFFFFFFFFFFFFFFFFFFFFFFFFAA
:10C6A000FFFFFFFFFFFFFFFFFFFFFFFFFFFFFFFF9A
:10C6B000FFFFFFFFFFFFFFFFFFFFFFFFFFFFFFFF8A
:10C6C000FFFFFFFFFFFFFFFFFFFFFFFFFFFFFFFF7A
:10C6D000FFFFFFFFFFFFFFFFFFFFFFFFFFFFFFFF6A
:10C6E000FFFFFFFFFFFFFFFFFFFFFFFFFFFFFFFF5A
:10C6F000FFFFFFFFFFFFFFFFFFFFFFFFFFFFFFFF4A
:10C70000FFFFFFFFFFFFFFFFFFFFFFFFFFFFFFFF39
:10C71000FFFFFFFFFFFFFFFFFFFFFFFFFFFFFFFF29
:10C72000FFFFFFFFFFFFFFFFFFFFFFFFFFFFFFFF19
:10C73000FFFFFFFFFFFFFFFFFFFFFFFFFFFFFFFF09
:10C74000FFFFFFFFFFFFFFFFFFFFFFFFFFFFFFFFF9
:10C75000FFFFFFFFFFFFFFFFFFFFFFFFFFFFFFFFE9
:10C76000FFFFFFFFFFFFFFFFFFFFFFFFFFFFFFFFD9
:10C77000FFFFFFFFFFFFFFFFFFFFFFFFFFFFFFFFC9
:10C78000FFFFFFFFFFFFFFFFFFFFFFFFFFFFFFFFB9
:10C79000FFFFFFFFFFFFFFFFFFFFFFFFFFFFFFFFA9
:10C7A000FFFFFFFFFFFFFFFFFFFFFFFFFFFFFFFF99
:10C7B000FFFFFFFFFFFFFFFFFFFFFFFFFFFFFFFF89
:10C7C000FFFFFFFFFFFFFFFFFFFFFFFFFFFFFFFF79
:10C7D000FFFFFFFFFFFFFFFFFFFFFFFFFFFFFFFF69
:10C7E000FFFFFFFFFFFFFFFFFFFFFFFFFFFFFFFF59
:10C7F000FFFFFFFFFFFFFFFFFFFFFFFFFFFFFFFF49
:10C80000FFFFFFFFFFFFFFFFFFFFFFFFFFFFFFFF38
:10C81000FFFFFFFFFFFFFFFFFFFFFFFFFFFFFFFF28
:10C82000FFFFFFFFFFFFFFFFFFFFFFFFFFFFFFFF18
:10C83000FFFFFFFFFFFFFFFFFFFFFFFFFFFFFFFF08
:10C84000FFFFFFFFFFFFFFFFFFFFFFFFFFFFFFFFF8
:10C85000FFFFFFFFFFFFFFFFFFFFFFFFFFFFFFFFE8
:10C86000FFFFFFFFFFFFFFFFFFFFFFFFFFFFFFFFD8
:10C87000FFFFFFFFFFFFFFFFFFFFFFFFFFFFFFFFC8
:10C88000FFFFFFFFFFFFFFFFFFFFFFFFFFFFFFFFB8
:10C89000FFFFFFFFFFFFFFFFFFFFFFFFFFFFFFFFA8
:10C8A000FFFFFFFFFFFFFFFFFFFFFFFFFFFFFFFF98
:10C8B000FFFFFFFFFFFFFFFFFFFFFFFFFFFFFFFF88
:10C8C000FFFFFFFFFFFFFFFFFFFFFFFFFFFFFFFF78
:10C8D000FFFFFFFFFFFFFFFFFFFFFFFFFFFFFFFF68
:10C8E000FFFFFFFFFFFFFFFFFFFFFFFFFFFFFFFF58
:10C8F000FFFFFFFFFFFFFFFFFFFFFFFFFFFFFFFF48
:10C90000FFFFFFFFFFFFFFFFFFFFFFFFFFFFFFFF37
:10C91000FFFFFFFFFFFFFFFFFFFFFFFFFFFFFFFF27
:10C92000FFFFFFFFFFFFFFFFFFFFFFFFFFFFFFFF17
:10C93000FFFFFFFFFFFFFFFFFFFFFFFFFFFFFFFF07
:10C94000FFFFFFFFFFFFFFFFFFFFFFFFFFFFFFFFF7
:10C95000FFFFFFFFFFFFFFFFFFFFFFFFFFFFFFFFE7
:10C96000FFFFFFFFFFFFFFFFFFFFFFFFFFFFFFFFD7
:10C97000FFFFFFFFFFFFFFFFFFFFFFFFFFFFFFFFC7
:10C98000FFFFFFFFFFFFFFFFFFFFFFFFFFFFFFFFB7
:10C99000FFFFFFFFFFFFFFFFFFFFFFFFFFFFFFFFA7
:10C9A000FFFFFFFFFFFFFFFFFFFFFFFFFFFFFFFF97
:10C9B000FFFFFFFFFFFFFFFFFFFFFFFFFFFFFFFF87
:10C9C000FFFFFFFFFFFFFFFFFFFFFFFFFFFFFFFF77
:10C9D000FFFFFFFFFFFFFFFFFFFFFFFFFFFFFFFF67
:10C9E000FFFFFFFFFFFFFFFFFFFFFFFFFFFFFFFF57
:10C9F000FFFFFFFFFFFFFFFFFFFFFFFFFFFFFFFF47
:10CA0000FFFFFFFFFFFFFFFFFFFFFFFFFFFFFFFF36
:10CA1000FFFFFFFFFFFFFFFFFFFFFFFFFFFFFFFF26
:10CA2000FFFFFFFFFFFFFFFFFFFFFFFFFFFFFFFF16
:10CA3000FFFFFFFFFFFFFFFFFFFFFFFFFFFFFFFF06
:10CA4000FFFFFFFFFFFFFFFFFFFFFFFFFFFFFFFFF6
:10CA5000FFFFFFFFFFFFFFFFFFFFFFFFFFFFFFFFE6
:10CA6000FFFFFFFFFFFFFFFFFFFFFFFFFFFFFFFFD6
:10CA7000FFFFFFFFFFFFFFFFFFFFFFFFFFFFFFFFC6
:10CA8000FFFFFFFFFFFFFFFFFFFFFFFFFFFFFFFFB6
:10CA9000FFFFFFFFFFFFFFFFFFFFFFFFFFFFFFFFA6
:10CAA000FFFFFFFFFFFFFFFFFFFFFFFFFFFFFFFF96
:10CAB000FFFFFFFFFFFFFFFFFFFFFFFFFFFFFFFF86
:10CAC000FFFFFFFFFFFFFFFFFFFFFFFFFFFFFFFF76
:10CAD000FFFFFFFFFFFFFFFFFFFFFFFFFFFFFFFF66
:10CAE000FFFFFFFFFFFFFFFFFFFFFFFFFFFFFFFF56
:10CAF000FFFFFFFFFFFFFFFFFFFFFFFFFFFFFFFF46
:10CB0000FFFFFFFFFFFFFFFFFFFFFFFFFFFFFFFF35
:10CB1000FFFFFFFFFFFFFFFFFFFFFFFFFFFFFFFF25
:10CB2000FFFFFFFFFFFFFFFFFFFFFFFFFFFFFFFF15
:10CB3000FFFFFFFFFFFFFFFFFFFFFFFFFFFFFFFF05
:10CB4000FFFFFFFFFFFFFFFFFFFFFFFFFFFFFFFFF5
:10CB5000FFFFFFFFFFFFFFFFFFFFFFFFFFFFFFFFE5
:10CB6000FFFFFFFFFFFFFFFFFFFFFFFFFFFFFFFFD5
:10CB7000FFFFFFFFFFFFFFFFFFFFFFFFFFFFFFFFC5
:10CB8000FFFFFFFFFFFFFFFFFFFFFFFFFFFFFFFFB5
:10CB9000FFFFFFFFFFFFFFFFFFFFFFFFFFFFFFFFA5
:10CBA000FFFFFFFFFFFFFFFFFFFFFFFFFFFFFFFF95
:10CBB000FFFFFFFFFFFFFFFFFFFFFFFFFFFFFFFF85
:10CBC000FFFFFFFFFFFFFFFFFFFFFFFFFFFFFFFF75
:10CBD000FFFFFFFFFFFFFFFFFFFFFFFFFFFFFFFF65
:10CBE000FFFFFFFFFFFFFFFFFFFFFFFFFFFFFFFF55
:10CBF000FFFFFFFFFFFFFFFFFFFFFFFFFFFFFFFF45
:10CC0000FFFFFFFFFFFFFFFFFFFFFFFFFFFFFFFF34
:10CC1000FFFFFFFFFFFFFFFFFFFFFFFFFFFFFFFF24
:10CC2000FFFFFFFFFFFFFFFFFFFFFFFFFFFFFFFF14
:10CC3000FFFFFFFFFFFFFFFFFFFFFFFFFFFFFFFF04
:10CC4000FFFFFFFFFFFFFFFFFFFFFFFFFFFFFFFFF4
:10CC5000FFFFFFFFFFFFFFFFFFFFFFFFFFFFFFFFE4
:10CC6000FFFFFFFFFFFFFFFFFFFFFFFFFFFFFFFFD4
:10CC7000FFFFFFFFFFFFFFFFFFFFFFFFFFFFFFFFC4
:10CC8000FFFFFFFFFFFFFFFFFFFFFFFFFFFFFFFFB4
:10CC9000FFFFFFFFFFFFFFFFFFFFFFFFFFFFFFFFA4
:10CCA000FFFFFFFFFFFFFFFFFFFFFFFFFFFFFFFF94
:10CCB000FFFFFFFFFFFFFFFFFFFFFFFFFFFFFFFF84
:10CCC000FFFFFFFFFFFFFFFFFFFFFFFFFFFFFFFF74
:10CCD000FFFFFFFFFFFFFFFFFFFFFFFFFFFFFFFF64
:10CCE000FFFFFFFFFFFFFFFFFFFFFFFFFFFFFFFF54
:10CCF000FFFFFFFFFFFFFFFFFFFFFFFFFFFFFFFF44
:10CD0000FFFFFFFFFFFFFFFFFFFFFFFFFFFFFFFF33
:10CD1000FFFFFFFFFFFFFFFFFFFFFFFFFFFFFFFF23
:10CD2000FFFFFFFFFFFFFFFFFFFFFFFFFFFFFFFF13
:10CD3000FFFFFFFFFFFFFFFFFFFFFFFFFFFFFFFF03
:10CD4000FFFFFFFFFFFFFFFFFFFFFFFFFFFFFFFFF3
:10CD5000FFFFFFFFFFFFFFFFFFFFFFFFFFFFFFFFE3
:10CD6000FFFFFFFFFFFFFFFFFFFFFFFFFFFFFFFFD3
:10CD7000FFFFFFFFFFFFFFFFFFFFFFFFFFFFFFFFC3
:10CD8000FFFFFFFFFFFFFFFFFFFFFFFFFFFFFFFFB3
:10CD9000FFFFFFFFFFFFFFFFFFFFFFFFFFFFFFFFA3
:10CDA000FFFFFFFFFFFFFFFFFFFFFFFFFFFFFFFF93
:10CDB000FFFFFFFFFFFFFFFFFFFFFFFFFFFFFFFF83
:10CDC000FFFFFFFFFFFFFFFFFFFFFFFFFFFFFFFF73
:10CDD000FFFFFFFFFFFFFFFFFFFFFFFFFFFFFFFF63
:10CDE000FFFFFFFFFFFFFFFFFFFFFFFFFFFFFFFF53
:10CDF000FFFFFFFFFFFFFFFFFFFFFFFFFFFFFFFF43
:10CE0000FFFFFFFFFFFFFFFFFFFFFFFFFFFFFFFF32
:10CE1000FFFFFFFFFFFFFFFFFFFFFFFFFFFFFFFF22
:10CE2000FFFFFFFFFFFFFFFFFFFFFFFFFFFFFFFF12
:10CE3000FFFFFFFFFFFFFFFFFFFFFFFFFFFFFFFF02
:10CE4000FFFFFFFFFFFFFFFFFFFFFFFFFFFFFFFFF2
:10CE5000FFFFFFFFFFFFFFFFFFFFFFFFFFFFFFFFE2
:10CE6000FFFFFFFFFFFFFFFFFFFFFFFFFFFFFFFFD2
:10CE7000FFFFFFFFFFFFFFFFFFFFFFFFFFFFFFFFC2
:10CE8000FFFFFFFFFFFFFFFFFFFFFFFFFFFFFFFFB2
:10CE9000FFFFFFFFFFFFFFFFFFFFFFFFFFFFFFFFA2
:10CEA000FFFFFFFFFFFFFFFFFFFFFFFFFFFFFFFF92
:10CEB000FFFFFFFFFFFFFFFFFFFFFFFFFFFFFFFF82
:10CEC000FFFFFFFFFFFFFFFFFFFFFFFFFFFFFFFF72
:10CED000FFFFFFFFFFFFFFFFFFFFFFFFFFFFFFFF62
:10CEE000FFFFFFFFFFFFFFFFFFFFFFFFFFFFFFFF52
:10CEF000FFFFFFFFFFFFFFFFFFFFFFFFFFFFFFFF42
:10CF0000FFFFFFFFFFFFFFFFFFFFFFFFFFFFFFFF31
:10CF1000FFFFFFFFFFFFFFFFFFFFFFFFFFFFFFFF21
:10CF2000FFFFFFFFFFFFFFFFFFFFFFFFFFFFFFFF11
:10CF3000FFFFFFFFFFFFFFFFFFFFFFFFFFFFFFFF01
:10CF4000FFFFFFFFFFFFFFFFFFFFFFFFFFFFFFFFF1
:10CF5000FFFFFFFFFFFFFFFFFFFFFFFFFFFFFFFFE1
:10CF6000FFFFFFFFFFFFFFFFFFFFFFFFFFFFFFFFD1
:10CF7000FFFFFFFFFFFFFFFFFFFFFFFFFFFFFFFFC1
:10CF8000FFFFFFFFFFFFFFFFFFFFFFFFFFFFFFFFB1
:10CF9000FFFFFFFFFFFFFFFFFFFFFFFFFFFFFFFFA1
:10CFA000FFFFFFFFFFFFFFFFFFFFFFFFFFFFFFFF91
:10CFB000FFFFFFFFFFFFFFFFFFFFFFFFFFFFFFFF81
:10CFC000FFFFFFFFFFFFFFFFFFFFFFFFFFFFFFFF71
:10CFD000FFFFFFFFFFFFFFFFFFFFFFFFFFFFFFFF61
:10CFE000FFFFFFFFFFFFFFFFFFFFFFFFFFFFFFFF51
:10CFF000FFFFFFFFFFFFFFFFFFFFFFFFFFFFFFFF41
:10D00000FFFFFFFFFFFFFFFFFFFFFFFFFFFFFFFF30
:10D01000FFFFFFFFFFFFFFFFFFFFFFFFFFFFFFFF20
:10D02000FFFFFFFFFFFFFFFFFFFFFFFFFFFFFFFF10
:10D03000FFFFFFFFFFFFFFFFFFFFFFFFFFFFFFFF00
:10D04000FFFFFFFFFFFFFFFFFFFFFFFFFFFFFFFFF0
:10D05000FFFFFFFFFFFFFFFFFFFFFFFFFFFFFFFFE0
:10D06000FFFFFFFFFFFFFFFFFFFFFFFFFFFFFFFFD0
:10D07000FFFFFFFFFFFFFFFFFFFFFFFFFFFFFFFFC0
:10D08000FFFFFFFFFFFFFFFFFFFFFFFFFFFFFFFFB0
:10D09000FFFFFFFFFFFFFFFFFFFFFFFFFFFFFFFFA0
:10D0A000FFFFFFFFFFFFFFFFFFFFFFFFFFFFFFFF90
:10D0B000FFFFFFFFFFFFFFFFFFFFFFFFFFFFFFFF80
:10D0C000FFFFFFFFFFFFFFFFFFFFFFFFFFFFFFFF70
:10D0D000FFFFFFFFFFFFFFFFFFFFFFFFFFFFFFFF60
:10D0E000FFFFFFFFFFFFFFFFFFFFFFFFFFFFFFFF50
:10D0F000FFFFFFFFFFFFFFFFFFFFFFFFFFFFFFFF40
:10D10000FFFFFFFFFFFFFFFFFFFFFFFFFFFFFFFF2F
:10D11000FFFFFFFFFFFFFFFFFFFFFFFFFFFFFFFF1F
:10D12000FFFFFFFFFFFFFFFFFFFFFFFFFFFFFFFF0F
:10D13000FFFFFFFFFFFFFFFFFFFFFFFFFFFFFFFFFF
:10D14000FFFFFFFFFFFFFFFFFFFFFFFFFFFFFFFFEF
:10D15000FFFFFFFFFFFFFFFFFFFFFFFFFFFFFFFFDF
:10D16000FFFFFFFFFFFFFFFFFFFFFFFFFFFFFFFFCF
:10D17000FFFFFFFFFFFFFFFFFFFFFFFFFFFFFFFFBF
:10D18000FFFFFFFFFFFFFFFFFFFFFFFFFFFFFFFFAF
:10D19000FFFFFFFFFFFFFFFFFFFFFFFFFFFFFFFF9F
:10D1A000FFFFFFFFFFFFFFFFFFFFFFFFFFFFFFFF8F
:10D1B000FFFFFFFFFFFFFFFFFFFFFFFFFFFFFFFF7F
:10D1C000FFFFFFFFFFFFFFFFFFFFFFFFFFFFFFFF6F
:10D1D000FFFFFFFFFFFFFFFFFFFFFFFFFFFFFFFF5F
:10D1E000FFFFFFFFFFFFFFFFFFFFFFFFFFFFFFFF4F
:10D1F000FFFFFFFFFFFFFFFFFFFFFFFFFFFFFFFF3F
:10D20000FFFFFFFFFFFFFFFFFFFFFFFFFFFFFFFF2E
:10D21000FFFFFFFFFFFFFFFFFFFFFFFFFFFFFFFF1E
:10D22000FFFFFFFFFFFFFFFFFFFFFFFFFFFFFFFF0E
:10D23000FFFFFFFFFFFFFFFFFFFFFFFFFFFFFFFFFE
:10D24000FFFFFFFFFFFFFFFFFFFFFFFFFFFFFFFFEE
:10D25000FFFFFFFFFFFFFFFFFFFFFFFFFFFFFFFFDE
:10D26000FFFFFFFFFFFFFFFFFFFFFFFFFFFFFFFFCE
:10D27000FFFFFFFFFFFFFFFFFFFFFFFFFFFFFFFFBE
:10D28000FFFFFFFFFFFFFFFFFFFFFFFFFFFFFFFFAE
:10D29000FFFFFFFFFFFFFFFFFFFFFFFFFFFFFFFF9E
:10D2A000FFFFFFFFFFFFFFFFFFFFFFFFFFFFFFFF8E
:10D2B000FFFFFFFFFFFFFFFFFFFFFFFFFFFFFFFF7E
:10D2C000FFFFFFFFFFFFFFFFFFFFFFFFFFFFFFFF6E
:10D2D000FFFFFFFFFFFFFFFFFFFFFFFFFFFFFFFF5E
:10D2E000FFFFFFFFFFFFFFFFFFFFFFFFFFFFFFFF4E
:10D2F000FFFFFFFFFFFFFFFFFFFFFFFFFFFFFFFF3E
:10D30000FFFFFFFFFFFFFFFFFFFFFFFFFFFFFFFF2D
:10D31000FFFFFFFFFFFFFFFFFFFFFFFFFFFFFFFF1D
:10D32000FFFFFFFFFFFFFFFFFFFFFFFFFFFFFFFF0D
:10D33000FFFFFFFFFFFFFFFFFFFFFFFFFFFFFFFFFD
:10D34000FFFFFFFFFFFFFFFFFFFFFFFFFFFFFFFFED
:10D35000FFFFFFFFFFFFFFFFFFFFFFFFFFFFFFFFDD
:10D36000FFFFFFFFFFFFFFFFFFFFFFFFFFFFFFFFCD
:10D37000FFFFFFFFFFFFFFFFFFFFFFFFFFFFFFFFBD
:10D38000FFFFFFFFFFFFFFFFFFFFFFFFFFFFFFFFAD
:10D39000FFFFFFFFFFFFFFFFFFFFFFFFFFFFFFFF9D
:10D3A000FFFFFFFFFFFFFFFFFFFFFFFFFFFFFFFF8D
:10D3B000FFFFFFFFFFFFFFFFFFFFFFFFFFFFFFFF7D
:10D3C000FFFFFFFFFFFFFFFFFFFFFFFFFFFFFFFF6D
:10D3D000FFFFFFFFFFFFFFFFFFFFFFFFFFFFFFFF5D
:10D3E000FFFFFFFFFFFFFFFFFFFFFFFFFFFFFFFF4D
:10D3F000FFFFFFFFFFFFFFFFFFFFFFFFFFFFFFFF3D
:10D40000FFFFFFFFFFFFFFFFFFFFFFFFFFFFFFFF2C
:10D41000FFFFFFFFFFFFFFFFFFFFFFFFFFFFFFFF1C
:10D42000FFFFFFFFFFFFFFFFFFFFFFFFFFFFFFFF0C
:10D43000FFFFFFFFFFFFFFFFFFFFFFFFFFFFFFFFFC
:10D44000FFFFFFFFFFFFFFFFFFFFFFFFFFFFFFFFEC
:10D45000FFFFFFFFFFFFFFFFFFFFFFFFFFFFFFFFDC
:10D46000FFFFFFFFFFFFFFFFFFFFFFFFFFFFFFFFCC
:10D47000FFFFFFFFFFFFFFFFFFFFFFFFFFFFFFFFBC
:10D48000FFFFFFFFFFFFFFFFFFFFFFFFFFFFFFFFAC
:10D49000FFFFFFFFFFFFFFFFFFFFFFFFFFFFFFFF9C
:10D4A000FFFFFFFFFFFFFFFFFFFFFFFFFFFFFFFF8C
:10D4B000FFFFFFFFFFFFFFFFFFFFFFFFFFFFFFFF7C
:10D4C000FFFFFFFFFFFFFFFFFFFFFFFFFFFFFFFF6C
:10D4D000FFFFFFFFFFFFFFFFFFFFFFFFFFFFFFFF5C
:10D4E000FFFFFFFFFFFFFFFFFFFFFFFFFFFFFFFF4C
:10D4F000FFFFFFFFFFFFFFFFFFFFFFFFFFFFFFFF3C
:10D50000FFFFFFFFFFFFFFFFFFFFFFFFFFFFFFFF2B
:10D51000FFFFFFFFFFFFFFFFFFFFFFFFFFFFFFFF1B
:10D52000FFFFFFFFFFFFFFFFFFFFFFFFFFFFFFFF0B
:10D53000FFFFFFFFFFFFFFFFFFFFFFFFFFFFFFFFFB
:10D54000FFFFFFFFFFFFFFFFFFFFFFFFFFFFFFFFEB
:10D55000FFFFFFFFFFFFFFFFFFFFFFFFFFFFFFFFDB
:10D56000FFFFFFFFFFFFFFFFFFFFFFFFFFFFFFFFCB
:10D57000FFFFFFFFFFFFFFFFFFFFFFFFFFFFFFFFBB
:10D58000FFFFFFFFFFFFFFFFFFFFFFFFFFFFFFFFAB
:10D59000FFFFFFFFFFFFFFFFFFFFFFFFFFFFFFFF9B
:10D5A000FFFFFFFFFFFFFFFFFFFFFFFFFFFFFFFF8B
:10D5B000FFFFFFFFFFFFFFFFFFFFFFFFFFFFFFFF7B
:10D5C000FFFFFFFFFFFFFFFFFFFFFFFFFFFFFFFF6B
:10D5D000FFFFFFFFFFFFFFFFFFFFFFFFFFFFFFFF5B
:10D5E000FFFFFFFFFFFFFFFFFFFFFFFFFFFFFFFF4B
:10D5F000FFFFFFFFFFFFFFFFFFFFFFFFFFFFFFFF3B
:10D60000FFFFFFFFFFFFFFFFFFFFFFFFFFFFFFFF2A
:10D61000FFFFFFFFFFFFFFFFFFFFFFFFFFFFFFFF1A
:10D62000FFFFFFFFFFFFFFFFFFFFFFFFFFFFFFFF0A
:10D63000FFFFFFFFFFFFFFFFFFFFFFFFFFFFFFFFFA
:10D64000FFFFFFFFFFFFFFFFFFFFFFFFFFFFFFFFEA
:10D65000FFFFFFFFFFFFFFFFFFFFFFFFFFFFFFFFDA
:10D66000FFFFFFFFFFFFFFFFFFFFFFFFFFFFFFFFCA
:10D67000FFFFFFFFFFFFFFFFFFFFFFFFFFFFFFFFBA
:10D68000FFFFFFFFFFFFFFFFFFFFFFFFFFFFFFFFAA
:10D69000FFFFFFFFFFFFFFFFFFFFFFFFFFFFFFFF9A
:10D6A000FFFFFFFFFFFFFFFFFFFFFFFFFFFFFFFF8A
:10D6B000FFFFFFFFFFFFFFFFFFFFFFFFFFFFFFFF7A
:10D6C000FFFFFFFFFFFFFFFFFFFFFFFFFFFFFFFF6A
:10D6D000FFFFFFFFFFFFFFFFFFFFFFFFFFFFFFFF5A
:10D6E000FFFFFFFFFFFFFFFFFFFFFFFFFFFFFFFF4A
:10D6F000FFFFFFFFFFFFFFFFFFFFFFFFFFFFFFFF3A
:10D70000FFFFFFFFFFFFFFFFFFFFFFFFFFFFFFFF29
:10D71000FFFFFFFFFFFFFFFFFFFFFFFFFFFFFFFF19
:10D72000FFFFFFFFFFFFFFFFFFFFFFFFFFFFFFFF09
:10D73000FFFFFFFFFFFFFFFFFFFFFFFFFFFFFFFFF9
:10D74000FFFFFFFFFFFFFFFFFFFFFFFFFFFFFFFFE9
:10D75000FFFFFFFFFFFFFFFFFFFFFFFFFFFFFFFFD9
:10D76000FFFFFFFFFFFFFFFFFFFFFFFFFFFFFFFFC9
:10D77000FFFFFFFFFFFFFFFFFFFFFFFFFFFFFFFFB9
:10D78000FFFFFFFFFFFFFFFFFFFFFFFFFFFFFFFFA9
:10D79000FFFFFFFFFFFFFFFFFFFFFFFFFFFFFFFF99
:10D7A000FFFFFFFFFFFFFFFFFFFFFFFFFFFFFFFF89
:10D7B000FFFFFFFFFFFFFFFFFFFFFFFFFFFFFFFF79
:10D7C000FFFFFFFFFFFFFFFFFFFFFFFFFFFFFFFF69
:10D7D000FFFFFFFFFFFFFFFFFFFFFFFFFFFFFFFF59
:10D7E000FFFFFFFFFFFFFFFFFFFFFFFFFFFFFFFF49
:10D7F000FFFFFFFFFFFFFFFFFFFFFFFFFFFFFFFF39
:10D80000FFFFFFFFFFFFFFFFFFFFFFFFFFFFFFFF28
:10D81000FFFFFFFFFFFFFFFFFFFFFFFFFFFFFFFF18
:10D82000FFFFFFFFFFFFFFFFFFFFFFFFFFFFFFFF08
:10D83000FFFFFFFFFFFFFFFFFFFFFFFFFFFFFFFFF8
:10D84000FFFFFFFFFFFFFFFFFFFFFFFFFFFFFFFFE8
:10D85000FFFFFFFFFFFFFFFFFFFFFFFFFFFFFFFFD8
:10D86000FFFFFFFFFFFFFFFFFFFFFFFFFFFFFFFFC8
:10D87000FFFFFFFFFFFFFFFFFFFFFFFFFFFFFFFFB8
:10D88000FFFFFFFFFFFFFFFFFFFFFFFFFFFFFFFFA8
:10D89000FFFFFFFFFFFFFFFFFFFFFFFFFFFFFFFF98
:10D8A000FFFFFFFFFFFFFFFFFFFFFFFFFFFFFFFF88
:10D8B000FFFFFFFFFFFFFFFFFFFFFFFFFFFFFFFF78
:10D8C000FFFFFFFFFFFFFFFFFFFFFFFFFFFFFFFF68
:10D8D000FFFFFFFFFFFFFFFFFFFFFFFFFFFFFFFF58
:10D8E000FFFFFFFFFFFFFFFFFFFFFFFFFFFFFFFF48
:10D8F000FFFFFFFFFFFFFFFFFFFFFFFFFFFFFFFF38
:10D90000FFFFFFFFFFFFFFFFFFFFFFFFFFFFFFFF27
:10D91000FFFFFFFFFFFFFFFFFFFFFFFFFFFFFFFF17
:10D92000FFFFFFFFFFFFFFFFFFFFFFFFFFFFFFFF07
:10D93000FFFFFFFFFFFFFFFFFFFFFFFFFFFFFFFFF7
:10D94000FFFFFFFFFFFFFFFFFFFFFFFFFFFFFFFFE7
:10D95000FFFFFFFFFFFFFFFFFFFFFFFFFFFFFFFFD7
:10D96000FFFFFFFFFFFFFFFFFFFFFFFFFFFFFFFFC7
:10D97000FFFFFFFFFFFFFFFFFFFFFFFFFFFFFFFFB7
:10D98000FFFFFFFFFFFFFFFFFFFFFFFFFFFFFFFFA7
:10D99000FFFFFFFFFFFFFFFFFFFFFFFFFFFFFFFF97
:10D9A000FFFFFFFFFFFFFFFFFFFFFFFFFFFFFFFF87
:10D9B000FFFFFFFFFFFFFFFFFFFFFFFFFFFFFFFF77
:10D9C000FFFFFFFFFFFFFFFFFFFFFFFFFFFFFFFF67
:10D9D000FFFFFFFFFFFFFFFFFFFFFFFFFFFFFFFF57
:10D9E000FFFFFFFFFFFFFFFFFFFFFFFFFFFFFFFF47
:10D9F000FFFFFFFFFFFFFFFFFFFFFFFFFFFFFFFF37
:10DA0000FFFFFFFFFFFFFFFFFFFFFFFFFFFFFFFF26
:10DA1000FFFFFFFFFFFFFFFFFFFFFFFFFFFFFFFF16
:10DA2000FFFFFFFFFFFFFFFFFFFFFFFFFFFFFFFF06
:10DA3000FFFFFFFFFFFFFFFFFFFFFFFFFFFFFFFFF6
:10DA4000FFFFFFFFFFFFFFFFFFFFFFFFFFFFFFFFE6
:10DA5000FFFFFFFFFFFFFFFFFFFFFFFFFFFFFFFFD6
:10DA6000FFFFFFFFFFFFFFFFFFFFFFFFFFFFFFFFC6
:10DA7000FFFFFFFFFFFFFFFFFFFFFFFFFFFFFFFFB6
:10DA8000FFFFFFFFFFFFFFFFFFFFFFFFFFFFFFFFA6
:10DA9000FFFFFFFFFFFFFFFFFFFFFFFFFFFFFFFF96
:10DAA000FFFFFFFFFFFFFFFFFFFFFFFFFFFFFFFF86
:10DAB000FFFFFFFFFFFFFFFFFFFFFFFFFFFFFFFF76
:10DAC000FFFFFFFFFFFFFFFFFFFFFFFFFFFFFFFF66
:10DAD000FFFFFFFFFFFFFFFFFFFFFFFFFFFFFFFF56
:10DAE000FFFFFFFFFFFFFFFFFFFFFFFFFFFFFFFF46
:10DAF000FFFFFFFFFFFFFFFFFFFFFFFFFFFFFFFF36
:10DB0000FFFFFFFFFFFFFFFFFFFFFFFFFFFFFFFF25
:10DB1000FFFFFFFFFFFFFFFFFFFFFFFFFFFFFFFF15
:10DB2000FFFFFFFFFFFFFFFFFFFFFFFFFFFFFFFF05
:10DB3000FFFFFFFFFFFFFFFFFFFFFFFFFFFFFFFFF5
:10DB4000FFFFFFFFFFFFFFFFFFFFFFFFFFFFFFFFE5
:10DB5000FFFFFFFFFFFFFFFFFFFFFFFFFFFFFFFFD5
:10DB6000FFFFFFFFFFFFFFFFFFFFFFFFFFFFFFFFC5
:10DB7000FFFFFFFFFFFFFFFFFFFFFFFFFFFFFFFFB5
:10DB8000FFFFFFFFFFFFFFFFFFFFFFFFFFFFFFFFA5
:10DB9000FFFFFFFFFFFFFFFFFFFFFFFFFFFFFFFF95
:10DBA000FFFFFFFFFFFFFFFFFFFFFFFFFFFFFFFF85
:10DBB000FFFFFFFFFFFFFFFFFFFFFFFFFFFFFFFF75
:10DBC00081EFADF002EF00F0FFFFFFFFFFFFFFFF6F
:10DBD000FFFFFFFFFFFFFFFFFFFFFFFFFFFFFFFF55
:10DBE000FFFFFFFFFFFFFFFFFFFFFFFFFFFFFFFF45
:10DBF000FFFFFFFFFFFFFFFFFFFFFFFFFFFFFFFF35
:10DC0000F29CF29E04001CEE00F02CEE00F0D0A27C
:10DC100029D0C00EF66EDB0EF76E010EF86EE868C6
:10DC20000900F5180BE1E8680900F51807E1E86854
:10DC30000900F51803E1E8680900F51813E040CD84
:10DC4000D0FF0D01C00E366FDB0E376F010E386F3F
:10DC50000D01396B38CDFBFF37CDFAFF0D013629A9
:10DC6000FF0FF96E400E9B6ED3AE03D0820ED36EC3
:10DC700002D0020ED36EF3CFE9FFF4CFEAFFEECF6E
:10DC80000EFDEECF0FFDEECF10FDEECF11FDEECF6E
:10DC900012FDEECF13FDEECF14FDEECF15FDEECF4E
:10DCA00016FDEECF17FDEECF41FDEECF42FDD05079
:10DCB000100B16E10A0E0D01B16FB26B0D010E0EC5
:10DCC000AF6F0D0EB06F47ECFBF0F3CF00F0F4CF69
:10DCD00001F000500D01411902E10150421919E013
:10DCE0000D010E6B0D01040E0F6F0D01A30E106FD1
:10DCF0000D01116B0D01126B0D01136B0D01C00EA7
:10DD0000146F0D01A80E156F0D01166B0D01C80ED5
:10DD1000176F0D010C6B0D010D6B8990899292901C
:10DD200092920E01FE8B0E01FDB102D00400FBD7D2
:10DD30000D01006B016B0E01E86BE96B0E010D0E1E
:10DD4000EC6F0E01160EED6F0E010D0EEA6F160E42
:10DD5000EB6F0E010E0EE46F160EE56F0E010E0E48
:10DD6000E26F160EE36FF36AF3CF61FF0E010D0E43
:10DD7000A06F0E01320EA26F0E01400EA36F0E01B6
:10DD8000120EA66F0E010C0EA76F0E01EE0EAA6FFB
:10DD90000E01050EAB6F0ECD84FE0FCD85FE10CDAE
:10DDA00082FE11CD83FE12CD80FE13CD81FE0D01CA
:10DDB000100EC36F010EC46F0D01100EC26F00EC88
:10DDC000FCF00E01120EA46FD284870ED56ED76AB6
:10DDD000D66A0D01066B076BF2942FECFBF014C0B2
:10DDE0003AFD15C03BFD16C03CFD17C03DFD3ACDC8
:10DDF00008FD3BCD09FD3CCD0AFD3DCD0BFD0400EA
:10DE00002FECFBF00D010851145C006E0D0109515F
:10DE10001558016E0D010A511658026E0D010B5175
:10DE20001758036EC80E005C7B0E0158020E025894
:10DE3000000E03582AE3C00EF66EDB0EF76E010EDD
:10DE4000F86EE8680900F5180BE1E8680900F518B4
:10DE500007E1E8680900F51803E1E8680900F5182A
:10DE60000AE0D0CF40FD3C0E0D01405D02E00D0107
:10DE70004083D082FF002FECFBF014C008FD15C0DA
:10DE800009FD16C00AFD17C00BFD2FECFBF00D01BC
:10DE90003A51145C006E0D013B511558016E0D0195
:10DEA0003C511658026E0D013D511758036E0D017D
:10DEB0003E5107E0F20E046E070E056E066A076A11
:10DEC00006D0870E046E470E056E066A076A045078
:10DED000005C05500158065002580750035825E3CE
:10DEE0002FECFBF014C03AFD15C03BFD16C03CFD05
:10DEF00017C03DFD0D013E5106E00D01700EC36FD0
:10DF0000390EC46F05D00D01700EC36F380EC46F8B
:10DF10000D01140EC26F00ECFCF00D013E5102E049
:10DF2000000E01D0010E0D013E6F0E01D95101E12D
:10DF300066D70D01720EC36F340EC46F0D01140E3F
:10DF4000C26F00ECFCF000CD02FD01CD03FD00CD61
:10DF50007AFF01CD7BFF140E0D01B96FBA6B0D0175
:10DF6000180EB76F0D0EB86F9FECFBF0060E0D018B
:10DF7000016A0225006E0351012200500D011A258D
:10DF80000D01346F01500D011B210D01356F0D0185
:10DF900034A104D00D01342B000E352334CD00F014
:10DFA00035CD01F0026A036AD8800D0E0054160EBA
:10DFB0000154000E0254000E035406E20E0E0D0131
:10DFC000345F160E0D01355B0D0134510D0118192A
:10DFD00004E10D0135510D01191916E10D010D0175
:10DFE0001D51800B11E10D010D011C51100B0CE1B5
:10DFF0000D01EE0ED8801A55050E1B5505E30D01D7
:10E000000D011C51800B01E1FF0018CD00FD19CD61
:10E0100001FD1ACD00F01BCD01F0120E005E000EC6
:10E02000015A460E005C020E01580AE21ACD32FD7A
:10E030001BCD33FD0D01120E325F000E335B05D098
:10E040000D01460E326F020E336F32CDB9FD33CD66
:10E05000BAFD0D01600EB76F000EB86F9FECFBF0BC
:10E0600085ECFBF0080E0D012A1901E12B5114E09B
:10E07000080E0D012A1902E1060E2B1901E0B3D09A
:10E080000D01600E456F000E466F0D01180E436FB7
:10E090000D0E446FAAD8A7D00D01600E2C6F000E94
:10E0A0002D6F2CCDE9FF2DCDEAFFEF50F00B40088E
:10E0B00001E0A5D62CCDE9FF2DCDEAFF060EE9261D
:10E0C000000EEA22EECF00F0EFCF01F03F0E001677
:10E0D000FF0E01160050011001E091D62CCDE9FF92
:10E0E0002DCDEAFF020EE926000EEA22EECF34FD26
:10E0F000EDCF35FD0D0135510D01341B0D013451AE
:10E100000D01351B0D0135510D01341B2CCDE9FFDF
:10E110002DCDEAFFEF500F0B040DF3CF3FFD0D01A6
:10E120003F51026E036A0D010250345D006E0350D0
:10E130003559016E0D013251005C335101580EE228
:10E140000D013F51006E016A00500D01345D0D015B
:10E15000326F01500D0135590D01336F0D013F51E3
:10E160000D012E6F2F6B600E0D012E27000E0D017D
:10E170002F232ECDE9FF2FCDEAFF020EE926000E58
:10E18000EA22EE5002E1450EED1801E038D6080E05
:10E190000D01325F000E0D01335B0D01333504E2DA
:10E1A00032510008000E335501E329D632CD4FFD20
:10E1B00033CD50FD080E0D012E250D014D6F000EC3
:10E1C0000D012F210D014E6F2ECD4BFD2FCD4CFD9E
:10E1D0002CCD49FD2DCD4AFD0D01180E476F0D0EBA
:10E1E000486FC1D800D00BD612001C0EE66EE66A4E
:10E1F00045CDE6FF46CDE6FF040EE66E0B0EE66E5D
:10E2000061ECFCF0006E060EE15E00501C0EE96E43
:10E210000B0EEA6EEE500D01141925E1EE501519A2
:10E2200022E1EE5016191FE1EE5017191CE101E032
:10E2300099D00B01045117E1010E051901E092D0AC
:10E24000080E061910E1075101E08CD0060E085D9A
:10E2500001E088D0040E095D01E084D00A5102E19A
:10E26000010E0B1901E01200060EE66EE66A43CDC0
:10E27000E9FF44CDEAFFE926000EEA22060E28EC6B
:10E28000FCF0000EE66E0E0E49ECFCF00ECD06FE24
:10E290000FCD07FE10CD08FE11CD09FE12CD0AFEEE
:10E2A00013CD0BFE0E01080E0C6F060E0D6F0E6BDC
:10E2B000010E0F6F080E106F116B060E126F040E19
:10E2C000136F146B020E156F0ECD16FE0FCD17FED9
:10E2D00010CD18FE11CD19FE12CD1AFE13CD1BFE66
:10E2E00014CD1CFE15CD1DFE16CD1EFE17CD1FFE36
:10E2F000060EE66EE66A45CDE9FF46CDEAFF080E5A
:10E3000028ECFCF0200EE66E0E0E49ECFCF045CD3C
:10E31000E9FF46CDEAFF0E0EE926000EEA22EECF17
:10E3200026FEEECF27FEEECF28FEEFCF29FE0E0110
:10E330000F0EE26F160EE36FE5ECFBF00009FCE058
:10E340002A0E0D01BE6FBF6B0D01000EBC6F0E0ECD
:10E35000BD6FBEECFBF00E01380EE66F160EE76FD8
:10E36000D7ECFBF012002FECFBF014C008FD15C039
:10E3700009FD16C00AFD17C00BFD0D014DCDE9FFCB
:10E380004ECDEAFF4D2B000E4E23EFCF0DFB0D01BE
:10E390004DCDE9FF4ECDEAFF4D2B000E4E23EFCFC2
:10E3A0000CFB020E0D014F5F000E0D01505B010EC4
:10E3B0000E01E4250E01E26F000E0E01E5210E01B3
:10E3C000E36F0E0E0E01E227000E0E01E323140E82
:10E3D0000E01E227000E0E01E323080E0E01E227D4
:10E3E000000E0E01E323E5ECFBF0000901E1FBD791
:10E3F000050E0B010C1901E10D5101E1B2D2030E22
:10E400000B010C1901E10D5101E142D1020E0B018A
:10E410000C1901E10D5101E1EED0010E0B010C19B7
:10E4200001E10D5125E0040E0B010C1901E10D5124
:10E4300001E0A8D20D014DCDE9FF4ECDEAFF4D2BF5
:10E44000000E4E23EFCF0FFB0D014DCDE9FF4ECD5A
:10E45000EAFF4D2B000E4E23EFCF0EFB020E0D01F7
:10E460004F5F000E0D01505B0B010E2B000E0F23B2
:10E47000F90EF66EF768010EF86E0800F550040B01
:10E4800033E1040E0B01106F116B0E01006B0E01D6
:10E49000050E016F0E01026B0E01020E036F150EC9
:10E4A000E66EE66AF10EE66EF90EE66E010EE66EB7
:10E4B000040EE66E0E0EE66E8CECFCF0006E070E9F
:10E4C000E15E0050190E0D01BE6FBF6B0D01000E15
:10E4D000BC6F0E0EBD6FBEECFBF0150E0B011027CE
:10E4E000000E0B01112381D20B01010E0C1901E169
:10E4F0000D5104E1010E0B010E6F0F6B0B01040EA9
:10E50000106F020E116F0ECB00F00FCB01F0026AFC
:10E51000036A010E001806E1010E011803E1025022
:10E5200001E1035005E1040E0B01106F116B11D0D6
:10E530000ECB00F00FCB01F0026A036AD880010E07
:10E540000054010E0154000E0254000E035401E267
:10E550000AD30E01006B0E01030E016F0FCB02FEFA
:10E560000ECB03FE040E0D01BE6FBF6B0D01000E3E
:10E57000BC6F0E0EBD6FBEECFBF00ECB14F00FCBDC
:10E5800015F01406000E155A166A176A196A020E5B
:10E590001A6E1B6A1C6A03ECFDF010C0F6FF11C076
:10E5A000F7FF12C0F8FF0B01136B080E0B01135D90
:10E5B00021E20B01126B400E0B01125D0DE209000E
:10E5C0000B011251EA6A000FE96E0E0EEA22F5CF36
:10E5D000EFFF0B01122BEFD7400E0D01BE6FBF6B8B
:10E5E0000D01000EBC6F0E0EBD6FBEECFBF00B01FB
:10E5F000132BDBD7FAD10B010E6B0F6B040E0B0143
:10E60000106F116B0E01006B0E01040E016F0FCB2A
:10E6100002FE0ECB03FE040E0D01BE6FBF6B0D019B
:10E62000000EBC6F0E0EBD6FBEECFBF00D01010EB7
:10E630000C6F400EE66EE66AE668000EE66E0F0EA0
:10E64000E66EAFECFCF0006E050EE15E00500D01D1
:10E6500081698269836984690D017D6B7E6B7F6B43
:10E66000806B8FECF7F0010E0D01516F526B0D01B5
:10E67000010E606F0D015E6B5F6B0D015C6B5D6B7E
:10E680000D015A6B5B6B0D01586B596B83DAADD181
:10E690000D010C5101E167D20D014DCDE9FF4ECDC9
:10E6A000EAFF4D2B000E4E23EFCF0FFB0D014DCD9A
:10E6B000E9FF4ECDEAFF4D2B000E4E23EFCF0EFBB0
:10E6C000020E0D014F5F000E0D01505B040E0B0199
:10E6D000106F116B0D01000ED8804F55020E505572
:10E6E00001E241D251CD00F052CD01F00006000E02
:10E6F000015A00500B010E1902E101500F1901E1FE
:10E700001BD10D0151510B010E1904E10D015251A4
:10E710000B010F1901E027D20D01512B000E5223DE
:10E720000D014F51501101E107D14FCD14FB50CDD8
:10E7300015FB0D01606B0D01530E5E6F0D0E5F6FCB
:10E740000D01000E5C6F0F0E5D6F0D01140E5A6F00
:10E750000B0E5B6F4DCD58FD4ECD59FD1BDA0B01F5
:10E76000166F0B011651010A01E182D0030A38E04D
:10E77000020A35E0FE0A03E0010A01E0CCD00D01F7
:10E780000C6B0E01006B0E01050E016F0E01026B8A
:10E790000E01036B120EE66EE66ADF0EE66EF90EF0
:10E7A000E66E010EE66E040EE66E0E0EE66E8CEC64
:10E7B000FCF0006E070EE15E0050160E0D01BE6FFC
:10E7C000BF6B0D01000EBC6F0E0EBD6FBEECFBF0FB
:10E7D000120E0B011027000E0B01112306D19BD046
:10E7E0000B01126B0B011251006E016A400E005CAE
:10E7F000000E015823E20B011251EA6A000FE96E84
:10E800000F0EEA22EF50FF0816E00D01A16BA26B7C
:10E810000D01000E9F6F0F0EA06F53CD9BFD54CDC9
:10E820009CFD55CD9DFD56CD9EFD2AECF9F00009CD
:10E8300001E132D003D00B01122BD4D70D010D51C1
:10E8400016E00D01A96BAA6B0D01400EA76F0E0E0D
:10E85000A86F0D01C00EA36FDB0EA46F010EA56F94
:10E860000D01A66B6EECFAF0000901E115D053D052
:10E870000D01A16BA26B0D01000E9F6F0F0EA06F1B
:10E8800053CD9BFD54CD9CFD55CD9DFD56CD9EFD9C
:10E890002AECF9F0000930E10D010C6B0E01006B60
:10E8A0000E01050E016F0E01026B0E01036B410E8E
:10E8B000E66EE66A9E0EE66EF90EE66E010EE66EF6
:10E8C000040EE66E0E0EE66E8CECFCF0006E070E8B
:10E8D000E15E0050450E0D01BE6FBF6B0D01000ED5
:10E8E000BC6F0E0EBD6FBEECFBF0410E0B0110278E
:10E8F000000E0B01112379D0400EE66EE66AE66841
:10E90000000EE66E0F0EE66EAFECFCF0006E050E2C
:10E91000E15E005000D00B0114510D014F5F0B015F
:10E9200015510D01505B0B0114510D014D270B01C9
:10E9300015510D014E23F4D60E01006B0E01040E8D
:10E94000016F0FCB02FE0ECB03FE040E0D01BE6F56
:10E95000BF6B0D01000EBC6F0E0EBD6FBEECFBF069
:10E9600044D00D010C510DE00D018169826983696C
:10E9700084690D017D6B7E6B7F6B806BD0DA0D013E
:10E980000C6BF1D0040E0B01106F116B0E01006BBC
:10E990000E01050E016F0E01026B0E01040E036FD6
:10E9A0000C0EE66EE66A920EE66EF90EE66E010E4B
:10E9B000E66E040EE66E0E0EE66E8CECFCF0006E5B
:10E9C000070EE15E0050100E0D01BE6FBF6B0D0112
:10E9D000000EBC6F0E0EBD6FBEECFBF00C0E0B01FB
:10E9E0001027000E0B01112300D0010E0E01E425AB
:10E9F0000E01E26F000E0E01E5210E01E36F060E1F
:10EA0000E66EE66A47CDE9FF48CDEAFF060EE92645
:10EA1000000EEA22060EE926000EEA22E9CF00F0F7
:10EA2000EACF01F000C0E6FF01C0E6FF000EE66E8F
:10EA30000E0EE66E61ECFCF0026E060EE15E025018
:10EA40000ECD06FE0FCD07FE10CD08FE11CD09FE3E
:10EA500012CD0AFE13CD0BFE0E01080E0C6F0E0137
:10EA60000D6B1C0E0B011027000E0B0111230E0164
:10EA7000450E0E6F0E010F6B11CB10FE10CB11FE69
:10EA80000E01126B0E01136B0E01146B0E01156B50
:10EA90000E01800E166F0E01110E176F0E01186B0E
:10EAA0000E01196B14CD1AFE15CD1BFE16CD1CFEE2
:10EAB00017CD1DFE49CDE9FF4ACDEAFF0C0EE92630
:10EAC000000EEA22EECF1EFEEECF1FFEEECF20FE9E
:10EAD000EFCF21FE140E0D01B16FB26B0D010E0EC2
:10EAE000AF6F0E0EB06F47ECFBF0F3CF18FEF4CF14
:10EAF00019FE140E0B01105F000E0B01115B0E01CD
:10EB0000226B0E01450E236F4BCDE9FF4CCDEAFF82
:10EB1000EECF24FEEDCF25FE11CB26FE10CB27FE37
:10EB20000E01286B0E01296B2A0E0D01BE6FBF6B03
:10EB30000D01000EBC6F0E0EBD6FBEECFBF010CBD6
:10EB400000F011CB01F0026A036A300E0026160EA7
:10EB50000122000E0222000E032200C0E6FE01C0C8
:10EB6000E7FED7ECFBF01200300E0D01575D06E317
:10EB70005751390803E3300E575D1200610E575D9F
:10EB800005E35751660802E3610E01D0410E575D5F
:10EB90000A0F12000D0160510FE0646B656B666B2C
:10EBA000676B686B696B6A6B6B6B6C6B6D6B6E6BB9
:10EBB0006F6B616B7A6B000C5ACDE9FF5BCDEAFF9E
:10EBC000EECF7BFDEDCF7CFD0B01046B056B0D01E2
:10EBD0007B517C1101E1A2D17B07000E7C5B585177
:10EBE0000B010425E96E0D0159510B010521EA6E57
:10EBF000EFCF00FB042B000E05235ACDE9FF5BCDC0
:10EC0000EAFF04CBEEFF05CBEDFF00CB57FDACDFF9
:10EC10000B01016F0D0161510C0A01E174D1070A6A
:10EC200001E16AD1010A01E1DDD0030A01E1D4D09A
:10EC3000010A01E1B3D00F0A01E1AAD0010A3FE0C5
:10EC4000030A37E0010A2DE0070A25E0010A1BE06C
:10EC5000030A13E0010ABBE10D0E0B01005DB7E0F2
:10EC60000A0E005DB4E0200E005DB1E03A0E005DDA
:10EC700001E0FF0C0D01010E44D151ECFCF00D013F
:10EC8000636F020E3ED10B0101510D01631363CD81
:10EC900079FD030E36D151ECFCF00D01656F040EC9
:10ECA00030D10B0101510D01651365517927050E16
:10ECB00028D151ECFCF00D01646F060E22D10B013E
:10ECC00001510D01641364517927070E616F66CD00
:10ECD00002FB67CD03FB64CD66FD65CD67FD7A5110
:10ECE00001E175D711ECFCF074CD00F075CD01F0A9
:10ECF00076CD02F077CD03F0400E0026000E012203
:10ED000002223FECFCF00EE2700EE96E0D0EEA6E90
:10ED10007451EE5C7551EE587651EE587751EE58BD
:10ED200001E355D73F0E0B010217036B400E046E33
:10ED3000056A066A076A02CB08F003CB09F00A6A83
:10ED40000B6A0850045C006E09500558016E0A50A9
:10ED50000658026E0B500758036E00C0E6FF01C054
:10ED6000E6FFE6680D015C510B0102250C6E0D01FA
:10ED70005D510B0103210D6E0CC0E6FFE66EAFEC9A
:10ED8000FCF00E6E050EE15E0E500D017A6B010C6B
:10ED900051ECFCF00D01786F080EB3D00B0101515E
:10EDA0000D01781378517927780503E10B0E616F17
:10EDB000020C020E785D03E0040E785D04E1020EA1
:10EDC000635D04E0FF0C785101E0FF0C635102E049
:10EDD000090E97D00B0E95D051ECFCF00D01626F2F
:10EDE0000A0E8FD06307090E616F0B0101510D01EF
:10EDF00062136251792778512FE17A5117E111ECB2
:10EE0000FCF070CD74FD71CD75FD72CD76FD776F20
:10EE1000C00E741755ECFCF074CDEEFF75CDEEFF0F
:10EE200076CDEEFF77CDEEFF010E7A6F66CD00F066
:10EE3000016A026A036A3F0E0016016A026A036AE7
:10EE40005C510024E96E5D510120EA6E62CDEFFF56
:10EE5000662B000E672328D0020E785D11E1635106
:10EE600008E06B6B62390F0B6A6F6239F00B696FE8
:10EE70001BD062390F0B69136239F00B686F0CD02D
:10EE8000040E785D11E1635105E062CD6BFD696BA5
:10EE9000686B0AD062CD6AFD68CD6CFD69CD6DFDF1
:10EEA0006ACD6EFD6BCD6FFD635102E10B0E616F9C
:10EEB0007A5101E18CD611ECFCF0400E006E016A33
:10EEC000026A036A55ECFCF0EE500026EE50012277
:10EED000EE500222EE503FECFCF00CE255ECFCF060
:10EEE000EE50705DEE507159EE507259EE507359FC
:10EEF00001E36DD67A6B010C51ECFCF00D01626FF1
:10EF00000C0E616F64D60B0101510D016213791D66
:10EF1000010F625D01E0FE0C616B59D6000C7ECDE5
:10EF200086FD7FCD87FD80CD88FD0D01856BFC0EB4
:10EF30008617810EE96E0D0EEA6E7D51EE24896F03
:10EF40007E51EE208A6F7F51EE208B6F8051EE2034
:10EF50008C6F8907000E8A5B8B5B8C5B896BFC0E68
:10EF60008A17000E895D000E8A59020E8B59000E19
:10EF70008C5906E3896BFC0E8A6F010E8B6F8C6BCC
:10EF800081518211831184113CE00B010B6B890EBE
:10EF9000E96E0D0EEA6E0D018551EE5C8651EE585C
:10EFA0008751EE588851EE5823E389510CE1FC0E4D
:10EFB0008A1909E1010E8B1906E18C5104E10B015C
:10EFC000010E0B6F09D089CD8DFD8ACD8EFD8BCDC5
:10EFD0008FFD8CCD90FD16D80D0189518A118B11B2
:10EFE0008C1106E0040E8A5F000E8B5B8C5BCFD722
:10EFF0000B010B5106E00D019A6B0D01010E996F8B
:10F00000A9D812000D018D6BFC0E0D018E170D019C
:10F01000000E916FDC0E926F010E936F0D01946BD9
:10F020000D01916BFC0E0D01921791CD95FD92CDC6
:10F0300096FD93CD97FD94CD98FD200E0D0196275A
:10F04000000E0D019723000E0D0198230D01950769
:10F05000000E0D01965B000E0D01975B000E0D0179
:10F06000985B8D0EE96E0D0EEA6E0D019151EE5C0E
:10F070000D019251EE580D019351EE580D0194512E
:10F08000EE5812E38D0EE96E0D0EEA6EEE500D0194
:10F09000955DEE500D019659EE500D019759EE50C9
:10F0A0000D01985901E355D004000B0119698DCD6C
:10F0B000F6FF8ECDF7FF8FCDF8FF0B01176B186BA6
:10F0C00017CB00F018CB01F0026A036A800E005CD7
:10F0D000000E0158000E0258000E035839E20900D4
:10F0E000F5500B0119170900F5500B01191709000C
:10F0F000F5500B0119170900F5500B0119170900FC
:10F10000F5500B0119170900F5500B0119170900EB
:10F11000F5500B0119170900F5500B011917FF0ED7
:10F120000B01195D10E004008DCDF6FF8ECDF7FFC9
:10F130008FCDF8FFA684A688550EA76EAA0EA76EDF
:10F14000A682A69405D00B01172B000E1823B8D762
:10F1500004001200F66AFC0EF76E010EF86E0B0149
:10F160001D6B1E6B1DCB00F01ECB01F0026A036A03
:10F17000000E005C040E0158000E0258000E0358E9
:10F1800010E20900000E0B011D25E96E030E0B01B4
:10F190001E21EA6EF5CFEFFF0B011D2B000E1E2383
:10F1A000E1D70D0199510FE0F80EE66E030EE66E01
:10F1B000E668000EE66E030EE66EAFECFCF0006E45
:10F1C000050EE15E00500D019A510EE0080EE66E4C
:10F1D000E66AE668F80EE66E060EE66EAFECFCF048
:10F1E000006E050EE15E00500D018D6BFC0E8E6F02
:10F1F000010E8F6F906B06DF0B011D6B040E1E6FEF
:10F200000B011D511E1125E0400E0B011D5F000E6C
:10F210000B011E5B0D01A96BAA6B000E0B011D25D6
:10F220000D01A76F030E0B011E210D01A86F1DCB51
:10F23000A3FD1ECBA4FD0D01A56BA66BFC0E0D015D
:10F24000A427010E0D01A523000E0D01A62346D90A
:10F25000D7D712000D019B519C119D119E1101E009
:10F26000AAD0000E046EDC0E056E010E066E076A53
:10F27000070E1F0B04C000F005C001F006C002F02D
:10F2800007C003F007E0D890003601360236033697
:10F29000E806F9E1006A016A0F0E0316EF0E01128B
:10F2A000F00E0312000E086EDC0E096E010E0A6EDF
:10F2B0000B6AD8900B320A32093208320C680D6A98
:10F2C0000E6A0F6A0C5008160D5009160E500A16D9
:10F2D0000F500B16005008100B01036F015009105E
:10F2E0000B01046F02500A100B01056F03500B1045
:10F2F0000B01066F9FCDE9FFA0CDEAFFEE500B0199
:10F3000003190CE1EE500B01041908E1EE500B015A
:10F31000051904E1EE500B01061900E102E1000EAF
:10F32000DCD0380EE66EE66AE668480EE66E0E0E33
:10F33000E66EAFECFCF0006E050EE15E00509FCD76
:10F34000E9FFA0CDEAFFEFCF40FE010E0D01EA6A12
:10F350009F25E96EA051EA22EFCF41FE020E0D017A
:10F36000EA6A9F25E96EA051EA22EFCF42FE030E22
:10F370000D01EA6A9F25E96EA051EA22EFCF43FE14
:10F380000E01020E446F0E01EF0E456F0E01466B2B
:10F390000E01F00E476F0D01010E0D6F9FCDE9FFBD
:10F3A000A0CDEAFF03CBEEFF04CBEEFF05CBEEFFD3
:10F3B00006CBEEFF80D0C00E0D019B1907E1E86877
:10F3C0009C1904E1010E9D1901E19E5174E1380E72
:10F3D0000D01EA6A9F25E96EA051EA22EF9C3A0EE0
:10F3E0000D01EA6A9F25E96EA051EA22EF843A0EE8
:10F3F0000D01EA6A9F25E96EA051EA22EF92380ECC
:10F400000D01EA6A9F25E96EA051EA22EF50010B37
:10F4100014E03B0E0D01EA6A9F25E96EA051EA2235
:10F42000EF500F0B010809E33B0E0D01EA6A9F251F
:10F43000E96EA051EA22F20EEF6E390E0D01EA6A72
:10F440009F25E96EA051EA22EF96C00EF66EF7688E
:10F45000010EF86E0B01016B026B01CB00F002CBC9
:10F4600001F0026A036A400E005C000E0158000EB3
:10F470000258000E03581FE209000D010D019F51B3
:10F480000B010125E96E0D010D01A0510B010221B7
:10F49000EA6EEFCF00FB0B010051F55C07E00D01B8
:10F4A000010E9A6F0D01996B55DE05D00B01012BF2
:10F4B000000E0223D2D7A1CDA9FDA2CDAAFD9FCDDA
:10F4C000A7FDA0CDA8FD9BCDA3FD9CCDA4FD9DCD0A
:10F4D000A5FD9ECDA6FD02D800D012000B011A6B2F
:10F4E0000B01010E1B6F0B01010E1C6FA3CDF6FF6C
:10F4F000A4CDF7FFA5CDF8FF0B01186B196B18CB46
:10F5000000F019CB01F0026A036A400E005C000EA5
:10F510000158000E0258000E035823E20800FF0EA7
:10F52000F55C02E00B011B6B0D010D01A7510B01F6
:10F530001825E96E0D010D01A8510B011921EA6E84
:10F54000EFCF17FB0B011751F55C05E017CBF5FF6B
:10F550000B01010E1A6F0D000B01182B000E192361
:10F56000CED7A3CDF6FFA4CDF7FFA5CDF8FF0D01B3
:10F57000A951AA110EE0080EE66EE66AE668A9CD6A
:10F58000E6FFAACDE6FFAFECFCF0006E050EE15EF3
:10F5900000500B011A5160E00B011B510AE00400FE
:10F5A000A698A684550EA76EAA0EA76EA682A6944C
:10F5B00004000B01186B196B18CB00F019CB01F08C
:10F5C000026A036A400E005C000E0158000E0258E9
:10F5D000000E03583EE209000D010D01A7510B0179
:10F5E0001825E96E0D010D01A8510B011921EA6ED4
:10F5F000EF50F55C29E00D01A951AA1123E0070E97
:10F600000B011815036E010E035204E0E846FE0BD1
:10F610000306FCE1E81C026E18CB00F019CB01F0E8
:10F62000030ED89001320032E804FBE10D010D0118
:10F63000A9510024E96E0D010D01AA510120EA6EC5
:10F640000250EF160B011C6B0B01182B000E192337
:10F65000B3D70B011C5102D0010E00D01200F2A44E
:10F6600005D0F2940D01062B000E0723D6CFABFD7B
:10F67000D7CFACFD06CDADFD07CDAEFDABCD14F0C3
:10F68000ACCD15F006CD16F007CD17F012000B012A
:10F69000006B016B0D01B1CD00F0B2CD01F0B107EF
:10F6A000000EB25B0050011025E0AFCDE9FFB0CDF8
:10F6B000EAFFAF2B000EB023EF50B36FB46BB15124
:10F6C000B2110BE0B107000EB25BAFCDE9FFB0CDD8
:10F6D000EAFFAF2BB023EFCFB4FDB3510B010027EE
:10F6E0000D01B4510B010123D8A0D4D7002B000E7B
:10F6F0000123D0D700CB00F001CB01F0001E011E8A
:10F7000000C0F3FF01C0F4FF120000CDB5FD01CD34
:10F71000B6FD0D01010EB55F000EB65B0D0ED88073
:10F72000B555160EB65504E20D0EB56F160EB66F32
:10F730000E01FE8DB5CDECFEB6CDEDFE1200B9CDBD
:10F7400000FBBACD01FB0D01B751B8110DE08CD80B
:10F7500010E00D01B7CDE9FFB8CDEAFFB72B000EE1
:10F76000B82361CFEFFFF3D77FD803E061CFBBFDB4
:10F77000FBD7B9CDF3FFBACDF4FF12000D01BECD1A
:10F7800000F0BFCD01F0BE07000EBF5B00500110BE
:10F790000DE00D01BCCDE9FFBDCDEAFFBC2B000E95
:10F7A000BD23EF50F36EF3CF61FFE8D71200D28E86
:10F7B000D29E0F01415141070009FBE16092D286C0
:10F7C000D6CF04FDD7CF05FD1200D2A6010CD6CFAF
:10F7D000C0FDD7CFC1FD0D010451C05D006EC15108
:10F7E0000555016E026A036A7A0E005C000E01582C
:10F7F000000E0258000E035802E3D296D8DF000C28
:10F80000C2CDB4FEC3CDF3FFC4CDF4FFF3CFB6FE3B
:10F810000000F4CFB7FE000000000E018AB1FDD752
:10F82000120066CD00F067CD01F0026A036A6C0E2B
:10F83000E96E0D0EEA6EEE500024706FEE5001205E
:10F84000716FEE500220726FEE500320736F120042
:10F85000E926000EEA22E9CF00F0EACF01F0E9CF75
:10F86000E6FFEACFE6FF12000B0100CB00F001CB70
:10F8700001F00007000E015B00500110120003228E
:10F880000050705D01507159025072590350735904
:10F890001200E66E61ECFCF0026E060EE15E0250B4
:10F8A00012000B010139F00B12005ECDE9FF5FCDB4
:10F8B000EAFF12000100A2FA0100410F000001005E
:10F8C0000000D9CFE6FFDACFE6FFFA0EE3CFD9FF8B
:10F8D000FB0EE3CFDAFFFC0EE3CFE9FFFD0EE3CF33
:10F8E000EAFFE9CFF3FFEACFF4FFF80EE35003E1BC
:10F8F000F90EE35008E0F80EE30602E2F90EE30623
:10F90000DECFEEFFF2D7FF0EE3CFDAFFE552FF0EB8
:10F91000E3CFD9FFE5521200FB0EE3CFF6FFFC0E5A
:10F92000E3CFF7FFFD0EE3CFF8FFFE0EE3CFE9FFD5
:10F93000FF0EE3CFEAFFE9CFF3FFEACFF4FFF90EC2
:10F94000E35003E1FA0EE35009E0F90EE30602E2A8
:10F95000FA0EE3060900F5CFEEFFF1D71200FE0E16
:10F96000E3CFE9FFFF0EE3CFEAFFE9CFF3FFEACFF2
:10F97000F4FFFB0EE35003E1FC0EE35009E0FB0E45
:10F98000E30602E2FC0EE306FD0EE350EE6EF1D755
:10F990001200556E737570706F72746564005665F1
:10F9A00072696669636174696F6E206661696C650E
:10F9B000642E2020417474656D7074696E672074C4
:10F9C0006F206F766572777269746520626F6F74ED
:10F9D0006C6F61646572206D656D6F72793F00496F
:10F9E0006E76616C6964202E6865782066696C6546
:10F9F00000436F64652050726F7465637420456EB8
:10FA000061626C65640014501902F3CF10F0F4CFFA
:10FA100011F01A02F3501126000EF420126E145049
:10FA20001B02F3501226000EF420136E14501C0219
:10FA3000F350132615501902F3501126F4501222D8
:10FA4000000E132215501A02F3501226F4501322FE
:10FA500015501B02F350132616501902F3501226AC
:10FA6000F450132216501A02F3501326175019029D
:10FA7000F35013261200800EF36E00EE00F00E0E0F
:10FA800007D8600EF36E0FEE00F00F0E01D81200D3
:10FA9000EA6002D0EE6AFCD7F350E9601200EE6A29
:10FAA000FCD708FFFFFFFFFFFFFFFFFFFFFFFFFF88
:10FAB000FFFFFFFFFFFFFFFFFFFFFFFFFFFFFFFF56
:10FAC000FFFFFFFFFFFFFFFFFFFFFFFFFFFFFFFF46
:10FAD000FFFFFFFFFFFFFFFFFFFFFFFFFFFFFFFF36
:10FAE000FFFFFFFFFFFFFFFFFFFFFFFFFFFFFFFF26
:10FAF000FFFFFFFFFFFFFFFFFFFFFFFFFFFFFFFF16
:10FB0000FFFFFFFFFFFFFFFFFFFFFFFFFFFFFFFF05
:10FB1000FFFFFFFFFFFFFFFFFFFFFFFFFFFFFFFFF5
:10FB2000FFFFFFFFFFFFFFFFFFFFFFFFFFFFFFFFE5
:10FB3000FFFFFFFFFFFFFFFFFFFFFFFFFFFFFFFFD5
:10FB4000FFFFFFFFFFFFFFFFFFFFFFFFFFFFFFFFC5
:10FB5000FFFFFFFFFFFFFFFFFFFFFFFFFFFFFFFFB5
:10FB6000FFFFFFFFFFFFFFFFFFFFFFFFFFFFFFFFA5
:10FB7000FFFFFFFFFFFFFFFFFFFFFFFFFFFFFFFF95
:10FB8000FFFFFFFFFFFFFFFFFFFFFFFFFFFFFFFF85
:10FB9000FFFFFFFFFFFFFFFFFFFFFFFFFFFFFFFF75
:10FBA000FFFFFFFFFFFFFFFFFFFFFFFFFFFFFFFF65
:10FBB000FFFFFFFFFFFFFFFFFFFFFFFFFFFFFFFF55
:10FBC000FFFFFFFFFFFFFFFFFFFFFFFFFFFFFFFF45
:10FBD000FFFFFFFFFFFFFFFFFFFFFFFFFFFFFFFF35
:10FBE000FFFFFFFFFFFFFFFFFFFFFFFFFFFFFFFF25
:10FBF000FFFFFFFFFFFFFFFFFFFFFFFFFFFFFFFF15
:10FC0000FFFFFFFFFFFFFFFFFFFFFFFFFFFFFFFF04
:10FC1000FFFFFFFFFFFFFFFFFFFFFFFFFFFFFFFFF4
:10FC2000FFFFFFFFFFFFFFFFFFFFFFFFFFFFFFFFE4
:10FC3000FFFFFFFFFFFFFFFFFFFFFFFFFFFFFFFFD4
:10FC4000FFFFFFFFFFFFFFFFFFFFFFFFFFFFFFFFC4
:10FC5000FFFFFFFFFFFFFFFFFFFFFFFFFFFFFFFFB4
:10FC6000FFFFFFFFFFFFFFFFFFFFFFFFFFFFFFFFA4
:10FC7000FFFFFFFFFFFFFFFFFFFFFFFFFFFFFFFF94
:10FC8000FFFFFFFFFFFFFFFFFFFFFFFFFFFFFFFF84
:10FC9000FFFFFFFFFFFFFFFFFFFFFFFFFFFFFFFF74
:10FCA000FFFFFFFFFFFFFFFFFFFFFFFFFFFFFFFF64
:10FCB000FFFFFFFFFFFFFFFFFFFFFFFFFFFFFFFF54
:10FCC000FFFFFFFFFFFFFFFFFFFFFFFFFFFFFFFF44
:10FCD000FFFFFFFFFFFFFFFFFFFFFFFFFFFFFFFF34
:10FCE000FFFFFFFFFFFFFFFFFFFFFFFFFFFFFFFF24
:10FCF000FFFFFFFFFFFFFFFFFFFFFFFFFFFFFFFF14
:10FD0000FFFFFFFFFFFFFFFFFFFFFFFFFFFFFFFF03
:10FD1000FFFFFFFFFFFFFFFFFFFFFFFFFFFFFFFFF3
:10FD2000FFFFFFFFFFFFFFFFFFFFFFFFFFFFFFFFE3
:10FD3000FFFFFFFFFFFFFFFFFFFFFFFFFFFFFFFFD3
:10FD4000FFFFFFFFFFFFFFFFFFFFFFFFFFFFFFFFC3
:10FD5000FFFFFFFFFFFFFFFFFFFFFFFFFFFFFFFFB3
:10FD6000FFFFFFFFFFFFFFFFFFFFFFFFFFFFFFFFA3
:10FD7000FFFFFFFFFFFFFFFFFFFFFFFFFFFFFFFF93
:10FD8000FFFFFFFFFFFFFFFFFFFFFFFFFFFFFFFF83
:10FD9000FFFFFFFFFFFFFFFFFFFFFFFFFFFFFFFF73
:10FDA000FFFFFFFFFFFFFFFFFFFFFFFFFFFFFFFF63
:10FDB000FFFFFFFFFFFFFFFFFFFFFFFFFFFFFFFF53
:10FDC000FFFFFFFFFFFFFFFFFFFFFFFFFFFFFFFF43
:10FDD000FFFFFFFFFFFFFFFFFFFFFFFFFFFFFFFF33
:10FDE000FFFFFFFFFFFFFFFFFFFFFFFFFFFFFFFF23
:10FDF000FFFFFFFFFFFFFFFFFFFFFFFFFFFFFFFF13
:10FE0000FFFFFFFFFFFFFFFFFFFFFFFFFFFFFFFF02
:10FE1000FFFFFFFFFFFFFFFFFFFFFFFFFFFFFFFFF2
:10FE2000FFFFFFFFFFFFFFFFFFFFFFFFFFFFFFFFE2
:10FE3000FFFFFFFFFFFFFFFFFFFFFFFFFFFFFFFFD2
:10FE4000FFFFFFFFFFFFFFFFFFFFFFFFFFFFFFFFC2
:10FE5000FFFFFFFFFFFFFFFFFFFFFFFFFFFFFFFFB2
:10FE6000FFFFFFFFFFFFFFFFFFFFFFFFFFFFFFFFA2
:10FE7000FFFFFFFFFFFFFFFFFFFFFFFFFFFFFFFF92
:10FE8000FFFFFFFFFFFFFFFFFFFFFFFFFFFFFFFF82
:10FE9000FFFFFFFFFFFFFFFFFFFFFFFFFFFFFFFF72
:10FEA000FFFFFFFFFFFFFFFFFFFFFFFFFFFFFFFF62
:10FEB000FFFFFFFFFFFFFFFFFFFFFFFFFFFFFFFF52
:10FEC000FFFFFFFFFFFFFFFFFFFFFFFFFFFFFFFF42
:10FED000FFFFFFFFFFFFFFFFFFFFFFFFFFFFFFFF32
:10FEE000FFFFFFFFFFFFFFFFFFFFFFFFFFFFFFFF22
:10FEF000FFFFFFFFFFFFFFFFFFFFFFFFFFFFFFFF12
:10FF0000FFFFFFFFFFFFFFFFFFFFFFFFFFFFFFFF01
:10FF1000FFFFFFFFFFFFFFFFFFFFFFFFFFFFFFFFF1
:10FF2000FFFFFFFFFFFFFFFFFFFFFFFFFFFFFFFFE1
:10FF3000FFFFFFFFFFFFFFFFFFFFFFFFFFFFFFFFD1
:10FF4000FFFFFFFFFFFFFFFFFFFFFFFFFFFFFFFFC1
:10FF5000FFFFFFFFFFFFFFFFFFFFFFFFFFFFFFFFB1
:10FF6000FFFFFFFFFFFFFFFFFFFFFFFFFFFFFFFFA1
:10FF7000FFFFFFFFFFFFFFFFFFFFFFFFFFFFFFFF91
:10FF8000FFFFFFFFFFFFFFFFFFFFFFFFFFFFFFFF81
:10FF9000FFFFFFFFFFFFFFFFFFFFFFFFFFFFFFFF71
:10FFA000FFFFFFFFFFFFFFFFFFFFFFFFFFFFFFFF61
:10FFB000FFFFFFFFFFFFFFFFFFFFFFFFFFFFFFFF51
:10FFC000FFFFFFFFFFFFFFFFFFFFFFFFFFFFFFFF41
:10FFD000FFFFFFFFFFFFFFFFFFFFFFFFFFFFFFFF31
:10FFE000FFFFFFFFFFFFFFFFFFFFFFFFFFFFFFFF21
:08FFF000FFFFFFFFFFFFFFFF11
:06FFF800A0F7C5FFFFF7B2
:00000001FF
