

Microchip Technology PIC18 LITE Macro Assembler V1.30 build 55553 
                                                                                               Fri Feb 21 15:33:58 2014

Microchip Technology Omniscient Code Generator (Lite mode) build 55553
     1                           	processor	18F14K22
     2                           	fnconf	rparam,??,?,0
     3                           	opt	pw 120
     4                           	opt	lm
     5                           	psect	intcode,global,reloc=2,class=CODE,delta=1
     6                           	psect	cinit,global,reloc=2,class=CODE,delta=1
     7                           	psect	bssCOMRAM,global,class=COMRAM,space=1,delta=1
     8                           	psect	cstackCOMRAM,global,class=COMRAM,space=1,delta=1
     9                           	psect	text0,global,reloc=2,class=CODE,delta=1
    10                           	psect	text1,global,reloc=2,class=CODE,delta=1
    11                           	psect	text2,global,reloc=2,class=CODE,delta=1
    12                           	psect	text3,global,reloc=2,class=CODE,delta=1
    13                           	psect	text4,global,reloc=2,class=CODE,delta=1
    14                           	psect	text5,global,reloc=2,class=CODE,delta=1
    15                           	psect	text6,global,reloc=2,class=CODE,delta=1
    16                           	psect	text7,global,reloc=2,class=CODE,delta=1
    17                           	psect	text8,global,reloc=2,class=CODE,delta=1
    18                           	psect	text9,global,reloc=2,class=CODE,delta=1
    19                           	psect	text10,global,reloc=2,class=CODE,delta=1
    20                           	psect	text11,global,reloc=2,class=CODE,delta=1
    21                           	psect	text12,global,reloc=2,class=CODE,delta=1
    22                           	psect	text13,global,reloc=2,class=CODE,delta=1
    23                           	psect	text14,global,reloc=2,class=CODE,delta=1
    24                           	psect	text15,global,reloc=2,class=CODE,delta=1
    25                           	psect	text16,global,reloc=2,class=CODE,delta=1
    26                           	psect	text17,global,reloc=2,class=CODE,delta=1
    27                           	psect	text18,global,reloc=2,class=CODE,delta=1
    28                           	psect	text19,global,reloc=2,class=CODE,delta=1
    29                           	psect	text20,global,reloc=2,class=CODE,delta=1
    30                           	psect	text21,global,reloc=2,class=CODE,delta=1
    31                           	psect	intsave_regs,global,class=BIGRAM,space=1,delta=1
    32                           	psect	rparam,global,class=COMRAM,space=1,delta=1
    33  0000                     _TMR0	set	4054
    34  0000                     _TMR1	set	4046
    35  0000                     _ANSEL	set	3966
    36  0000                     _ANSELH	set	3967
    37  0000                     _INTCONbits	set	4082
    38  0000                     _LATAbits	set	3977
    39  0000                     _OSCCONbits	set	4051
    40  0000                     _PIE1bits	set	3997
    41  0000                     _PIR1bits	set	3998
    42  0000                     _PORTAbits	set	3968
    43  0000                     _PORTCbits	set	3970
    44  0000                     _RCREG	set	4014
    45  0000                     _RCSTAbits	set	4011
    46  0000                     _SPBRG	set	4015
    47  0000                     _T0CONbits	set	4053
    48  0000                     _T1CON	set	4045
    49  0000                     _TMR0H	set	4055
    50  0000                     _TMR0L	set	4054
    51  0000                     _TRISAbits	set	3986
    52  0000                     _TRISBbits	set	3987
    53  0000                     _TRISCbits	set	3988
    54  0000                     _TXREG	set	4013
    55  0000                     _TXSTAbits	set	4012
    56                           
    57 ;; *************** function _ISR *****************
    58 ;; Defined at:
    59 ;;		line 73 in file "main.c"
    60 ;; Parameters:    Size  Location     Type
    61 ;;		None
    62 ;; Auto vars:     Size  Location     Type
    63 ;;		None
    64 ;; Return value:  Size  Location     Type
    65 ;;		None               void
    66 ;; Registers used:
    67 ;;		None
    68 ;; Tracked objects:
    69 ;;		On entry : 0/0
    70 ;;		On exit  : 0/0
    71 ;;		Unchanged: 0/0
    72 ;; Data sizes:     COMRAM   BANK0   BANK1
    73 ;;      Params:         0       0       0
    74 ;;      Locals:         0       0       0
    75 ;;      Temps:         14       0       0
    76 ;;      Totals:        14       0       0
    77 ;;Total ram usage:       14 bytes
    78 ;; Hardware stack levels used:    1
    79 ;; This function calls:
    80 ;;		Nothing
    81 ;; This function is called by:
    82 ;;		Interrupt level 2
    83 ;; This function uses a non-reentrant model
    84 ;;
    85                           
    86                           	psect	intcode
    87  000008                     __pintcode:
    88                           	opt stack 0
    89                           
    90                           ; #config settings
    91  000008                     _ISR:
    92                           	opt stack 27
    93                           
    94                           ;incstack = 0
    95  000008  CFFA F01C          	movff	pclath,??_ISR
    96  00000C  CFFB F01D          	movff	pclatu,??_ISR+1
    97  000010  CFE9 F01E          	movff	fsr0l,??_ISR+2
    98  000014  CFEA F01F          	movff	fsr0h,??_ISR+3
    99  000018  CFE1 F020          	movff	fsr1l,??_ISR+4
   100  00001C  CFE2 F021          	movff	fsr1h,??_ISR+5
   101  000020  CFD9 F022          	movff	fsr2l,??_ISR+6
   102  000024  CFDA F023          	movff	fsr2h,??_ISR+7
   103  000028  CFF3 F024          	movff	prodl,??_ISR+8
   104  00002C  CFF4 F025          	movff	prodh,??_ISR+9
   105  000030  CFF6 F026          	movff	tblptrl,??_ISR+10
   106  000034  CFF7 F027          	movff	tblptrh,??_ISR+11
   107  000038  CFF8 F028          	movff	tblptru,??_ISR+12
   108  00003C  CFF5 F029          	movff	tablat,??_ISR+13
   109                           
   110                           ;main.c: 75: if (PIR1bits.RCIF)
   111  000040  AA9E               	btfss	3998,5,c	;volatile
   112  000042  D004               	goto	i2l71
   113                           
   114                           ;main.c: 76: {
   115                           ;main.c: 77: uart_data = RCREG;
   116  000044  CFAE F019          	movff	4014,_uart_data	;volatile
   117  000048  6A1A               	clrf	_uart_data+1,c	;volatile
   118                           
   119                           ;main.c: 78: PIR1bits.RCIF = 0;
   120  00004A  9A9E               	bcf	3998,5,c	;volatile
   121  00004C                     i2l71:
   122                           
   123                           ;main.c: 80: }
   124                           ;main.c: 81: if (INTCONbits.T0IF)
   125  00004C  A4F2               	btfss	intcon,2,c	;volatile
   126  00004E  D002               	goto	i2l73
   127                           
   128                           ;main.c: 82: {
   129                           ;main.c: 83: LATAbits.LATA0 = 1;
   130  000050  8089               	bsf	3977,0,c	;volatile
   131                           
   132                           ;main.c: 84: INTCONbits.T0IF = 0;
   133  000052  94F2               	bcf	intcon,2,c	;volatile
   134  000054                     i2l73:
   135  000054  C029  FFF5         	movff	??_ISR+13,tablat
   136  000058  C028  FFF8         	movff	??_ISR+12,tblptru
   137  00005C  C027  FFF7         	movff	??_ISR+11,tblptrh
   138  000060  C026  FFF6         	movff	??_ISR+10,tblptrl
   139  000064  C025  FFF4         	movff	??_ISR+9,prodh
   140  000068  C024  FFF3         	movff	??_ISR+8,prodl
   141  00006C  C023  FFDA         	movff	??_ISR+7,fsr2h
   142  000070  C022  FFD9         	movff	??_ISR+6,fsr2l
   143  000074  C021  FFE2         	movff	??_ISR+5,fsr1h
   144  000078  C020  FFE1         	movff	??_ISR+4,fsr1l
   145  00007C  C01F  FFEA         	movff	??_ISR+3,fsr0h
   146  000080  C01E  FFE9         	movff	??_ISR+2,fsr0l
   147  000084  C01D  FFFB         	movff	??_ISR+1,pclatu
   148  000088  C01C  FFFA         	movff	??_ISR,pclath
   149  00008C  0011               	retfie		f
   150  00008E                     __end_of_ISR:
   151                           	opt stack 0
   152  0000                     pclatu	equ	0xFFB
   153                           pclath	equ	0xFFA
   154                           tblptru	equ	0xFF8
   155                           tblptrh	equ	0xFF7
   156                           tblptrl	equ	0xFF6
   157                           tablat	equ	0xFF5
   158                           prodh	equ	0xFF4
   159                           prodl	equ	0xFF3
   160                           intcon	equ	0xFF2
   161                           fsr0h	equ	0xFEA
   162                           fsr0l	equ	0xFE9
   163                           fsr1h	equ	0xFE2
   164                           fsr1l	equ	0xFE1
   165                           fsr2h	equ	0xFDA
   166                           fsr2l	equ	0xFD9
   167                           
   168                           	psect	cinit
   169  000508                     __pcinit:
   170                           	opt stack 0
   171  000508                     start_initialization:
   172                           	opt stack 0
   173  000508                     __initialization:
   174                           	opt stack 0
   175                           
   176                           ; Clear objects allocated to COMRAM (27 bytes)
   177  000508  EE00  F001         	lfsr	0,__pbssCOMRAM
   178  00050C  0E1B               	movlw	27
   179  00050E                     clear_0:
   180  00050E  6AEE               	clrf	postinc0,c
   181  000510  06E8               	decf	wreg,f,c
   182  000512  E1FD               	bnz	clear_0
   183  000514                     end_of_initialization:
   184                           	opt stack 0
   185  000514                     __end_of__initialization:
   186                           	opt stack 0
   187  000514  0100               	movlb	0
   188  000516  EF49  F000         	goto	_main	;jump to C main() function
   189                           pclatu	equ	0xFFB
   190                           pclath	equ	0xFFA
   191                           tblptru	equ	0xFF8
   192                           tblptrh	equ	0xFF7
   193                           tblptrl	equ	0xFF6
   194                           tablat	equ	0xFF5
   195                           prodh	equ	0xFF4
   196                           prodl	equ	0xFF3
   197                           intcon	equ	0xFF2
   198                           postinc0	equ	0xFEE
   199                           fsr0h	equ	0xFEA
   200                           fsr0l	equ	0xFE9
   201                           wreg	equ	0xFE8
   202                           fsr1h	equ	0xFE2
   203                           fsr1l	equ	0xFE1
   204                           fsr2h	equ	0xFDA
   205                           fsr2l	equ	0xFD9
   206                           
   207                           	psect	bssCOMRAM
   208  000001                     __pbssCOMRAM:
   209                           	opt stack 0
   210  000001                     _buf:
   211                           	opt stack 0
   212  000001                     	ds	10
   213  00000B                     _DRIVEbits:
   214                           	opt stack 0
   215  00000B                     	ds	2
   216  00000D                     _count:
   217                           	opt stack 0
   218  00000D                     	ds	2
   219  00000F                     _i:
   220                           	opt stack 0
   221  00000F                     	ds	2
   222  000011                     _itxdata:
   223                           	opt stack 0
   224  000011                     	ds	2
   225  000013                     _pulse_time:
   226                           	opt stack 0
   227  000013                     	ds	2
   228  000015                     _tempi:
   229                           	opt stack 0
   230  000015                     	ds	2
   231  000017                     _timer1count:
   232                           	opt stack 0
   233  000017                     	ds	2
   234  000019                     _uart_data:
   235                           	opt stack 0
   236  000019                     	ds	2
   237  00001B                     _SENSORbits:
   238                           	opt stack 0
   239  00001B                     	ds	1
   240                           pclatu	equ	0xFFB
   241                           pclath	equ	0xFFA
   242                           tblptru	equ	0xFF8
   243                           tblptrh	equ	0xFF7
   244                           tblptrl	equ	0xFF6
   245                           tablat	equ	0xFF5
   246                           prodh	equ	0xFF4
   247                           prodl	equ	0xFF3
   248                           intcon	equ	0xFF2
   249                           postinc0	equ	0xFEE
   250                           fsr0h	equ	0xFEA
   251                           fsr0l	equ	0xFE9
   252                           wreg	equ	0xFE8
   253                           fsr1h	equ	0xFE2
   254                           fsr1l	equ	0xFE1
   255                           fsr2h	equ	0xFDA
   256                           fsr2l	equ	0xFD9
   257                           
   258                           	psect	cstackCOMRAM
   259  00001C                     __pcstackCOMRAM:
   260                           	opt stack 0
   261  00001C                     ??_ISR:
   262  00001C                     
   263                           ; 2 bytes @ 0x0
   264  00001C                     	ds	14
   265  00002A                     ??_serial_init:
   266  00002A                     ??_pulse_sonar:
   267  00002A                     ??_motor_controller_reset:
   268  00002A                     uart_xmit@mydata_byte:
   269                           	opt stack 0
   270                           
   271                           ; 2 bytes @ 0xE
   272  00002A                     	ds	2
   273  00002C                     ??_init_motor_controller:
   274  00002C                     
   275                           ; 0 bytes @ 0x10
   276  00002C                     	ds	1
   277  00002D                     ??_main:
   278                           
   279                           ; 0 bytes @ 0x11
   280  00002D                     	ds	1
   281                           pclatu	equ	0xFFB
   282                           pclath	equ	0xFFA
   283                           tblptru	equ	0xFF8
   284                           tblptrh	equ	0xFF7
   285                           tblptrl	equ	0xFF6
   286                           tablat	equ	0xFF5
   287                           prodh	equ	0xFF4
   288                           prodl	equ	0xFF3
   289                           intcon	equ	0xFF2
   290                           postinc0	equ	0xFEE
   291                           fsr0h	equ	0xFEA
   292                           fsr0l	equ	0xFE9
   293                           wreg	equ	0xFE8
   294                           fsr1h	equ	0xFE2
   295                           fsr1l	equ	0xFE1
   296                           fsr2h	equ	0xFDA
   297                           fsr2l	equ	0xFD9
   298                           
   299 ;;
   300 ;;Main: autosize = 0, tempsize = 1, incstack = 0, save=0
   301 ;;
   302 ;; *************** function _main *****************
   303 ;; Defined at:
   304 ;;		line 447 in file "main.c"
   305 ;; Parameters:    Size  Location     Type
   306 ;;		None
   307 ;; Auto vars:     Size  Location     Type
   308 ;;		None
   309 ;; Return value:  Size  Location     Type
   310 ;;                  2  183[COMRAM] int 
   311 ;; Registers used:
   312 ;;		wreg, status,2, status,0, prodl, cstack
   313 ;; Tracked objects:
   314 ;;		On entry : 0/0
   315 ;;		On exit  : 0/0
   316 ;;		Unchanged: 0/0
   317 ;; Data sizes:     COMRAM   BANK0   BANK1
   318 ;;      Params:         0       0       0
   319 ;;      Locals:         0       0       0
   320 ;;      Temps:          1       0       0
   321 ;;      Totals:         1       0       0
   322 ;;Total ram usage:        1 bytes
   323 ;; Hardware stack levels required when called:    4
   324 ;; This function calls:
   325 ;;		_checkleftcliffsensor
   326 ;;		_checkrightcliffsensor
   327 ;;		_clear_drive
   328 ;;		_determine_drive_by_cliff
   329 ;;		_determine_drive_by_sonar
   330 ;;		_init_io
   331 ;;		_init_motor_controller
   332 ;;		_measure_sonar
   333 ;;		_motor_controller_reset
   334 ;;		_motor_rev_timeroff
   335 ;;		_motor_rev_timeron
   336 ;;		_pulse_sonar
   337 ;;		_serial_init
   338 ;;		_set_drive
   339 ;;		_stop_and_wait
   340 ;; This function is called by:
   341 ;;		Startup code after reset
   342 ;; This function uses a non-reentrant model
   343 ;;
   344                           
   345                           	psect	text0
   346  000092                     __ptext0:
   347                           	opt stack 0
   348  000092                     _main:
   349                           	opt stack 27
   350                           
   351                           ;main.c: 449: init_io();
   352                           
   353                           ;incstack = 0
   354  000092  EC0B  F002         	call	_init_io	;wreg free
   355                           
   356                           ;main.c: 452: OSCCONbits.IRCF = 0x05;
   357  000096  50D3               	movf	4051,w,c	;volatile
   358  000098  0B8F               	andlw	-113
   359  00009A  0950               	iorlw	80
   360  00009C  6ED3               	movwf	4051,c	;volatile
   361                           
   362                           ;main.c: 453: OSCCONbits.SCS = 0x02;
   363  00009E  50D3               	movf	4051,w,c	;volatile
   364  0000A0  0BFC               	andlw	-4
   365  0000A2  0902               	iorlw	2
   366  0000A4  6ED3               	movwf	4051,c	;volatile
   367                           
   368                           ;main.c: 455: serial_init();
   369  0000A6  ECF5  F001         	call	_serial_init	;wreg free
   370                           
   371                           ;main.c: 457: LATAbits.LATA2=0;
   372  0000AA  9489               	bcf	3977,2,c	;volatile
   373                           
   374                           ;main.c: 459: motor_controller_reset();
   375  0000AC  EC21  F002         	call	_motor_controller_reset	;wreg free
   376                           
   377                           ;main.c: 460: init_motor_controller();
   378  0000B0  EC6E  F001         	call	_init_motor_controller	;wreg free
   379  0000B4                     l1011:
   380                           
   381                           ;main.c: 464: {
   382                           ;main.c: 466: if (DRIVEbits.delayonnewcycle)
   383  0000B4  A00C               	btfss	_DRIVEbits+1,0,c
   384  0000B6  D01D               	goto	l1021
   385                           
   386                           ;main.c: 467: {
   387                           ;main.c: 468: i=0x5;
   388  0000B8  0E00               	movlw	0
   389  0000BA  6E10               	movwf	_i+1,c
   390  0000BC  0E05               	movlw	5
   391  0000BE  6E0F               	movwf	_i,c
   392                           
   393                           ;main.c: 469: while (i>1)
   394  0000C0  D00D               	goto	l1019
   395  0000C2                     l1015:
   396                           
   397                           ;main.c: 470: {
   398                           ;main.c: 471: _delay((unsigned long)((100)*(4000000/4000.0)));
   399  0000C2  0E82               	movlw	130
   400  0000C4  6E2D               	movwf	??_main& (0+255),c
   401  0000C6  0EDE               	movlw	222
   402  0000C8                     u537:
   403  0000C8  2EE8               	decfsz	wreg,f,c
   404  0000CA  D7FE               	goto	u537
   405  0000CC  2E2D               	decfsz	??_main& (0+255),f,c
   406  0000CE  D7FC               	goto	u537
   407                           
   408                           ;main.c: 472: i=i-1;
   409  0000D0  0EFF               	movlw	255
   410  0000D2  240F               	addwf	_i,w,c
   411  0000D4  6E0F               	movwf	_i,c
   412  0000D6  0EFF               	movlw	255
   413  0000D8  2010               	addwfc	_i+1,w,c
   414  0000DA  6E10               	movwf	_i+1,c
   415  0000DC                     l1019:
   416  0000DC  5010               	movf	_i+1,w,c
   417  0000DE  0A80               	xorlw	128
   418  0000E0  6EF3               	movwf	prodl,c
   419  0000E2  0E80               	movlw	128
   420  0000E4  5CF3               	subwf	prodl,w,c
   421  0000E6  0E02               	movlw	2
   422  0000E8  B4D8               	btfsc	status,2,c
   423  0000EA  5C0F               	subwf	_i,w,c
   424  0000EC  B0D8               	btfsc	status,0,c
   425  0000EE  D7E9               	goto	l1015
   426                           
   427                           ;main.c: 473: }
   428                           ;main.c: 474: DRIVEbits.delayonnewcycle=0;
   429  0000F0  900C               	bcf	_DRIVEbits+1,0,c
   430  0000F2                     l1021:
   431                           
   432                           ;main.c: 475: }
   433                           ;main.c: 477: clear_drive();
   434  0000F2  EC8D  F002         	call	_clear_drive	;wreg free
   435                           
   436                           ;main.c: 478: checkleftcliffsensor();
   437  0000F6  ECAD  F002         	call	_checkleftcliffsensor	;wreg free
   438                           
   439                           ;main.c: 479: checkrightcliffsensor();
   440  0000FA  ECA8  F002         	call	_checkrightcliffsensor	;wreg free
   441                           
   442                           ;main.c: 480: determine_drive_by_cliff();
   443  0000FE  ECDE  F001         	call	_determine_drive_by_cliff	;wreg free
   444                           
   445                           ;main.c: 483: pulse_sonar();
   446  000102  EC79  F002         	call	_pulse_sonar	;wreg free
   447                           
   448                           ;main.c: 484: _delay((unsigned long)((10)*(4000000/4000000.0)));
   449  000106  0E03               	movlw	3
   450  000108                     u547:
   451  000108  2EE8               	decfsz	wreg,f,c
   452  00010A  D7FE               	goto	u547
   453  00010C  F000               	nop	
   454                           
   455                           ;main.c: 485: measure_sonar();
   456  00010E  ECA3  F001         	call	_measure_sonar	;wreg free
   457                           
   458                           ;main.c: 486: determine_drive_by_sonar();
   459  000112  EC2F  F001         	call	_determine_drive_by_sonar	;wreg free
   460                           
   461                           ;main.c: 488: if (SENSORbits.waiting)
   462  000116  A41B               	btfss	_SENSORbits,2,c
   463  000118  D022               	goto	l1045
   464                           
   465                           ;main.c: 489: {
   466                           ;main.c: 490: stop_and_wait();
   467  00011A  EC95  F002         	call	_stop_and_wait	;wreg free
   468                           
   469                           ;main.c: 491: _delay((unsigned long)((10)*(4000000/4000.0)));
   470  00011E  0E0D               	movlw	13
   471  000120  6E2D               	movwf	??_main& (0+255),c
   472  000122  0EFC               	movlw	252
   473  000124                     u557:
   474  000124  2EE8               	decfsz	wreg,f,c
   475  000126  D7FE               	goto	u557
   476  000128  2E2D               	decfsz	??_main& (0+255),f,c
   477  00012A  D7FC               	goto	u557
   478                           
   479                           ;main.c: 492: if (count > 0xE9)
   480  00012C  500E               	movf	_count+1,w,c
   481  00012E  0A80               	xorlw	128
   482  000130  0F80               	addlw	-128
   483  000132  0EEA               	movlw	234
   484  000134  B4D8               	btfsc	status,2,c
   485  000136  5C0D               	subwf	_count,w,c
   486  000138  A0D8               	btfss	status,0,c
   487  00013A  D003               	goto	l1039
   488                           
   489                           ;main.c: 493: {
   490                           ;main.c: 494: DRIVEbits.left_fwd=1;
   491  00013C  8A0B               	bsf	_DRIVEbits,5,c
   492                           
   493                           ;main.c: 495: LATAbits.LATA2=1;
   494  00013E  8489               	bsf	3977,2,c	;volatile
   495                           
   496                           ;main.c: 496: DRIVEbits.stop=0;
   497  000140  9E0B               	bcf	_DRIVEbits,7,c
   498  000142                     l1039:
   499                           
   500                           ;main.c: 497: }
   501                           ;main.c: 498: if (count > 0xFC)
   502  000142  500E               	movf	_count+1,w,c
   503  000144  0A80               	xorlw	128
   504  000146  0F80               	addlw	-128
   505  000148  0EFD               	movlw	253
   506  00014A  B4D8               	btfsc	status,2,c
   507  00014C  5C0D               	subwf	_count,w,c
   508  00014E  A0D8               	btfss	status,0,c
   509  000150  D00B               	goto	l1049
   510                           
   511                           ;main.c: 499: {
   512                           ;main.c: 500: count = 0;
   513  000152  0E00               	movlw	0
   514  000154  6E0E               	movwf	_count+1,c
   515  000156  0E00               	movlw	0
   516  000158  6E0D               	movwf	_count,c
   517                           
   518                           ;main.c: 501: DRIVEbits.stop=1;
   519  00015A  8E0B               	bsf	_DRIVEbits,7,c
   520  00015C  D005               	goto	l1049
   521  00015E                     l1045:
   522                           
   523                           ;main.c: 504: else
   524                           ;main.c: 505: {
   525                           ;main.c: 506: count = 0;
   526  00015E  0E00               	movlw	0
   527  000160  6E0E               	movwf	_count+1,c
   528  000162  0E00               	movlw	0
   529  000164  6E0D               	movwf	_count,c
   530                           
   531                           ;main.c: 507: LATAbits.LATA2=0;
   532  000166  9489               	bcf	3977,2,c	;volatile
   533  000168                     l1049:
   534                           
   535                           ;main.c: 508: }
   536                           ;main.c: 511: set_drive();
   537  000168  ECEA  F000         	call	_set_drive	;wreg free
   538                           
   539                           ;main.c: 514: if (!timer1count)
   540  00016C  5018               	movf	_timer1count+1,w,c
   541  00016E  1017               	iorwf	_timer1count,w,c
   542  000170  A4D8               	btfss	status,2,c
   543  000172  D012               	goto	l1063
   544                           
   545                           ;main.c: 515: {
   546                           ;main.c: 516: if (DRIVEbits.right_rev)
   547  000174  A20B               	btfss	_DRIVEbits,1,c
   548  000176  D003               	goto	l194
   549                           
   550                           ;main.c: 517: motor_rev_timeron();
   551  000178  ECC3  F001         	call	_motor_rev_timeron	;wreg free
   552  00017C  D015               	goto	l200
   553  00017E                     l194:
   554                           
   555                           ;main.c: 518: else if (DRIVEbits.rev)
   556  00017E  A00B               	btfss	_DRIVEbits,0,c
   557  000180  D003               	goto	l196
   558                           
   559                           ;main.c: 519: motor_rev_timeron();
   560  000182  ECC3  F001         	call	_motor_rev_timeron	;wreg free
   561  000186  D010               	goto	l200
   562  000188                     l196:
   563                           
   564                           ;main.c: 520: else if (DRIVEbits.left_rev)
   565  000188  A40B               	btfss	_DRIVEbits,2,c
   566  00018A  D003               	goto	l1061
   567                           
   568                           ;main.c: 521: motor_rev_timeron();
   569  00018C  ECC3  F001         	call	_motor_rev_timeron	;wreg free
   570  000190  D00B               	goto	l200
   571  000192                     l1061:
   572                           
   573                           ;main.c: 522: else
   574                           ;main.c: 523: motor_rev_timeroff();
   575  000192  EC9C  F002         	call	_motor_rev_timeroff	;wreg free
   576  000196  D008               	goto	l200
   577  000198                     l1063:
   578                           
   579                           ;main.c: 525: else
   580                           ;main.c: 526: if (timer1count > 0x4F)
   581  000198  5018               	movf	_timer1count+1,w,c
   582  00019A  0A80               	xorlw	128
   583  00019C  0F80               	addlw	-128
   584  00019E  0E50               	movlw	80
   585  0001A0  B4D8               	btfsc	status,2,c
   586  0001A2  5C17               	subwf	_timer1count,w,c
   587  0001A4  B0D8               	btfsc	status,0,c
   588                           
   589                           ;main.c: 527: {
   590                           ;main.c: 528: DRIVEbits.estop = 1;
   591  0001A6  8C0B               	bsf	_DRIVEbits,6,c
   592  0001A8                     l200:
   593                           
   594                           ;main.c: 529: }
   595                           ;main.c: 530: if (DRIVEbits.estop)
   596  0001A8  AC0B               	btfss	_DRIVEbits,6,c
   597  0001AA  D012               	goto	l1073
   598                           
   599                           ;main.c: 531: {
   600                           ;main.c: 532: _delay((unsigned long)((149)*(4000000/4000.0)));
   601  0001AC  0EC2               	movlw	194
   602  0001AE  6E2D               	movwf	??_main& (0+255),c
   603  0001B0  0E80               	movlw	128
   604  0001B2                     u567:
   605  0001B2  2EE8               	decfsz	wreg,f,c
   606  0001B4  D7FE               	goto	u567
   607  0001B6  2E2D               	decfsz	??_main& (0+255),f,c
   608  0001B8  D7FC               	goto	u567
   609  0001BA  D000               	nop2	
   610                           
   611                           ;main.c: 533: LATAbits.LATA2=1;
   612  0001BC  8489               	bsf	3977,2,c	;volatile
   613                           
   614                           ;main.c: 534: _delay((unsigned long)((149)*(4000000/4000.0)));
   615  0001BE  0EC2               	movlw	194
   616  0001C0  6E2D               	movwf	??_main& (0+255),c
   617  0001C2  0E80               	movlw	128
   618  0001C4                     u577:
   619  0001C4  2EE8               	decfsz	wreg,f,c
   620  0001C6  D7FE               	goto	u577
   621  0001C8  2E2D               	decfsz	??_main& (0+255),f,c
   622  0001CA  D7FC               	goto	u577
   623  0001CC  D000               	nop2	
   624                           
   625                           ;main.c: 535: LATAbits.LATA2=0;
   626  0001CE  9489               	bcf	3977,2,c	;volatile
   627  0001D0                     l1073:
   628                           
   629                           ;main.c: 536: }
   630                           ;main.c: 537: DRIVEbits.rev=0;
   631  0001D0  900B               	bcf	_DRIVEbits,0,c
   632  0001D2  D770               	goto	l1011
   633  0001D4                     __end_of_main:
   634                           	opt stack 0
   635                           pclatu	equ	0xFFB
   636                           pclath	equ	0xFFA
   637                           tblptru	equ	0xFF8
   638                           tblptrh	equ	0xFF7
   639                           tblptrl	equ	0xFF6
   640                           tablat	equ	0xFF5
   641                           prodh	equ	0xFF4
   642                           prodl	equ	0xFF3
   643                           intcon	equ	0xFF2
   644                           postinc0	equ	0xFEE
   645                           fsr0h	equ	0xFEA
   646                           fsr0l	equ	0xFE9
   647                           wreg	equ	0xFE8
   648                           fsr1h	equ	0xFE2
   649                           fsr1l	equ	0xFE1
   650                           fsr2h	equ	0xFDA
   651                           fsr2l	equ	0xFD9
   652                           status	equ	0xFD8
   653                           
   654 ;; *************** function _stop_and_wait *****************
   655 ;; Defined at:
   656 ;;		line 249 in file "main.c"
   657 ;; Parameters:    Size  Location     Type
   658 ;;		None
   659 ;; Auto vars:     Size  Location     Type
   660 ;;		None
   661 ;; Return value:  Size  Location     Type
   662 ;;		None               void
   663 ;; Registers used:
   664 ;;		wreg, status,2, status,0
   665 ;; Tracked objects:
   666 ;;		On entry : 0/0
   667 ;;		On exit  : 0/0
   668 ;;		Unchanged: 0/0
   669 ;; Data sizes:     COMRAM   BANK0   BANK1
   670 ;;      Params:         0       0       0
   671 ;;      Locals:         0       0       0
   672 ;;      Temps:          0       0       0
   673 ;;      Totals:         0       0       0
   674 ;;Total ram usage:        0 bytes
   675 ;; Hardware stack levels used:    1
   676 ;; Hardware stack levels required when called:    1
   677 ;; This function calls:
   678 ;;		Nothing
   679 ;; This function is called by:
   680 ;;		_main
   681 ;; This function uses a non-reentrant model
   682 ;;
   683                           
   684                           	psect	text1
   685  00052A                     __ptext1:
   686                           	opt stack 0
   687  00052A                     _stop_and_wait:
   688                           	opt stack 29
   689                           
   690                           ;main.c: 251: count++;
   691                           
   692                           ;incstack = 0
   693  00052A  4A0D               	infsnz	_count,f,c
   694  00052C  2A0E               	incf	_count+1,f,c
   695                           
   696                           ;main.c: 252: _delay((unsigned long)((1)*(4000000/4000.0)));
   697  00052E  0EFA               	movlw	250
   698  000530                     u587:
   699  000530  F000               	nop	
   700  000532  2EE8               	decfsz	wreg,f,c
   701  000534  D7FD               	goto	u587
   702  000536  0012               	return	
   703  000538                     __end_of_stop_and_wait:
   704                           	opt stack 0
   705                           pclatu	equ	0xFFB
   706                           pclath	equ	0xFFA
   707                           tblptru	equ	0xFF8
   708                           tblptrh	equ	0xFF7
   709                           tblptrl	equ	0xFF6
   710                           tablat	equ	0xFF5
   711                           prodh	equ	0xFF4
   712                           prodl	equ	0xFF3
   713                           intcon	equ	0xFF2
   714                           postinc0	equ	0xFEE
   715                           fsr0h	equ	0xFEA
   716                           fsr0l	equ	0xFE9
   717                           wreg	equ	0xFE8
   718                           fsr1h	equ	0xFE2
   719                           fsr1l	equ	0xFE1
   720                           fsr2h	equ	0xFDA
   721                           fsr2l	equ	0xFD9
   722                           status	equ	0xFD8
   723                           
   724 ;; *************** function _set_drive *****************
   725 ;; Defined at:
   726 ;;		line 402 in file "main.c"
   727 ;; Parameters:    Size  Location     Type
   728 ;;		None
   729 ;; Auto vars:     Size  Location     Type
   730 ;;		None
   731 ;; Return value:  Size  Location     Type
   732 ;;		None               void
   733 ;; Registers used:
   734 ;;		wreg, status,2, status,0, cstack
   735 ;; Tracked objects:
   736 ;;		On entry : 0/0
   737 ;;		On exit  : 0/0
   738 ;;		Unchanged: 0/0
   739 ;; Data sizes:     COMRAM   BANK0   BANK1
   740 ;;      Params:         0       0       0
   741 ;;      Locals:         0       0       0
   742 ;;      Temps:          0       0       0
   743 ;;      Totals:         0       0       0
   744 ;;Total ram usage:        0 bytes
   745 ;; Hardware stack levels used:    1
   746 ;; Hardware stack levels required when called:    3
   747 ;; This function calls:
   748 ;;		_motor_left_fwd_quarter
   749 ;;		_motor_left_rev_quarter
   750 ;;		_motor_right_fwd_quarter
   751 ;;		_motor_right_rev_quarter
   752 ;;		_motor_stop
   753 ;; This function is called by:
   754 ;;		_main
   755 ;; This function uses a non-reentrant model
   756 ;;
   757                           
   758                           	psect	text2
   759  0001D4                     __ptext2:
   760                           	opt stack 0
   761  0001D4                     _set_drive:
   762                           	opt stack 27
   763                           
   764                           ;main.c: 404: if (DRIVEbits.estop)
   765                           
   766                           ;incstack = 0
   767  0001D4  AC0B               	btfss	_DRIVEbits,6,c
   768  0001D6  D003               	goto	l162
   769                           
   770                           ;main.c: 405: motor_stop();
   771  0001D8  EC52  F002         	call	_motor_stop	;wreg free
   772  0001DC  0012               	return	
   773  0001DE                     l162:
   774                           
   775                           ;main.c: 406: else if (DRIVEbits.left_rev && !DRIVEbits.rev && !DRIVEbits.nextcycle_reve
      +                          rse)
   776  0001DE  B40B               	btfsc	_DRIVEbits,2,c
   777  0001E0  B00B               	btfsc	_DRIVEbits,0,c
   778  0001E2  D005               	goto	l164
   779  0001E4  B40C               	btfsc	_DRIVEbits+1,2,c
   780  0001E6  D003               	goto	l164
   781                           
   782                           ;main.c: 407: motor_left_rev_quarter();
   783  0001E8  EC43  F002         	call	_motor_left_rev_quarter	;wreg free
   784  0001EC  0012               	return	
   785  0001EE                     l164:
   786                           
   787                           ;main.c: 408: else if (DRIVEbits.right_rev && !DRIVEbits.rev && !DRIVEbits.nextcycle_rev
      +                          erse)
   788  0001EE  B20B               	btfsc	_DRIVEbits,1,c
   789  0001F0  B00B               	btfsc	_DRIVEbits,0,c
   790  0001F2  D005               	goto	l166
   791  0001F4  B40C               	btfsc	_DRIVEbits+1,2,c
   792  0001F6  D003               	goto	l166
   793                           
   794                           ;main.c: 409: motor_right_rev_quarter();
   795  0001F8  EC34  F002         	call	_motor_right_rev_quarter	;wreg free
   796  0001FC  0012               	return	
   797  0001FE                     l166:
   798                           
   799                           ;main.c: 410: else if (DRIVEbits.rev)
   800  0001FE  A00B               	btfss	_DRIVEbits,0,c
   801  000200  D005               	goto	l168
   802                           
   803                           ;main.c: 411: {
   804                           ;main.c: 412: motor_right_rev_quarter();
   805  000202  EC34  F002         	call	_motor_right_rev_quarter	;wreg free
   806                           
   807                           ;main.c: 413: motor_left_rev_quarter();
   808  000206  EC43  F002         	call	_motor_left_rev_quarter	;wreg free
   809                           
   810                           ;main.c: 414: }
   811  00020A  0012               	return	
   812  00020C                     l168:
   813                           
   814                           ;main.c: 415: else if (DRIVEbits.stop)
   815  00020C  AE0B               	btfss	_DRIVEbits,7,c
   816  00020E  D003               	goto	l170
   817                           
   818                           ;main.c: 416: motor_stop();
   819  000210  EC52  F002         	call	_motor_stop	;wreg free
   820  000214  0012               	return	
   821  000216                     l170:
   822                           
   823                           ;main.c: 417: else if (DRIVEbits.left_fwd && !DRIVEbits.nextcycle_reverse)
   824  000216  BA0B               	btfsc	_DRIVEbits,5,c
   825  000218  B40C               	btfsc	_DRIVEbits+1,2,c
   826  00021A  D005               	goto	l172
   827                           
   828                           ;main.c: 418: {
   829                           ;main.c: 419: motor_right_rev_quarter();
   830  00021C  EC34  F002         	call	_motor_right_rev_quarter	;wreg free
   831                           
   832                           ;main.c: 420: motor_left_fwd_quarter();
   833  000220  EC6C  F002         	call	_motor_left_fwd_quarter	;wreg free
   834                           
   835                           ;main.c: 421: }
   836  000224  0012               	return	
   837  000226                     l172:
   838                           
   839                           ;main.c: 422: else if (DRIVEbits.right_fwd)
   840  000226  A80B               	btfss	_DRIVEbits,4,c
   841  000228  D005               	goto	l174
   842                           
   843                           ;main.c: 423: {
   844                           ;main.c: 424: motor_right_fwd_quarter();
   845  00022A  EC5F  F002         	call	_motor_right_fwd_quarter	;wreg free
   846                           
   847                           ;main.c: 425: motor_left_rev_quarter();
   848  00022E  EC43  F002         	call	_motor_left_rev_quarter	;wreg free
   849                           
   850                           ;main.c: 426: }
   851  000232  0012               	return	
   852  000234                     l174:
   853                           
   854                           ;main.c: 427: else if (DRIVEbits.fwd && !DRIVEbits.nextcycle_reverse)
   855  000234  B60B               	btfsc	_DRIVEbits,3,c
   856  000236  B40C               	btfsc	_DRIVEbits+1,2,c
   857  000238  D005               	goto	l176
   858                           
   859                           ;main.c: 428: {
   860                           ;main.c: 429: motor_right_fwd_quarter();
   861  00023A  EC5F  F002         	call	_motor_right_fwd_quarter	;wreg free
   862                           
   863                           ;main.c: 430: motor_left_fwd_quarter();
   864  00023E  EC6C  F002         	call	_motor_left_fwd_quarter	;wreg free
   865                           
   866                           ;main.c: 431: }
   867  000242  0012               	return	
   868  000244                     l176:
   869                           
   870                           ;main.c: 433: else if (DRIVEbits.nextcycle_turn)
   871  000244  A60C               	btfss	_DRIVEbits+1,3,c
   872  000246  D003               	goto	l178
   873                           
   874                           ;main.c: 434: {
   875                           ;main.c: 435: motor_left_rev_quarter();
   876  000248  EC43  F002         	call	_motor_left_rev_quarter	;wreg free
   877                           
   878                           ;main.c: 436: }
   879  00024C  0012               	return	
   880  00024E                     l178:
   881                           
   882                           ;main.c: 438: else if (DRIVEbits.nextcycle_reverse)
   883  00024E  A40C               	btfss	_DRIVEbits+1,2,c
   884  000250  0012               	return	
   885                           
   886                           ;main.c: 439: {
   887                           ;main.c: 440: motor_right_rev_quarter();
   888  000252  EC34  F002         	call	_motor_right_rev_quarter	;wreg free
   889                           
   890                           ;main.c: 441: motor_left_rev_quarter();
   891  000256  EC43  F002         	call	_motor_left_rev_quarter	;wreg free
   892                           
   893                           ;main.c: 442: DRIVEbits.nextcycle_reverse=0;
   894  00025A  940C               	bcf	_DRIVEbits+1,2,c
   895  00025C  0012               	return	
   896  00025E                     __end_of_set_drive:
   897                           	opt stack 0
   898                           pclatu	equ	0xFFB
   899                           pclath	equ	0xFFA
   900                           tblptru	equ	0xFF8
   901                           tblptrh	equ	0xFF7
   902                           tblptrl	equ	0xFF6
   903                           tablat	equ	0xFF5
   904                           prodh	equ	0xFF4
   905                           prodl	equ	0xFF3
   906                           intcon	equ	0xFF2
   907                           postinc0	equ	0xFEE
   908                           fsr0h	equ	0xFEA
   909                           fsr0l	equ	0xFE9
   910                           wreg	equ	0xFE8
   911                           fsr1h	equ	0xFE2
   912                           fsr1l	equ	0xFE1
   913                           fsr2h	equ	0xFDA
   914                           fsr2l	equ	0xFD9
   915                           status	equ	0xFD8
   916                           
   917 ;; *************** function _motor_stop *****************
   918 ;; Defined at:
   919 ;;		line 296 in file "main.c"
   920 ;; Parameters:    Size  Location     Type
   921 ;;		None
   922 ;; Auto vars:     Size  Location     Type
   923 ;;		None
   924 ;; Return value:  Size  Location     Type
   925 ;;		None               void
   926 ;; Registers used:
   927 ;;		wreg, status,2, cstack
   928 ;; Tracked objects:
   929 ;;		On entry : 0/0
   930 ;;		On exit  : 0/0
   931 ;;		Unchanged: 0/0
   932 ;; Data sizes:     COMRAM   BANK0   BANK1
   933 ;;      Params:         0       0       0
   934 ;;      Locals:         0       0       0
   935 ;;      Temps:          0       0       0
   936 ;;      Totals:         0       0       0
   937 ;;Total ram usage:        0 bytes
   938 ;; Hardware stack levels used:    1
   939 ;; Hardware stack levels required when called:    2
   940 ;; This function calls:
   941 ;;		_uart_xmit
   942 ;; This function is called by:
   943 ;;		_set_drive
   944 ;; This function uses a non-reentrant model
   945 ;;
   946                           
   947                           	psect	text3
   948  0004A4                     __ptext3:
   949                           	opt stack 0
   950  0004A4                     _motor_stop:
   951                           	opt stack 27
   952                           
   953                           ;main.c: 298: uart_xmit(0x86);
   954                           
   955                           ;incstack = 0
   956  0004A4  0E00               	movlw	0
   957  0004A6  6E2B               	movwf	uart_xmit@mydata_byte+1,c
   958  0004A8  0E86               	movlw	134
   959  0004AA  6E2A               	movwf	uart_xmit@mydata_byte,c
   960  0004AC  ECA3  F002         	call	_uart_xmit	;wreg free
   961                           
   962                           ;main.c: 299: uart_xmit(0x87);
   963  0004B0  0E00               	movlw	0
   964  0004B2  6E2B               	movwf	uart_xmit@mydata_byte+1,c
   965  0004B4  0E87               	movlw	135
   966  0004B6  6E2A               	movwf	uart_xmit@mydata_byte,c
   967  0004B8  ECA3  F002         	call	_uart_xmit	;wreg free
   968  0004BC  0012               	return	
   969  0004BE                     __end_of_motor_stop:
   970                           	opt stack 0
   971                           pclatu	equ	0xFFB
   972                           pclath	equ	0xFFA
   973                           tblptru	equ	0xFF8
   974                           tblptrh	equ	0xFF7
   975                           tblptrl	equ	0xFF6
   976                           tablat	equ	0xFF5
   977                           prodh	equ	0xFF4
   978                           prodl	equ	0xFF3
   979                           intcon	equ	0xFF2
   980                           postinc0	equ	0xFEE
   981                           fsr0h	equ	0xFEA
   982                           fsr0l	equ	0xFE9
   983                           wreg	equ	0xFE8
   984                           fsr1h	equ	0xFE2
   985                           fsr1l	equ	0xFE1
   986                           fsr2h	equ	0xFDA
   987                           fsr2l	equ	0xFD9
   988                           status	equ	0xFD8
   989                           
   990 ;; *************** function _motor_right_rev_quarter *****************
   991 ;; Defined at:
   992 ;;		line 316 in file "main.c"
   993 ;; Parameters:    Size  Location     Type
   994 ;;		None
   995 ;; Auto vars:     Size  Location     Type
   996 ;;		None
   997 ;; Return value:  Size  Location     Type
   998 ;;		None               void
   999 ;; Registers used:
  1000 ;;		wreg, status,2, status,0, cstack
  1001 ;; Tracked objects:
  1002 ;;		On entry : 0/0
  1003 ;;		On exit  : 0/0
  1004 ;;		Unchanged: 0/0
  1005 ;; Data sizes:     COMRAM   BANK0   BANK1
  1006 ;;      Params:         0       0       0
  1007 ;;      Locals:         0       0       0
  1008 ;;      Temps:          0       0       0
  1009 ;;      Totals:         0       0       0
  1010 ;;Total ram usage:        0 bytes
  1011 ;; Hardware stack levels used:    1
  1012 ;; Hardware stack levels required when called:    2
  1013 ;; This function calls:
  1014 ;;		_motor_rev_timeron
  1015 ;;		_uart_xmit
  1016 ;; This function is called by:
  1017 ;;		_set_drive
  1018 ;; This function uses a non-reentrant model
  1019 ;;
  1020                           
  1021                           	psect	text4
  1022  000468                     __ptext4:
  1023                           	opt stack 0
  1024  000468                     _motor_right_rev_quarter:
  1025                           	opt stack 27
  1026                           
  1027                           ;main.c: 318: uart_xmit(0x8A);
  1028                           
  1029                           ;incstack = 0
  1030  000468  0E00               	movlw	0
  1031  00046A  6E2B               	movwf	uart_xmit@mydata_byte+1,c
  1032  00046C  0E8A               	movlw	138
  1033  00046E  6E2A               	movwf	uart_xmit@mydata_byte,c
  1034  000470  ECA3  F002         	call	_uart_xmit	;wreg free
  1035                           
  1036                           ;main.c: 319: uart_xmit(0x30);
  1037  000474  0E00               	movlw	0
  1038  000476  6E2B               	movwf	uart_xmit@mydata_byte+1,c
  1039  000478  0E30               	movlw	48
  1040  00047A  6E2A               	movwf	uart_xmit@mydata_byte,c
  1041  00047C  ECA3  F002         	call	_uart_xmit	;wreg free
  1042                           
  1043                           ;main.c: 320: motor_rev_timeron();
  1044  000480  ECC3  F001         	call	_motor_rev_timeron	;wreg free
  1045  000484  0012               	return	
  1046  000486                     __end_of_motor_right_rev_quarter:
  1047                           	opt stack 0
  1048                           pclatu	equ	0xFFB
  1049                           pclath	equ	0xFFA
  1050                           tblptru	equ	0xFF8
  1051                           tblptrh	equ	0xFF7
  1052                           tblptrl	equ	0xFF6
  1053                           tablat	equ	0xFF5
  1054                           prodh	equ	0xFF4
  1055                           prodl	equ	0xFF3
  1056                           intcon	equ	0xFF2
  1057                           postinc0	equ	0xFEE
  1058                           fsr0h	equ	0xFEA
  1059                           fsr0l	equ	0xFE9
  1060                           wreg	equ	0xFE8
  1061                           fsr1h	equ	0xFE2
  1062                           fsr1l	equ	0xFE1
  1063                           fsr2h	equ	0xFDA
  1064                           fsr2l	equ	0xFD9
  1065                           status	equ	0xFD8
  1066                           
  1067 ;; *************** function _motor_right_fwd_quarter *****************
  1068 ;; Defined at:
  1069 ;;		line 309 in file "main.c"
  1070 ;; Parameters:    Size  Location     Type
  1071 ;;		None
  1072 ;; Auto vars:     Size  Location     Type
  1073 ;;		None
  1074 ;; Return value:  Size  Location     Type
  1075 ;;		None               void
  1076 ;; Registers used:
  1077 ;;		wreg, status,2, cstack
  1078 ;; Tracked objects:
  1079 ;;		On entry : 0/0
  1080 ;;		On exit  : 0/0
  1081 ;;		Unchanged: 0/0
  1082 ;; Data sizes:     COMRAM   BANK0   BANK1
  1083 ;;      Params:         0       0       0
  1084 ;;      Locals:         0       0       0
  1085 ;;      Temps:          0       0       0
  1086 ;;      Totals:         0       0       0
  1087 ;;Total ram usage:        0 bytes
  1088 ;; Hardware stack levels used:    1
  1089 ;; Hardware stack levels required when called:    2
  1090 ;; This function calls:
  1091 ;;		_uart_xmit
  1092 ;; This function is called by:
  1093 ;;		_set_drive
  1094 ;; This function uses a non-reentrant model
  1095 ;;
  1096                           
  1097                           	psect	text5
  1098  0004BE                     __ptext5:
  1099                           	opt stack 0
  1100  0004BE                     _motor_right_fwd_quarter:
  1101                           	opt stack 27
  1102                           
  1103                           ;main.c: 311: uart_xmit(0x88);
  1104                           
  1105                           ;incstack = 0
  1106  0004BE  0E00               	movlw	0
  1107  0004C0  6E2B               	movwf	uart_xmit@mydata_byte+1,c
  1108  0004C2  0E88               	movlw	136
  1109  0004C4  6E2A               	movwf	uart_xmit@mydata_byte,c
  1110  0004C6  ECA3  F002         	call	_uart_xmit	;wreg free
  1111                           
  1112                           ;main.c: 312: uart_xmit(0x30);
  1113  0004CA  0E00               	movlw	0
  1114  0004CC  6E2B               	movwf	uart_xmit@mydata_byte+1,c
  1115  0004CE  0E30               	movlw	48
  1116  0004D0  6E2A               	movwf	uart_xmit@mydata_byte,c
  1117  0004D2  ECA3  F002         	call	_uart_xmit	;wreg free
  1118  0004D6  0012               	return	
  1119  0004D8                     __end_of_motor_right_fwd_quarter:
  1120                           	opt stack 0
  1121                           pclatu	equ	0xFFB
  1122                           pclath	equ	0xFFA
  1123                           tblptru	equ	0xFF8
  1124                           tblptrh	equ	0xFF7
  1125                           tblptrl	equ	0xFF6
  1126                           tablat	equ	0xFF5
  1127                           prodh	equ	0xFF4
  1128                           prodl	equ	0xFF3
  1129                           intcon	equ	0xFF2
  1130                           postinc0	equ	0xFEE
  1131                           fsr0h	equ	0xFEA
  1132                           fsr0l	equ	0xFE9
  1133                           wreg	equ	0xFE8
  1134                           fsr1h	equ	0xFE2
  1135                           fsr1l	equ	0xFE1
  1136                           fsr2h	equ	0xFDA
  1137                           fsr2l	equ	0xFD9
  1138                           status	equ	0xFD8
  1139                           
  1140 ;; *************** function _motor_left_rev_quarter *****************
  1141 ;; Defined at:
  1142 ;;		line 330 in file "main.c"
  1143 ;; Parameters:    Size  Location     Type
  1144 ;;		None
  1145 ;; Auto vars:     Size  Location     Type
  1146 ;;		None
  1147 ;; Return value:  Size  Location     Type
  1148 ;;		None               void
  1149 ;; Registers used:
  1150 ;;		wreg, status,2, status,0, cstack
  1151 ;; Tracked objects:
  1152 ;;		On entry : 0/0
  1153 ;;		On exit  : 0/0
  1154 ;;		Unchanged: 0/0
  1155 ;; Data sizes:     COMRAM   BANK0   BANK1
  1156 ;;      Params:         0       0       0
  1157 ;;      Locals:         0       0       0
  1158 ;;      Temps:          0       0       0
  1159 ;;      Totals:         0       0       0
  1160 ;;Total ram usage:        0 bytes
  1161 ;; Hardware stack levels used:    1
  1162 ;; Hardware stack levels required when called:    2
  1163 ;; This function calls:
  1164 ;;		_motor_rev_timeron
  1165 ;;		_uart_xmit
  1166 ;; This function is called by:
  1167 ;;		_set_drive
  1168 ;; This function uses a non-reentrant model
  1169 ;;
  1170                           
  1171                           	psect	text6
  1172  000486                     __ptext6:
  1173                           	opt stack 0
  1174  000486                     _motor_left_rev_quarter:
  1175                           	opt stack 27
  1176                           
  1177                           ;main.c: 332: uart_xmit(0x8C);
  1178                           
  1179                           ;incstack = 0
  1180  000486  0E00               	movlw	0
  1181  000488  6E2B               	movwf	uart_xmit@mydata_byte+1,c
  1182  00048A  0E8C               	movlw	140
  1183  00048C  6E2A               	movwf	uart_xmit@mydata_byte,c
  1184  00048E  ECA3  F002         	call	_uart_xmit	;wreg free
  1185                           
  1186                           ;main.c: 333: uart_xmit(0x30);
  1187  000492  0E00               	movlw	0
  1188  000494  6E2B               	movwf	uart_xmit@mydata_byte+1,c
  1189  000496  0E30               	movlw	48
  1190  000498  6E2A               	movwf	uart_xmit@mydata_byte,c
  1191  00049A  ECA3  F002         	call	_uart_xmit	;wreg free
  1192                           
  1193                           ;main.c: 334: motor_rev_timeron();
  1194  00049E  ECC3  F001         	call	_motor_rev_timeron	;wreg free
  1195  0004A2  0012               	return	
  1196  0004A4                     __end_of_motor_left_rev_quarter:
  1197                           	opt stack 0
  1198                           pclatu	equ	0xFFB
  1199                           pclath	equ	0xFFA
  1200                           tblptru	equ	0xFF8
  1201                           tblptrh	equ	0xFF7
  1202                           tblptrl	equ	0xFF6
  1203                           tablat	equ	0xFF5
  1204                           prodh	equ	0xFF4
  1205                           prodl	equ	0xFF3
  1206                           intcon	equ	0xFF2
  1207                           postinc0	equ	0xFEE
  1208                           fsr0h	equ	0xFEA
  1209                           fsr0l	equ	0xFE9
  1210                           wreg	equ	0xFE8
  1211                           fsr1h	equ	0xFE2
  1212                           fsr1l	equ	0xFE1
  1213                           fsr2h	equ	0xFDA
  1214                           fsr2l	equ	0xFD9
  1215                           status	equ	0xFD8
  1216                           
  1217 ;; *************** function _motor_rev_timeron *****************
  1218 ;; Defined at:
  1219 ;;		line 220 in file "main.c"
  1220 ;; Parameters:    Size  Location     Type
  1221 ;;		None
  1222 ;; Auto vars:     Size  Location     Type
  1223 ;;		None
  1224 ;; Return value:  Size  Location     Type
  1225 ;;		None               void
  1226 ;; Registers used:
  1227 ;;		wreg, status,2, status,0
  1228 ;; Tracked objects:
  1229 ;;		On entry : 0/0
  1230 ;;		On exit  : 0/0
  1231 ;;		Unchanged: 0/0
  1232 ;; Data sizes:     COMRAM   BANK0   BANK1
  1233 ;;      Params:         0       0       0
  1234 ;;      Locals:         0       0       0
  1235 ;;      Temps:          0       0       0
  1236 ;;      Totals:         0       0       0
  1237 ;;Total ram usage:        0 bytes
  1238 ;; Hardware stack levels used:    1
  1239 ;; Hardware stack levels required when called:    1
  1240 ;; This function calls:
  1241 ;;		Nothing
  1242 ;; This function is called by:
  1243 ;;		_motor_right_rev_quarter
  1244 ;;		_motor_left_rev_quarter
  1245 ;;		_main
  1246 ;; This function uses a non-reentrant model
  1247 ;;
  1248                           
  1249                           	psect	text7
  1250  000386                     __ptext7:
  1251                           	opt stack 0
  1252  000386                     _motor_rev_timeron:
  1253                           	opt stack 27
  1254                           
  1255                           ;main.c: 222: if (!timer1count)
  1256                           
  1257                           ;incstack = 0
  1258  000386  5018               	movf	_timer1count+1,w,c
  1259  000388  1017               	iorwf	_timer1count,w,c
  1260  00038A  A4D8               	btfss	status,2,c
  1261  00038C  D00B               	goto	l114
  1262                           
  1263                           ;main.c: 223: {
  1264                           ;main.c: 224: PIE1bits.TMR1IE=0;
  1265  00038E  909D               	bcf	3997,0,c	;volatile
  1266                           
  1267                           ;main.c: 225: TMR1=0;
  1268  000390  0E00               	movlw	0
  1269  000392  6ECF               	movwf	4047,c	;volatile
  1270  000394  0E00               	movlw	0
  1271  000396  6ECE               	movwf	4046,c	;volatile
  1272                           
  1273                           ;main.c: 226: PIR1bits.TMR1IF=0;
  1274  000398  909E               	bcf	3998,0,c	;volatile
  1275                           
  1276                           ;main.c: 227: T1CON=0x39;
  1277  00039A  0E39               	movlw	57
  1278  00039C  6ECD               	movwf	4045,c	;volatile
  1279                           
  1280                           ;main.c: 228: timer1count++;
  1281  00039E  4A17               	infsnz	_timer1count,f,c
  1282  0003A0  2A18               	incf	_timer1count+1,f,c
  1283                           
  1284                           ;main.c: 229: }
  1285  0003A2  0012               	return	
  1286  0003A4                     l114:
  1287                           
  1288                           ;main.c: 230: else
  1289                           ;main.c: 231: if (PIR1bits.TMR1IF)
  1290  0003A4  A09E               	btfss	3998,0,c	;volatile
  1291  0003A6  0012               	return	
  1292                           
  1293                           ;main.c: 232: {
  1294                           ;main.c: 233: TMR1=0;
  1295  0003A8  0E00               	movlw	0
  1296  0003AA  6ECF               	movwf	4047,c	;volatile
  1297  0003AC  0E00               	movlw	0
  1298  0003AE  6ECE               	movwf	4046,c	;volatile
  1299                           
  1300                           ;main.c: 234: PIR1bits.TMR1IF=0;
  1301  0003B0  909E               	bcf	3998,0,c	;volatile
  1302                           
  1303                           ;main.c: 235: T1CON=0x39;
  1304  0003B2  0E39               	movlw	57
  1305  0003B4  6ECD               	movwf	4045,c	;volatile
  1306                           
  1307                           ;main.c: 236: timer1count++;
  1308  0003B6  4A17               	infsnz	_timer1count,f,c
  1309  0003B8  2A18               	incf	_timer1count+1,f,c
  1310  0003BA  0012               	return	
  1311  0003BC                     __end_of_motor_rev_timeron:
  1312                           	opt stack 0
  1313                           pclatu	equ	0xFFB
  1314                           pclath	equ	0xFFA
  1315                           tblptru	equ	0xFF8
  1316                           tblptrh	equ	0xFF7
  1317                           tblptrl	equ	0xFF6
  1318                           tablat	equ	0xFF5
  1319                           prodh	equ	0xFF4
  1320                           prodl	equ	0xFF3
  1321                           intcon	equ	0xFF2
  1322                           postinc0	equ	0xFEE
  1323                           fsr0h	equ	0xFEA
  1324                           fsr0l	equ	0xFE9
  1325                           wreg	equ	0xFE8
  1326                           fsr1h	equ	0xFE2
  1327                           fsr1l	equ	0xFE1
  1328                           fsr2h	equ	0xFDA
  1329                           fsr2l	equ	0xFD9
  1330                           status	equ	0xFD8
  1331                           
  1332 ;; *************** function _motor_left_fwd_quarter *****************
  1333 ;; Defined at:
  1334 ;;		line 323 in file "main.c"
  1335 ;; Parameters:    Size  Location     Type
  1336 ;;		None
  1337 ;; Auto vars:     Size  Location     Type
  1338 ;;		None
  1339 ;; Return value:  Size  Location     Type
  1340 ;;		None               void
  1341 ;; Registers used:
  1342 ;;		wreg, status,2, cstack
  1343 ;; Tracked objects:
  1344 ;;		On entry : 0/0
  1345 ;;		On exit  : 0/0
  1346 ;;		Unchanged: 0/0
  1347 ;; Data sizes:     COMRAM   BANK0   BANK1
  1348 ;;      Params:         0       0       0
  1349 ;;      Locals:         0       0       0
  1350 ;;      Temps:          0       0       0
  1351 ;;      Totals:         0       0       0
  1352 ;;Total ram usage:        0 bytes
  1353 ;; Hardware stack levels used:    1
  1354 ;; Hardware stack levels required when called:    2
  1355 ;; This function calls:
  1356 ;;		_uart_xmit
  1357 ;; This function is called by:
  1358 ;;		_set_drive
  1359 ;; This function uses a non-reentrant model
  1360 ;;
  1361                           
  1362                           	psect	text8
  1363  0004D8                     __ptext8:
  1364                           	opt stack 0
  1365  0004D8                     _motor_left_fwd_quarter:
  1366                           	opt stack 27
  1367                           
  1368                           ;main.c: 325: uart_xmit(0x8E);
  1369                           
  1370                           ;incstack = 0
  1371  0004D8  0E00               	movlw	0
  1372  0004DA  6E2B               	movwf	uart_xmit@mydata_byte+1,c
  1373  0004DC  0E8E               	movlw	142
  1374  0004DE  6E2A               	movwf	uart_xmit@mydata_byte,c
  1375  0004E0  ECA3  F002         	call	_uart_xmit	;wreg free
  1376                           
  1377                           ;main.c: 326: uart_xmit(0x30);
  1378  0004E4  0E00               	movlw	0
  1379  0004E6  6E2B               	movwf	uart_xmit@mydata_byte+1,c
  1380  0004E8  0E30               	movlw	48
  1381  0004EA  6E2A               	movwf	uart_xmit@mydata_byte,c
  1382  0004EC  ECA3  F002         	call	_uart_xmit	;wreg free
  1383  0004F0  0012               	return	
  1384  0004F2                     __end_of_motor_left_fwd_quarter:
  1385                           	opt stack 0
  1386                           pclatu	equ	0xFFB
  1387                           pclath	equ	0xFFA
  1388                           tblptru	equ	0xFF8
  1389                           tblptrh	equ	0xFF7
  1390                           tblptrl	equ	0xFF6
  1391                           tablat	equ	0xFF5
  1392                           prodh	equ	0xFF4
  1393                           prodl	equ	0xFF3
  1394                           intcon	equ	0xFF2
  1395                           postinc0	equ	0xFEE
  1396                           fsr0h	equ	0xFEA
  1397                           fsr0l	equ	0xFE9
  1398                           wreg	equ	0xFE8
  1399                           fsr1h	equ	0xFE2
  1400                           fsr1l	equ	0xFE1
  1401                           fsr2h	equ	0xFDA
  1402                           fsr2l	equ	0xFD9
  1403                           status	equ	0xFD8
  1404                           
  1405 ;; *************** function _serial_init *****************
  1406 ;; Defined at:
  1407 ;;		line 95 in file "main.c"
  1408 ;; Parameters:    Size  Location     Type
  1409 ;;		None
  1410 ;; Auto vars:     Size  Location     Type
  1411 ;;		None
  1412 ;; Return value:  Size  Location     Type
  1413 ;;		None               void
  1414 ;; Registers used:
  1415 ;;		wreg, status,2
  1416 ;; Tracked objects:
  1417 ;;		On entry : 0/0
  1418 ;;		On exit  : 0/0
  1419 ;;		Unchanged: 0/0
  1420 ;; Data sizes:     COMRAM   BANK0   BANK1
  1421 ;;      Params:         0       0       0
  1422 ;;      Locals:         0       0       0
  1423 ;;      Temps:          1       0       0
  1424 ;;      Totals:         1       0       0
  1425 ;;Total ram usage:        1 bytes
  1426 ;; Hardware stack levels used:    1
  1427 ;; Hardware stack levels required when called:    1
  1428 ;; This function calls:
  1429 ;;		Nothing
  1430 ;; This function is called by:
  1431 ;;		_main
  1432 ;; This function uses a non-reentrant model
  1433 ;;
  1434                           
  1435                           	psect	text9
  1436  0003EA                     __ptext9:
  1437                           	opt stack 0
  1438  0003EA                     _serial_init:
  1439                           	opt stack 29
  1440                           
  1441                           ;main.c: 105: TXSTAbits.BRGH=1;
  1442                           
  1443                           ;incstack = 0
  1444  0003EA  84AC               	bsf	4012,2,c	;volatile
  1445                           
  1446                           ;main.c: 106: TXSTAbits.TX9=0;
  1447  0003EC  9CAC               	bcf	4012,6,c	;volatile
  1448                           
  1449                           ;main.c: 107: TXSTAbits.TXEN = 1;
  1450  0003EE  8AAC               	bsf	4012,5,c	;volatile
  1451                           
  1452                           ;main.c: 110: RCSTAbits.SPEN=1;
  1453  0003F0  8EAB               	bsf	4011,7,c	;volatile
  1454                           
  1455                           ;main.c: 111: RCSTAbits.RX9=0;
  1456  0003F2  9CAB               	bcf	4011,6,c	;volatile
  1457                           
  1458                           ;main.c: 112: RCSTAbits.CREN=1;
  1459  0003F4  88AB               	bsf	4011,4,c	;volatile
  1460                           
  1461                           ;main.c: 114: SPBRG=25;
  1462  0003F6  0E19               	movlw	25
  1463  0003F8  6EAF               	movwf	4015,c	;volatile
  1464                           
  1465                           ;main.c: 116: PIR1bits.RCIF=0;
  1466  0003FA  9A9E               	bcf	3998,5,c	;volatile
  1467                           
  1468                           ;main.c: 117: PIE1bits.RCIE=1;
  1469  0003FC  8A9D               	bsf	3997,5,c	;volatile
  1470                           
  1471                           ;main.c: 118: INTCONbits.PEIE = 1;
  1472  0003FE  8CF2               	bsf	intcon,6,c	;volatile
  1473                           
  1474                           ;main.c: 119: INTCONbits.GIE = 1;
  1475  000400  8EF2               	bsf	intcon,7,c	;volatile
  1476                           
  1477                           ;main.c: 120: INTCONbits.T0IE = 0;
  1478  000402  9AF2               	bcf	intcon,5,c	;volatile
  1479                           
  1480                           ;main.c: 122: _delay((unsigned long)((50)*(4000000/4000.0)));
  1481  000404  0E41               	movlw	65
  1482  000406  6E2A               	movwf	??_serial_init& (0+255),c
  1483  000408  0EEE               	movlw	238
  1484  00040A                     u597:
  1485  00040A  2EE8               	decfsz	wreg,f,c
  1486  00040C  D7FE               	goto	u597
  1487  00040E  2E2A               	decfsz	??_serial_init& (0+255),f,c
  1488  000410  D7FC               	goto	u597
  1489  000412  D000               	nop2	
  1490  000414  0012               	return	
  1491  000416                     __end_of_serial_init:
  1492                           	opt stack 0
  1493                           pclatu	equ	0xFFB
  1494                           pclath	equ	0xFFA
  1495                           tblptru	equ	0xFF8
  1496                           tblptrh	equ	0xFF7
  1497                           tblptrl	equ	0xFF6
  1498                           tablat	equ	0xFF5
  1499                           prodh	equ	0xFF4
  1500                           prodl	equ	0xFF3
  1501                           intcon	equ	0xFF2
  1502                           postinc0	equ	0xFEE
  1503                           fsr0h	equ	0xFEA
  1504                           fsr0l	equ	0xFE9
  1505                           wreg	equ	0xFE8
  1506                           fsr1h	equ	0xFE2
  1507                           fsr1l	equ	0xFE1
  1508                           fsr2h	equ	0xFDA
  1509                           fsr2l	equ	0xFD9
  1510                           status	equ	0xFD8
  1511                           
  1512 ;; *************** function _pulse_sonar *****************
  1513 ;; Defined at:
  1514 ;;		line 192 in file "main.c"
  1515 ;; Parameters:    Size  Location     Type
  1516 ;;		None
  1517 ;; Auto vars:     Size  Location     Type
  1518 ;;		None
  1519 ;; Return value:  Size  Location     Type
  1520 ;;		None               void
  1521 ;; Registers used:
  1522 ;;		wreg
  1523 ;; Tracked objects:
  1524 ;;		On entry : 0/0
  1525 ;;		On exit  : 0/0
  1526 ;;		Unchanged: 0/0
  1527 ;; Data sizes:     COMRAM   BANK0   BANK1
  1528 ;;      Params:         0       0       0
  1529 ;;      Locals:         0       0       0
  1530 ;;      Temps:          1       0       0
  1531 ;;      Totals:         1       0       0
  1532 ;;Total ram usage:        1 bytes
  1533 ;; Hardware stack levels used:    1
  1534 ;; Hardware stack levels required when called:    1
  1535 ;; This function calls:
  1536 ;;		Nothing
  1537 ;; This function is called by:
  1538 ;;		_main
  1539 ;; This function uses a non-reentrant model
  1540 ;;
  1541                           
  1542                           	psect	text10
  1543  0004F2                     __ptext10:
  1544                           	opt stack 0
  1545  0004F2                     _pulse_sonar:
  1546                           	opt stack 29
  1547                           
  1548                           ;main.c: 196: LATAbits.LATA0 = 1;
  1549                           
  1550                           ;incstack = 0
  1551  0004F2  8089               	bsf	3977,0,c	;volatile
  1552                           
  1553                           ;main.c: 197: _delay((unsigned long)((12)*(4000000/4000.0)));
  1554  0004F4  0E10               	movlw	16
  1555  0004F6  6E2A               	movwf	??_pulse_sonar& (0+255),c
  1556  0004F8  0E94               	movlw	148
  1557  0004FA                     u607:
  1558  0004FA  2EE8               	decfsz	wreg,f,c
  1559  0004FC  D7FE               	goto	u607
  1560  0004FE  2E2A               	decfsz	??_pulse_sonar& (0+255),f,c
  1561  000500  D7FC               	goto	u607
  1562  000502  D000               	nop2	
  1563                           
  1564                           ;main.c: 198: LATAbits.LATA0 = 0;
  1565  000504  9089               	bcf	3977,0,c	;volatile
  1566  000506  0012               	return	
  1567  000508                     __end_of_pulse_sonar:
  1568                           	opt stack 0
  1569                           pclatu	equ	0xFFB
  1570                           pclath	equ	0xFFA
  1571                           tblptru	equ	0xFF8
  1572                           tblptrh	equ	0xFF7
  1573                           tblptrl	equ	0xFF6
  1574                           tablat	equ	0xFF5
  1575                           prodh	equ	0xFF4
  1576                           prodl	equ	0xFF3
  1577                           intcon	equ	0xFF2
  1578                           postinc0	equ	0xFEE
  1579                           fsr0h	equ	0xFEA
  1580                           fsr0l	equ	0xFE9
  1581                           wreg	equ	0xFE8
  1582                           fsr1h	equ	0xFE2
  1583                           fsr1l	equ	0xFE1
  1584                           fsr2h	equ	0xFDA
  1585                           fsr2l	equ	0xFD9
  1586                           status	equ	0xFD8
  1587                           
  1588 ;; *************** function _motor_rev_timeroff *****************
  1589 ;; Defined at:
  1590 ;;		line 242 in file "main.c"
  1591 ;; Parameters:    Size  Location     Type
  1592 ;;		None
  1593 ;; Auto vars:     Size  Location     Type
  1594 ;;		None
  1595 ;; Return value:  Size  Location     Type
  1596 ;;		None               void
  1597 ;; Registers used:
  1598 ;;		wreg, status,2
  1599 ;; Tracked objects:
  1600 ;;		On entry : 0/0
  1601 ;;		On exit  : 0/0
  1602 ;;		Unchanged: 0/0
  1603 ;; Data sizes:     COMRAM   BANK0   BANK1
  1604 ;;      Params:         0       0       0
  1605 ;;      Locals:         0       0       0
  1606 ;;      Temps:          0       0       0
  1607 ;;      Totals:         0       0       0
  1608 ;;Total ram usage:        0 bytes
  1609 ;; Hardware stack levels used:    1
  1610 ;; Hardware stack levels required when called:    1
  1611 ;; This function calls:
  1612 ;;		Nothing
  1613 ;; This function is called by:
  1614 ;;		_main
  1615 ;; This function uses a non-reentrant model
  1616 ;;
  1617                           
  1618                           	psect	text11
  1619  000538                     __ptext11:
  1620                           	opt stack 0
  1621  000538                     _motor_rev_timeroff:
  1622                           	opt stack 29
  1623                           
  1624                           ;main.c: 244: TMR1=0;
  1625                           
  1626                           ;incstack = 0
  1627  000538  0E00               	movlw	0
  1628  00053A  6ECF               	movwf	4047,c	;volatile
  1629  00053C  0E00               	movlw	0
  1630  00053E  6ECE               	movwf	4046,c	;volatile
  1631                           
  1632                           ;main.c: 245: T1CON=0x00;
  1633  000540  0E00               	movlw	0
  1634  000542  6ECD               	movwf	4045,c	;volatile
  1635  000544  0012               	return	
  1636  000546                     __end_of_motor_rev_timeroff:
  1637                           	opt stack 0
  1638                           pclatu	equ	0xFFB
  1639                           pclath	equ	0xFFA
  1640                           tblptru	equ	0xFF8
  1641                           tblptrh	equ	0xFF7
  1642                           tblptrl	equ	0xFF6
  1643                           tablat	equ	0xFF5
  1644                           prodh	equ	0xFF4
  1645                           prodl	equ	0xFF3
  1646                           intcon	equ	0xFF2
  1647                           postinc0	equ	0xFEE
  1648                           fsr0h	equ	0xFEA
  1649                           fsr0l	equ	0xFE9
  1650                           wreg	equ	0xFE8
  1651                           fsr1h	equ	0xFE2
  1652                           fsr1l	equ	0xFE1
  1653                           fsr2h	equ	0xFDA
  1654                           fsr2l	equ	0xFD9
  1655                           status	equ	0xFD8
  1656                           
  1657 ;; *************** function _motor_controller_reset *****************
  1658 ;; Defined at:
  1659 ;;		line 201 in file "main.c"
  1660 ;; Parameters:    Size  Location     Type
  1661 ;;		None
  1662 ;; Auto vars:     Size  Location     Type
  1663 ;;		None
  1664 ;; Return value:  Size  Location     Type
  1665 ;;		None               void
  1666 ;; Registers used:
  1667 ;;		wreg
  1668 ;; Tracked objects:
  1669 ;;		On entry : 0/0
  1670 ;;		On exit  : 0/0
  1671 ;;		Unchanged: 0/0
  1672 ;; Data sizes:     COMRAM   BANK0   BANK1
  1673 ;;      Params:         0       0       0
  1674 ;;      Locals:         0       0       0
  1675 ;;      Temps:          1       0       0
  1676 ;;      Totals:         1       0       0
  1677 ;;Total ram usage:        1 bytes
  1678 ;; Hardware stack levels used:    1
  1679 ;; Hardware stack levels required when called:    1
  1680 ;; This function calls:
  1681 ;;		Nothing
  1682 ;; This function is called by:
  1683 ;;		_main
  1684 ;; This function uses a non-reentrant model
  1685 ;;
  1686                           
  1687                           	psect	text12
  1688  000442                     __ptext12:
  1689                           	opt stack 0
  1690  000442                     _motor_controller_reset:
  1691                           	opt stack 29
  1692                           
  1693                           ;main.c: 203: LATAbits.LATA5 = 0;
  1694                           
  1695                           ;incstack = 0
  1696  000442  9A89               	bcf	3977,5,c	;volatile
  1697                           
  1698                           ;main.c: 204: _delay((unsigned long)((50)*(4000000/4000.0)));
  1699  000444  0E41               	movlw	65
  1700  000446  6E2A               	movwf	??_motor_controller_reset& (0+255),c
  1701  000448  0EEE               	movlw	238
  1702  00044A                     u617:
  1703  00044A  2EE8               	decfsz	wreg,f,c
  1704  00044C  D7FE               	goto	u617
  1705  00044E  2E2A               	decfsz	??_motor_controller_reset& (0+255),f,c
  1706  000450  D7FC               	goto	u617
  1707  000452  D000               	nop2	
  1708                           
  1709                           ;main.c: 205: LATAbits.LATA5 = 1;
  1710  000454  8A89               	bsf	3977,5,c	;volatile
  1711                           
  1712                           ;main.c: 206: _delay((unsigned long)((140)*(4000000/4000.0)));
  1713  000456  0EB6               	movlw	182
  1714  000458  6E2A               	movwf	??_motor_controller_reset& (0+255),c
  1715  00045A  0ED0               	movlw	208
  1716  00045C                     u627:
  1717  00045C  2EE8               	decfsz	wreg,f,c
  1718  00045E  D7FE               	goto	u627
  1719  000460  2E2A               	decfsz	??_motor_controller_reset& (0+255),f,c
  1720  000462  D7FC               	goto	u627
  1721  000464  D000               	nop2	
  1722  000466  0012               	return	
  1723  000468                     __end_of_motor_controller_reset:
  1724                           	opt stack 0
  1725                           pclatu	equ	0xFFB
  1726                           pclath	equ	0xFFA
  1727                           tblptru	equ	0xFF8
  1728                           tblptrh	equ	0xFF7
  1729                           tblptrl	equ	0xFF6
  1730                           tablat	equ	0xFF5
  1731                           prodh	equ	0xFF4
  1732                           prodl	equ	0xFF3
  1733                           intcon	equ	0xFF2
  1734                           postinc0	equ	0xFEE
  1735                           fsr0h	equ	0xFEA
  1736                           fsr0l	equ	0xFE9
  1737                           wreg	equ	0xFE8
  1738                           fsr1h	equ	0xFE2
  1739                           fsr1l	equ	0xFE1
  1740                           fsr2h	equ	0xFDA
  1741                           fsr2l	equ	0xFD9
  1742                           status	equ	0xFD8
  1743                           
  1744 ;; *************** function _measure_sonar *****************
  1745 ;; Defined at:
  1746 ;;		line 165 in file "main.c"
  1747 ;; Parameters:    Size  Location     Type
  1748 ;;		None
  1749 ;; Auto vars:     Size  Location     Type
  1750 ;;		None
  1751 ;; Return value:  Size  Location     Type
  1752 ;;		None               void
  1753 ;; Registers used:
  1754 ;;		wreg, status,2
  1755 ;; Tracked objects:
  1756 ;;		On entry : 0/0
  1757 ;;		On exit  : 0/0
  1758 ;;		Unchanged: 0/0
  1759 ;; Data sizes:     COMRAM   BANK0   BANK1
  1760 ;;      Params:         0       0       0
  1761 ;;      Locals:         0       0       0
  1762 ;;      Temps:          0       0       0
  1763 ;;      Totals:         0       0       0
  1764 ;;Total ram usage:        0 bytes
  1765 ;; Hardware stack levels used:    1
  1766 ;; Hardware stack levels required when called:    1
  1767 ;; This function calls:
  1768 ;;		Nothing
  1769 ;; This function is called by:
  1770 ;;		_main
  1771 ;; This function uses a non-reentrant model
  1772 ;;
  1773                           
  1774                           	psect	text13
  1775  000346                     __ptext13:
  1776                           	opt stack 0
  1777  000346                     _measure_sonar:
  1778                           	opt stack 29
  1779  000346                     l96:
  1780  000346  A280               	btfss	3968,1,c	;volatile
  1781  000348  D7FE               	goto	l96
  1782                           
  1783                           ;main.c: 171: TMR0=0;
  1784  00034A  0E00               	movlw	0
  1785  00034C  6ED7               	movwf	4055,c	;volatile
  1786  00034E  0E00               	movlw	0
  1787  000350  6ED6               	movwf	4054,c	;volatile
  1788                           
  1789                           ;main.c: 172: TMR0L=0;
  1790  000352  0E00               	movlw	0
  1791  000354  6ED6               	movwf	4054,c	;volatile
  1792                           
  1793                           ;main.c: 173: TMR0H=0;
  1794  000356  0E00               	movlw	0
  1795  000358  6ED7               	movwf	4055,c	;volatile
  1796                           
  1797                           ;main.c: 174: INTCONbits.T0IF =0;
  1798  00035A  94F2               	bcf	intcon,2,c	;volatile
  1799                           
  1800                           ;main.c: 175: T0CONbits.PSA = 0;
  1801  00035C  96D5               	bcf	4053,3,c	;volatile
  1802                           
  1803                           ;main.c: 176: T0CONbits.T0PS = 2;
  1804  00035E  50D5               	movf	4053,w,c	;volatile
  1805  000360  0BF8               	andlw	-8
  1806  000362  0902               	iorlw	2
  1807  000364  6ED5               	movwf	4053,c	;volatile
  1808                           
  1809                           ;main.c: 177: T0CONbits.T0CS = 0;
  1810  000366  9AD5               	bcf	4053,5,c	;volatile
  1811                           
  1812                           ;main.c: 178: T0CONbits.T08BIT = 0;
  1813  000368  9CD5               	bcf	4053,6,c	;volatile
  1814                           
  1815                           ;main.c: 179: T0CONbits.TMR0ON = 1;
  1816  00036A  8ED5               	bsf	4053,7,c	;volatile
  1817  00036C                     l99:
  1818  00036C  A280               	btfss	3968,1,c	;volatile
  1819  00036E  D002               	goto	l103
  1820  000370  A4F2               	btfss	intcon,2,c	;volatile
  1821  000372  D7FC               	goto	l99
  1822  000374                     l103:
  1823                           
  1824                           ;main.c: 183: pulse_time = TMR0;
  1825  000374  CFD6 F013          	movff	4054,_pulse_time	;volatile
  1826  000378  CFD7 F014          	movff	4055,_pulse_time+1	;volatile
  1827                           
  1828                           ;main.c: 184: T0CONbits.TMR0ON = 0;
  1829  00037C  9ED5               	bcf	4053,7,c	;volatile
  1830                           
  1831                           ;main.c: 186: if (INTCONbits.T0IF)
  1832  00037E  B4F2               	btfsc	intcon,2,c	;volatile
  1833                           
  1834                           ;main.c: 187: LATAbits.LATA2=1;
  1835  000380  8489               	bsf	3977,2,c	;volatile
  1836                           
  1837                           ;main.c: 189: INTCONbits.T0IF=0;
  1838  000382  94F2               	bcf	intcon,2,c	;volatile
  1839  000384  0012               	return	
  1840  000386                     __end_of_measure_sonar:
  1841                           	opt stack 0
  1842                           pclatu	equ	0xFFB
  1843                           pclath	equ	0xFFA
  1844                           tblptru	equ	0xFF8
  1845                           tblptrh	equ	0xFF7
  1846                           tblptrl	equ	0xFF6
  1847                           tablat	equ	0xFF5
  1848                           prodh	equ	0xFF4
  1849                           prodl	equ	0xFF3
  1850                           intcon	equ	0xFF2
  1851                           postinc0	equ	0xFEE
  1852                           fsr0h	equ	0xFEA
  1853                           fsr0l	equ	0xFE9
  1854                           wreg	equ	0xFE8
  1855                           fsr1h	equ	0xFE2
  1856                           fsr1l	equ	0xFE1
  1857                           fsr2h	equ	0xFDA
  1858                           fsr2l	equ	0xFD9
  1859                           status	equ	0xFD8
  1860                           
  1861 ;; *************** function _init_motor_controller *****************
  1862 ;; Defined at:
  1863 ;;		line 256 in file "main.c"
  1864 ;; Parameters:    Size  Location     Type
  1865 ;;		None
  1866 ;; Auto vars:     Size  Location     Type
  1867 ;;		None
  1868 ;; Return value:  Size  Location     Type
  1869 ;;		None               void
  1870 ;; Registers used:
  1871 ;;		wreg, status,2, cstack
  1872 ;; Tracked objects:
  1873 ;;		On entry : 0/0
  1874 ;;		On exit  : 0/0
  1875 ;;		Unchanged: 0/0
  1876 ;; Data sizes:     COMRAM   BANK0   BANK1
  1877 ;;      Params:         0       0       0
  1878 ;;      Locals:         0       0       0
  1879 ;;      Temps:          1       0       0
  1880 ;;      Totals:         1       0       0
  1881 ;;Total ram usage:        1 bytes
  1882 ;; Hardware stack levels used:    1
  1883 ;; Hardware stack levels required when called:    2
  1884 ;; This function calls:
  1885 ;;		_uart_xmit
  1886 ;; This function is called by:
  1887 ;;		_main
  1888 ;; This function uses a non-reentrant model
  1889 ;;
  1890                           
  1891                           	psect	text14
  1892  0002DC                     __ptext14:
  1893                           	opt stack 0
  1894  0002DC                     _init_motor_controller:
  1895                           	opt stack 28
  1896                           
  1897                           ;main.c: 259: uart_xmit(0xAA);
  1898                           
  1899                           ;incstack = 0
  1900  0002DC  0E00               	movlw	0
  1901  0002DE  6E2B               	movwf	uart_xmit@mydata_byte+1,c
  1902  0002E0  0EAA               	movlw	170
  1903  0002E2  6E2A               	movwf	uart_xmit@mydata_byte,c
  1904  0002E4  ECA3  F002         	call	_uart_xmit	;wreg free
  1905                           
  1906                           ;main.c: 260: _delay((unsigned long)((50)*(4000000/4000.0)));
  1907  0002E8  0E41               	movlw	65
  1908  0002EA  6E2C               	movwf	??_init_motor_controller& (0+255),c
  1909  0002EC  0EEE               	movlw	238
  1910  0002EE                     u637:
  1911  0002EE  2EE8               	decfsz	wreg,f,c
  1912  0002F0  D7FE               	goto	u637
  1913  0002F2  2E2C               	decfsz	??_init_motor_controller& (0+255),f,c
  1914  0002F4  D7FC               	goto	u637
  1915  0002F6  D000               	nop2	
  1916                           
  1917                           ;main.c: 263: uart_xmit(0x84);
  1918  0002F8  0E00               	movlw	0
  1919  0002FA  6E2B               	movwf	uart_xmit@mydata_byte+1,c
  1920  0002FC  0E84               	movlw	132
  1921  0002FE  6E2A               	movwf	uart_xmit@mydata_byte,c
  1922  000300  ECA3  F002         	call	_uart_xmit	;wreg free
  1923                           
  1924                           ;main.c: 264: uart_xmit(0x01);
  1925  000304  0E00               	movlw	0
  1926  000306  6E2B               	movwf	uart_xmit@mydata_byte+1,c
  1927  000308  0E01               	movlw	1
  1928  00030A  6E2A               	movwf	uart_xmit@mydata_byte,c
  1929  00030C  ECA3  F002         	call	_uart_xmit	;wreg free
  1930                           
  1931                           ;main.c: 265: uart_xmit(0x02);
  1932  000310  0E00               	movlw	0
  1933  000312  6E2B               	movwf	uart_xmit@mydata_byte+1,c
  1934  000314  0E02               	movlw	2
  1935  000316  6E2A               	movwf	uart_xmit@mydata_byte,c
  1936  000318  ECA3  F002         	call	_uart_xmit	;wreg free
  1937                           
  1938                           ;main.c: 266: uart_xmit(0x55);
  1939  00031C  0E00               	movlw	0
  1940  00031E  6E2B               	movwf	uart_xmit@mydata_byte+1,c
  1941  000320  0E55               	movlw	85
  1942  000322  6E2A               	movwf	uart_xmit@mydata_byte,c
  1943  000324  ECA3  F002         	call	_uart_xmit	;wreg free
  1944                           
  1945                           ;main.c: 267: uart_xmit(0x2A);
  1946  000328  0E00               	movlw	0
  1947  00032A  6E2B               	movwf	uart_xmit@mydata_byte+1,c
  1948  00032C  0E2A               	movlw	42
  1949  00032E  6E2A               	movwf	uart_xmit@mydata_byte,c
  1950  000330  ECA3  F002         	call	_uart_xmit	;wreg free
  1951                           
  1952                           ;main.c: 268: _delay((unsigned long)((50)*(4000000/4000.0)));
  1953  000334  0E41               	movlw	65
  1954  000336  6E2C               	movwf	??_init_motor_controller& (0+255),c
  1955  000338  0EEE               	movlw	238
  1956  00033A                     u647:
  1957  00033A  2EE8               	decfsz	wreg,f,c
  1958  00033C  D7FE               	goto	u647
  1959  00033E  2E2C               	decfsz	??_init_motor_controller& (0+255),f,c
  1960  000340  D7FC               	goto	u647
  1961  000342  D000               	nop2	
  1962  000344  0012               	return	
  1963  000346                     __end_of_init_motor_controller:
  1964                           	opt stack 0
  1965                           pclatu	equ	0xFFB
  1966                           pclath	equ	0xFFA
  1967                           tblptru	equ	0xFF8
  1968                           tblptrh	equ	0xFF7
  1969                           tblptrl	equ	0xFF6
  1970                           tablat	equ	0xFF5
  1971                           prodh	equ	0xFF4
  1972                           prodl	equ	0xFF3
  1973                           intcon	equ	0xFF2
  1974                           postinc0	equ	0xFEE
  1975                           fsr0h	equ	0xFEA
  1976                           fsr0l	equ	0xFE9
  1977                           wreg	equ	0xFE8
  1978                           fsr1h	equ	0xFE2
  1979                           fsr1l	equ	0xFE1
  1980                           fsr2h	equ	0xFDA
  1981                           fsr2l	equ	0xFD9
  1982                           status	equ	0xFD8
  1983                           
  1984 ;; *************** function _uart_xmit *****************
  1985 ;; Defined at:
  1986 ;;		line 89 in file "main.c"
  1987 ;; Parameters:    Size  Location     Type
  1988 ;;  mydata_byte     2   14[COMRAM] unsigned int 
  1989 ;; Auto vars:     Size  Location     Type
  1990 ;;		None
  1991 ;; Return value:  Size  Location     Type
  1992 ;;		None               void
  1993 ;; Registers used:
  1994 ;;		None
  1995 ;; Tracked objects:
  1996 ;;		On entry : 0/0
  1997 ;;		On exit  : 0/0
  1998 ;;		Unchanged: 0/0
  1999 ;; Data sizes:     COMRAM   BANK0   BANK1
  2000 ;;      Params:         2       0       0
  2001 ;;      Locals:         0       0       0
  2002 ;;      Temps:          0       0       0
  2003 ;;      Totals:         2       0       0
  2004 ;;Total ram usage:        2 bytes
  2005 ;; Hardware stack levels used:    1
  2006 ;; Hardware stack levels required when called:    1
  2007 ;; This function calls:
  2008 ;;		Nothing
  2009 ;; This function is called by:
  2010 ;;		_init_motor_controller
  2011 ;;		_motor_stop
  2012 ;;		_motor_right_fwd_quarter
  2013 ;;		_motor_right_rev_quarter
  2014 ;;		_motor_left_fwd_quarter
  2015 ;;		_motor_left_rev_quarter
  2016 ;; This function uses a non-reentrant model
  2017 ;;
  2018                           
  2019                           	psect	text15
  2020  000546                     __ptext15:
  2021                           	opt stack 0
  2022  000546                     _uart_xmit:
  2023                           	opt stack 27
  2024  000546                     l76:
  2025  000546  A2AC               	btfss	4012,1,c	;volatile
  2026  000548  D7FE               	goto	l76
  2027                           
  2028                           ;main.c: 92: TXREG = mydata_byte;
  2029  00054A  C02A  FFAD         	movff	uart_xmit@mydata_byte,4013	;volatile
  2030  00054E  0012               	return	
  2031  000550                     __end_of_uart_xmit:
  2032                           	opt stack 0
  2033                           pclatu	equ	0xFFB
  2034                           pclath	equ	0xFFA
  2035                           tblptru	equ	0xFF8
  2036                           tblptrh	equ	0xFF7
  2037                           tblptrl	equ	0xFF6
  2038                           tablat	equ	0xFF5
  2039                           prodh	equ	0xFF4
  2040                           prodl	equ	0xFF3
  2041                           intcon	equ	0xFF2
  2042                           postinc0	equ	0xFEE
  2043                           fsr0h	equ	0xFEA
  2044                           fsr0l	equ	0xFE9
  2045                           wreg	equ	0xFE8
  2046                           fsr1h	equ	0xFE2
  2047                           fsr1l	equ	0xFE1
  2048                           fsr2h	equ	0xFDA
  2049                           fsr2l	equ	0xFD9
  2050                           status	equ	0xFD8
  2051                           
  2052 ;; *************** function _init_io *****************
  2053 ;; Defined at:
  2054 ;;		line 126 in file "main.c"
  2055 ;; Parameters:    Size  Location     Type
  2056 ;;		None
  2057 ;; Auto vars:     Size  Location     Type
  2058 ;;		None
  2059 ;; Return value:  Size  Location     Type
  2060 ;;		None               void
  2061 ;; Registers used:
  2062 ;;		wreg, status,2
  2063 ;; Tracked objects:
  2064 ;;		On entry : 0/0
  2065 ;;		On exit  : 0/0
  2066 ;;		Unchanged: 0/0
  2067 ;; Data sizes:     COMRAM   BANK0   BANK1
  2068 ;;      Params:         0       0       0
  2069 ;;      Locals:         0       0       0
  2070 ;;      Temps:          0       0       0
  2071 ;;      Totals:         0       0       0
  2072 ;;Total ram usage:        0 bytes
  2073 ;; Hardware stack levels used:    1
  2074 ;; Hardware stack levels required when called:    1
  2075 ;; This function calls:
  2076 ;;		Nothing
  2077 ;; This function is called by:
  2078 ;;		_main
  2079 ;; This function uses a non-reentrant model
  2080 ;;
  2081                           
  2082                           	psect	text16
  2083  000416                     __ptext16:
  2084                           	opt stack 0
  2085  000416                     _init_io:
  2086                           	opt stack 29
  2087                           
  2088                           ;main.c: 127: TRISAbits.TRISA0 = 0;
  2089                           
  2090                           ;incstack = 0
  2091  000416  9092               	bcf	3986,0,c	;volatile
  2092                           
  2093                           ;main.c: 128: TRISAbits.TRISA1 = 1;
  2094  000418  8292               	bsf	3986,1,c	;volatile
  2095                           
  2096                           ;main.c: 129: TRISAbits.TRISA2 = 0;
  2097  00041A  9492               	bcf	3986,2,c	;volatile
  2098                           
  2099                           ;main.c: 130: TRISAbits.TRISA4 = 1;
  2100  00041C  8892               	bsf	3986,4,c	;volatile
  2101                           
  2102                           ;main.c: 131: TRISAbits.TRISA5 = 0;
  2103  00041E  9A92               	bcf	3986,5,c	;volatile
  2104                           
  2105                           ;main.c: 133: ANSEL = 0x00;
  2106  000420  0E00               	movlw	0
  2107  000422  6E7E               	movwf	3966,c	;volatile
  2108                           
  2109                           ;main.c: 134: ANSELH = 0x00;
  2110  000424  0E00               	movlw	0
  2111  000426  6E7F               	movwf	3967,c	;volatile
  2112                           
  2113                           ;main.c: 136: TRISBbits.TRISB4 = 0;
  2114  000428  9893               	bcf	3987,4,c	;volatile
  2115                           
  2116                           ;main.c: 137: TRISBbits.TRISB5 = 1;
  2117  00042A  8A93               	bsf	3987,5,c	;volatile
  2118                           
  2119                           ;main.c: 138: TRISBbits.TRISB6 = 0;
  2120  00042C  9C93               	bcf	3987,6,c	;volatile
  2121                           
  2122                           ;main.c: 139: TRISBbits.TRISB7 = 0;
  2123  00042E  9E93               	bcf	3987,7,c	;volatile
  2124                           
  2125                           ;main.c: 141: TRISCbits.TRISC0 = 1;
  2126  000430  8094               	bsf	3988,0,c	;volatile
  2127                           
  2128                           ;main.c: 142: TRISCbits.TRISC1 = 1;
  2129  000432  8294               	bsf	3988,1,c	;volatile
  2130                           
  2131                           ;main.c: 143: TRISCbits.TRISC2 = 0;
  2132  000434  9494               	bcf	3988,2,c	;volatile
  2133                           
  2134                           ;main.c: 144: TRISCbits.TRISC3 = 0;
  2135  000436  9694               	bcf	3988,3,c	;volatile
  2136                           
  2137                           ;main.c: 145: TRISCbits.TRISC4 = 0;
  2138  000438  9894               	bcf	3988,4,c	;volatile
  2139                           
  2140                           ;main.c: 146: TRISCbits.TRISC5 = 0;
  2141  00043A  9A94               	bcf	3988,5,c	;volatile
  2142                           
  2143                           ;main.c: 147: TRISCbits.TRISC6 = 1;
  2144  00043C  8C94               	bsf	3988,6,c	;volatile
  2145                           
  2146                           ;main.c: 148: TRISCbits.TRISC7 = 1;
  2147  00043E  8E94               	bsf	3988,7,c	;volatile
  2148  000440  0012               	return	
  2149  000442                     __end_of_init_io:
  2150                           	opt stack 0
  2151                           pclatu	equ	0xFFB
  2152                           pclath	equ	0xFFA
  2153                           tblptru	equ	0xFF8
  2154                           tblptrh	equ	0xFF7
  2155                           tblptrl	equ	0xFF6
  2156                           tablat	equ	0xFF5
  2157                           prodh	equ	0xFF4
  2158                           prodl	equ	0xFF3
  2159                           intcon	equ	0xFF2
  2160                           postinc0	equ	0xFEE
  2161                           fsr0h	equ	0xFEA
  2162                           fsr0l	equ	0xFE9
  2163                           wreg	equ	0xFE8
  2164                           fsr1h	equ	0xFE2
  2165                           fsr1l	equ	0xFE1
  2166                           fsr2h	equ	0xFDA
  2167                           fsr2l	equ	0xFD9
  2168                           status	equ	0xFD8
  2169                           
  2170 ;; *************** function _determine_drive_by_sonar *****************
  2171 ;; Defined at:
  2172 ;;		line 374 in file "main.c"
  2173 ;; Parameters:    Size  Location     Type
  2174 ;;		None
  2175 ;; Auto vars:     Size  Location     Type
  2176 ;;		None
  2177 ;; Return value:  Size  Location     Type
  2178 ;;		None               void
  2179 ;; Registers used:
  2180 ;;		wreg, status,2, status,0, prodl
  2181 ;; Tracked objects:
  2182 ;;		On entry : 0/0
  2183 ;;		On exit  : 0/0
  2184 ;;		Unchanged: 0/0
  2185 ;; Data sizes:     COMRAM   BANK0   BANK1
  2186 ;;      Params:         0       0       0
  2187 ;;      Locals:         0       0       0
  2188 ;;      Temps:          0       0       0
  2189 ;;      Totals:         0       0       0
  2190 ;;Total ram usage:        0 bytes
  2191 ;; Hardware stack levels used:    1
  2192 ;; Hardware stack levels required when called:    1
  2193 ;; This function calls:
  2194 ;;		Nothing
  2195 ;; This function is called by:
  2196 ;;		_main
  2197 ;; This function uses a non-reentrant model
  2198 ;;
  2199                           
  2200                           	psect	text17
  2201  00025E                     __ptext17:
  2202                           	opt stack 0
  2203  00025E                     _determine_drive_by_sonar:
  2204                           	opt stack 29
  2205                           
  2206                           ;main.c: 376: if (pulse_time >= 0xAF && !DRIVEbits.estop)
  2207                           
  2208                           ;incstack = 0
  2209  00025E  5014               	movf	_pulse_time+1,w,c
  2210  000260  0A80               	xorlw	128
  2211  000262  0F80               	addlw	-128
  2212  000264  0EAF               	movlw	175
  2213  000266  B4D8               	btfsc	status,2,c
  2214  000268  5C13               	subwf	_pulse_time,w,c
  2215  00026A  B0D8               	btfsc	status,0,c
  2216  00026C  BC0B               	btfsc	_DRIVEbits,6,c
  2217  00026E  D002               	goto	l941
  2218                           
  2219                           ;main.c: 377: {
  2220                           ;main.c: 378: SENSORbits.waiting=0;
  2221  000270  941B               	bcf	_SENSORbits,2,c
  2222                           
  2223                           ;main.c: 379: DRIVEbits.fwd=1;
  2224  000272  860B               	bsf	_DRIVEbits,3,c
  2225  000274                     l941:
  2226                           
  2227                           ;main.c: 380: }
  2228                           ;main.c: 381: if (pulse_time < 0xAF && pulse_time > 0x40)
  2229  000274  5014               	movf	_pulse_time+1,w,c
  2230  000276  0A80               	xorlw	128
  2231  000278  6EF3               	movwf	prodl,c
  2232  00027A  0E80               	movlw	128
  2233  00027C  5CF3               	subwf	prodl,w,c
  2234  00027E  0EAF               	movlw	175
  2235  000280  B4D8               	btfsc	status,2,c
  2236  000282  5C13               	subwf	_pulse_time,w,c
  2237  000284  B0D8               	btfsc	status,0,c
  2238  000286  D00A               	goto	l947
  2239  000288  5014               	movf	_pulse_time+1,w,c
  2240  00028A  0A80               	xorlw	128
  2241  00028C  0F80               	addlw	-128
  2242  00028E  0E41               	movlw	65
  2243  000290  B4D8               	btfsc	status,2,c
  2244  000292  5C13               	subwf	_pulse_time,w,c
  2245  000294  A0D8               	btfss	status,0,c
  2246  000296  D002               	goto	l947
  2247                           
  2248                           ;main.c: 382: {
  2249                           ;main.c: 383: SENSORbits.waiting=1;
  2250  000298  841B               	bsf	_SENSORbits,2,c
  2251                           
  2252                           ;main.c: 384: DRIVEbits.stop=1;
  2253  00029A  8E0B               	bsf	_DRIVEbits,7,c
  2254  00029C                     l947:
  2255                           
  2256                           ;main.c: 385: }
  2257                           ;main.c: 387: if (pulse_time < 0x40 && !DRIVEbits.estop && pulse_time > 0x01)
  2258  00029C  5014               	movf	_pulse_time+1,w,c
  2259  00029E  0A80               	xorlw	128
  2260  0002A0  6EF3               	movwf	prodl,c
  2261  0002A2  0E80               	movlw	128
  2262  0002A4  5CF3               	subwf	prodl,w,c
  2263  0002A6  0E40               	movlw	64
  2264  0002A8  B4D8               	btfsc	status,2,c
  2265  0002AA  5C13               	subwf	_pulse_time,w,c
  2266  0002AC  A0D8               	btfss	status,0,c
  2267  0002AE  BC0B               	btfsc	_DRIVEbits,6,c
  2268  0002B0  D00A               	goto	l955
  2269  0002B2  5014               	movf	_pulse_time+1,w,c
  2270  0002B4  0A80               	xorlw	128
  2271  0002B6  0F80               	addlw	-128
  2272  0002B8  0E02               	movlw	2
  2273  0002BA  B4D8               	btfsc	status,2,c
  2274  0002BC  5C13               	subwf	_pulse_time,w,c
  2275  0002BE  A0D8               	btfss	status,0,c
  2276  0002C0  D002               	goto	l955
  2277                           
  2278                           ;main.c: 388: {
  2279                           ;main.c: 389: SENSORbits.waiting=0;
  2280  0002C2  941B               	bcf	_SENSORbits,2,c
  2281                           
  2282                           ;main.c: 390: DRIVEbits.rev=1;
  2283  0002C4  800B               	bsf	_DRIVEbits,0,c
  2284  0002C6                     l955:
  2285                           
  2286                           ;main.c: 391: }
  2287                           ;main.c: 392: if (pulse_time > 0x7F)
  2288  0002C6  5014               	movf	_pulse_time+1,w,c
  2289  0002C8  0A80               	xorlw	128
  2290  0002CA  0F80               	addlw	-128
  2291  0002CC  0E80               	movlw	128
  2292  0002CE  B4D8               	btfsc	status,2,c
  2293  0002D0  5C13               	subwf	_pulse_time,w,c
  2294  0002D2  A0D8               	btfss	status,0,c
  2295  0002D4  0012               	return	
  2296                           
  2297                           ;main.c: 393: {
  2298                           ;main.c: 398: i++;
  2299  0002D6  4A0F               	infsnz	_i,f,c
  2300  0002D8  2A10               	incf	_i+1,f,c
  2301  0002DA  0012               	return	
  2302  0002DC                     __end_of_determine_drive_by_sonar:
  2303                           	opt stack 0
  2304                           pclatu	equ	0xFFB
  2305                           pclath	equ	0xFFA
  2306                           tblptru	equ	0xFF8
  2307                           tblptrh	equ	0xFF7
  2308                           tblptrl	equ	0xFF6
  2309                           tablat	equ	0xFF5
  2310                           prodh	equ	0xFF4
  2311                           prodl	equ	0xFF3
  2312                           intcon	equ	0xFF2
  2313                           postinc0	equ	0xFEE
  2314                           fsr0h	equ	0xFEA
  2315                           fsr0l	equ	0xFE9
  2316                           wreg	equ	0xFE8
  2317                           fsr1h	equ	0xFE2
  2318                           fsr1l	equ	0xFE1
  2319                           fsr2h	equ	0xFDA
  2320                           fsr2l	equ	0xFD9
  2321                           status	equ	0xFD8
  2322                           
  2323 ;; *************** function _determine_drive_by_cliff *****************
  2324 ;; Defined at:
  2325 ;;		line 349 in file "main.c"
  2326 ;; Parameters:    Size  Location     Type
  2327 ;;		None
  2328 ;; Auto vars:     Size  Location     Type
  2329 ;;		None
  2330 ;; Return value:  Size  Location     Type
  2331 ;;		None               void
  2332 ;; Registers used:
  2333 ;;		None
  2334 ;; Tracked objects:
  2335 ;;		On entry : 0/0
  2336 ;;		On exit  : 0/0
  2337 ;;		Unchanged: 0/0
  2338 ;; Data sizes:     COMRAM   BANK0   BANK1
  2339 ;;      Params:         0       0       0
  2340 ;;      Locals:         0       0       0
  2341 ;;      Temps:          0       0       0
  2342 ;;      Totals:         0       0       0
  2343 ;;Total ram usage:        0 bytes
  2344 ;; Hardware stack levels used:    1
  2345 ;; Hardware stack levels required when called:    1
  2346 ;; This function calls:
  2347 ;;		Nothing
  2348 ;; This function is called by:
  2349 ;;		_main
  2350 ;; This function uses a non-reentrant model
  2351 ;;
  2352                           
  2353                           	psect	text18
  2354  0003BC                     __ptext18:
  2355                           	opt stack 0
  2356  0003BC                     _determine_drive_by_cliff:
  2357                           	opt stack 29
  2358                           
  2359                           ;main.c: 352: if (SENSORbits.leftcliff)
  2360                           
  2361                           ;incstack = 0
  2362  0003BC  A01B               	btfss	_SENSORbits,0,c
  2363  0003BE  D003               	goto	l147
  2364                           
  2365                           ;main.c: 353: {
  2366                           ;main.c: 354: DRIVEbits.left_rev=1;
  2367  0003C0  840B               	bsf	_DRIVEbits,2,c
  2368                           
  2369                           ;main.c: 355: DRIVEbits.delayonnewcycle=1;
  2370  0003C2  800C               	bsf	_DRIVEbits+1,0,c
  2371                           
  2372                           ;main.c: 356: DRIVEbits.nextcycle_reverse=0;
  2373  0003C4  940C               	bcf	_DRIVEbits+1,2,c
  2374  0003C6                     l147:
  2375                           
  2376                           ;main.c: 357: }
  2377                           ;main.c: 358: if (SENSORbits.rightcliff || DRIVEbits.nextcycle_turn)
  2378  0003C6  B21B               	btfsc	_SENSORbits,1,c
  2379  0003C8  D002               	goto	l150
  2380  0003CA  A60C               	btfss	_DRIVEbits+1,3,c
  2381  0003CC  D004               	goto	l148
  2382  0003CE                     l150:
  2383                           
  2384                           ;main.c: 359: {
  2385                           ;main.c: 360: DRIVEbits.right_rev=1;
  2386  0003CE  820B               	bsf	_DRIVEbits,1,c
  2387                           
  2388                           ;main.c: 361: DRIVEbits.delayonnewcycle=1;
  2389  0003D0  800C               	bsf	_DRIVEbits+1,0,c
  2390                           
  2391                           ;main.c: 362: DRIVEbits.nextcycle_reverse=0;
  2392  0003D2  940C               	bcf	_DRIVEbits+1,2,c
  2393                           
  2394                           ;main.c: 363: DRIVEbits.nextcycle_turn=0;
  2395  0003D4  960C               	bcf	_DRIVEbits+1,3,c
  2396  0003D6                     l148:
  2397                           
  2398                           ;main.c: 364: }
  2399                           ;main.c: 365: if (SENSORbits.leftcliff && SENSORbits.rightcliff && !DRIVEbits.estop)
  2400  0003D6  A01B               	btfss	_SENSORbits,0,c
  2401  0003D8  0012               	return	
  2402  0003DA  A21B               	btfss	_SENSORbits,1,c
  2403  0003DC  0012               	return	
  2404  0003DE  BC0B               	btfsc	_DRIVEbits,6,c
  2405  0003E0  0012               	return	
  2406                           
  2407                           ;main.c: 366: {
  2408                           ;main.c: 367: DRIVEbits.rev=1;
  2409  0003E2  800B               	bsf	_DRIVEbits,0,c
  2410                           
  2411                           ;main.c: 368: DRIVEbits.delayonnewcycle=1;
  2412  0003E4  800C               	bsf	_DRIVEbits+1,0,c
  2413                           
  2414                           ;main.c: 369: DRIVEbits.nextcycle_turn=1;
  2415  0003E6  860C               	bsf	_DRIVEbits+1,3,c
  2416  0003E8  0012               	return	
  2417  0003EA                     __end_of_determine_drive_by_cliff:
  2418                           	opt stack 0
  2419                           pclatu	equ	0xFFB
  2420                           pclath	equ	0xFFA
  2421                           tblptru	equ	0xFF8
  2422                           tblptrh	equ	0xFF7
  2423                           tblptrl	equ	0xFF6
  2424                           tablat	equ	0xFF5
  2425                           prodh	equ	0xFF4
  2426                           prodl	equ	0xFF3
  2427                           intcon	equ	0xFF2
  2428                           postinc0	equ	0xFEE
  2429                           fsr0h	equ	0xFEA
  2430                           fsr0l	equ	0xFE9
  2431                           wreg	equ	0xFE8
  2432                           fsr1h	equ	0xFE2
  2433                           fsr1l	equ	0xFE1
  2434                           fsr2h	equ	0xFDA
  2435                           fsr2l	equ	0xFD9
  2436                           status	equ	0xFD8
  2437                           
  2438 ;; *************** function _clear_drive *****************
  2439 ;; Defined at:
  2440 ;;		line 337 in file "main.c"
  2441 ;; Parameters:    Size  Location     Type
  2442 ;;		None
  2443 ;; Auto vars:     Size  Location     Type
  2444 ;;		None
  2445 ;; Return value:  Size  Location     Type
  2446 ;;		None               void
  2447 ;; Registers used:
  2448 ;;		None
  2449 ;; Tracked objects:
  2450 ;;		On entry : 0/0
  2451 ;;		On exit  : 0/0
  2452 ;;		Unchanged: 0/0
  2453 ;; Data sizes:     COMRAM   BANK0   BANK1
  2454 ;;      Params:         0       0       0
  2455 ;;      Locals:         0       0       0
  2456 ;;      Temps:          0       0       0
  2457 ;;      Totals:         0       0       0
  2458 ;;Total ram usage:        0 bytes
  2459 ;; Hardware stack levels used:    1
  2460 ;; Hardware stack levels required when called:    1
  2461 ;; This function calls:
  2462 ;;		Nothing
  2463 ;; This function is called by:
  2464 ;;		_main
  2465 ;; This function uses a non-reentrant model
  2466 ;;
  2467                           
  2468                           	psect	text19
  2469  00051A                     __ptext19:
  2470                           	opt stack 0
  2471  00051A                     _clear_drive:
  2472                           	opt stack 29
  2473                           
  2474                           ;main.c: 339: DRIVEbits.fwd=0;
  2475                           
  2476                           ;incstack = 0
  2477  00051A  960B               	bcf	_DRIVEbits,3,c
  2478                           
  2479                           ;main.c: 340: DRIVEbits.rev=0;
  2480  00051C  900B               	bcf	_DRIVEbits,0,c
  2481                           
  2482                           ;main.c: 341: DRIVEbits.left_fwd=0;
  2483  00051E  9A0B               	bcf	_DRIVEbits,5,c
  2484                           
  2485                           ;main.c: 342: DRIVEbits.left_rev=0;
  2486  000520  940B               	bcf	_DRIVEbits,2,c
  2487                           
  2488                           ;main.c: 343: DRIVEbits.right_fwd=0;
  2489  000522  980B               	bcf	_DRIVEbits,4,c
  2490                           
  2491                           ;main.c: 344: DRIVEbits.right_rev=0;
  2492  000524  920B               	bcf	_DRIVEbits,1,c
  2493                           
  2494                           ;main.c: 345: DRIVEbits.stop=0;
  2495  000526  9E0B               	bcf	_DRIVEbits,7,c
  2496  000528  0012               	return	
  2497  00052A                     __end_of_clear_drive:
  2498                           	opt stack 0
  2499                           pclatu	equ	0xFFB
  2500                           pclath	equ	0xFFA
  2501                           tblptru	equ	0xFF8
  2502                           tblptrh	equ	0xFF7
  2503                           tblptrl	equ	0xFF6
  2504                           tablat	equ	0xFF5
  2505                           prodh	equ	0xFF4
  2506                           prodl	equ	0xFF3
  2507                           intcon	equ	0xFF2
  2508                           postinc0	equ	0xFEE
  2509                           fsr0h	equ	0xFEA
  2510                           fsr0l	equ	0xFE9
  2511                           wreg	equ	0xFE8
  2512                           fsr1h	equ	0xFE2
  2513                           fsr1l	equ	0xFE1
  2514                           fsr2h	equ	0xFDA
  2515                           fsr2l	equ	0xFD9
  2516                           status	equ	0xFD8
  2517                           
  2518 ;; *************** function _checkrightcliffsensor *****************
  2519 ;; Defined at:
  2520 ;;		line 158 in file "main.c"
  2521 ;; Parameters:    Size  Location     Type
  2522 ;;		None
  2523 ;; Auto vars:     Size  Location     Type
  2524 ;;		None
  2525 ;; Return value:  Size  Location     Type
  2526 ;;		None               void
  2527 ;; Registers used:
  2528 ;;		None
  2529 ;; Tracked objects:
  2530 ;;		On entry : 0/0
  2531 ;;		On exit  : 0/0
  2532 ;;		Unchanged: 0/0
  2533 ;; Data sizes:     COMRAM   BANK0   BANK1
  2534 ;;      Params:         0       0       0
  2535 ;;      Locals:         0       0       0
  2536 ;;      Temps:          0       0       0
  2537 ;;      Totals:         0       0       0
  2538 ;;Total ram usage:        0 bytes
  2539 ;; Hardware stack levels used:    1
  2540 ;; Hardware stack levels required when called:    1
  2541 ;; This function calls:
  2542 ;;		Nothing
  2543 ;; This function is called by:
  2544 ;;		_main
  2545 ;; This function uses a non-reentrant model
  2546 ;;
  2547                           
  2548                           	psect	text20
  2549  000550                     __ptext20:
  2550                           	opt stack 0
  2551  000550                     _checkrightcliffsensor:
  2552                           	opt stack 29
  2553                           
  2554                           ;main.c: 160: SENSORbits.rightcliff = 0;
  2555                           
  2556                           ;incstack = 0
  2557  000550  921B               	bcf	_SENSORbits,1,c
  2558                           
  2559                           ;main.c: 161: if (PORTCbits.RC1)
  2560  000552  A282               	btfss	3970,1,c	;volatile
  2561  000554  0012               	return	
  2562                           
  2563                           ;main.c: 162: SENSORbits.rightcliff = 1;
  2564  000556  821B               	bsf	_SENSORbits,1,c
  2565  000558  0012               	return	
  2566  00055A                     __end_of_checkrightcliffsensor:
  2567                           	opt stack 0
  2568                           pclatu	equ	0xFFB
  2569                           pclath	equ	0xFFA
  2570                           tblptru	equ	0xFF8
  2571                           tblptrh	equ	0xFF7
  2572                           tblptrl	equ	0xFF6
  2573                           tablat	equ	0xFF5
  2574                           prodh	equ	0xFF4
  2575                           prodl	equ	0xFF3
  2576                           intcon	equ	0xFF2
  2577                           postinc0	equ	0xFEE
  2578                           fsr0h	equ	0xFEA
  2579                           fsr0l	equ	0xFE9
  2580                           wreg	equ	0xFE8
  2581                           fsr1h	equ	0xFE2
  2582                           fsr1l	equ	0xFE1
  2583                           fsr2h	equ	0xFDA
  2584                           fsr2l	equ	0xFD9
  2585                           status	equ	0xFD8
  2586                           
  2587 ;; *************** function _checkleftcliffsensor *****************
  2588 ;; Defined at:
  2589 ;;		line 152 in file "main.c"
  2590 ;; Parameters:    Size  Location     Type
  2591 ;;		None
  2592 ;; Auto vars:     Size  Location     Type
  2593 ;;		None
  2594 ;; Return value:  Size  Location     Type
  2595 ;;		None               void
  2596 ;; Registers used:
  2597 ;;		None
  2598 ;; Tracked objects:
  2599 ;;		On entry : 0/0
  2600 ;;		On exit  : 0/0
  2601 ;;		Unchanged: 0/0
  2602 ;; Data sizes:     COMRAM   BANK0   BANK1
  2603 ;;      Params:         0       0       0
  2604 ;;      Locals:         0       0       0
  2605 ;;      Temps:          0       0       0
  2606 ;;      Totals:         0       0       0
  2607 ;;Total ram usage:        0 bytes
  2608 ;; Hardware stack levels used:    1
  2609 ;; Hardware stack levels required when called:    1
  2610 ;; This function calls:
  2611 ;;		Nothing
  2612 ;; This function is called by:
  2613 ;;		_main
  2614 ;; This function uses a non-reentrant model
  2615 ;;
  2616                           
  2617                           	psect	text21
  2618  00055A                     __ptext21:
  2619                           	opt stack 0
  2620  00055A                     _checkleftcliffsensor:
  2621                           	opt stack 29
  2622                           
  2623                           ;main.c: 154: SENSORbits.leftcliff = 0;
  2624                           
  2625                           ;incstack = 0
  2626  00055A  901B               	bcf	_SENSORbits,0,c
  2627                           
  2628                           ;main.c: 155: if (PORTCbits.RC0)
  2629  00055C  A082               	btfss	3970,0,c	;volatile
  2630  00055E  0012               	return	
  2631                           
  2632                           ;main.c: 156: SENSORbits.leftcliff = 1;
  2633  000560  801B               	bsf	_SENSORbits,0,c
  2634  000562  0012               	return	
  2635  000564                     __end_of_checkleftcliffsensor:
  2636                           	opt stack 0
  2637                           pclatu	equ	0xFFB
  2638                           pclath	equ	0xFFA
  2639                           tblptru	equ	0xFF8
  2640                           tblptrh	equ	0xFF7
  2641                           tblptrl	equ	0xFF6
  2642                           tablat	equ	0xFF5
  2643                           prodh	equ	0xFF4
  2644                           prodl	equ	0xFF3
  2645                           intcon	equ	0xFF2
  2646                           postinc0	equ	0xFEE
  2647                           fsr0h	equ	0xFEA
  2648                           fsr0l	equ	0xFE9
  2649                           wreg	equ	0xFE8
  2650                           fsr1h	equ	0xFE2
  2651                           fsr1l	equ	0xFE1
  2652                           fsr2h	equ	0xFDA
  2653                           fsr2l	equ	0xFD9
  2654                           status	equ	0xFD8
  2655                           pclatu	equ	0xFFB
  2656                           pclath	equ	0xFFA
  2657                           tblptru	equ	0xFF8
  2658                           tblptrh	equ	0xFF7
  2659                           tblptrl	equ	0xFF6
  2660                           tablat	equ	0xFF5
  2661                           prodh	equ	0xFF4
  2662                           prodl	equ	0xFF3
  2663                           intcon	equ	0xFF2
  2664                           postinc0	equ	0xFEE
  2665                           fsr0h	equ	0xFEA
  2666                           fsr0l	equ	0xFE9
  2667                           wreg	equ	0xFE8
  2668                           fsr1h	equ	0xFE2
  2669                           fsr1l	equ	0xFE1
  2670                           fsr2h	equ	0xFDA
  2671                           fsr2l	equ	0xFD9
  2672                           status	equ	0xFD8
  2673                           
  2674                           	psect	rparam
  2675  0000                     pclatu	equ	0xFFB
  2676                           pclath	equ	0xFFA
  2677                           tblptru	equ	0xFF8
  2678                           tblptrh	equ	0xFF7
  2679                           tblptrl	equ	0xFF6
  2680                           tablat	equ	0xFF5
  2681                           prodh	equ	0xFF4
  2682                           prodl	equ	0xFF3
  2683                           intcon	equ	0xFF2
  2684                           postinc0	equ	0xFEE
  2685                           fsr0h	equ	0xFEA
  2686                           fsr0l	equ	0xFE9
  2687                           wreg	equ	0xFE8
  2688                           fsr1h	equ	0xFE2
  2689                           fsr1l	equ	0xFE1
  2690                           fsr2h	equ	0xFDA
  2691                           fsr2l	equ	0xFD9
  2692                           status	equ	0xFD8


Data Sizes:
    Strings     0
    Constant    0
    Data        0
    BSS         27
    Persistent  0
    Stack       0

Auto Spaces:
    Space          Size  Autos    Used
    COMRAM           95     18      45
    BANK0           160      0       0
    BANK1           256      0       0

Pointer List with Targets:

    None.

Critical Paths under _main in COMRAM

    _main->_init_motor_controller
    _motor_stop->_uart_xmit
    _motor_right_rev_quarter->_uart_xmit
    _motor_right_fwd_quarter->_uart_xmit
    _motor_left_rev_quarter->_uart_xmit
    _motor_left_fwd_quarter->_uart_xmit
    _init_motor_controller->_uart_xmit

Critical Paths under _ISR in COMRAM

    None.

Critical Paths under _main in BANK0

    None.

Critical Paths under _ISR in BANK0

    None.

Critical Paths under _main in BANK1

    None.

Critical Paths under _ISR in BANK1

    None.

Call Graph Tables:

 ---------------------------------------------------------------------------------
 (Depth) Function   	        Calls       Base Space   Used Autos Params    Refs
 ---------------------------------------------------------------------------------
 (0) _main                                                 1     1      0    3354
                                             17 COMRAM     1     1      0
               _checkleftcliffsensor
              _checkrightcliffsensor
                        _clear_drive
           _determine_drive_by_cliff
           _determine_drive_by_sonar
                            _init_io
              _init_motor_controller
                      _measure_sonar
             _motor_controller_reset
                 _motor_rev_timeroff
                  _motor_rev_timeron
                        _pulse_sonar
                        _serial_init
                          _set_drive
                      _stop_and_wait
 ---------------------------------------------------------------------------------
 (1) _stop_and_wait                                        0     0      0       0
 ---------------------------------------------------------------------------------
 (1) _set_drive                                            0     0      0    2795
             _motor_left_fwd_quarter
             _motor_left_rev_quarter
            _motor_right_fwd_quarter
            _motor_right_rev_quarter
                         _motor_stop
 ---------------------------------------------------------------------------------
 (2) _motor_stop                                           0     0      0     559
                          _uart_xmit
 ---------------------------------------------------------------------------------
 (2) _motor_right_rev_quarter                              0     0      0     559
                  _motor_rev_timeron
                          _uart_xmit
 ---------------------------------------------------------------------------------
 (2) _motor_right_fwd_quarter                              0     0      0     559
                          _uart_xmit
 ---------------------------------------------------------------------------------
 (2) _motor_left_rev_quarter                               0     0      0     559
                  _motor_rev_timeron
                          _uart_xmit
 ---------------------------------------------------------------------------------
 (3) _motor_rev_timeron                                    0     0      0       0
 ---------------------------------------------------------------------------------
 (2) _motor_left_fwd_quarter                               0     0      0     559
                          _uart_xmit
 ---------------------------------------------------------------------------------
 (1) _serial_init                                          1     1      0       0
                                             14 COMRAM     1     1      0
 ---------------------------------------------------------------------------------
 (1) _pulse_sonar                                          1     1      0       0
                                             14 COMRAM     1     1      0
 ---------------------------------------------------------------------------------
 (1) _motor_rev_timeroff                                   0     0      0       0
 ---------------------------------------------------------------------------------
 (1) _motor_controller_reset                               1     1      0       0
                                             14 COMRAM     1     1      0
 ---------------------------------------------------------------------------------
 (1) _measure_sonar                                        0     0      0       0
 ---------------------------------------------------------------------------------
 (1) _init_motor_controller                                1     1      0     559
                                             16 COMRAM     1     1      0
                          _uart_xmit
 ---------------------------------------------------------------------------------
 (3) _uart_xmit                                            2     0      2     559
                                             14 COMRAM     2     0      2
 ---------------------------------------------------------------------------------
 (1) _init_io                                              0     0      0       0
 ---------------------------------------------------------------------------------
 (1) _determine_drive_by_sonar                             0     0      0       0
 ---------------------------------------------------------------------------------
 (1) _determine_drive_by_cliff                             0     0      0       0
 ---------------------------------------------------------------------------------
 (1) _clear_drive                                          0     0      0       0
 ---------------------------------------------------------------------------------
 (1) _checkrightcliffsensor                                0     0      0       0
 ---------------------------------------------------------------------------------
 (1) _checkleftcliffsensor                                 0     0      0       0
 ---------------------------------------------------------------------------------
 Estimated maximum stack depth 3
 ---------------------------------------------------------------------------------
 (Depth) Function   	        Calls       Base Space   Used Autos Params    Refs
 ---------------------------------------------------------------------------------
 (4) _ISR                                                 14    14      0       0
                                              0 COMRAM    14    14      0
 ---------------------------------------------------------------------------------
 Estimated maximum stack depth 4
 ---------------------------------------------------------------------------------

 Call Graph Graphs:

 _main (ROOT)
   _checkleftcliffsensor
   _checkrightcliffsensor
   _clear_drive
   _determine_drive_by_cliff
   _determine_drive_by_sonar
   _init_io
   _init_motor_controller
     _uart_xmit
   _measure_sonar
   _motor_controller_reset
   _motor_rev_timeroff
   _motor_rev_timeron
   _pulse_sonar
   _serial_init
   _set_drive
     _motor_left_fwd_quarter
       _uart_xmit
     _motor_left_rev_quarter
       _motor_rev_timeron
       _uart_xmit
     _motor_right_fwd_quarter
       _uart_xmit
     _motor_right_rev_quarter
       _motor_rev_timeron
       _uart_xmit
     _motor_stop
       _uart_xmit
   _stop_and_wait

 _ISR (ROOT)

 Address spaces:
Name               Size   Autos  Total    Cost      Usage
BIGRAM             1FF      0       0       8        0.0%
EEDATA             100      0       0       0        0.0%
BITBANK1           100      0       0       5        0.0%
BANK1              100      0       0       6        0.0%
BITBANK0            A0      0       0       3        0.0%
BANK0               A0      0       0       4        0.0%
BITCOMRAM           5F      0       0       0        0.0%
COMRAM              5F     12      2D       1       47.4%
BITSFR               0      0       0      40        0.0%
SFR                  0      0       0      40        0.0%
STACK                0      0       0       2        0.0%
NULL                 0      0       0       0        0.0%
ABS                  0      0      2D       7        0.0%
DATA                 0      0      2D       9        0.0%
CODE                 0      0       0       0        0.0%


Microchip Technology PIC18 Macro Assembler V1.30 build 55553 
Symbol Table                                                                                   Fri Feb 21 15:33:58 2014

                                _i 000F                                 l76 0546  
                               l96 0346                                 l99 036C  
                     __CFG_CP0$OFF 000000                       __CFG_CP1$OFF 000000  
          _motor_right_fwd_quarter 04BE                        _pulse_sonar 04F2  
                              l103 0374                                l200 01A8  
                              l114 03A4                                l150 03CE  
                              l170 0216                                l162 01DE  
                              l147 03C6                                l148 03D6  
                              l172 0226                                l164 01EE  
                              l174 0234                                l166 01FE  
                              l176 0244                                l168 020C  
                              l178 024E                                l194 017E  
                              l196 0188         __end_of_motor_rev_timeroff 0546  
                              l941 0274                                l955 02C6  
                              l947 029C                                _ISR 0008  
                              u607 04FA                                u617 044A  
                              u537 00C8                                u627 045C  
                              u547 0108                                u637 02EE  
                              u557 0124                                u647 033A  
                              u567 01B2                                u577 01C4  
                              u587 0530                                u597 040A  
                              _buf 0001                                wreg 000FE8  
                     __CFG_LVP$OFF 000000                               ?_ISR 001C  
                             l1011 00B4                               l1021 00F2  
                             l1015 00C2                               l1019 00DC  
                             l1061 0192                               l1045 015E  
                             l1063 0198                               l1039 0142  
                             l1073 01D0                               l1049 0168  
                             i2l71 004C                               i2l73 0054  
                             _TMR0 000FD6                               _TMR1 000FCE  
                             _main 0092                               fsr0h 000FEA  
                             fsr1h 000FE2                               fsr0l 000FE9  
                             fsr2h 000FDA                               fsr1l 000FE1  
                             fsr2l 000FD9                               pclat 000FFA  
                    __CFG_BOREN$ON 000000                               prodh 000FF4  
                             prodl 000FF3                               start 008E  
                    __CFG_IESO$OFF 000000                      __CFG_FOSC$IRC 000000  
                    __CFG_MCLRE$ON 000000                              ??_ISR 001C  
          ??_init_motor_controller 002C                              ?_main 001C  
                            _ANSEL 000F7E                              _T1CON 000FCD  
                            _RCREG 000FAE                              _TMR0H 000FD7  
                            _TMR0L 000FD6                              _SPBRG 000FAF  
                            _TXREG 000FAD           ??_motor_left_fwd_quarter 002C  
                   __CFG_FCMEN$OFF 000000                              _count 000D  
                  __end_of_init_io 0442                              _tempi 0015  
                            tablat 000FF5                              status 000FD8  
                  __initialization 0508             __size_of_measure_sonar 0040  
                     __end_of_main 01D4             __size_of_stop_and_wait 000E  
             __size_of_clear_drive 0010          ??_motor_right_fwd_quarter 002C  
          _motor_right_rev_quarter 0468                             ??_main 002D  
                    __activetblptr 000000                  _motor_rev_timeron 0386  
__size_of_determine_drive_by_cliff 002E          ?_determine_drive_by_cliff 001C  
               ?_motor_rev_timeron 001C  __size_of_determine_drive_by_sonar 007E  
        ?_determine_drive_by_sonar 001C                             _ANSELH 000F7F  
                   __CFG_WDTEN$OFF 000000                ??_motor_rev_timeron 002A  
   __size_of_checkrightcliffsensor 000A      __end_of_checkrightcliffsensor 055A  
                     ?_serial_init 001C                     __CFG_STVREN$ON 000000  
                           clear_0 050E          __end_of_motor_rev_timeron 03BC  
         ??_motor_left_rev_quarter 002C                          ??_init_io 002A  
                    _measure_sonar 0346                             tblptrh 000FF7  
                           tblptrl 000FF6                             tblptru 000FF8  
  __size_of_motor_left_fwd_quarter 001A                      _stop_and_wait 052A  
  __end_of_motor_right_fwd_quarter 04D8      __size_of_checkleftcliffsensor 000A  
                  __CFG_HFOFST$OFF 000000            ?_motor_controller_reset 001C  
                       __accesstop 0060            __end_of__initialization 0514  
                   __pcstackCOMRAM 001C          ??_motor_right_rev_quarter 002C  
                     ?_pulse_sonar 001C                     ?_measure_sonar 001C  
                   ?_stop_and_wait 001C     __end_of_motor_controller_reset 0468  
               _motor_rev_timeroff 0538                ?_motor_rev_timeroff 001C  
           _motor_left_fwd_quarter 04D8         __size_of_motor_rev_timeron 0036  
               __size_of_set_drive 008A     __size_of_init_motor_controller 006A  
    __end_of_init_motor_controller 0346                 __size_of_uart_xmit 000A  
  __size_of_motor_left_rev_quarter 001E               ??_motor_rev_timeroff 002A  
  __end_of_motor_right_rev_quarter 0486                    __CFG_PWRTEN$OFF 000000  
                          __Hparam 0000                            __Lparam 0000  
             __size_of_serial_init 002C                            __pcinit 0508  
                          __ramtop 0200                            __ptext0 0092  
                          __ptext1 052A                            __ptext2 01D4  
                          __ptext3 04A4                            __ptext4 0468  
                          __ptext5 04BE                            __ptext6 0486  
                          __ptext7 0386                            __ptext8 04D8  
                          __ptext9 03EA                    ??_measure_sonar 002A  
                        _T0CONbits 000FD5                       __size_of_ISR 0086  
                  ??_stop_and_wait 002A                            _init_io 0416  
                          _itxdata 0011                          _DRIVEbits 000B  
             end_of_initialization 0514                  __end_of_set_drive 025E  
           _motor_left_rev_quarter 0486                  __end_of_uart_xmit 0550  
                    ??_clear_drive 002A                          _RCSTAbits 000FAB  
                          postinc0 000FEE                         _motor_stop 04A4  
                        _PORTAbits 000F80                          _PORTCbits 000F82  
             __size_of_pulse_sonar 0016                          _TRISAbits 000F92  
                        _TRISBbits 000F93                          _TRISCbits 000F94  
                       _pulse_time 0013               uart_xmit@mydata_byte 002A  
                        _TXSTAbits 000FAC              _checkrightcliffsensor 0550  
         ?_motor_right_fwd_quarter 001C       __end_of_checkleftcliffsensor 0564  
              __end_of_clear_drive 052A           _determine_drive_by_cliff 03BC  
         _determine_drive_by_sonar 025E                start_initialization 0508  
                      __end_of_ISR 008E            ?_motor_left_fwd_quarter 001C  
                      ?_motor_stop 001C                        __pbssCOMRAM 0001  
   __end_of_motor_left_fwd_quarter 04F2             ?_checkrightcliffsensor 001C  
         ?_motor_right_rev_quarter 001C                        _clear_drive 051A  
                        __pintcode 0008                           ?_init_io 001C  
            _init_motor_controller 02DC        __size_of_motor_rev_timeroff 000E  
             _checkleftcliffsensor 055A            ?_motor_left_rev_quarter 001C  
              __size_of_motor_stop 001A                           _LATAbits 000F89  
                         _PIE1bits 000F9D                           _PIR1bits 000F9E  
                    ??_serial_init 002A                          _set_drive 01D4  
                        _uart_data 0019                          _uart_xmit 0546  
         ??_motor_controller_reset 002A              __end_of_measure_sonar 0386  
            __end_of_stop_and_wait 0538              ?_checkleftcliffsensor 001C  
   __end_of_motor_left_rev_quarter 04A4                           __Hrparam 0000  
       ??_determine_drive_by_cliff 002A                         ?_set_drive 001C  
                         __Lrparam 0000         ??_determine_drive_by_sonar 002A  
                       ?_uart_xmit 002A                      ??_pulse_sonar 002A  
              __end_of_serial_init 0416   __size_of_motor_right_fwd_quarter 001A  
           ?_init_motor_controller 001C                   __size_of_init_io 002C  
                         __ptext10 04F2                           __ptext11 0538  
                         __ptext20 0550                           __ptext12 0442  
                         __ptext21 055A                           __ptext13 0346  
                         __ptext14 02DC                           __ptext15 0546  
                         __ptext16 0416                           __ptext17 025E  
                         __ptext18 03BC                           __ptext19 051A  
                    __size_of_main 0142                       ??_motor_stop 002C  
  __size_of_motor_controller_reset 0026                         _INTCONbits 000FF2  
           ??_checkleftcliffsensor 002A                __end_of_pulse_sonar 0508  
          ??_checkrightcliffsensor 002A                           intlevel2 0000  
               __end_of_motor_stop 04BE                         _OSCCONbits 000FD3  
                     ?_clear_drive 001C                        ??_set_drive 002C  
                      _serial_init 03EA                        ??_uart_xmit 002C  
                      _timer1count 0017                         _SENSORbits 001B  
 __size_of_motor_right_rev_quarter 001E             _motor_controller_reset 0442  
 __end_of_determine_drive_by_cliff 03EA   __end_of_determine_drive_by_sonar 02DC  
