

Microchip Technology PIC LITE Macro Assembler V1.21 build 54009 
                                                                                               Tue Jan 21 18:01:55 2014

Microchip Technology Omniscient Code Generator (Lite mode) build 54009
     1                           	processor	16F1509
     2                           	opt	pw 120
     3                           	opt	lm
     4                           	psect	strings,global,class=STRING,delta=2
     5                           	psect	cinit,global,class=CODE,merge=1,delta=2
     6                           	psect	bssCOMMON,global,class=COMMON,space=1,delta=1
     7                           	psect	bssBANK0,global,class=BANK0,space=1,delta=1
     8                           	psect	clrtext,global,class=CODE,delta=2
     9                           	psect	cstackCOMMON,global,class=COMMON,space=1,delta=1
    10                           	psect	cstackBANK0,global,class=BANK0,space=1,delta=1
    11                           	psect	maintext,global,class=CODE,merge=1,split=1,delta=2
    12                           	psect	text1,local,class=CODE,merge=1,delta=2
    13                           	psect	text2,local,class=CODE,merge=1,delta=2
    14                           	psect	text3,local,class=CODE,merge=1,delta=2
    15                           	psect	text4,local,class=CODE,merge=1,delta=2
    16                           	psect	text5,local,class=CODE,merge=1,delta=2
    17                           	psect	text6,local,class=CODE,merge=1,delta=2
    18                           	psect	text7,local,class=CODE,merge=1,delta=2
    19                           	psect	text8,local,class=CODE,merge=1,delta=2
    20                           	psect	text9,local,class=CODE,merge=1,delta=2
    21                           	psect	text10,local,class=CODE,merge=1,delta=2
    22                           	psect	text11,local,class=CODE,merge=1,delta=2
    23                           	psect	text12,local,class=CODE,merge=1,delta=2
    24                           	psect	text13,local,class=CODE,merge=1,delta=2
    25                           	psect	text14,local,class=CODE,merge=1,delta=2
    26                           	psect	text15,local,class=CODE,merge=1,delta=2
    27                           	psect	text16,local,class=CODE,merge=1,delta=2
    28                           	psect	text17,local,class=CODE,merge=1,delta=2
    29                           	psect	text18,local,class=CODE,merge=1,delta=2
    30                           	psect	text19,local,class=CODE,merge=1,delta=2
    31                           	psect	text20,local,class=CODE,merge=1,delta=2
    32                           	psect	text21,local,class=CODE,merge=1,delta=2
    33                           	psect	text22,local,class=CODE,merge=1,delta=2
    34                           	psect	text23,local,class=CODE,merge=1,delta=2
    35                           	psect	text24,local,class=CODE,merge=1,delta=2
    36                           	psect	text25,local,class=CODE,merge=1,delta=2
    37                           	psect	text26,local,class=CODE,merge=1,delta=2
    38                           	psect	text27,local,class=CODE,merge=1,delta=2
    39                           	psect	text28,local,class=CODE,merge=1,delta=2
    40                           	psect	intentry,global,class=CODE,delta=2
    41                           	dabs	1,0x7E,2
    42  0000                     	;# 
    43  0001                     	;# 
    44  0002                     	;# 
    45  0003                     	;# 
    46  0004                     	;# 
    47  0005                     	;# 
    48  0006                     	;# 
    49  0007                     	;# 
    50  0008                     	;# 
    51  0009                     	;# 
    52  000A                     	;# 
    53  000B                     	;# 
    54  000C                     	;# 
    55  000D                     	;# 
    56  000E                     	;# 
    57  0011                     	;# 
    58  0012                     	;# 
    59  0013                     	;# 
    60  0015                     	;# 
    61  0016                     	;# 
    62  0016                     	;# 
    63  0017                     	;# 
    64  0018                     	;# 
    65  0019                     	;# 
    66  001A                     	;# 
    67  001B                     	;# 
    68  001C                     	;# 
    69  008C                     	;# 
    70  008D                     	;# 
    71  008E                     	;# 
    72  0091                     	;# 
    73  0092                     	;# 
    74  0093                     	;# 
    75  0095                     	;# 
    76  0096                     	;# 
    77  0097                     	;# 
    78  0099                     	;# 
    79  009A                     	;# 
    80  009B                     	;# 
    81  009B                     	;# 
    82  009C                     	;# 
    83  009D                     	;# 
    84  009E                     	;# 
    85  009F                     	;# 
    86  010C                     	;# 
    87  010D                     	;# 
    88  010E                     	;# 
    89  0111                     	;# 
    90  0112                     	;# 
    91  0113                     	;# 
    92  0114                     	;# 
    93  0115                     	;# 
    94  0116                     	;# 
    95  0117                     	;# 
    96  0118                     	;# 
    97  0119                     	;# 
    98  011D                     	;# 
    99  018C                     	;# 
   100  018D                     	;# 
   101  018E                     	;# 
   102  0191                     	;# 
   103  0191                     	;# 
   104  0192                     	;# 
   105  0193                     	;# 
   106  0193                     	;# 
   107  0194                     	;# 
   108  0195                     	;# 
   109  0196                     	;# 
   110  0197                     	;# 
   111  0199                     	;# 
   112  019A                     	;# 
   113  019B                     	;# 
   114  019B                     	;# 
   115  019C                     	;# 
   116  019D                     	;# 
   117  019E                     	;# 
   118  019F                     	;# 
   119  020C                     	;# 
   120  020D                     	;# 
   121  0211                     	;# 
   122  0211                     	;# 
   123  0212                     	;# 
   124  0212                     	;# 
   125  0213                     	;# 
   126  0213                     	;# 
   127  0214                     	;# 
   128  0214                     	;# 
   129  0215                     	;# 
   130  0215                     	;# 
   131  0215                     	;# 
   132  0216                     	;# 
   133  0216                     	;# 
   134  0217                     	;# 
   135  0217                     	;# 
   136  0391                     	;# 
   137  0392                     	;# 
   138  0393                     	;# 
   139  0394                     	;# 
   140  0395                     	;# 
   141  0396                     	;# 
   142  0498                     	;# 
   143  0498                     	;# 
   144  0499                     	;# 
   145  049A                     	;# 
   146  049B                     	;# 
   147  049B                     	;# 
   148  049C                     	;# 
   149  049E                     	;# 
   150  049F                     	;# 
   151  0611                     	;# 
   152  0612                     	;# 
   153  0613                     	;# 
   154  0613                     	;# 
   155  0614                     	;# 
   156  0615                     	;# 
   157  0616                     	;# 
   158  0616                     	;# 
   159  0617                     	;# 
   160  0618                     	;# 
   161  0619                     	;# 
   162  0619                     	;# 
   163  061A                     	;# 
   164  061B                     	;# 
   165  061C                     	;# 
   166  061C                     	;# 
   167  0691                     	;# 
   168  0692                     	;# 
   169  0693                     	;# 
   170  0694                     	;# 
   171  0695                     	;# 
   172  0F0F                     	;# 
   173  0F10                     	;# 
   174  0F11                     	;# 
   175  0F12                     	;# 
   176  0F13                     	;# 
   177  0F14                     	;# 
   178  0F15                     	;# 
   179  0F16                     	;# 
   180  0F17                     	;# 
   181  0F18                     	;# 
   182  0F19                     	;# 
   183  0F1A                     	;# 
   184  0F1B                     	;# 
   185  0F1C                     	;# 
   186  0F1D                     	;# 
   187  0F1E                     	;# 
   188  0F1F                     	;# 
   189  0F20                     	;# 
   190  0F21                     	;# 
   191  0F22                     	;# 
   192  0F23                     	;# 
   193  0F24                     	;# 
   194  0F25                     	;# 
   195  0F26                     	;# 
   196  0F27                     	;# 
   197  0F28                     	;# 
   198  0F29                     	;# 
   199  0F2A                     	;# 
   200  0F2B                     	;# 
   201  0F2C                     	;# 
   202  0F2D                     	;# 
   203  0F2E                     	;# 
   204  0F2F                     	;# 
   205  0F8C                     	;# 
   206  0F8D                     	;# 
   207  0F91                     	;# 
   208  0F95                     	;# 
   209  0F96                     	;# 
   210  0F97                     	;# 
   211  0F9C                     	;# 
   212  0F9D                     	;# 
   213  0F9E                     	;# 
   214  0FE3                     	;# 
   215  0FE4                     	;# 
   216  0FE5                     	;# 
   217  0FE6                     	;# 
   218  0FE7                     	;# 
   219  0FE8                     	;# 
   220  0FE9                     	;# 
   221  0FEA                     	;# 
   222  0FEB                     	;# 
   223  0FED                     	;# 
   224  0FEE                     	;# 
   225  0FEF                     	;# 
   226  000B                     _INTCONbits	set	11
   227  0011                     _PIR1bits	set	17
   228  009D                     _ADCON0	set	157
   229  009E                     _ADCON1	set	158
   230  009C                     _ADRESH	set	156
   231  0095                     _OPTION_REGbits	set	149
   232  0099                     _OSCCONbits	set	153
   233  0091                     _PIE1bits	set	145
   234  008C                     _TRISAbits	set	140
   235  008D                     _TRISBbits	set	141
   236  008E                     _TRISCbits	set	142
   237  04E9                     _GO	set	1257
   238  010C                     _LATAbits	set	268
   239  010E                     _LATC	set	270
   240  018C                     _ANSELA	set	396
   241  018D                     _ANSELB	set	397
   242  018E                     _ANSELCbits	set	398
   243  0199                     _RCREG	set	409
   244  019D                     _RCSTAbits	set	413
   245  019C                     _SPBRGH	set	412
   246  019B                     _SPBRGL	set	411
   247  019A                     _TXREG	set	410
   248  019E                     _TXSTAbits	set	414
   249                           
   250                           	psect	strings
   251  062A                     __pstrings:	
   252  062A                     __stringtab:	
   253  062A  3400               	retlw	0
   254  062B                     __end_of__stringtab:	
   255  062B                     __stringdata:	
   256  062B                     STR_1:	
   257  062B  3420               	retlw	32	;' '
   258  062C  3420               	retlw	32	;' '
   259  062D  3420               	retlw	32	;' '
   260  062E  3420               	retlw	32	;' '
   261  062F  3420               	retlw	32	;' '
   262  0630  3420               	retlw	32	;' '
   263  0631  3420               	retlw	32	;' '
   264  0632  3420               	retlw	32	;' '
   265  0633  3420               	retlw	32	;' '
   266  0634  3420               	retlw	32	;' '
   267  0635  3420               	retlw	32	;' '
   268  0636  3420               	retlw	32	;' '
   269  0637  3420               	retlw	32	;' '
   270  0638  3420               	retlw	32	;' '
   271  0639  3420               	retlw	32	;' '
   272  063A  3420               	retlw	32	;' '
   273  063B  3400               	retlw	0
   274  063C                     STR_11:	
   275  063C  3442               	retlw	66	;'B'
   276  063D  3461               	retlw	97	;'a'
   277  063E  3474               	retlw	116	;'t'
   278  063F  3474               	retlw	116	;'t'
   279  0640  3465               	retlw	101	;'e'
   280  0641  3472               	retlw	114	;'r'
   281  0642  3479               	retlw	121	;'y'
   282  0643  3420               	retlw	32	;' '
   283  0644  3453               	retlw	83	;'S'
   284  0645  3474               	retlw	116	;'t'
   285  0646  3461               	retlw	97	;'a'
   286  0647  3474               	retlw	116	;'t'
   287  0648  3475               	retlw	117	;'u'
   288  0649  3473               	retlw	115	;'s'
   289  064A  3400               	retlw	0
   290  064B                     STR_10:	
   291  064B  344E               	retlw	78	;'N'
   292  064C  346F               	retlw	111	;'o'
   293  064D  3472               	retlw	114	;'r'
   294  064E  346D               	retlw	109	;'m'
   295  064F  3461               	retlw	97	;'a'
   296  0650  346C               	retlw	108	;'l'
   297  0651  3400               	retlw	0
   298  0652                     STR_9:	
   299  0652  3441               	retlw	65	;'A'
   300  0653  346C               	retlw	108	;'l'
   301  0654  3461               	retlw	97	;'a'
   302  0655  3472               	retlw	114	;'r'
   303  0656  346D               	retlw	109	;'m'
   304  0657  3400               	retlw	0
   305  0658                     STR_8:	
   306  0658  3420               	retlw	32	;' '
   307  0659  3441               	retlw	65	;'A'
   308  065A  3400               	retlw	0
   309  065B                     STR_5:	
   310  065B  3420               	retlw	32	;' '
   311  065C  3456               	retlw	86	;'V'
   312  065D  3400               	retlw	0
   313  065E                     STR_2:	
   314  065E  3421               	retlw	33	;'!'
   315  065F  3400               	retlw	0
   316  0660                     STR_12:	
   317  0660  342A               	retlw	42	;'*'
   318  0661  3400               	retlw	0
   319  0662                     STR_3:	
   320  0662  342E               	retlw	46	;'.'
   321  0663  3400               	retlw	0
   322  0664                     STR_4:	
   323  0664  3430               	retlw	48	;'0'
   324  0665  3400               	retlw	0
   325  0666                     __end_of__stringdata:	
   326                           
   327                           ; #config settings
   328  0000                     
   329                           	psect	cinit
   330  0019                     start_initialization:	
   331  0019                     __initialization:	
   332                           
   333                           ; Clear objects allocated to COMMON
   334  0019  01F9               	clrf	__pbssCOMMON& (0+127)
   335  001A  01FA               	clrf	(__pbssCOMMON+1)& (0+127)
   336                           
   337                           ; Clear objects allocated to BANK0
   338  001B  3047               	movlw	low __pbssBANK0
   339  001C  0084               	movwf	4
   340  001D  3000               	movlw	high __pbssBANK0
   341  001E  0085               	movwf	5
   342  001F  3022               	movlw	34
   343  0020  318F  278D         	fcall	clear_ram0
   344  0022                     end_of_initialization:	
   345                           ;End of C runtime variable initialization code
   346                           
   347  0022                     __end_of__initialization:	
   348  0022  0020               	movlb	0
   349  0023  3182  2AAD         	ljmp	_main	;jump to C main() function
   350                           
   351                           	psect	bssCOMMON
   352  0079                     __pbssCOMMON:	
   353  0079                     _uart_data:	
   354  0079                     	ds	2
   355                           
   356                           	psect	bssBANK0
   357  0047                     __pbssBANK0:	
   358  0047                     _decm:	
   359  0047                     	ds	4
   360  004B                     _fvar:	
   361  004B                     	ds	4
   362  004F                     _tens:	
   363  004F                     	ds	4
   364  0053                     _an8_value:	
   365  0053                     	ds	2
   366  0055                     _an9_value:	
   367  0055                     	ds	2
   368  0057                     _batt_status:	
   369  0057                     	ds	2
   370  0059                     _itxdata:	
   371  0059                     	ds	2
   372  005B                     _tempi:	
   373  005B                     	ds	2
   374  005D                     _vtxdata:	
   375  005D                     	ds	2
   376  005F                     _buf:	
   377  005F                     	ds	10
   378                           
   379                           	psect	clrtext
   380  0F8D                     clear_ram0:	
   381                           ;	Called with FSR0 containing the base address, and
   382                           ;	WREG with the size to clear
   383                           
   384  0F8D  0064               	clrwdt	;clear the watchdog before getting into this loop
   385  0F8E                     clrloop0:	
   386  0F8E  0180               	clrf	0	;clear RAM location pointed to by FSR
   387  0F8F  3101               	addfsr 0,1
   388  0F90  0B89               	decfsz	9,f	;Have we reached the end of clearing yet?
   389  0F91  2F8E               	goto	clrloop0	;have we reached the end yet?
   390  0F92  3400               	retlw	0	;all done for this memory range, return
   391                           
   392                           	psect	cstackCOMMON
   393  0070                     __pcstackCOMMON:	
   394  0070                     ?_ISR:	
   395  0070                     ??_ISR:	
   396                           ; 0 bytes @ 0x0
   397                           
   398  0070                     ?_lcd_strobe:	
   399                           ; 0 bytes @ 0x0
   400                           
   401  0070                     ?_lcd_write:	
   402                           ; 0 bytes @ 0x0
   403                           
   404  0070                     ?_lcd_clear:	
   405                           ; 0 bytes @ 0x0
   406                           
   407  0070                     ?_lcd_goto:	
   408                           ; 0 bytes @ 0x0
   409                           
   410  0070                     ?_lcd_clrline2:	
   411                           ; 0 bytes @ 0x0
   412                           
   413  0070                     ?_blinkLEDfast:	
   414                           ; 0 bytes @ 0x0
   415                           
   416  0070                     ?_blinkLEDslow:	
   417                           ; 0 bytes @ 0x0
   418                           
   419  0070                     ?_serial_init:	
   420                           ; 0 bytes @ 0x0
   421                           
   422  0070                     ?_lcd_init:	
   423                           ; 0 bytes @ 0x0
   424                           
   425  0070                     ?_read_volts:	
   426                           ; 0 bytes @ 0x0
   427                           
   428  0070                     ?_read_current:	
   429                           ; 0 bytes @ 0x0
   430                           
   431  0070                     ?_print_status:	
   432                           ; 0 bytes @ 0x0
   433                           
   434  0070                     ?_read_all:	
   435                           ; 0 bytes @ 0x0
   436                           
   437  0070                     ?_main:	
   438                           ; 0 bytes @ 0x0
   439                           
   440                           
   441                           ; 2 bytes @ 0x0
   442  0070                     	ds	3
   443  0073                     ?_uart_xmit:	
   444  0073                     ??_lcd_strobe:	
   445                           ; 0 bytes @ 0x3
   446                           
   447  0073                     ??_blinkLEDfast:	
   448                           ; 0 bytes @ 0x3
   449                           
   450  0073                     ??_blinkLEDslow:	
   451                           ; 0 bytes @ 0x3
   452                           
   453  0073                     ??___aldiv:	
   454                           ; 0 bytes @ 0x3
   455                           
   456  0073                     ??___almod:	
   457                           ; 0 bytes @ 0x3
   458                           
   459  0073                     ??___lldiv:	
   460                           ; 0 bytes @ 0x3
   461                           
   462  0073                     ??___llmod:	
   463                           ; 0 bytes @ 0x3
   464                           
   465  0073                     ??___lmul:	
   466                           ; 0 bytes @ 0x3
   467                           
   468  0073                     ?_strlen:	
   469                           ; 0 bytes @ 0x3
   470                           
   471  0073                     ?_abs:	
   472                           ; 2 bytes @ 0x3
   473                           
   474  0073                     ?___lwdiv:	
   475                           ; 2 bytes @ 0x3
   476                           
   477  0073                     ?___lwmod:	
   478                           ; 2 bytes @ 0x3
   479                           
   480  0073                     uart_xmit@mydata_byte:	
   481                           ; 2 bytes @ 0x3
   482                           
   483  0073                     abs@a:	
   484                           ; 2 bytes @ 0x3
   485                           
   486  0073                     ___lwdiv@divisor:	
   487                           ; 2 bytes @ 0x3
   488                           
   489  0073                     ___lwmod@divisor:	
   490                           ; 2 bytes @ 0x3
   491                           
   492  0073                     ___lmul@product:	
   493                           ; 2 bytes @ 0x3
   494                           
   495                           
   496                           ; 4 bytes @ 0x3
   497  0073                     	ds	1
   498  0074                     ___almod@counter:	
   499  0074                     ___llmod@counter:	
   500                           ; 1 bytes @ 0x4
   501                           
   502  0074                     ___lldiv@quotient:	
   503                           ; 1 bytes @ 0x4
   504                           
   505                           
   506                           ; 4 bytes @ 0x4
   507  0074                     	ds	1
   508  0075                     ??_strlen:	
   509  0075                     ??_abs:	
   510                           ; 0 bytes @ 0x5
   511                           
   512  0075                     ??_uart_xmit:	
   513                           ; 0 bytes @ 0x5
   514                           
   515  0075                     ??_lcd_write:	
   516                           ; 0 bytes @ 0x5
   517                           
   518  0075                     ??_serial_init:	
   519                           ; 0 bytes @ 0x5
   520                           
   521  0075                     ___almod@sign:	
   522                           ; 0 bytes @ 0x5
   523                           
   524  0075                     ___lwdiv@dividend:	
   525                           ; 1 bytes @ 0x5
   526                           
   527  0075                     ___lwmod@dividend:	
   528                           ; 2 bytes @ 0x5
   529                           
   530                           
   531                           ; 2 bytes @ 0x5
   532  0075                     	ds	1
   533  0076                     lcd_write@c:	
   534                           
   535                           ; 1 bytes @ 0x6
   536  0076                     	ds	1
   537  0077                     ??_lcd_clear:	
   538  0077                     ?_lcd_puts:	
   539                           ; 0 bytes @ 0x7
   540                           
   541  0077                     ??_lcd_goto:	
   542                           ; 0 bytes @ 0x7
   543                           
   544  0077                     ??_lcd_init:	
   545                           ; 0 bytes @ 0x7
   546                           
   547  0077                     ??___lwdiv:	
   548                           ; 0 bytes @ 0x7
   549                           
   550  0077                     ??___lwmod:	
   551                           ; 0 bytes @ 0x7
   552                           
   553  0077                     lcd_goto@pos:	
   554                           ; 0 bytes @ 0x7
   555                           
   556  0077                     lcd_puts@s:	
   557                           ; 1 bytes @ 0x7
   558                           
   559                           
   560                           ; 2 bytes @ 0x7
   561  0077                     	ds	1
   562  0078                     ___lldiv@counter:	
   563  0078                     ___lwmod@counter:	
   564                           ; 1 bytes @ 0x8
   565                           
   566                           
   567                           ; 1 bytes @ 0x8
   568  0078                     	ds	1
   569  0079                     ??_lcd_puts:	
   570  0079                     ??_lcd_clrline2:	
   571                           ; 0 bytes @ 0x9
   572                           
   573  0079                     ??_print_status:	
   574                           ; 0 bytes @ 0x9
   575                           
   576                           
   577                           	psect	cstackBANK0
   578  0020                     __pcstackBANK0:	
   579                           ; 0 bytes @ 0x9
   580                           
   581  0020                     ?___aldiv:	
   582  0020                     ?___almod:	
   583                           ; 4 bytes @ 0x0
   584                           
   585  0020                     ?___lldiv:	
   586                           ; 4 bytes @ 0x0
   587                           
   588  0020                     ?___llmod:	
   589                           ; 4 bytes @ 0x0
   590                           
   591  0020                     ?___lmul:	
   592                           ; 4 bytes @ 0x0
   593                           
   594  0020                     ___lwdiv@counter:	
   595                           ; 4 bytes @ 0x0
   596                           
   597  0020                     strlen@s:	
   598                           ; 1 bytes @ 0x0
   599                           
   600  0020                     ___aldiv@divisor:	
   601                           ; 1 bytes @ 0x0
   602                           
   603  0020                     ___almod@divisor:	
   604                           ; 4 bytes @ 0x0
   605                           
   606  0020                     ___lldiv@divisor:	
   607                           ; 4 bytes @ 0x0
   608                           
   609  0020                     ___llmod@divisor:	
   610                           ; 4 bytes @ 0x0
   611                           
   612  0020                     ___lmul@multiplier:	
   613                           ; 4 bytes @ 0x0
   614                           
   615                           
   616                           ; 4 bytes @ 0x0
   617  0020                     	ds	1
   618  0021                     strlen@cp:	
   619  0021                     ___lwdiv@quotient:	
   620                           ; 1 bytes @ 0x1
   621                           
   622                           
   623                           ; 2 bytes @ 0x1
   624  0021                     	ds	2
   625  0023                     ?_utoa:	
   626  0023                     utoa@val:	
   627                           ; 1 bytes @ 0x3
   628                           
   629                           
   630                           ; 2 bytes @ 0x3
   631  0023                     	ds	1
   632  0024                     ___aldiv@dividend:	
   633  0024                     ___almod@dividend:	
   634                           ; 4 bytes @ 0x4
   635                           
   636  0024                     ___lldiv@dividend:	
   637                           ; 4 bytes @ 0x4
   638                           
   639  0024                     ___llmod@dividend:	
   640                           ; 4 bytes @ 0x4
   641                           
   642  0024                     ___lmul@multiplicand:	
   643                           ; 4 bytes @ 0x4
   644                           
   645                           
   646                           ; 4 bytes @ 0x4
   647  0024                     	ds	1
   648  0025                     utoa@base:	
   649                           
   650                           ; 2 bytes @ 0x5
   651  0025                     	ds	2
   652  0027                     ??_utoa:	
   653                           
   654                           ; 0 bytes @ 0x7
   655  0027                     	ds	1
   656  0028                     ?_ultoa:	
   657  0028                     ___aldiv@counter:	
   658                           ; 1 bytes @ 0x8
   659                           
   660  0028                     utoa@v:	
   661                           ; 1 bytes @ 0x8
   662                           
   663  0028                     ultoa@val:	
   664                           ; 2 bytes @ 0x8
   665                           
   666                           
   667                           ; 4 bytes @ 0x8
   668  0028                     	ds	1
   669  0029                     ___aldiv@sign:	
   670                           
   671                           ; 1 bytes @ 0x9
   672  0029                     	ds	1
   673  002A                     utoa@c:	
   674  002A                     ___aldiv@quotient:	
   675                           ; 1 bytes @ 0xA
   676                           
   677                           
   678                           ; 4 bytes @ 0xA
   679  002A                     	ds	1
   680  002B                     utoa@buf:	
   681                           
   682                           ; 1 bytes @ 0xB
   683  002B                     	ds	1
   684  002C                     ?_itoa:	
   685  002C                     itoa@val:	
   686                           ; 1 bytes @ 0xC
   687                           
   688  002C                     ultoa@base:	
   689                           ; 2 bytes @ 0xC
   690                           
   691                           
   692                           ; 2 bytes @ 0xC
   693  002C                     	ds	2
   694  002E                     ??_ultoa:	
   695  002E                     itoa@base:	
   696                           ; 0 bytes @ 0xE
   697                           
   698                           
   699                           ; 2 bytes @ 0xE
   700  002E                     	ds	1
   701  002F                     ultoa@v:	
   702                           
   703                           ; 4 bytes @ 0xF
   704  002F                     	ds	1
   705  0030                     ??_itoa:	
   706                           
   707                           ; 0 bytes @ 0x10
   708  0030                     	ds	1
   709  0031                     itoa@cp:	
   710                           
   711                           ; 1 bytes @ 0x11
   712  0031                     	ds	1
   713  0032                     itoa@buf:	
   714                           
   715                           ; 1 bytes @ 0x12
   716  0032                     	ds	1
   717  0033                     ultoa@c:	
   718                           
   719                           ; 1 bytes @ 0x13
   720  0033                     	ds	1
   721  0034                     ultoa@buf:	
   722                           
   723                           ; 1 bytes @ 0x14
   724  0034                     	ds	1
   725  0035                     ?_ltoa:	
   726  0035                     ltoa@val:	
   727                           ; 1 bytes @ 0x15
   728                           
   729                           
   730                           ; 4 bytes @ 0x15
   731  0035                     	ds	4
   732  0039                     ltoa@base:	
   733                           
   734                           ; 2 bytes @ 0x19
   735  0039                     	ds	2
   736  003B                     ??_ltoa:	
   737                           
   738                           ; 0 bytes @ 0x1B
   739  003B                     	ds	1
   740  003C                     ltoa@cp:	
   741                           
   742                           ; 1 bytes @ 0x1C
   743  003C                     	ds	1
   744  003D                     ltoa@buf:	
   745                           
   746                           ; 1 bytes @ 0x1D
   747  003D                     	ds	1
   748  003E                     ??_read_volts:	
   749  003E                     ??_read_current:	
   750                           ; 0 bytes @ 0x1E
   751                           
   752                           
   753                           ; 0 bytes @ 0x1E
   754  003E                     	ds	4
   755  0042                     ??_read_all:	
   756                           
   757                           ; 0 bytes @ 0x22
   758  0042                     	ds	2
   759  0044                     ??_main:	
   760                           
   761                           ; 0 bytes @ 0x24
   762  0044                     	ds	3
   763                           
   764                           	psect	maintext
   765  02AD                     __pmaintext:	
   766 ;;
   767 ;;Main: autosize = 0, tempsize = 3, incstack = 0, save=0
   768 ;;
   769 ;; *************** function _main *****************
   770 ;; Defined at:
   771 ;;		line 351 in file "main1.c"
   772 ;; Parameters:    Size  Location     Type
   773 ;;		None
   774 ;; Auto vars:     Size  Location     Type
   775 ;;		None
   776 ;; Return value:  Size  Location     Type
   777 ;;                  2  150[COMMON] int 
   778 ;; Registers used:
   779 ;;		wreg, fsr0l, fsr0h, fsr1l, fsr1h, fsr1l, fsr1h, status,2, status,0, btemp+1, pclath, cstack
   780 ;; Tracked objects:
   781 ;;		On entry : 17F/0
   782 ;;		On exit  : 0/0
   783 ;;		Unchanged: 0/0
   784 ;; Data sizes:     COMMON   BANK0   BANK1   BANK2   BANK3   BANK4   BANK5   BANK6
   785 ;;      Params:         0       0       0       0       0       0       0       0
   786 ;;      Locals:         0       0       0       0       0       0       0       0
   787 ;;      Temps:          0       3       0       0       0       0       0       0
   788 ;;      Totals:         0       3       0       0       0       0       0       0
   789 ;;Total ram usage:        3 bytes
   790 ;; Hardware stack levels required when called:    7
   791 ;; This function calls:
   792 ;;		_lcd_clear
   793 ;;		_lcd_puts
   794 ;;		_blinkLEDfast
   795 ;;		_blinkLEDslow
   796 ;;		_serial_init
   797 ;;		_lcd_init
   798 ;;		_read_volts
   799 ;;		_print_status
   800 ;;		_read_all
   801 ;; This function is called by:
   802 ;;		Startup code after reset
   803 ;; This function uses a non-reentrant model
   804 ;;
   805                           
   806                           
   807                           ;psect for function _main
   808  02AD                     _main:	
   809                           
   810                           ;main1.c: 353: OSCCONbits.IRCF = 0x0d;
   811                           
   812                           ;incstack = 0
   813                           ; Regs used in _main: [allreg]
   814  02AD  0021               	movlb	1	; select bank1
   815  02AE  0819               	movf	25,w	;volatile
   816  02AF  3987               	andlw	-121
   817  02B0  3868               	iorlw	104
   818  02B1  0099               	movwf	25	;volatile
   819                           
   820                           ;main1.c: 354: OSCCONbits.SCS = 0x02;
   821  02B2  0819               	movf	25,w	;volatile
   822  02B3  39FC               	andlw	-4
   823  02B4  3802               	iorlw	2
   824  02B5  0099               	movwf	25	;volatile
   825                           
   826                           ;main1.c: 355: OPTION_REGbits.nWPUEN = 0;
   827  02B6  1395               	bcf	21,7	;volatile
   828                           
   829                           ;main1.c: 357: TRISAbits.TRISA0 = 0;
   830  02B7  100C               	bcf	12,0	;volatile
   831                           
   832                           ;main1.c: 358: TRISAbits.TRISA4 = 0;
   833  02B8  120C               	bcf	12,4	;volatile
   834                           
   835                           ;main1.c: 359: TRISAbits.TRISA5 = 0;
   836  02B9  128C               	bcf	12,5	;volatile
   837                           
   838                           ;main1.c: 361: ANSELA = 0x00;
   839  02BA  0023               	movlb	3	; select bank3
   840  02BB  018C               	clrf	12	;volatile
   841                           
   842                           ;main1.c: 363: TRISBbits.TRISB4 = 0;
   843  02BC  0021               	movlb	1	; select bank1
   844  02BD  120D               	bcf	13,4	;volatile
   845                           
   846                           ;main1.c: 364: TRISBbits.TRISB5 = 1;
   847  02BE  168D               	bsf	13,5	;volatile
   848                           
   849                           ;main1.c: 365: TRISBbits.TRISB6 = 0;
   850  02BF  130D               	bcf	13,6	;volatile
   851                           
   852                           ;main1.c: 366: TRISBbits.TRISB7 = 0;
   853  02C0  138D               	bcf	13,7	;volatile
   854                           
   855                           ;main1.c: 368: ANSELB = 0x00;
   856  02C1  0023               	movlb	3	; select bank3
   857  02C2  018D               	clrf	13	;volatile
   858                           
   859                           ;main1.c: 370: TRISCbits.TRISC0 = 0;
   860  02C3  0021               	movlb	1	; select bank1
   861  02C4  100E               	bcf	14,0	;volatile
   862                           
   863                           ;main1.c: 371: TRISCbits.TRISC1 = 0;
   864  02C5  108E               	bcf	14,1	;volatile
   865                           
   866                           ;main1.c: 372: TRISCbits.TRISC2 = 0;
   867  02C6  110E               	bcf	14,2	;volatile
   868                           
   869                           ;main1.c: 373: TRISCbits.TRISC3 = 0;
   870  02C7  118E               	bcf	14,3	;volatile
   871                           
   872                           ;main1.c: 374: TRISCbits.TRISC6 = 1;
   873  02C8  170E               	bsf	14,6	;volatile
   874                           
   875                           ;main1.c: 375: TRISCbits.TRISC7 = 1;
   876  02C9  178E               	bsf	14,7	;volatile
   877                           
   878                           ;main1.c: 377: ANSELCbits.ANSC6 = 1;
   879  02CA  0023               	movlb	3	; select bank3
   880  02CB  170E               	bsf	14,6	;volatile
   881                           
   882                           ;main1.c: 378: ANSELCbits.ANSC7 = 1;
   883  02CC  178E               	bsf	14,7	;volatile
   884                           
   885                           ;main1.c: 380: LATAbits.LATA0 = 0;
   886  02CD  0022               	movlb	2	; select bank2
   887  02CE  100C               	bcf	12,0	;volatile
   888                           
   889                           ;main1.c: 382: _delay((unsigned long)((250)*(4000000/4000.0)));
   890  02CF  3002               	movlw	2
   891  02D0  0020               	movlb	0	; select bank0
   892  02D1  00C6               	movwf	??_main+2
   893  02D2  3045               	movlw	69
   894  02D3  00C5               	movwf	??_main+1
   895  02D4  30A9               	movlw	169
   896  02D5  00C4               	movwf	??_main
   897  02D6                     u2167:	
   898  02D6  0BC4               	decfsz	??_main,f
   899  02D7  2AD6               	goto	u2167
   900  02D8  0BC5               	decfsz	??_main+1,f
   901  02D9  2AD6               	goto	u2167
   902  02DA  0BC6               	decfsz	??_main+2,f
   903  02DB  2AD6               	goto	u2167
   904  02DC  2ADD               	nop2
   905                           
   906                           ;main1.c: 384: serial_init();
   907  02DD  3186  269D  3182   	fcall	_serial_init
   908                           
   909                           ;main1.c: 386: lcd_init();
   910  02E0  3185  2594  3182   	fcall	_lcd_init
   911                           
   912                           ;main1.c: 388: _delay((unsigned long)((10)*(4000000/4000.0)));
   913  02E3  300D               	movlw	13
   914  02E4  0020               	movlb	0	; select bank0
   915  02E5  00C5               	movwf	??_main+1
   916  02E6  30FB               	movlw	251
   917  02E7  00C4               	movwf	??_main
   918  02E8                     u2177:	
   919  02E8  0BC4               	decfsz	??_main,f
   920  02E9  2AE8               	goto	u2177
   921  02EA  0BC5               	decfsz	??_main+1,f
   922  02EB  2AE8               	goto	u2177
   923  02EC  2AED               	nop2
   924                           
   925                           ;main1.c: 389: lcd_clear();
   926  02ED  318F  27B8  3182   	fcall	_lcd_clear
   927                           
   928                           ;main1.c: 392: lcd_puts("Battery Status");
   929  02F0  303C               	movlw	low (STR_11| (0+32768))
   930  02F1  00F7               	movwf	?_lcd_puts
   931  02F2  3086               	movlw	high (STR_11| (0+32768))
   932  02F3  00F8               	movwf	?_lcd_puts+1
   933  02F4  3187  27C5  3182   	fcall	_lcd_puts
   934                           
   935                           ;main1.c: 394: read_volts();
   936  02F7  3181  2175  3182   	fcall	_read_volts
   937  02FA                     l2209:	
   938                           ;main1.c: 396: while(1)
   939                           
   940                           
   941                           ;main1.c: 397: {
   942                           ;main1.c: 398: uart_data=0;
   943  02FA  01F9               	clrf	_uart_data	;volatile
   944  02FB  01FA               	clrf	_uart_data+1	;volatile
   945                           
   946                           ;main1.c: 399: _delay((unsigned long)((1000)*(4000000/4000.0)));
   947  02FC  3006               	movlw	6
   948  02FD  0020               	movlb	0	; select bank0
   949  02FE  00C6               	movwf	??_main+2
   950  02FF  3013               	movlw	19
   951  0300  00C5               	movwf	??_main+1
   952  0301  30B1               	movlw	177
   953  0302  00C4               	movwf	??_main
   954  0303                     u2187:	
   955  0303  0BC4               	decfsz	??_main,f
   956  0304  2B03               	goto	u2187
   957  0305  0BC5               	decfsz	??_main+1,f
   958  0306  2B03               	goto	u2187
   959  0307  0BC6               	decfsz	??_main+2,f
   960  0308  2B03               	goto	u2187
   961  0309  2B0A               	nop2
   962                           
   963                           ;main1.c: 402: if ( !uart_data )
   964  030A  087A               	movf	_uart_data+1,w	;volatile
   965  030B  0479               	iorwf	_uart_data,w	;volatile
   966  030C  1D03               	skipz
   967  030D  2B11               	goto	l2217
   968                           
   969                           ;main1.c: 403: print_status();
   970  030E  3187  27DC  3182   	fcall	_print_status
   971  0311                     l2217:	
   972                           
   973                           ;main1.c: 405: if ( uart_data )
   974  0311  087A               	movf	_uart_data+1,w	;volatile
   975  0312  0479               	iorwf	_uart_data,w	;volatile
   976  0313  1903               	skipnz
   977  0314  2B18               	goto	l2221
   978                           
   979                           ;main1.c: 406: read_all();
   980  0315  318F  27C8  3182   	fcall	_read_all
   981  0318                     l2221:	
   982                           
   983                           ;main1.c: 409: if ( vtxdata < 41 )
   984  0318  0020               	movlb	0	; select bank0
   985  0319  085E               	movf	_vtxdata+1,w
   986  031A  3A80               	xorlw	128
   987  031B  00FF               	movwf	127
   988  031C  3080               	movlw	128
   989  031D  027F               	subwf	127,w
   990  031E  1D03               	skipz
   991  031F  2B22               	goto	u1635
   992  0320  3029               	movlw	41
   993  0321  025D               	subwf	_vtxdata,w
   994  0322                     u1635:	
   995  0322  1803               	skipnc
   996  0323  2B27               	goto	l2225
   997                           
   998                           ;main1.c: 410: blinkLEDfast();
   999  0324  318F  27D8  3182   	fcall	_blinkLEDfast
  1000  0327                     l2225:	
  1001                           
  1002                           ;main1.c: 411: if ( vtxdata > 40 )
  1003  0327  0020               	movlb	0	; select bank0
  1004  0328  085E               	movf	_vtxdata+1,w
  1005  0329  3A80               	xorlw	128
  1006  032A  00FF               	movwf	127
  1007  032B  3080               	movlw	128
  1008  032C  027F               	subwf	127,w
  1009  032D  1D03               	skipz
  1010  032E  2B31               	goto	u1645
  1011  032F  3029               	movlw	41
  1012  0330  025D               	subwf	_vtxdata,w
  1013  0331                     u1645:	
  1014  0331  1C03               	skipc
  1015  0332  2B36               	goto	l2229
  1016                           
  1017                           ;main1.c: 412: blinkLEDslow();
  1018  0333  318F  27EB  3182   	fcall	_blinkLEDslow
  1019  0336                     l2229:	
  1020                           
  1021                           ;main1.c: 414: if ( uart_data )
  1022  0336  087A               	movf	_uart_data+1,w	;volatile
  1023  0337  0479               	iorwf	_uart_data,w	;volatile
  1024  0338  1903               	skipnz
  1025  0339  2B41               	goto	l2233
  1026                           
  1027                           ;main1.c: 415: lcd_puts("*");
  1028  033A  3060               	movlw	low (STR_12| (0+32768))
  1029  033B  00F7               	movwf	?_lcd_puts
  1030  033C  3086               	movlw	high (STR_12| (0+32768))
  1031  033D  00F8               	movwf	?_lcd_puts+1
  1032  033E  3187  27C5  3182   	fcall	_lcd_puts
  1033  0341                     l2233:	
  1034                           
  1035                           ;main1.c: 416: if ( uart_data )
  1036  0341  087A               	movf	_uart_data+1,w	;volatile
  1037  0342  0479               	iorwf	_uart_data,w	;volatile
  1038  0343  1903               	skipnz
  1039  0344  2AFA               	goto	l2209
  1040                           
  1041                           ;main1.c: 417: _delay((unsigned long)((1000)*(4000000/4000.0)));
  1042  0345  3006               	movlw	6
  1043  0346  0020               	movlb	0	; select bank0
  1044  0347  00C6               	movwf	??_main+2
  1045  0348  3013               	movlw	19
  1046  0349  00C5               	movwf	??_main+1
  1047  034A  30B1               	movlw	177
  1048  034B  00C4               	movwf	??_main
  1049  034C                     u2197:	
  1050  034C  0BC4               	decfsz	??_main,f
  1051  034D  2B4C               	goto	u2197
  1052  034E  0BC5               	decfsz	??_main+1,f
  1053  034F  2B4C               	goto	u2197
  1054  0350  0BC6               	decfsz	??_main+2,f
  1055  0351  2B4C               	goto	u2197
  1056  0352  2B53               	nop2
  1057  0353  2AFA               	goto	l2209
  1058  0354                     __end_of_main:	
  1059                           ;main1.c: 419: }
  1060                           ;main1.c: 420: return (0);
  1061                           ;	Return value of _main is never used
  1062                           
  1063                           
  1064                           	psect	text1
  1065  0FC8                     __ptext1:	
  1066 ;; *************** function _read_all *****************
  1067 ;; Defined at:
  1068 ;;		line 345 in file "main1.c"
  1069 ;; Parameters:    Size  Location     Type
  1070 ;;		None
  1071 ;; Auto vars:     Size  Location     Type
  1072 ;;		None
  1073 ;; Return value:  Size  Location     Type
  1074 ;;		None               void
  1075 ;; Registers used:
  1076 ;;		wreg, fsr0l, fsr0h, fsr1l, fsr1h, fsr1l, fsr1h, status,2, status,0, btemp+1, pclath, cstack
  1077 ;; Tracked objects:
  1078 ;;		On entry : 0/0
  1079 ;;		On exit  : 0/0
  1080 ;;		Unchanged: 0/0
  1081 ;; Data sizes:     COMMON   BANK0   BANK1   BANK2   BANK3   BANK4   BANK5   BANK6
  1082 ;;      Params:         0       0       0       0       0       0       0       0
  1083 ;;      Locals:         0       0       0       0       0       0       0       0
  1084 ;;      Temps:          0       2       0       0       0       0       0       0
  1085 ;;      Totals:         0       2       0       0       0       0       0       0
  1086 ;;Total ram usage:        2 bytes
  1087 ;; Hardware stack levels used:    1
  1088 ;; Hardware stack levels required when called:    6
  1089 ;; This function calls:
  1090 ;;		_read_volts
  1091 ;;		_read_current
  1092 ;; This function is called by:
  1093 ;;		_main
  1094 ;; This function uses a non-reentrant model
  1095 ;;
  1096                           
  1097                           
  1098                           ;psect for function _read_all
  1099  0FC8                     _read_all:	
  1100                           
  1101                           ;main1.c: 346: read_volts();
  1102                           
  1103                           ;incstack = 0
  1104                           ; Regs used in _read_all: [allreg]
  1105  0FC8  3181  2175  318F   	fcall	_read_volts
  1106                           
  1107                           ;main1.c: 347: _delay((unsigned long)((50)*(4000000/4000.0)));
  1108  0FCB  3041               	movlw	65
  1109  0FCC  0020               	movlb	0	; select bank0
  1110  0FCD  00C3               	movwf	??_read_all+1
  1111  0FCE  30EE               	movlw	238
  1112  0FCF  00C2               	movwf	??_read_all
  1113  0FD0                     u2207:	
  1114  0FD0  0BC2               	decfsz	??_read_all,f
  1115  0FD1  2FD0               	goto	u2207
  1116  0FD2  0BC3               	decfsz	??_read_all+1,f
  1117  0FD3  2FD0               	goto	u2207
  1118  0FD4  0000               	nop
  1119                           
  1120                           ;main1.c: 348: read_current();
  1121  0FD5  3180  2025         	fcall	_read_current
  1122  0FD7  0008               	return
  1123  0FD8                     __end_of_read_all:	
  1124                           
  1125                           	psect	text2
  1126  0025                     __ptext2:	
  1127 ;; *************** function _read_current *****************
  1128 ;; Defined at:
  1129 ;;		line 280 in file "main1.c"
  1130 ;; Parameters:    Size  Location     Type
  1131 ;;		None
  1132 ;; Auto vars:     Size  Location     Type
  1133 ;;		None
  1134 ;; Return value:  Size  Location     Type
  1135 ;;		None               void
  1136 ;; Registers used:
  1137 ;;		wreg, fsr0l, fsr0h, fsr1l, fsr1h, status,2, status,0, pclath, cstack
  1138 ;; Tracked objects:
  1139 ;;		On entry : 0/0
  1140 ;;		On exit  : 0/0
  1141 ;;		Unchanged: 0/0
  1142 ;; Data sizes:     COMMON   BANK0   BANK1   BANK2   BANK3   BANK4   BANK5   BANK6
  1143 ;;      Params:         0       0       0       0       0       0       0       0
  1144 ;;      Locals:         0       0       0       0       0       0       0       0
  1145 ;;      Temps:          0       4       0       0       0       0       0       0
  1146 ;;      Totals:         0       4       0       0       0       0       0       0
  1147 ;;Total ram usage:        4 bytes
  1148 ;; Hardware stack levels used:    1
  1149 ;; Hardware stack levels required when called:    4
  1150 ;; This function calls:
  1151 ;;		_uart_xmit
  1152 ;;		_lcd_puts
  1153 ;;		_itoa
  1154 ;;		_ltoa
  1155 ;;		_strlen
  1156 ;;		_abs
  1157 ;;		___aldiv
  1158 ;;		___almod
  1159 ;;		___lmul
  1160 ;; This function is called by:
  1161 ;;		_read_all
  1162 ;; This function uses a non-reentrant model
  1163 ;;
  1164                           
  1165                           
  1166                           ;psect for function _read_current
  1167  0025                     _read_current:	
  1168                           
  1169                           ;main1.c: 281: ADCON0 = 0b00100001;
  1170                           
  1171                           ;incstack = 0
  1172                           ; Regs used in _read_current: [wreg-fsr1h+status,2+status,0+pclath+cstack]
  1173  0025  3021               	movlw	33
  1174  0026  0021               	movlb	1	; select bank1
  1175  0027  009D               	movwf	29	;volatile
  1176                           
  1177                           ;main1.c: 292: ADCON1 = 0b01100000;
  1178  0028  3060               	movlw	96
  1179  0029  009E               	movwf	30	;volatile
  1180                           
  1181                           ;main1.c: 294: _delay((unsigned long)((5)*(4000000/4000000.0)));
  1182  002A  282B               	nop2	;2 cycle nop
  1183  002B  282C               	nop2	;2 cycle nop
  1184  002C  0000               	nop
  1185                           
  1186                           ;main1.c: 295: GO = 1;
  1187  002D  0021               	movlb	1	; select bank1
  1188  002E  149D               	bsf	29,1	;volatile
  1189  002F                     l134:	
  1190                           ;main1.c: 296: while (GO) continue;
  1191                           
  1192  002F  189D               	btfsc	29,1	;volatile
  1193  0030  282F               	goto	l134
  1194                           
  1195                           ;main1.c: 297: an8_value = ADRESH;
  1196  0031  081C               	movf	28,w	;volatile
  1197  0032  0020               	movlb	0	; select bank0
  1198  0033  00BE               	movwf	??_read_current
  1199  0034  01BF               	clrf	??_read_current+1
  1200  0035  083E               	movf	??_read_current,w
  1201  0036  00D3               	movwf	_an8_value
  1202  0037  083F               	movf	??_read_current+1,w
  1203  0038  00D4               	movwf	_an8_value+1
  1204                           
  1205                           ;main1.c: 303: fvar = an8_value;
  1206  0039  0853               	movf	_an8_value,w
  1207  003A  00CB               	movwf	_fvar
  1208  003B  0854               	movf	_an8_value+1,w
  1209  003C  00CC               	movwf	_fvar+1
  1210  003D  0D89               	rlf	9,f
  1211  003E  3B89               	subwfb	9,f
  1212  003F  0989               	comf	9,f
  1213  0040  00CD               	movwf	_fvar+2
  1214  0041  00CE               	movwf	_fvar+3
  1215                           
  1216                           ;main1.c: 304: fvar = fvar * 5172;
  1217  0042  084E               	movf	_fvar+3,w
  1218  0043  00A3               	movwf	?___lmul+3
  1219  0044  084D               	movf	_fvar+2,w
  1220  0045  00A2               	movwf	?___lmul+2
  1221  0046  084C               	movf	_fvar+1,w
  1222  0047  00A1               	movwf	?___lmul+1
  1223  0048  084B               	movf	_fvar,w
  1224  0049  00A0               	movwf	?___lmul
  1225  004A  3000               	movlw	0
  1226  004B  00A7               	movwf	?___lmul+7
  1227  004C  3000               	movlw	0
  1228  004D  00A6               	movwf	?___lmul+6
  1229  004E  3014               	movlw	20
  1230  004F  00A5               	movwf	?___lmul+5
  1231  0050  3034               	movlw	52
  1232  0051  00A4               	movwf	?___lmul+4
  1233  0052  3186  26D2  3180   	fcall	___lmul
  1234  0055  0020               	movlb	0	; select bank0
  1235  0056  0823               	movf	?___lmul+3,w
  1236  0057  00CE               	movwf	_fvar+3
  1237  0058  0822               	movf	?___lmul+2,w
  1238  0059  00CD               	movwf	_fvar+2
  1239  005A  0821               	movf	?___lmul+1,w
  1240  005B  00CC               	movwf	_fvar+1
  1241  005C  0820               	movf	?___lmul,w
  1242  005D  00CB               	movwf	_fvar
  1243                           
  1244                           ;main1.c: 305: fvar = fvar - 656844;
  1245  005E  3034               	movlw	52
  1246  005F  00BE               	movwf	??_read_current
  1247  0060  30FA               	movlw	250
  1248  0061  00BF               	movwf	??_read_current+1
  1249  0062  30F5               	movlw	245
  1250  0063  00C0               	movwf	??_read_current+2
  1251  0064  30FF               	movlw	255
  1252  0065  00C1               	movwf	??_read_current+3
  1253  0066  084B               	movf	_fvar,w
  1254  0067  07BE               	addwf	??_read_current,f
  1255  0068  084C               	movf	_fvar+1,w
  1256  0069  3DBF               	addwfc	??_read_current+1,f
  1257  006A  084D               	movf	_fvar+2,w
  1258  006B  3DC0               	addwfc	??_read_current+2,f
  1259  006C  084E               	movf	_fvar+3,w
  1260  006D  3DC1               	addwfc	??_read_current+3,f
  1261  006E  0841               	movf	??_read_current+3,w
  1262  006F  00CE               	movwf	_fvar+3
  1263  0070  0840               	movf	??_read_current+2,w
  1264  0071  00CD               	movwf	_fvar+2
  1265  0072  083F               	movf	??_read_current+1,w
  1266  0073  00CC               	movwf	_fvar+1
  1267  0074  083E               	movf	??_read_current,w
  1268  0075  00CB               	movwf	_fvar
  1269                           
  1270                           ;main1.c: 306: fvar = fvar / 256;
  1271  0076  3000               	movlw	0
  1272  0077  00A3               	movwf	?___aldiv+3
  1273  0078  3000               	movlw	0
  1274  0079  00A2               	movwf	?___aldiv+2
  1275  007A  3001               	movlw	1
  1276  007B  00A1               	movwf	?___aldiv+1
  1277  007C  3000               	movlw	0
  1278  007D  00A0               	movwf	?___aldiv
  1279  007E  084E               	movf	_fvar+3,w
  1280  007F  00A7               	movwf	?___aldiv+7
  1281  0080  084D               	movf	_fvar+2,w
  1282  0081  00A6               	movwf	?___aldiv+6
  1283  0082  084C               	movf	_fvar+1,w
  1284  0083  00A5               	movwf	?___aldiv+5
  1285  0084  084B               	movf	_fvar,w
  1286  0085  00A4               	movwf	?___aldiv+4
  1287  0086  3183  23DD  3180   	fcall	___aldiv
  1288  0089  0020               	movlb	0	; select bank0
  1289  008A  0823               	movf	?___aldiv+3,w
  1290  008B  00CE               	movwf	_fvar+3
  1291  008C  0822               	movf	?___aldiv+2,w
  1292  008D  00CD               	movwf	_fvar+2
  1293  008E  0821               	movf	?___aldiv+1,w
  1294  008F  00CC               	movwf	_fvar+1
  1295  0090  0820               	movf	?___aldiv,w
  1296  0091  00CB               	movwf	_fvar
  1297                           
  1298                           ;main1.c: 307: tens = fvar / 100;
  1299  0092  3000               	movlw	0
  1300  0093  00A3               	movwf	?___aldiv+3
  1301  0094  3000               	movlw	0
  1302  0095  00A2               	movwf	?___aldiv+2
  1303  0096  3000               	movlw	0
  1304  0097  00A1               	movwf	?___aldiv+1
  1305  0098  3064               	movlw	100
  1306  0099  00A0               	movwf	?___aldiv
  1307  009A  084E               	movf	_fvar+3,w
  1308  009B  00A7               	movwf	?___aldiv+7
  1309  009C  084D               	movf	_fvar+2,w
  1310  009D  00A6               	movwf	?___aldiv+6
  1311  009E  084C               	movf	_fvar+1,w
  1312  009F  00A5               	movwf	?___aldiv+5
  1313  00A0  084B               	movf	_fvar,w
  1314  00A1  00A4               	movwf	?___aldiv+4
  1315  00A2  3183  23DD  3180   	fcall	___aldiv
  1316  00A5  0020               	movlb	0	; select bank0
  1317  00A6  0823               	movf	?___aldiv+3,w
  1318  00A7  00D2               	movwf	_tens+3
  1319  00A8  0822               	movf	?___aldiv+2,w
  1320  00A9  00D1               	movwf	_tens+2
  1321  00AA  0821               	movf	?___aldiv+1,w
  1322  00AB  00D0               	movwf	_tens+1
  1323  00AC  0820               	movf	?___aldiv,w
  1324  00AD  00CF               	movwf	_tens
  1325                           
  1326                           ;main1.c: 309: decm = fvar % 100;
  1327  00AE  3000               	movlw	0
  1328  00AF  00A3               	movwf	?___almod+3
  1329  00B0  3000               	movlw	0
  1330  00B1  00A2               	movwf	?___almod+2
  1331  00B2  3000               	movlw	0
  1332  00B3  00A1               	movwf	?___almod+1
  1333  00B4  3064               	movlw	100
  1334  00B5  00A0               	movwf	?___almod
  1335  00B6  084E               	movf	_fvar+3,w
  1336  00B7  00A7               	movwf	?___almod+7
  1337  00B8  084D               	movf	_fvar+2,w
  1338  00B9  00A6               	movwf	?___almod+6
  1339  00BA  084C               	movf	_fvar+1,w
  1340  00BB  00A5               	movwf	?___almod+5
  1341  00BC  084B               	movf	_fvar,w
  1342  00BD  00A4               	movwf	?___almod+4
  1343  00BE  3184  24D3  3180   	fcall	___almod
  1344  00C1  0020               	movlb	0	; select bank0
  1345  00C2  0823               	movf	?___almod+3,w
  1346  00C3  00CA               	movwf	_decm+3
  1347  00C4  0822               	movf	?___almod+2,w
  1348  00C5  00C9               	movwf	_decm+2
  1349  00C6  0821               	movf	?___almod+1,w
  1350  00C7  00C8               	movwf	_decm+1
  1351  00C8  0820               	movf	?___almod,w
  1352  00C9  00C7               	movwf	_decm
  1353                           
  1354                           ;main1.c: 310: itxdata = fvar / 25;
  1355  00CA  3000               	movlw	0
  1356  00CB  00A3               	movwf	?___aldiv+3
  1357  00CC  3000               	movlw	0
  1358  00CD  00A2               	movwf	?___aldiv+2
  1359  00CE  3000               	movlw	0
  1360  00CF  00A1               	movwf	?___aldiv+1
  1361  00D0  3019               	movlw	25
  1362  00D1  00A0               	movwf	?___aldiv
  1363  00D2  084E               	movf	_fvar+3,w
  1364  00D3  00A7               	movwf	?___aldiv+7
  1365  00D4  084D               	movf	_fvar+2,w
  1366  00D5  00A6               	movwf	?___aldiv+6
  1367  00D6  084C               	movf	_fvar+1,w
  1368  00D7  00A5               	movwf	?___aldiv+5
  1369  00D8  084B               	movf	_fvar,w
  1370  00D9  00A4               	movwf	?___aldiv+4
  1371  00DA  3183  23DD  3180   	fcall	___aldiv
  1372  00DD  0020               	movlb	0	; select bank0
  1373  00DE  0821               	movf	?___aldiv+1,w
  1374  00DF  01DA               	clrf	_itxdata+1
  1375  00E0  07DA               	addwf	_itxdata+1,f
  1376  00E1  0820               	movf	?___aldiv,w
  1377  00E2  01D9               	clrf	_itxdata
  1378  00E3  07D9               	addwf	_itxdata,f
  1379                           
  1380                           ;main1.c: 311: uart_xmit('i');
  1381  00E4  3069               	movlw	105
  1382  00E5  00F3               	movwf	?_uart_xmit
  1383  00E6  3000               	movlw	0
  1384  00E7  00F4               	movwf	?_uart_xmit+1
  1385  00E8  318F  2787  3180   	fcall	_uart_xmit
  1386                           
  1387                           ;main1.c: 312: uart_xmit(itxdata);
  1388  00EB  0020               	movlb	0	; select bank0
  1389  00EC  085A               	movf	_itxdata+1,w
  1390  00ED  01F4               	clrf	?_uart_xmit+1
  1391  00EE  07F4               	addwf	?_uart_xmit+1,f
  1392  00EF  0859               	movf	_itxdata,w
  1393  00F0  01F3               	clrf	?_uart_xmit
  1394  00F1  07F3               	addwf	?_uart_xmit,f
  1395  00F2  318F  2787  3180   	fcall	_uart_xmit
  1396                           
  1397                           ;main1.c: 313: uart_xmit('.');
  1398  00F5  302E               	movlw	46
  1399  00F6  00F3               	movwf	?_uart_xmit
  1400  00F7  3000               	movlw	0
  1401  00F8  00F4               	movwf	?_uart_xmit+1
  1402  00F9  318F  2787  3180   	fcall	_uart_xmit
  1403                           
  1404                           ;main1.c: 316: itoa(buf,tens,10);
  1405  00FC  0020               	movlb	0	; select bank0
  1406  00FD  0850               	movf	_tens+1,w
  1407  00FE  01AD               	clrf	?_itoa+1
  1408  00FF  07AD               	addwf	?_itoa+1,f
  1409  0100  084F               	movf	_tens,w
  1410  0101  01AC               	clrf	?_itoa
  1411  0102  07AC               	addwf	?_itoa,f
  1412  0103  300A               	movlw	10
  1413  0104  00AE               	movwf	?_itoa+2
  1414  0105  3000               	movlw	0
  1415  0106  00AF               	movwf	?_itoa+3
  1416  0107  305F               	movlw	_buf& (0+255)
  1417  0108  3187  2760  3180   	fcall	_itoa
  1418                           
  1419                           ;main1.c: 317: lcd_puts(buf);
  1420  010B  305F               	movlw	low _buf
  1421  010C  00F7               	movwf	?_lcd_puts
  1422  010D  3000               	movlw	high _buf
  1423  010E  00F8               	movwf	?_lcd_puts+1
  1424  010F  3187  27C5  3180   	fcall	_lcd_puts
  1425                           
  1426                           ;main1.c: 318: lcd_puts(".");
  1427  0112  3062               	movlw	low (STR_3| (0+32768))
  1428  0113  00F7               	movwf	?_lcd_puts
  1429  0114  3086               	movlw	high (STR_3| (0+32768))
  1430  0115  00F8               	movwf	?_lcd_puts+1
  1431  0116  3187  27C5  3180   	fcall	_lcd_puts
  1432                           
  1433                           ;main1.c: 319: decm=abs(decm);
  1434  0119  0020               	movlb	0	; select bank0
  1435  011A  0848               	movf	_decm+1,w
  1436  011B  01F4               	clrf	?_abs+1
  1437  011C  07F4               	addwf	?_abs+1,f
  1438  011D  0847               	movf	_decm,w
  1439  011E  01F3               	clrf	?_abs
  1440  011F  07F3               	addwf	?_abs,f
  1441  0120  3187  27F2  3180   	fcall	_abs
  1442  0123  0873               	movf	?_abs,w
  1443  0124  0020               	movlb	0	; select bank0
  1444  0125  00C7               	movwf	_decm
  1445  0126  0874               	movf	?_abs+1,w
  1446  0127  00C8               	movwf	_decm+1
  1447  0128  0D89               	rlf	9,f
  1448  0129  3B89               	subwfb	9,f
  1449  012A  0989               	comf	9,f
  1450  012B  00C9               	movwf	_decm+2
  1451  012C  00CA               	movwf	_decm+3
  1452                           
  1453                           ;main1.c: 321: ltoa(buf,decm,10);
  1454  012D  084A               	movf	_decm+3,w
  1455  012E  00B8               	movwf	?_ltoa+3
  1456  012F  0849               	movf	_decm+2,w
  1457  0130  00B7               	movwf	?_ltoa+2
  1458  0131  0848               	movf	_decm+1,w
  1459  0132  00B6               	movwf	?_ltoa+1
  1460  0133  0847               	movf	_decm,w
  1461  0134  00B5               	movwf	?_ltoa
  1462  0135  300A               	movlw	10
  1463  0136  00B9               	movwf	?_ltoa+4
  1464  0137  3000               	movlw	0
  1465  0138  00BA               	movwf	?_ltoa+5
  1466  0139  305F               	movlw	_buf& (0+255)
  1467  013A  3187  2702  3180   	fcall	_ltoa
  1468                           
  1469                           ;main1.c: 323: tempi=strlen(buf);
  1470  013D  305F               	movlw	_buf& (0+255)
  1471  013E  3187  2788  3180   	fcall	_strlen
  1472  0141  0874               	movf	?_strlen+1,w
  1473  0142  0020               	movlb	0	; select bank0
  1474  0143  01DC               	clrf	_tempi+1
  1475  0144  07DC               	addwf	_tempi+1,f
  1476  0145  0873               	movf	?_strlen,w
  1477  0146  01DB               	clrf	_tempi
  1478  0147  07DB               	addwf	_tempi,f
  1479                           
  1480                           ;main1.c: 324: tempi=2-tempi;
  1481  0148  095B               	comf	_tempi,w
  1482  0149  00BE               	movwf	??_read_current
  1483  014A  095C               	comf	_tempi+1,w
  1484  014B  00BF               	movwf	??_read_current+1
  1485  014C  0ABE               	incf	??_read_current,f
  1486  014D  1903               	skipnz
  1487  014E  0ABF               	incf	??_read_current+1,f
  1488  014F  083E               	movf	??_read_current,w
  1489  0150  3E02               	addlw	2
  1490  0151  00DB               	movwf	_tempi
  1491  0152  3000               	movlw	0
  1492  0153  3D3F               	addwfc	??_read_current+1,w
  1493  0154                     L1:	
  1494  0154  00DC               	movwf	_tempi+1
  1495  0155  085C               	movf	_tempi+1,w
  1496  0156  045B               	iorwf	_tempi,w
  1497  0157  1903               	btfsc	3,2
  1498  0158  2967               	goto	l2147
  1499                           
  1500                           ;main1.c: 326: {
  1501                           ;main1.c: 327: lcd_puts("0");
  1502                           
  1503                           ;main1.c: 325: while (tempi)
  1504  0159  3064               	movlw	low (STR_4| (0+32768))
  1505  015A  00F7               	movwf	?_lcd_puts
  1506  015B  3086               	movlw	high (STR_4| (0+32768))
  1507  015C  00F8               	movwf	?_lcd_puts+1
  1508  015D  3187  27C5  3180   	fcall	_lcd_puts
  1509                           
  1510                           ;main1.c: 328: tempi=tempi-1;
  1511  0160  0020               	movlb	0	; select bank0
  1512  0161  085B               	movf	_tempi,w
  1513  0162  3EFF               	addlw	255
  1514  0163  00DB               	movwf	_tempi
  1515  0164  30FF               	movlw	255
  1516  0165  3D5C               	addwfc	_tempi+1,w
  1517  0166  2954               	goto	L1
  1518  0167                     l2147:	
  1519                           
  1520                           ;main1.c: 329: }
  1521                           ;main1.c: 330: lcd_puts(buf);
  1522  0167  305F               	movlw	low _buf
  1523  0168  00F7               	movwf	?_lcd_puts
  1524  0169  3000               	movlw	high _buf
  1525  016A  00F8               	movwf	?_lcd_puts+1
  1526  016B  3187  27C5  3180   	fcall	_lcd_puts
  1527                           
  1528                           ;main1.c: 331: lcd_puts(" A");
  1529  016E  3058               	movlw	low (STR_8| (0+32768))
  1530  016F  00F7               	movwf	?_lcd_puts
  1531  0170  3086               	movlw	high (STR_8| (0+32768))
  1532  0171  00F8               	movwf	?_lcd_puts+1
  1533  0172  3187  27C5         	fcall	_lcd_puts
  1534  0174  0008               	return
  1535  0175                     __end_of_read_current:	
  1536                           
  1537                           	psect	text3
  1538  07F2                     __ptext3:	
  1539 ;; *************** function _abs *****************
  1540 ;; Defined at:
  1541 ;;		line 5 in file "C:\Program Files\Microchip\xc8\v1.21\sources\common\abs.c"
  1542 ;; Parameters:    Size  Location     Type
  1543 ;;  a               2    3[COMMON] int 
  1544 ;; Auto vars:     Size  Location     Type
  1545 ;;		None
  1546 ;; Return value:  Size  Location     Type
  1547 ;;                  2    3[COMMON] int 
  1548 ;; Registers used:
  1549 ;;		wreg, status,2, status,0
  1550 ;; Tracked objects:
  1551 ;;		On entry : 0/0
  1552 ;;		On exit  : 0/0
  1553 ;;		Unchanged: 0/0
  1554 ;; Data sizes:     COMMON   BANK0   BANK1   BANK2   BANK3   BANK4   BANK5   BANK6
  1555 ;;      Params:         2       0       0       0       0       0       0       0
  1556 ;;      Locals:         0       0       0       0       0       0       0       0
  1557 ;;      Temps:          2       0       0       0       0       0       0       0
  1558 ;;      Totals:         4       0       0       0       0       0       0       0
  1559 ;;Total ram usage:        4 bytes
  1560 ;; Hardware stack levels used:    1
  1561 ;; Hardware stack levels required when called:    1
  1562 ;; This function calls:
  1563 ;;		Nothing
  1564 ;; This function is called by:
  1565 ;;		_read_current
  1566 ;; This function uses a non-reentrant model
  1567 ;;
  1568                           
  1569                           
  1570                           ;psect for function _abs
  1571  07F2                     _abs:	
  1572                           
  1573                           ;incstack = 0
  1574                           ; Regs used in _abs: [wreg+status,2+status,0]
  1575  07F2  1FF4               	btfss	abs@a+1,7
  1576  07F3  0008               	return
  1577  07F4  0973               	comf	abs@a,w
  1578  07F5  00F5               	movwf	??_abs
  1579  07F6  0974               	comf	abs@a+1,w
  1580  07F7  00F6               	movwf	??_abs+1
  1581  07F8  0AF5               	incf	??_abs,f
  1582  07F9  1903               	skipnz
  1583  07FA  0AF6               	incf	??_abs+1,f
  1584  07FB  0875               	movf	??_abs,w
  1585  07FC  00F3               	movwf	?_abs
  1586  07FD  0876               	movf	??_abs+1,w
  1587  07FE  00F4               	movwf	?_abs+1
  1588  07FF  0008               	return
  1589  0800                     __end_of_abs:	
  1590                           
  1591                           	psect	text4
  1592  0175                     __ptext4:	
  1593 ;; *************** function _read_volts *****************
  1594 ;; Defined at:
  1595 ;;		line 221 in file "main1.c"
  1596 ;; Parameters:    Size  Location     Type
  1597 ;;		None
  1598 ;; Auto vars:     Size  Location     Type
  1599 ;;		None
  1600 ;; Return value:  Size  Location     Type
  1601 ;;		None               void
  1602 ;; Registers used:
  1603 ;;		wreg, fsr0l, fsr0h, fsr1l, fsr1h, fsr1l, fsr1h, status,2, status,0, btemp+1, pclath, cstack
  1604 ;; Tracked objects:
  1605 ;;		On entry : 0/0
  1606 ;;		On exit  : 0/0
  1607 ;;		Unchanged: 0/0
  1608 ;; Data sizes:     COMMON   BANK0   BANK1   BANK2   BANK3   BANK4   BANK5   BANK6
  1609 ;;      Params:         0       0       0       0       0       0       0       0
  1610 ;;      Locals:         0       0       0       0       0       0       0       0
  1611 ;;      Temps:          0       2       0       0       0       0       0       0
  1612 ;;      Totals:         0       2       0       0       0       0       0       0
  1613 ;;Total ram usage:        2 bytes
  1614 ;; Hardware stack levels used:    1
  1615 ;; Hardware stack levels required when called:    5
  1616 ;; This function calls:
  1617 ;;		_uart_xmit
  1618 ;;		_lcd_puts
  1619 ;;		_lcd_clrline2
  1620 ;;		_itoa
  1621 ;;		_ltoa
  1622 ;;		_strlen
  1623 ;;		___aldiv
  1624 ;;		___almod
  1625 ;;		___lmul
  1626 ;; This function is called by:
  1627 ;;		_read_all
  1628 ;;		_main
  1629 ;; This function uses a non-reentrant model
  1630 ;;
  1631                           
  1632                           
  1633                           ;psect for function _read_volts
  1634  0175                     _read_volts:	
  1635                           
  1636                           ;main1.c: 222: lcd_clrline2();
  1637                           
  1638                           ;incstack = 0
  1639                           ; Regs used in _read_volts: [allreg]
  1640  0175  318F  27A9  3181   	fcall	_lcd_clrline2
  1641                           
  1642                           ;main1.c: 224: if ( uart_data && batt_status)
  1643  0178  087A               	movf	_uart_data+1,w	;volatile
  1644  0179  0479               	iorwf	_uart_data,w	;volatile
  1645  017A  1903               	skipnz
  1646  017B  2988               	goto	l2035
  1647  017C  0020               	movlb	0	; select bank0
  1648  017D  0858               	movf	_batt_status+1,w
  1649  017E  0457               	iorwf	_batt_status,w
  1650  017F  1903               	skipnz
  1651  0180  2988               	goto	l2035
  1652                           
  1653                           ;main1.c: 225: lcd_puts("!");
  1654  0181  305E               	movlw	low (STR_2| (0+32768))
  1655  0182  00F7               	movwf	?_lcd_puts
  1656  0183  3086               	movlw	high (STR_2| (0+32768))
  1657  0184  00F8               	movwf	?_lcd_puts+1
  1658  0185  3187  27C5  3181   	fcall	_lcd_puts
  1659  0188                     l2035:	
  1660                           
  1661                           ;main1.c: 228: ADCON0 = 0b00100101;
  1662  0188  3025               	movlw	37
  1663  0189  0021               	movlb	1	; select bank1
  1664  018A  009D               	movwf	29	;volatile
  1665                           
  1666                           ;main1.c: 239: ADCON1 = 0b01100000;
  1667  018B  3060               	movlw	96
  1668  018C  009E               	movwf	30	;volatile
  1669                           
  1670                           ;main1.c: 241: _delay((unsigned long)((5)*(4000000/4000000.0)));
  1671  018D  298E               	nop2	;2 cycle nop
  1672  018E  298F               	nop2	;2 cycle nop
  1673  018F  0000               	nop
  1674                           
  1675                           ;main1.c: 242: GO = 1;
  1676  0190  0021               	movlb	1	; select bank1
  1677  0191  149D               	bsf	29,1	;volatile
  1678  0192                     l125:	
  1679                           ;main1.c: 243: while (GO) continue;
  1680                           
  1681  0192  189D               	btfsc	29,1	;volatile
  1682  0193  2992               	goto	l125
  1683                           
  1684                           ;main1.c: 244: an9_value = ADRESH;
  1685  0194  081C               	movf	28,w	;volatile
  1686  0195  0020               	movlb	0	; select bank0
  1687  0196  00BE               	movwf	??_read_volts
  1688  0197  01BF               	clrf	??_read_volts+1
  1689  0198  083E               	movf	??_read_volts,w
  1690  0199  00D5               	movwf	_an9_value
  1691  019A  083F               	movf	??_read_volts+1,w
  1692  019B  00D6               	movwf	_an9_value+1
  1693                           
  1694                           ;main1.c: 250: fvar = an9_value;
  1695  019C  0855               	movf	_an9_value,w
  1696  019D  00CB               	movwf	_fvar
  1697  019E  0856               	movf	_an9_value+1,w
  1698  019F  00CC               	movwf	_fvar+1
  1699  01A0  0D89               	rlf	9,f
  1700  01A1  3B89               	subwfb	9,f
  1701  01A2  0989               	comf	9,f
  1702  01A3  00CD               	movwf	_fvar+2
  1703  01A4  00CE               	movwf	_fvar+3
  1704                           
  1705                           ;main1.c: 251: fvar = fvar * 10749;
  1706  01A5  084E               	movf	_fvar+3,w
  1707  01A6  00A3               	movwf	?___lmul+3
  1708  01A7  084D               	movf	_fvar+2,w
  1709  01A8  00A2               	movwf	?___lmul+2
  1710  01A9  084C               	movf	_fvar+1,w
  1711  01AA  00A1               	movwf	?___lmul+1
  1712  01AB  084B               	movf	_fvar,w
  1713  01AC  00A0               	movwf	?___lmul
  1714  01AD  3000               	movlw	0
  1715  01AE  00A7               	movwf	?___lmul+7
  1716  01AF  3000               	movlw	0
  1717  01B0  00A6               	movwf	?___lmul+6
  1718  01B1  3029               	movlw	41
  1719  01B2  00A5               	movwf	?___lmul+5
  1720  01B3  30FD               	movlw	253
  1721  01B4  00A4               	movwf	?___lmul+4
  1722  01B5  3186  26D2  3181   	fcall	___lmul
  1723  01B8  0020               	movlb	0	; select bank0
  1724  01B9  0823               	movf	?___lmul+3,w
  1725  01BA  00CE               	movwf	_fvar+3
  1726  01BB  0822               	movf	?___lmul+2,w
  1727  01BC  00CD               	movwf	_fvar+2
  1728  01BD  0821               	movf	?___lmul+1,w
  1729  01BE  00CC               	movwf	_fvar+1
  1730  01BF  0820               	movf	?___lmul,w
  1731  01C0  00CB               	movwf	_fvar
  1732                           
  1733                           ;main1.c: 252: fvar = fvar / 256;
  1734  01C1  3000               	movlw	0
  1735  01C2  00A3               	movwf	?___aldiv+3
  1736  01C3  3000               	movlw	0
  1737  01C4  00A2               	movwf	?___aldiv+2
  1738  01C5  3001               	movlw	1
  1739  01C6  00A1               	movwf	?___aldiv+1
  1740  01C7  3000               	movlw	0
  1741  01C8  00A0               	movwf	?___aldiv
  1742  01C9  084E               	movf	_fvar+3,w
  1743  01CA  00A7               	movwf	?___aldiv+7
  1744  01CB  084D               	movf	_fvar+2,w
  1745  01CC  00A6               	movwf	?___aldiv+6
  1746  01CD  084C               	movf	_fvar+1,w
  1747  01CE  00A5               	movwf	?___aldiv+5
  1748  01CF  084B               	movf	_fvar,w
  1749  01D0  00A4               	movwf	?___aldiv+4
  1750  01D1  3183  23DD  3181   	fcall	___aldiv
  1751  01D4  0020               	movlb	0	; select bank0
  1752  01D5  0823               	movf	?___aldiv+3,w
  1753  01D6  00CE               	movwf	_fvar+3
  1754  01D7  0822               	movf	?___aldiv+2,w
  1755  01D8  00CD               	movwf	_fvar+2
  1756  01D9  0821               	movf	?___aldiv+1,w
  1757  01DA  00CC               	movwf	_fvar+1
  1758  01DB  0820               	movf	?___aldiv,w
  1759  01DC  00CB               	movwf	_fvar
  1760                           
  1761                           ;main1.c: 253: tens = fvar / 100;
  1762  01DD  3000               	movlw	0
  1763  01DE  00A3               	movwf	?___aldiv+3
  1764  01DF  3000               	movlw	0
  1765  01E0  00A2               	movwf	?___aldiv+2
  1766  01E1  3000               	movlw	0
  1767  01E2  00A1               	movwf	?___aldiv+1
  1768  01E3  3064               	movlw	100
  1769  01E4  00A0               	movwf	?___aldiv
  1770  01E5  084E               	movf	_fvar+3,w
  1771  01E6  00A7               	movwf	?___aldiv+7
  1772  01E7  084D               	movf	_fvar+2,w
  1773  01E8  00A6               	movwf	?___aldiv+6
  1774  01E9  084C               	movf	_fvar+1,w
  1775  01EA  00A5               	movwf	?___aldiv+5
  1776  01EB  084B               	movf	_fvar,w
  1777  01EC  00A4               	movwf	?___aldiv+4
  1778  01ED  3183  23DD  3181   	fcall	___aldiv
  1779  01F0  0020               	movlb	0	; select bank0
  1780  01F1  0823               	movf	?___aldiv+3,w
  1781  01F2  00D2               	movwf	_tens+3
  1782  01F3  0822               	movf	?___aldiv+2,w
  1783  01F4  00D1               	movwf	_tens+2
  1784  01F5  0821               	movf	?___aldiv+1,w
  1785  01F6  00D0               	movwf	_tens+1
  1786  01F7  0820               	movf	?___aldiv,w
  1787  01F8  00CF               	movwf	_tens
  1788                           
  1789                           ;main1.c: 255: decm = fvar % 100;
  1790  01F9  3000               	movlw	0
  1791  01FA  00A3               	movwf	?___almod+3
  1792  01FB  3000               	movlw	0
  1793  01FC  00A2               	movwf	?___almod+2
  1794  01FD  3000               	movlw	0
  1795  01FE  00A1               	movwf	?___almod+1
  1796  01FF  3064               	movlw	100
  1797  0200  00A0               	movwf	?___almod
  1798  0201  084E               	movf	_fvar+3,w
  1799  0202  00A7               	movwf	?___almod+7
  1800  0203  084D               	movf	_fvar+2,w
  1801  0204  00A6               	movwf	?___almod+6
  1802  0205  084C               	movf	_fvar+1,w
  1803  0206  00A5               	movwf	?___almod+5
  1804  0207  084B               	movf	_fvar,w
  1805  0208  00A4               	movwf	?___almod+4
  1806  0209  3184  24D3  3181   	fcall	___almod
  1807  020C  0020               	movlb	0	; select bank0
  1808  020D  0823               	movf	?___almod+3,w
  1809  020E  00CA               	movwf	_decm+3
  1810  020F  0822               	movf	?___almod+2,w
  1811  0210  00C9               	movwf	_decm+2
  1812  0211  0821               	movf	?___almod+1,w
  1813  0212  00C8               	movwf	_decm+1
  1814  0213  0820               	movf	?___almod,w
  1815  0214  00C7               	movwf	_decm
  1816                           
  1817                           ;main1.c: 256: vtxdata = fvar / 100;
  1818  0215  3000               	movlw	0
  1819  0216  00A3               	movwf	?___aldiv+3
  1820  0217  3000               	movlw	0
  1821  0218  00A2               	movwf	?___aldiv+2
  1822  0219  3000               	movlw	0
  1823  021A  00A1               	movwf	?___aldiv+1
  1824  021B  3064               	movlw	100
  1825  021C  00A0               	movwf	?___aldiv
  1826  021D  084E               	movf	_fvar+3,w
  1827  021E  00A7               	movwf	?___aldiv+7
  1828  021F  084D               	movf	_fvar+2,w
  1829  0220  00A6               	movwf	?___aldiv+6
  1830  0221  084C               	movf	_fvar+1,w
  1831  0222  00A5               	movwf	?___aldiv+5
  1832  0223  084B               	movf	_fvar,w
  1833  0224  00A4               	movwf	?___aldiv+4
  1834  0225  3183  23DD  3181   	fcall	___aldiv
  1835  0228  0020               	movlb	0	; select bank0
  1836  0229  0821               	movf	?___aldiv+1,w
  1837  022A  01DE               	clrf	_vtxdata+1
  1838  022B  07DE               	addwf	_vtxdata+1,f
  1839  022C  0820               	movf	?___aldiv,w
  1840  022D  01DD               	clrf	_vtxdata
  1841  022E  07DD               	addwf	_vtxdata,f
  1842                           
  1843                           ;main1.c: 257: uart_xmit('v');
  1844  022F  3076               	movlw	118
  1845  0230  00F3               	movwf	?_uart_xmit
  1846  0231  3000               	movlw	0
  1847  0232  00F4               	movwf	?_uart_xmit+1
  1848  0233  318F  2787  3181   	fcall	_uart_xmit
  1849                           
  1850                           ;main1.c: 258: uart_xmit(vtxdata);
  1851  0236  0020               	movlb	0	; select bank0
  1852  0237  085E               	movf	_vtxdata+1,w
  1853  0238  01F4               	clrf	?_uart_xmit+1
  1854  0239  07F4               	addwf	?_uart_xmit+1,f
  1855  023A  085D               	movf	_vtxdata,w
  1856  023B  01F3               	clrf	?_uart_xmit
  1857  023C  07F3               	addwf	?_uart_xmit,f
  1858  023D  318F  2787  3181   	fcall	_uart_xmit
  1859                           
  1860                           ;main1.c: 259: uart_xmit('.');
  1861  0240  302E               	movlw	46
  1862  0241  00F3               	movwf	?_uart_xmit
  1863  0242  3000               	movlw	0
  1864  0243  00F4               	movwf	?_uart_xmit+1
  1865  0244  318F  2787  3181   	fcall	_uart_xmit
  1866                           
  1867                           ;main1.c: 262: itoa(buf,tens,10);
  1868  0247  0020               	movlb	0	; select bank0
  1869  0248  0850               	movf	_tens+1,w
  1870  0249  01AD               	clrf	?_itoa+1
  1871  024A  07AD               	addwf	?_itoa+1,f
  1872  024B  084F               	movf	_tens,w
  1873  024C  01AC               	clrf	?_itoa
  1874  024D  07AC               	addwf	?_itoa,f
  1875  024E  300A               	movlw	10
  1876  024F  00AE               	movwf	?_itoa+2
  1877  0250  3000               	movlw	0
  1878  0251  00AF               	movwf	?_itoa+3
  1879  0252  305F               	movlw	_buf& (0+255)
  1880  0253  3187  2760  3181   	fcall	_itoa
  1881                           
  1882                           ;main1.c: 263: lcd_puts(buf);
  1883  0256  305F               	movlw	low _buf
  1884  0257  00F7               	movwf	?_lcd_puts
  1885  0258  3000               	movlw	high _buf
  1886  0259  00F8               	movwf	?_lcd_puts+1
  1887  025A  3187  27C5  3181   	fcall	_lcd_puts
  1888                           
  1889                           ;main1.c: 264: lcd_puts(".");
  1890  025D  3062               	movlw	low (STR_3| (0+32768))
  1891  025E  00F7               	movwf	?_lcd_puts
  1892  025F  3086               	movlw	high (STR_3| (0+32768))
  1893  0260  00F8               	movwf	?_lcd_puts+1
  1894  0261  3187  27C5  3181   	fcall	_lcd_puts
  1895                           
  1896                           ;main1.c: 266: ltoa(buf,decm,10);
  1897  0264  0020               	movlb	0	; select bank0
  1898  0265  084A               	movf	_decm+3,w
  1899  0266  00B8               	movwf	?_ltoa+3
  1900  0267  0849               	movf	_decm+2,w
  1901  0268  00B7               	movwf	?_ltoa+2
  1902  0269  0848               	movf	_decm+1,w
  1903  026A  00B6               	movwf	?_ltoa+1
  1904  026B  0847               	movf	_decm,w
  1905  026C  00B5               	movwf	?_ltoa
  1906  026D  300A               	movlw	10
  1907  026E  00B9               	movwf	?_ltoa+4
  1908  026F  3000               	movlw	0
  1909  0270  00BA               	movwf	?_ltoa+5
  1910  0271  305F               	movlw	_buf& (0+255)
  1911  0272  3187  2702  3181   	fcall	_ltoa
  1912                           
  1913                           ;main1.c: 267: tempi=strlen(buf);
  1914  0275  305F               	movlw	_buf& (0+255)
  1915  0276  3187  2788  3181   	fcall	_strlen
  1916  0279  0874               	movf	?_strlen+1,w
  1917  027A  0020               	movlb	0	; select bank0
  1918  027B  01DC               	clrf	_tempi+1
  1919  027C  07DC               	addwf	_tempi+1,f
  1920  027D  0873               	movf	?_strlen,w
  1921  027E  01DB               	clrf	_tempi
  1922  027F  07DB               	addwf	_tempi,f
  1923                           
  1924                           ;main1.c: 268: tempi=2-tempi;
  1925  0280  095B               	comf	_tempi,w
  1926  0281  00BE               	movwf	??_read_volts
  1927  0282  095C               	comf	_tempi+1,w
  1928  0283  00BF               	movwf	??_read_volts+1
  1929  0284  0ABE               	incf	??_read_volts,f
  1930  0285  1903               	skipnz
  1931  0286  0ABF               	incf	??_read_volts+1,f
  1932  0287  083E               	movf	??_read_volts,w
  1933  0288  3E02               	addlw	2
  1934  0289  00DB               	movwf	_tempi
  1935  028A  3000               	movlw	0
  1936  028B  3D3F               	addwfc	??_read_volts+1,w
  1937  028C                     L2:	
  1938  028C  00DC               	movwf	_tempi+1
  1939  028D  085C               	movf	_tempi+1,w
  1940  028E  045B               	iorwf	_tempi,w
  1941  028F  1903               	btfsc	3,2
  1942  0290  2A9F               	goto	l2079
  1943                           
  1944                           ;main1.c: 270: {
  1945                           ;main1.c: 271: lcd_puts("0");
  1946                           
  1947                           ;main1.c: 269: while (tempi)
  1948  0291  3064               	movlw	low (STR_4| (0+32768))
  1949  0292  00F7               	movwf	?_lcd_puts
  1950  0293  3086               	movlw	high (STR_4| (0+32768))
  1951  0294  00F8               	movwf	?_lcd_puts+1
  1952  0295  3187  27C5  3181   	fcall	_lcd_puts
  1953                           
  1954                           ;main1.c: 272: tempi=tempi-1;
  1955  0298  0020               	movlb	0	; select bank0
  1956  0299  085B               	movf	_tempi,w
  1957  029A  3EFF               	addlw	255
  1958  029B  00DB               	movwf	_tempi
  1959  029C  30FF               	movlw	255
  1960  029D  3D5C               	addwfc	_tempi+1,w
  1961  029E  2A8C               	goto	L2
  1962  029F                     l2079:	
  1963                           
  1964                           ;main1.c: 273: }
  1965                           ;main1.c: 274: lcd_puts(buf);
  1966  029F  305F               	movlw	low _buf
  1967  02A0  00F7               	movwf	?_lcd_puts
  1968  02A1  3000               	movlw	high _buf
  1969  02A2  00F8               	movwf	?_lcd_puts+1
  1970  02A3  3187  27C5  3181   	fcall	_lcd_puts
  1971                           
  1972                           ;main1.c: 275: lcd_puts(" V");
  1973  02A6  305B               	movlw	low (STR_5| (0+32768))
  1974  02A7  00F7               	movwf	?_lcd_puts
  1975  02A8  3086               	movlw	high (STR_5| (0+32768))
  1976  02A9  00F8               	movwf	?_lcd_puts+1
  1977  02AA  3187  27C5         	fcall	_lcd_puts
  1978  02AC  0008               	return
  1979  02AD                     __end_of_read_volts:	
  1980                           
  1981                           	psect	text5
  1982  06D2                     __ptext5:	
  1983 ;; *************** function ___lmul *****************
  1984 ;; Defined at:
  1985 ;;		line 3 in file "C:\Program Files\Microchip\xc8\v1.21\sources\pic\lmul.c"
  1986 ;; Parameters:    Size  Location     Type
  1987 ;;  multiplier      4    0[BANK0 ] unsigned long 
  1988 ;;  multiplicand    4    4[BANK0 ] unsigned long 
  1989 ;; Auto vars:     Size  Location     Type
  1990 ;;  product         4    3[COMMON] unsigned long 
  1991 ;; Return value:  Size  Location     Type
  1992 ;;                  4    0[BANK0 ] unsigned long 
  1993 ;; Registers used:
  1994 ;;		wreg, status,2, status,0
  1995 ;; Tracked objects:
  1996 ;;		On entry : 0/0
  1997 ;;		On exit  : 0/0
  1998 ;;		Unchanged: 0/0
  1999 ;; Data sizes:     COMMON   BANK0   BANK1   BANK2   BANK3   BANK4   BANK5   BANK6
  2000 ;;      Params:         0       8       0       0       0       0       0       0
  2001 ;;      Locals:         4       0       0       0       0       0       0       0
  2002 ;;      Temps:          0       0       0       0       0       0       0       0
  2003 ;;      Totals:         4       8       0       0       0       0       0       0
  2004 ;;Total ram usage:       12 bytes
  2005 ;; Hardware stack levels used:    1
  2006 ;; Hardware stack levels required when called:    1
  2007 ;; This function calls:
  2008 ;;		Nothing
  2009 ;; This function is called by:
  2010 ;;		_read_volts
  2011 ;;		_read_current
  2012 ;; This function uses a non-reentrant model
  2013 ;;
  2014                           
  2015                           
  2016                           ;psect for function ___lmul
  2017  06D2                     ___lmul:	
  2018                           
  2019                           ;incstack = 0
  2020                           ; Regs used in ___lmul: [wreg+status,2+status,0]
  2021  06D2  3000               	movlw	0
  2022  06D3  00F6               	movwf	___lmul@product+3
  2023  06D4  3000               	movlw	0
  2024  06D5  00F5               	movwf	___lmul@product+2
  2025  06D6  3000               	movlw	0
  2026  06D7  00F4               	movwf	___lmul@product+1
  2027  06D8  3000               	movlw	0
  2028  06D9  00F3               	movwf	___lmul@product
  2029  06DA                     l2385:	
  2030  06DA  0020               	movlb	0	; select bank0
  2031  06DB  1C20               	btfss	___lmul@multiplier,0
  2032  06DC  2EE5               	goto	l2389
  2033  06DD  0824               	movf	___lmul@multiplicand,w
  2034  06DE  07F3               	addwf	___lmul@product,f
  2035  06DF  0825               	movf	___lmul@multiplicand+1,w
  2036  06E0  3DF4               	addwfc	___lmul@product+1,f
  2037  06E1  0826               	movf	___lmul@multiplicand+2,w
  2038  06E2  3DF5               	addwfc	___lmul@product+2,f
  2039  06E3  0827               	movf	___lmul@multiplicand+3,w
  2040  06E4  3DF6               	addwfc	___lmul@product+3,f
  2041  06E5                     l2389:	
  2042  06E5  3001               	movlw	1
  2043  06E6                     u2035:	
  2044  06E6  35A4               	lslf	___lmul@multiplicand,f
  2045  06E7  0DA5               	rlf	___lmul@multiplicand+1,f
  2046  06E8  0DA6               	rlf	___lmul@multiplicand+2,f
  2047  06E9  0DA7               	rlf	___lmul@multiplicand+3,f
  2048  06EA  0B89               	decfsz	9,f
  2049  06EB  2EE6               	goto	u2035
  2050  06EC  3001               	movlw	1
  2051  06ED                     u2045:	
  2052  06ED  36A3               	lsrf	___lmul@multiplier+3,f
  2053  06EE  0CA2               	rrf	___lmul@multiplier+2,f
  2054  06EF  0CA1               	rrf	___lmul@multiplier+1,f
  2055  06F0  0CA0               	rrf	___lmul@multiplier,f
  2056  06F1  0B89               	decfsz	9,f
  2057  06F2  2EED               	goto	u2045
  2058  06F3  0823               	movf	___lmul@multiplier+3,w
  2059  06F4  0422               	iorwf	___lmul@multiplier+2,w
  2060  06F5  0421               	iorwf	___lmul@multiplier+1,w
  2061  06F6  0420               	iorwf	___lmul@multiplier,w
  2062  06F7  1D03               	skipz
  2063  06F8  2EDA               	goto	l2385
  2064  06F9  0876               	movf	___lmul@product+3,w
  2065  06FA  00A3               	movwf	?___lmul+3
  2066  06FB  0875               	movf	___lmul@product+2,w
  2067  06FC  00A2               	movwf	?___lmul+2
  2068  06FD  0874               	movf	___lmul@product+1,w
  2069  06FE  00A1               	movwf	?___lmul+1
  2070  06FF  0873               	movf	___lmul@product,w
  2071  0700  00A0               	movwf	?___lmul
  2072  0701  0008               	return
  2073  0702                     __end_of___lmul:	
  2074                           
  2075                           	psect	text6
  2076  04D3                     __ptext6:	
  2077 ;; *************** function ___almod *****************
  2078 ;; Defined at:
  2079 ;;		line 5 in file "C:\Program Files\Microchip\xc8\v1.21\sources\pic\almod.c"
  2080 ;; Parameters:    Size  Location     Type
  2081 ;;  divisor         4    0[BANK0 ] long 
  2082 ;;  dividend        4    4[BANK0 ] long 
  2083 ;; Auto vars:     Size  Location     Type
  2084 ;;  sign            1    5[COMMON] unsigned char 
  2085 ;;  counter         1    4[COMMON] unsigned char 
  2086 ;; Return value:  Size  Location     Type
  2087 ;;                  4    0[BANK0 ] long 
  2088 ;; Registers used:
  2089 ;;		wreg, status,2, status,0
  2090 ;; Tracked objects:
  2091 ;;		On entry : 0/0
  2092 ;;		On exit  : 0/0
  2093 ;;		Unchanged: 0/0
  2094 ;; Data sizes:     COMMON   BANK0   BANK1   BANK2   BANK3   BANK4   BANK5   BANK6
  2095 ;;      Params:         0       8       0       0       0       0       0       0
  2096 ;;      Locals:         2       0       0       0       0       0       0       0
  2097 ;;      Temps:          1       0       0       0       0       0       0       0
  2098 ;;      Totals:         3       8       0       0       0       0       0       0
  2099 ;;Total ram usage:       11 bytes
  2100 ;; Hardware stack levels used:    1
  2101 ;; Hardware stack levels required when called:    1
  2102 ;; This function calls:
  2103 ;;		Nothing
  2104 ;; This function is called by:
  2105 ;;		_read_volts
  2106 ;;		_read_current
  2107 ;; This function uses a non-reentrant model
  2108 ;;
  2109                           
  2110                           
  2111                           ;psect for function ___almod
  2112  04D3                     ___almod:	
  2113                           
  2114                           ;incstack = 0
  2115                           ; Regs used in ___almod: [wreg+status,2+status,0]
  2116  04D3  01F5               	clrf	___almod@sign
  2117  04D4  0020               	movlb	0	; select bank0
  2118  04D5  1FA7               	btfss	___almod@dividend+3,7
  2119  04D6  2CE4               	goto	l212
  2120  04D7  09A4               	comf	___almod@dividend,f
  2121  04D8  09A5               	comf	___almod@dividend+1,f
  2122  04D9  09A6               	comf	___almod@dividend+2,f
  2123  04DA  09A7               	comf	___almod@dividend+3,f
  2124  04DB  0AA4               	incf	___almod@dividend,f
  2125  04DC  1903               	skipnz
  2126  04DD  0AA5               	incf	___almod@dividend+1,f
  2127  04DE  1903               	skipnz
  2128  04DF  0AA6               	incf	___almod@dividend+2,f
  2129  04E0  1903               	skipnz
  2130  04E1  0AA7               	incf	___almod@dividend+3,f
  2131  04E2  01F5               	clrf	___almod@sign
  2132  04E3  0AF5               	incf	___almod@sign,f
  2133  04E4                     l212:	
  2134  04E4  1FA3               	btfss	___almod@divisor+3,7
  2135  04E5  2CF1               	goto	l2285
  2136  04E6  09A0               	comf	___almod@divisor,f
  2137  04E7  09A1               	comf	___almod@divisor+1,f
  2138  04E8  09A2               	comf	___almod@divisor+2,f
  2139  04E9  09A3               	comf	___almod@divisor+3,f
  2140  04EA  0AA0               	incf	___almod@divisor,f
  2141  04EB  1903               	skipnz
  2142  04EC  0AA1               	incf	___almod@divisor+1,f
  2143  04ED  1903               	skipnz
  2144  04EE  0AA2               	incf	___almod@divisor+2,f
  2145  04EF  1903               	skipnz
  2146  04F0  0AA3               	incf	___almod@divisor+3,f
  2147  04F1                     l2285:	
  2148  04F1  0823               	movf	___almod@divisor+3,w
  2149  04F2  0422               	iorwf	___almod@divisor+2,w
  2150  04F3  0421               	iorwf	___almod@divisor+1,w
  2151  04F4  0420               	iorwf	___almod@divisor,w
  2152  04F5  1903               	skipnz
  2153  04F6  2D2A               	goto	l2301
  2154  04F7  01F4               	clrf	___almod@counter
  2155  04F8  0AF4               	incf	___almod@counter,f
  2156  04F9                     l2291:	
  2157  04F9  1BA3               	btfsc	___almod@divisor+3,7
  2158  04FA  2D07               	goto	l2293
  2159  04FB  3001               	movlw	1
  2160  04FC                     u1805:	
  2161  04FC  35A0               	lslf	___almod@divisor,f
  2162  04FD  0DA1               	rlf	___almod@divisor+1,f
  2163  04FE  0DA2               	rlf	___almod@divisor+2,f
  2164  04FF  0DA3               	rlf	___almod@divisor+3,f
  2165  0500  0B89               	decfsz	9,f
  2166  0501  2CFC               	goto	u1805
  2167  0502  3001               	movlw	1
  2168  0503  00F3               	movwf	??___almod
  2169  0504  0873               	movf	??___almod,w
  2170  0505  07F4               	addwf	___almod@counter,f
  2171  0506  2CF9               	goto	l2291
  2172  0507                     l2293:	
  2173  0507  0823               	movf	___almod@divisor+3,w
  2174  0508  0227               	subwf	___almod@dividend+3,w
  2175  0509  1D03               	skipz
  2176  050A  2D15               	goto	u1825
  2177  050B  0822               	movf	___almod@divisor+2,w
  2178  050C  0226               	subwf	___almod@dividend+2,w
  2179  050D  1D03               	skipz
  2180  050E  2D15               	goto	u1825
  2181  050F  0821               	movf	___almod@divisor+1,w
  2182  0510  0225               	subwf	___almod@dividend+1,w
  2183  0511  1D03               	skipz
  2184  0512  2D15               	goto	u1825
  2185  0513  0820               	movf	___almod@divisor,w
  2186  0514  0224               	subwf	___almod@dividend,w
  2187  0515                     u1825:	
  2188  0515  1C03               	skipc
  2189  0516  2D1F               	goto	l2297
  2190  0517  0820               	movf	___almod@divisor,w
  2191  0518  02A4               	subwf	___almod@dividend,f
  2192  0519  0821               	movf	___almod@divisor+1,w
  2193  051A  3BA5               	subwfb	___almod@dividend+1,f
  2194  051B  0822               	movf	___almod@divisor+2,w
  2195  051C  3BA6               	subwfb	___almod@dividend+2,f
  2196  051D  0823               	movf	___almod@divisor+3,w
  2197  051E  3BA7               	subwfb	___almod@dividend+3,f
  2198  051F                     l2297:	
  2199  051F  3001               	movlw	1
  2200  0520                     u1835:	
  2201  0520  36A3               	lsrf	___almod@divisor+3,f
  2202  0521  0CA2               	rrf	___almod@divisor+2,f
  2203  0522  0CA1               	rrf	___almod@divisor+1,f
  2204  0523  0CA0               	rrf	___almod@divisor,f
  2205  0524  0B89               	decfsz	9,f
  2206  0525  2D20               	goto	u1835
  2207  0526  3001               	movlw	1
  2208  0527  02F4               	subwf	___almod@counter,f
  2209  0528  1D03               	btfss	3,2
  2210  0529  2D07               	goto	l2293
  2211  052A                     l2301:	
  2212  052A  0875               	movf	___almod@sign,w
  2213  052B  1903               	btfsc	3,2
  2214  052C  2D38               	goto	l2305
  2215  052D  09A4               	comf	___almod@dividend,f
  2216  052E  09A5               	comf	___almod@dividend+1,f
  2217  052F  09A6               	comf	___almod@dividend+2,f
  2218  0530  09A7               	comf	___almod@dividend+3,f
  2219  0531  0AA4               	incf	___almod@dividend,f
  2220  0532  1903               	skipnz
  2221  0533  0AA5               	incf	___almod@dividend+1,f
  2222  0534  1903               	skipnz
  2223  0535  0AA6               	incf	___almod@dividend+2,f
  2224  0536  1903               	skipnz
  2225  0537  0AA7               	incf	___almod@dividend+3,f
  2226  0538                     l2305:	
  2227  0538  0827               	movf	___almod@dividend+3,w
  2228  0539  00A3               	movwf	?___almod+3
  2229  053A  0826               	movf	___almod@dividend+2,w
  2230  053B  00A2               	movwf	?___almod+2
  2231  053C  0825               	movf	___almod@dividend+1,w
  2232  053D  00A1               	movwf	?___almod+1
  2233  053E  0824               	movf	___almod@dividend,w
  2234  053F  00A0               	movwf	?___almod
  2235  0540  0008               	return
  2236  0541                     __end_of___almod:	
  2237                           
  2238                           	psect	text7
  2239  03DD                     __ptext7:	
  2240 ;; *************** function ___aldiv *****************
  2241 ;; Defined at:
  2242 ;;		line 5 in file "C:\Program Files\Microchip\xc8\v1.21\sources\pic\aldiv.c"
  2243 ;; Parameters:    Size  Location     Type
  2244 ;;  divisor         4    0[BANK0 ] long 
  2245 ;;  dividend        4    4[BANK0 ] long 
  2246 ;; Auto vars:     Size  Location     Type
  2247 ;;  quotient        4   10[BANK0 ] long 
  2248 ;;  sign            1    9[BANK0 ] unsigned char 
  2249 ;;  counter         1    8[BANK0 ] unsigned char 
  2250 ;; Return value:  Size  Location     Type
  2251 ;;                  4    0[BANK0 ] long 
  2252 ;; Registers used:
  2253 ;;		wreg, status,2, status,0
  2254 ;; Tracked objects:
  2255 ;;		On entry : 0/0
  2256 ;;		On exit  : 0/0
  2257 ;;		Unchanged: 0/0
  2258 ;; Data sizes:     COMMON   BANK0   BANK1   BANK2   BANK3   BANK4   BANK5   BANK6
  2259 ;;      Params:         0       8       0       0       0       0       0       0
  2260 ;;      Locals:         0       6       0       0       0       0       0       0
  2261 ;;      Temps:          1       0       0       0       0       0       0       0
  2262 ;;      Totals:         1      14       0       0       0       0       0       0
  2263 ;;Total ram usage:       15 bytes
  2264 ;; Hardware stack levels used:    1
  2265 ;; Hardware stack levels required when called:    1
  2266 ;; This function calls:
  2267 ;;		Nothing
  2268 ;; This function is called by:
  2269 ;;		_read_volts
  2270 ;;		_read_current
  2271 ;; This function uses a non-reentrant model
  2272 ;;
  2273                           
  2274                           
  2275                           ;psect for function ___aldiv
  2276  03DD                     ___aldiv:	
  2277                           
  2278                           ;incstack = 0
  2279                           ; Regs used in ___aldiv: [wreg+status,2+status,0]
  2280  03DD  0020               	movlb	0	; select bank0
  2281  03DE  01A9               	clrf	___aldiv@sign
  2282  03DF  1FA3               	btfss	___aldiv@divisor+3,7
  2283  03E0  2BEE               	goto	l199
  2284  03E1  09A0               	comf	___aldiv@divisor,f
  2285  03E2  09A1               	comf	___aldiv@divisor+1,f
  2286  03E3  09A2               	comf	___aldiv@divisor+2,f
  2287  03E4  09A3               	comf	___aldiv@divisor+3,f
  2288  03E5  0AA0               	incf	___aldiv@divisor,f
  2289  03E6  1903               	skipnz
  2290  03E7  0AA1               	incf	___aldiv@divisor+1,f
  2291  03E8  1903               	skipnz
  2292  03E9  0AA2               	incf	___aldiv@divisor+2,f
  2293  03EA  1903               	skipnz
  2294  03EB  0AA3               	incf	___aldiv@divisor+3,f
  2295  03EC  01A9               	clrf	___aldiv@sign
  2296  03ED  0AA9               	incf	___aldiv@sign,f
  2297  03EE                     l199:	
  2298  03EE  1FA7               	btfss	___aldiv@dividend+3,7
  2299  03EF  2BFF               	goto	l2247
  2300  03F0  09A4               	comf	___aldiv@dividend,f
  2301  03F1  09A5               	comf	___aldiv@dividend+1,f
  2302  03F2  09A6               	comf	___aldiv@dividend+2,f
  2303  03F3  09A7               	comf	___aldiv@dividend+3,f
  2304  03F4  0AA4               	incf	___aldiv@dividend,f
  2305  03F5  1903               	skipnz
  2306  03F6  0AA5               	incf	___aldiv@dividend+1,f
  2307  03F7  1903               	skipnz
  2308  03F8  0AA6               	incf	___aldiv@dividend+2,f
  2309  03F9  1903               	skipnz
  2310  03FA  0AA7               	incf	___aldiv@dividend+3,f
  2311  03FB  3001               	movlw	1
  2312  03FC  00F3               	movwf	??___aldiv
  2313  03FD  0873               	movf	??___aldiv,w
  2314  03FE  06A9               	xorwf	___aldiv@sign,f
  2315  03FF                     l2247:	
  2316  03FF  3000               	movlw	0
  2317  0400  00AD               	movwf	___aldiv@quotient+3
  2318  0401  3000               	movlw	0
  2319  0402  00AC               	movwf	___aldiv@quotient+2
  2320  0403  3000               	movlw	0
  2321  0404  00AB               	movwf	___aldiv@quotient+1
  2322  0405  3000               	movlw	0
  2323  0406  00AA               	movwf	___aldiv@quotient
  2324  0407  0823               	movf	___aldiv@divisor+3,w
  2325  0408  0422               	iorwf	___aldiv@divisor+2,w
  2326  0409  0421               	iorwf	___aldiv@divisor+1,w
  2327  040A  0420               	iorwf	___aldiv@divisor,w
  2328  040B  1903               	skipnz
  2329  040C  2C48               	goto	l2269
  2330  040D  01A8               	clrf	___aldiv@counter
  2331  040E  0AA8               	incf	___aldiv@counter,f
  2332  040F                     l2255:	
  2333  040F  1BA3               	btfsc	___aldiv@divisor+3,7
  2334  0410  2C1D               	goto	l2257
  2335  0411  3001               	movlw	1
  2336  0412                     u1705:	
  2337  0412  35A0               	lslf	___aldiv@divisor,f
  2338  0413  0DA1               	rlf	___aldiv@divisor+1,f
  2339  0414  0DA2               	rlf	___aldiv@divisor+2,f
  2340  0415  0DA3               	rlf	___aldiv@divisor+3,f
  2341  0416  0B89               	decfsz	9,f
  2342  0417  2C12               	goto	u1705
  2343  0418  3001               	movlw	1
  2344  0419  00F3               	movwf	??___aldiv
  2345  041A  0873               	movf	??___aldiv,w
  2346  041B  07A8               	addwf	___aldiv@counter,f
  2347  041C  2C0F               	goto	l2255
  2348  041D                     l2257:	
  2349  041D  3001               	movlw	1
  2350  041E                     u1725:	
  2351  041E  35AA               	lslf	___aldiv@quotient,f
  2352  041F  0DAB               	rlf	___aldiv@quotient+1,f
  2353  0420  0DAC               	rlf	___aldiv@quotient+2,f
  2354  0421  0DAD               	rlf	___aldiv@quotient+3,f
  2355  0422  0B89               	decfsz	9,f
  2356  0423  2C1E               	goto	u1725
  2357  0424  0823               	movf	___aldiv@divisor+3,w
  2358  0425  0227               	subwf	___aldiv@dividend+3,w
  2359  0426  1D03               	skipz
  2360  0427  2C32               	goto	u1735
  2361  0428  0822               	movf	___aldiv@divisor+2,w
  2362  0429  0226               	subwf	___aldiv@dividend+2,w
  2363  042A  1D03               	skipz
  2364  042B  2C32               	goto	u1735
  2365  042C  0821               	movf	___aldiv@divisor+1,w
  2366  042D  0225               	subwf	___aldiv@dividend+1,w
  2367  042E  1D03               	skipz
  2368  042F  2C32               	goto	u1735
  2369  0430  0820               	movf	___aldiv@divisor,w
  2370  0431  0224               	subwf	___aldiv@dividend,w
  2371  0432                     u1735:	
  2372  0432  1C03               	skipc
  2373  0433  2C3D               	goto	l2265
  2374  0434  0820               	movf	___aldiv@divisor,w
  2375  0435  02A4               	subwf	___aldiv@dividend,f
  2376  0436  0821               	movf	___aldiv@divisor+1,w
  2377  0437  3BA5               	subwfb	___aldiv@dividend+1,f
  2378  0438  0822               	movf	___aldiv@divisor+2,w
  2379  0439  3BA6               	subwfb	___aldiv@dividend+2,f
  2380  043A  0823               	movf	___aldiv@divisor+3,w
  2381  043B  3BA7               	subwfb	___aldiv@dividend+3,f
  2382  043C  142A               	bsf	___aldiv@quotient,0
  2383  043D                     l2265:	
  2384  043D  3001               	movlw	1
  2385  043E                     u1745:	
  2386  043E  36A3               	lsrf	___aldiv@divisor+3,f
  2387  043F  0CA2               	rrf	___aldiv@divisor+2,f
  2388  0440  0CA1               	rrf	___aldiv@divisor+1,f
  2389  0441  0CA0               	rrf	___aldiv@divisor,f
  2390  0442  0B89               	decfsz	9,f
  2391  0443  2C3E               	goto	u1745
  2392  0444  3001               	movlw	1
  2393  0445  02A8               	subwf	___aldiv@counter,f
  2394  0446  1D03               	btfss	3,2
  2395  0447  2C1D               	goto	l2257
  2396  0448                     l2269:	
  2397  0448  0829               	movf	___aldiv@sign,w
  2398  0449  1903               	btfsc	3,2
  2399  044A  2C56               	goto	l2273
  2400  044B  09AA               	comf	___aldiv@quotient,f
  2401  044C  09AB               	comf	___aldiv@quotient+1,f
  2402  044D  09AC               	comf	___aldiv@quotient+2,f
  2403  044E  09AD               	comf	___aldiv@quotient+3,f
  2404  044F  0AAA               	incf	___aldiv@quotient,f
  2405  0450  1903               	skipnz
  2406  0451  0AAB               	incf	___aldiv@quotient+1,f
  2407  0452  1903               	skipnz
  2408  0453  0AAC               	incf	___aldiv@quotient+2,f
  2409  0454  1903               	skipnz
  2410  0455  0AAD               	incf	___aldiv@quotient+3,f
  2411  0456                     l2273:	
  2412  0456  082D               	movf	___aldiv@quotient+3,w
  2413  0457  00A3               	movwf	?___aldiv+3
  2414  0458  082C               	movf	___aldiv@quotient+2,w
  2415  0459  00A2               	movwf	?___aldiv+2
  2416  045A  082B               	movf	___aldiv@quotient+1,w
  2417  045B  00A1               	movwf	?___aldiv+1
  2418  045C  082A               	movf	___aldiv@quotient,w
  2419  045D  00A0               	movwf	?___aldiv
  2420  045E  0008               	return
  2421  045F                     __end_of___aldiv:	
  2422                           
  2423                           	psect	text8
  2424  0788                     __ptext8:	
  2425 ;; *************** function _strlen *****************
  2426 ;; Defined at:
  2427 ;;		line 5 in file "C:\Program Files\Microchip\xc8\v1.21\sources\common\strlen.c"
  2428 ;; Parameters:    Size  Location     Type
  2429 ;;  s               1    wreg     PTR const unsigned char 
  2430 ;;		 -> buf(10), 
  2431 ;; Auto vars:     Size  Location     Type
  2432 ;;  s               1    0[BANK0 ] PTR const unsigned char 
  2433 ;;		 -> buf(10), 
  2434 ;;  cp              1    1[BANK0 ] PTR const unsigned char 
  2435 ;;		 -> buf(10), 
  2436 ;; Return value:  Size  Location     Type
  2437 ;;                  2    3[COMMON] unsigned int 
  2438 ;; Registers used:
  2439 ;;		wreg, fsr1l, fsr1h, status,2, status,0
  2440 ;; Tracked objects:
  2441 ;;		On entry : 0/0
  2442 ;;		On exit  : 0/0
  2443 ;;		Unchanged: 0/0
  2444 ;; Data sizes:     COMMON   BANK0   BANK1   BANK2   BANK3   BANK4   BANK5   BANK6
  2445 ;;      Params:         2       0       0       0       0       0       0       0
  2446 ;;      Locals:         0       2       0       0       0       0       0       0
  2447 ;;      Temps:          4       0       0       0       0       0       0       0
  2448 ;;      Totals:         6       2       0       0       0       0       0       0
  2449 ;;Total ram usage:        8 bytes
  2450 ;; Hardware stack levels used:    1
  2451 ;; Hardware stack levels required when called:    1
  2452 ;; This function calls:
  2453 ;;		Nothing
  2454 ;; This function is called by:
  2455 ;;		_read_volts
  2456 ;;		_read_current
  2457 ;; This function uses a non-reentrant model
  2458 ;;
  2459                           
  2460                           
  2461                           ;psect for function _strlen
  2462  0788                     _strlen:	
  2463                           
  2464                           ;incstack = 0
  2465                           ; Regs used in _strlen: [wreg+fsr1l+fsr1h+status,2+status,0]
  2466                           ;strlen@s stored from wreg
  2467  0788  0020               	movlb	0	; select bank0
  2468  0789  00A0               	movwf	strlen@s
  2469  078A  0820               	movf	strlen@s,w
  2470  078B  00F5               	movwf	??_strlen
  2471  078C  0875               	movf	??_strlen,w
  2472  078D  00A1               	movwf	strlen@cp
  2473  078E                     l2113:	
  2474  078E  0821               	movf	strlen@cp,w
  2475  078F  0086               	movwf	6
  2476  0790  0187               	clrf	7
  2477  0791  0881               	movf	1,f
  2478  0792  1903               	btfsc	3,2
  2479  0793  2F99               	goto	l2115
  2480  0794  3001               	movlw	1
  2481  0795  00F5               	movwf	??_strlen
  2482  0796  0875               	movf	??_strlen,w
  2483  0797  07A1               	addwf	strlen@cp,f
  2484  0798  2F8E               	goto	l2113
  2485  0799                     l2115:	
  2486  0799  0820               	movf	strlen@s,w
  2487  079A  00F5               	movwf	??_strlen
  2488  079B  3000               	movlw	0
  2489  079C  00F6               	movwf	??_strlen+1
  2490  079D  09F5               	comf	??_strlen,f
  2491  079E  09F6               	comf	??_strlen+1,f
  2492  079F  0AF5               	incf	??_strlen,f
  2493  07A0  1903               	skipnz
  2494  07A1  0AF6               	incf	??_strlen+1,f
  2495  07A2  0821               	movf	strlen@cp,w
  2496  07A3  00F7               	movwf	??_strlen+2
  2497  07A4  3000               	movlw	0
  2498  07A5  00F8               	movwf	??_strlen+3
  2499  07A6  0875               	movf	??_strlen,w
  2500  07A7  0777               	addwf	??_strlen+2,w
  2501  07A8  00F3               	movwf	?_strlen
  2502  07A9  0876               	movf	??_strlen+1,w
  2503  07AA  3D78               	addwfc	??_strlen+3,w
  2504  07AB  00F4               	movwf	?_strlen+1
  2505  07AC  0008               	return
  2506  07AD                     __end_of_strlen:	
  2507                           
  2508                           	psect	text9
  2509  0702                     __ptext9:	
  2510 ;; *************** function _ltoa *****************
  2511 ;; Defined at:
  2512 ;;		line 9 in file "C:\Program Files\Microchip\xc8\v1.21\sources\common\ltoa.c"
  2513 ;; Parameters:    Size  Location     Type
  2514 ;;  buf             1    wreg     PTR unsigned char 
  2515 ;;		 -> buf(10), 
  2516 ;;  val             4   21[BANK0 ] long 
  2517 ;;  base            2   25[BANK0 ] int 
  2518 ;; Auto vars:     Size  Location     Type
  2519 ;;  buf             1   29[BANK0 ] PTR unsigned char 
  2520 ;;		 -> buf(10), 
  2521 ;;  cp              1   28[BANK0 ] PTR unsigned char 
  2522 ;;		 -> buf(10), 
  2523 ;; Return value:  Size  Location     Type
  2524 ;;                  1    wreg      PTR unsigned char 
  2525 ;; Registers used:
  2526 ;;		wreg, fsr1l, fsr1h, status,2, status,0, pclath, cstack
  2527 ;; Tracked objects:
  2528 ;;		On entry : 0/0
  2529 ;;		On exit  : 0/0
  2530 ;;		Unchanged: 0/0
  2531 ;; Data sizes:     COMMON   BANK0   BANK1   BANK2   BANK3   BANK4   BANK5   BANK6
  2532 ;;      Params:         0       6       0       0       0       0       0       0
  2533 ;;      Locals:         0       2       0       0       0       0       0       0
  2534 ;;      Temps:          0       1       0       0       0       0       0       0
  2535 ;;      Totals:         0       9       0       0       0       0       0       0
  2536 ;;Total ram usage:        9 bytes
  2537 ;; Hardware stack levels used:    1
  2538 ;; Hardware stack levels required when called:    3
  2539 ;; This function calls:
  2540 ;;		_ultoa
  2541 ;; This function is called by:
  2542 ;;		_read_volts
  2543 ;;		_read_current
  2544 ;; This function uses a non-reentrant model
  2545 ;;
  2546                           
  2547                           
  2548                           ;psect for function _ltoa
  2549  0702                     _ltoa:	
  2550                           
  2551                           ;incstack = 0
  2552                           ; Regs used in _ltoa: [wreg+fsr1l+fsr1h+status,2+status,0+pclath+cstack]
  2553                           ;ltoa@buf stored from wreg
  2554  0702  0020               	movlb	0	; select bank0
  2555  0703  00BD               	movwf	ltoa@buf
  2556  0704  083D               	movf	ltoa@buf,w
  2557  0705  00BB               	movwf	??_ltoa
  2558  0706  083B               	movf	??_ltoa,w
  2559  0707  00BC               	movwf	ltoa@cp
  2560  0708  1FB8               	btfss	ltoa@val+3,7
  2561  0709  2F20               	goto	l2105
  2562  070A  302D               	movlw	45
  2563  070B  00BB               	movwf	??_ltoa
  2564  070C  083D               	movf	ltoa@buf,w
  2565  070D  0086               	movwf	6
  2566  070E  0187               	clrf	7
  2567  070F  083B               	movf	??_ltoa,w
  2568  0710  0081               	movwf	1
  2569  0711  3001               	movlw	1
  2570  0712  00BB               	movwf	??_ltoa
  2571  0713  083B               	movf	??_ltoa,w
  2572  0714  07BD               	addwf	ltoa@buf,f
  2573  0715  09B5               	comf	ltoa@val,f
  2574  0716  09B6               	comf	ltoa@val+1,f
  2575  0717  09B7               	comf	ltoa@val+2,f
  2576  0718  09B8               	comf	ltoa@val+3,f
  2577  0719  0AB5               	incf	ltoa@val,f
  2578  071A  1903               	skipnz
  2579  071B  0AB6               	incf	ltoa@val+1,f
  2580  071C  1903               	skipnz
  2581  071D  0AB7               	incf	ltoa@val+2,f
  2582  071E  1903               	skipnz
  2583  071F  0AB8               	incf	ltoa@val+3,f
  2584  0720                     l2105:	
  2585  0720  0838               	movf	ltoa@val+3,w
  2586  0721  00AB               	movwf	?_ultoa+3
  2587  0722  0837               	movf	ltoa@val+2,w
  2588  0723  00AA               	movwf	?_ultoa+2
  2589  0724  0836               	movf	ltoa@val+1,w
  2590  0725  00A9               	movwf	?_ultoa+1
  2591  0726  0835               	movf	ltoa@val,w
  2592  0727  00A8               	movwf	?_ultoa
  2593  0728  083A               	movf	ltoa@base+1,w
  2594  0729  01AD               	clrf	?_ultoa+5
  2595  072A  07AD               	addwf	?_ultoa+5,f
  2596  072B  0839               	movf	ltoa@base,w
  2597  072C  01AC               	clrf	?_ultoa+4
  2598  072D  07AC               	addwf	?_ultoa+4,f
  2599  072E  083D               	movf	ltoa@buf,w
  2600  072F  3183  2354         	fcall	_ultoa
  2601  0731  0008               	return
  2602  0732                     __end_of_ltoa:	
  2603                           ;	Return value of _ltoa is never used
  2604                           
  2605                           
  2606                           	psect	text10
  2607  0354                     __ptext10:	
  2608 ;; *************** function _ultoa *****************
  2609 ;; Defined at:
  2610 ;;		line 34 in file "C:\Program Files\Microchip\xc8\v1.21\sources\common\ltoa.c"
  2611 ;; Parameters:    Size  Location     Type
  2612 ;;  buf             1    wreg     PTR unsigned char 
  2613 ;;		 -> buf(10), 
  2614 ;;  val             4    8[BANK0 ] unsigned long 
  2615 ;;  base            2   12[BANK0 ] int 
  2616 ;; Auto vars:     Size  Location     Type
  2617 ;;  buf             1   20[BANK0 ] PTR unsigned char 
  2618 ;;		 -> buf(10), 
  2619 ;;  v               4   15[BANK0 ] unsigned long 
  2620 ;;  c               1   19[BANK0 ] unsigned char 
  2621 ;; Return value:  Size  Location     Type
  2622 ;;                  1    wreg      PTR unsigned char 
  2623 ;; Registers used:
  2624 ;;		wreg, fsr1l, fsr1h, status,2, status,0, pclath, cstack
  2625 ;; Tracked objects:
  2626 ;;		On entry : 0/0
  2627 ;;		On exit  : 0/0
  2628 ;;		Unchanged: 0/0
  2629 ;; Data sizes:     COMMON   BANK0   BANK1   BANK2   BANK3   BANK4   BANK5   BANK6
  2630 ;;      Params:         0       6       0       0       0       0       0       0
  2631 ;;      Locals:         0       6       0       0       0       0       0       0
  2632 ;;      Temps:          0       1       0       0       0       0       0       0
  2633 ;;      Totals:         0      13       0       0       0       0       0       0
  2634 ;;Total ram usage:       13 bytes
  2635 ;; Hardware stack levels used:    1
  2636 ;; Hardware stack levels required when called:    2
  2637 ;; This function calls:
  2638 ;;		___lldiv
  2639 ;;		___llmod
  2640 ;; This function is called by:
  2641 ;;		_ltoa
  2642 ;; This function uses a non-reentrant model
  2643 ;;
  2644                           
  2645                           
  2646                           ;psect for function _ultoa
  2647  0354                     _ultoa:	
  2648                           
  2649                           ;incstack = 0
  2650                           ; Regs used in _ultoa: [wreg+fsr1l+fsr1h+status,2+status,0+pclath+cstack]
  2651                           ;ultoa@buf stored from wreg
  2652  0354  0020               	movlb	0	; select bank0
  2653  0355  00B4               	movwf	ultoa@buf
  2654  0356  082B               	movf	ultoa@val+3,w
  2655  0357  00B2               	movwf	ultoa@v+3
  2656  0358  082A               	movf	ultoa@val+2,w
  2657  0359  00B1               	movwf	ultoa@v+2
  2658  035A  0829               	movf	ultoa@val+1,w
  2659  035B  00B0               	movwf	ultoa@v+1
  2660  035C  0828               	movf	ultoa@val,w
  2661  035D  00AF               	movwf	ultoa@v
  2662  035E                     l2399:	
  2663  035E  082C               	movf	ultoa@base,w
  2664  035F  00A0               	movwf	?___lldiv
  2665  0360  082D               	movf	ultoa@base+1,w
  2666  0361  00A1               	movwf	?___lldiv+1
  2667  0362  0D89               	rlf	9,f
  2668  0363  3B89               	subwfb	9,f
  2669  0364  0989               	comf	9,f
  2670  0365  00A2               	movwf	?___lldiv+2
  2671  0366  00A3               	movwf	?___lldiv+3
  2672  0367  0832               	movf	ultoa@v+3,w
  2673  0368  00A7               	movwf	?___lldiv+7
  2674  0369  0831               	movf	ultoa@v+2,w
  2675  036A  00A6               	movwf	?___lldiv+6
  2676  036B  0830               	movf	ultoa@v+1,w
  2677  036C  00A5               	movwf	?___lldiv+5
  2678  036D  082F               	movf	ultoa@v,w
  2679  036E  00A4               	movwf	?___lldiv+4
  2680  036F  3185  2541  3183   	fcall	___lldiv
  2681  0372  0020               	movlb	0	; select bank0
  2682  0373  0823               	movf	?___lldiv+3,w
  2683  0374  00B2               	movwf	ultoa@v+3
  2684  0375  0822               	movf	?___lldiv+2,w
  2685  0376  00B1               	movwf	ultoa@v+2
  2686  0377  0821               	movf	?___lldiv+1,w
  2687  0378  00B0               	movwf	ultoa@v+1
  2688  0379  0820               	movf	?___lldiv,w
  2689  037A  00AF               	movwf	ultoa@v
  2690  037B  3001               	movlw	1
  2691  037C  00AE               	movwf	??_ultoa
  2692  037D  082E               	movf	??_ultoa,w
  2693  037E  07B4               	addwf	ultoa@buf,f
  2694  037F  0832               	movf	ultoa@v+3,w
  2695  0380  0431               	iorwf	ultoa@v+2,w
  2696  0381  0430               	iorwf	ultoa@v+1,w
  2697  0382  042F               	iorwf	ultoa@v,w
  2698  0383  1D03               	skipz
  2699  0384  2B5E               	goto	l2399
  2700  0385  0834               	movf	ultoa@buf,w
  2701  0386  0086               	movwf	6
  2702  0387  0187               	clrf	7
  2703  0388  0181               	clrf	1
  2704  0389  3001               	movlw	1
  2705  038A  02B4               	subwf	ultoa@buf,f
  2706  038B                     l2409:	
  2707  038B  082C               	movf	ultoa@base,w
  2708  038C  00A0               	movwf	?___llmod
  2709  038D  082D               	movf	ultoa@base+1,w
  2710  038E  00A1               	movwf	?___llmod+1
  2711  038F  0D89               	rlf	9,f
  2712  0390  3B89               	subwfb	9,f
  2713  0391  0989               	comf	9,f
  2714  0392  00A2               	movwf	?___llmod+2
  2715  0393  00A3               	movwf	?___llmod+3
  2716  0394  082B               	movf	ultoa@val+3,w
  2717  0395  00A7               	movwf	?___llmod+7
  2718  0396  082A               	movf	ultoa@val+2,w
  2719  0397  00A6               	movwf	?___llmod+6
  2720  0398  0829               	movf	ultoa@val+1,w
  2721  0399  00A5               	movwf	?___llmod+5
  2722  039A  0828               	movf	ultoa@val,w
  2723  039B  00A4               	movwf	?___llmod+4
  2724  039C  3185  25E7  3183   	fcall	___llmod
  2725  039F  0020               	movlb	0	; select bank0
  2726  03A0  0820               	movf	?___llmod,w
  2727  03A1  00AE               	movwf	??_ultoa
  2728  03A2  082E               	movf	??_ultoa,w
  2729  03A3  00B3               	movwf	ultoa@c
  2730  03A4  082C               	movf	ultoa@base,w
  2731  03A5  00A0               	movwf	?___lldiv
  2732  03A6  082D               	movf	ultoa@base+1,w
  2733  03A7  00A1               	movwf	?___lldiv+1
  2734  03A8  0D89               	rlf	9,f
  2735  03A9  3B89               	subwfb	9,f
  2736  03AA  0989               	comf	9,f
  2737  03AB  00A2               	movwf	?___lldiv+2
  2738  03AC  00A3               	movwf	?___lldiv+3
  2739  03AD  082B               	movf	ultoa@val+3,w
  2740  03AE  00A7               	movwf	?___lldiv+7
  2741  03AF  082A               	movf	ultoa@val+2,w
  2742  03B0  00A6               	movwf	?___lldiv+6
  2743  03B1  0829               	movf	ultoa@val+1,w
  2744  03B2  00A5               	movwf	?___lldiv+5
  2745  03B3  0828               	movf	ultoa@val,w
  2746  03B4  00A4               	movwf	?___lldiv+4
  2747  03B5  3185  2541  3183   	fcall	___lldiv
  2748  03B8  0020               	movlb	0	; select bank0
  2749  03B9  0823               	movf	?___lldiv+3,w
  2750  03BA  00AB               	movwf	ultoa@val+3
  2751  03BB  0822               	movf	?___lldiv+2,w
  2752  03BC  00AA               	movwf	ultoa@val+2
  2753  03BD  0821               	movf	?___lldiv+1,w
  2754  03BE  00A9               	movwf	ultoa@val+1
  2755  03BF  0820               	movf	?___lldiv,w
  2756  03C0  00A8               	movwf	ultoa@val
  2757  03C1  300A               	movlw	10
  2758  03C2  0233               	subwf	ultoa@c,w
  2759  03C3  1C03               	skipc
  2760  03C4  2BC9               	goto	l503
  2761  03C5  3007               	movlw	7
  2762  03C6  00AE               	movwf	??_ultoa
  2763  03C7  082E               	movf	??_ultoa,w
  2764  03C8  07B3               	addwf	ultoa@c,f
  2765  03C9                     l503:	
  2766  03C9  3030               	movlw	48
  2767  03CA  00AE               	movwf	??_ultoa
  2768  03CB  082E               	movf	??_ultoa,w
  2769  03CC  07B3               	addwf	ultoa@c,f
  2770  03CD  0833               	movf	ultoa@c,w
  2771  03CE  00AE               	movwf	??_ultoa
  2772  03CF  0834               	movf	ultoa@buf,w
  2773  03D0  0086               	movwf	6
  2774  03D1  0187               	clrf	7
  2775  03D2  082E               	movf	??_ultoa,w
  2776  03D3  0081               	movwf	1
  2777  03D4  3001               	movlw	1
  2778  03D5  02B4               	subwf	ultoa@buf,f
  2779  03D6  082B               	movf	ultoa@val+3,w
  2780  03D7  042A               	iorwf	ultoa@val+2,w
  2781  03D8  0429               	iorwf	ultoa@val+1,w
  2782  03D9  0428               	iorwf	ultoa@val,w
  2783  03DA  1903               	btfsc	3,2
  2784                           
  2785                           ;	Return value of _ultoa is never used
  2786  03DB  0008               	return
  2787  03DC  2B8B               	goto	l2409
  2788  03DD                     __end_of_ultoa:	
  2789                           
  2790                           	psect	text11
  2791  05E7                     __ptext11:	
  2792 ;; *************** function ___llmod *****************
  2793 ;; Defined at:
  2794 ;;		line 5 in file "C:\Program Files\Microchip\xc8\v1.21\sources\pic\llmod.c"
  2795 ;; Parameters:    Size  Location     Type
  2796 ;;  divisor         4    0[BANK0 ] unsigned long 
  2797 ;;  dividend        4    4[BANK0 ] unsigned long 
  2798 ;; Auto vars:     Size  Location     Type
  2799 ;;  counter         1    4[COMMON] unsigned char 
  2800 ;; Return value:  Size  Location     Type
  2801 ;;                  4    0[BANK0 ] unsigned long 
  2802 ;; Registers used:
  2803 ;;		wreg, status,2, status,0
  2804 ;; Tracked objects:
  2805 ;;		On entry : 0/0
  2806 ;;		On exit  : 0/0
  2807 ;;		Unchanged: 0/0
  2808 ;; Data sizes:     COMMON   BANK0   BANK1   BANK2   BANK3   BANK4   BANK5   BANK6
  2809 ;;      Params:         0       8       0       0       0       0       0       0
  2810 ;;      Locals:         1       0       0       0       0       0       0       0
  2811 ;;      Temps:          1       0       0       0       0       0       0       0
  2812 ;;      Totals:         2       8       0       0       0       0       0       0
  2813 ;;Total ram usage:       10 bytes
  2814 ;; Hardware stack levels used:    1
  2815 ;; Hardware stack levels required when called:    1
  2816 ;; This function calls:
  2817 ;;		Nothing
  2818 ;; This function is called by:
  2819 ;;		_ultoa
  2820 ;; This function uses a non-reentrant model
  2821 ;;
  2822                           
  2823                           
  2824                           ;psect for function ___llmod
  2825  05E7                     ___llmod:	
  2826                           
  2827                           ;incstack = 0
  2828                           ; Regs used in ___llmod: [wreg+status,2+status,0]
  2829  05E7  0020               	movlb	0	; select bank0
  2830  05E8  0823               	movf	___llmod@divisor+3,w
  2831  05E9  0422               	iorwf	___llmod@divisor+2,w
  2832  05EA  0421               	iorwf	___llmod@divisor+1,w
  2833  05EB  0420               	iorwf	___llmod@divisor,w
  2834  05EC  1903               	skipnz
  2835  05ED  2E21               	goto	l2379
  2836  05EE  01F4               	clrf	___llmod@counter
  2837  05EF  0AF4               	incf	___llmod@counter,f
  2838  05F0                     l2369:	
  2839  05F0  1BA3               	btfsc	___llmod@divisor+3,7
  2840  05F1  2DFE               	goto	l2371
  2841  05F2  3001               	movlw	1
  2842  05F3                     u1975:	
  2843  05F3  35A0               	lslf	___llmod@divisor,f
  2844  05F4  0DA1               	rlf	___llmod@divisor+1,f
  2845  05F5  0DA2               	rlf	___llmod@divisor+2,f
  2846  05F6  0DA3               	rlf	___llmod@divisor+3,f
  2847  05F7  0B89               	decfsz	9,f
  2848  05F8  2DF3               	goto	u1975
  2849  05F9  3001               	movlw	1
  2850  05FA  00F3               	movwf	??___llmod
  2851  05FB  0873               	movf	??___llmod,w
  2852  05FC  07F4               	addwf	___llmod@counter,f
  2853  05FD  2DF0               	goto	l2369
  2854  05FE                     l2371:	
  2855  05FE  0823               	movf	___llmod@divisor+3,w
  2856  05FF  0227               	subwf	___llmod@dividend+3,w
  2857  0600  1D03               	skipz
  2858  0601  2E0C               	goto	u1995
  2859  0602  0822               	movf	___llmod@divisor+2,w
  2860  0603  0226               	subwf	___llmod@dividend+2,w
  2861  0604  1D03               	skipz
  2862  0605  2E0C               	goto	u1995
  2863  0606  0821               	movf	___llmod@divisor+1,w
  2864  0607  0225               	subwf	___llmod@dividend+1,w
  2865  0608  1D03               	skipz
  2866  0609  2E0C               	goto	u1995
  2867  060A  0820               	movf	___llmod@divisor,w
  2868  060B  0224               	subwf	___llmod@dividend,w
  2869  060C                     u1995:	
  2870  060C  1C03               	skipc
  2871  060D  2E16               	goto	l2375
  2872  060E  0820               	movf	___llmod@divisor,w
  2873  060F  02A4               	subwf	___llmod@dividend,f
  2874  0610  0821               	movf	___llmod@divisor+1,w
  2875  0611  3BA5               	subwfb	___llmod@dividend+1,f
  2876  0612  0822               	movf	___llmod@divisor+2,w
  2877  0613  3BA6               	subwfb	___llmod@dividend+2,f
  2878  0614  0823               	movf	___llmod@divisor+3,w
  2879  0615  3BA7               	subwfb	___llmod@dividend+3,f
  2880  0616                     l2375:	
  2881  0616  3001               	movlw	1
  2882  0617                     u2005:	
  2883  0617  36A3               	lsrf	___llmod@divisor+3,f
  2884  0618  0CA2               	rrf	___llmod@divisor+2,f
  2885  0619  0CA1               	rrf	___llmod@divisor+1,f
  2886  061A  0CA0               	rrf	___llmod@divisor,f
  2887  061B  0B89               	decfsz	9,f
  2888  061C  2E17               	goto	u2005
  2889  061D  3001               	movlw	1
  2890  061E  02F4               	subwf	___llmod@counter,f
  2891  061F  1D03               	btfss	3,2
  2892  0620  2DFE               	goto	l2371
  2893  0621                     l2379:	
  2894  0621  0827               	movf	___llmod@dividend+3,w
  2895  0622  00A3               	movwf	?___llmod+3
  2896  0623  0826               	movf	___llmod@dividend+2,w
  2897  0624  00A2               	movwf	?___llmod+2
  2898  0625  0825               	movf	___llmod@dividend+1,w
  2899  0626  00A1               	movwf	?___llmod+1
  2900  0627  0824               	movf	___llmod@dividend,w
  2901  0628  00A0               	movwf	?___llmod
  2902  0629  0008               	return
  2903  062A                     __end_of___llmod:	
  2904                           
  2905                           	psect	text12
  2906  0541                     __ptext12:	
  2907 ;; *************** function ___lldiv *****************
  2908 ;; Defined at:
  2909 ;;		line 5 in file "C:\Program Files\Microchip\xc8\v1.21\sources\pic\lldiv.c"
  2910 ;; Parameters:    Size  Location     Type
  2911 ;;  divisor         4    0[BANK0 ] unsigned long 
  2912 ;;  dividend        4    4[BANK0 ] unsigned long 
  2913 ;; Auto vars:     Size  Location     Type
  2914 ;;  quotient        4    4[COMMON] unsigned long 
  2915 ;;  counter         1    8[COMMON] unsigned char 
  2916 ;; Return value:  Size  Location     Type
  2917 ;;                  4    0[BANK0 ] unsigned long 
  2918 ;; Registers used:
  2919 ;;		wreg, status,2, status,0
  2920 ;; Tracked objects:
  2921 ;;		On entry : 0/0
  2922 ;;		On exit  : 0/0
  2923 ;;		Unchanged: 0/0
  2924 ;; Data sizes:     COMMON   BANK0   BANK1   BANK2   BANK3   BANK4   BANK5   BANK6
  2925 ;;      Params:         0       8       0       0       0       0       0       0
  2926 ;;      Locals:         5       0       0       0       0       0       0       0
  2927 ;;      Temps:          1       0       0       0       0       0       0       0
  2928 ;;      Totals:         6       8       0       0       0       0       0       0
  2929 ;;Total ram usage:       14 bytes
  2930 ;; Hardware stack levels used:    1
  2931 ;; Hardware stack levels required when called:    1
  2932 ;; This function calls:
  2933 ;;		Nothing
  2934 ;; This function is called by:
  2935 ;;		_ultoa
  2936 ;; This function uses a non-reentrant model
  2937 ;;
  2938                           
  2939                           
  2940                           ;psect for function ___lldiv
  2941  0541                     ___lldiv:	
  2942                           
  2943                           ;incstack = 0
  2944                           ; Regs used in ___lldiv: [wreg+status,2+status,0]
  2945  0541  3000               	movlw	0
  2946  0542  00F7               	movwf	___lldiv@quotient+3
  2947  0543  3000               	movlw	0
  2948  0544  00F6               	movwf	___lldiv@quotient+2
  2949  0545  3000               	movlw	0
  2950  0546  00F5               	movwf	___lldiv@quotient+1
  2951  0547  3000               	movlw	0
  2952  0548  00F4               	movwf	___lldiv@quotient
  2953  0549  0020               	movlb	0	; select bank0
  2954  054A  0823               	movf	___lldiv@divisor+3,w
  2955  054B  0422               	iorwf	___lldiv@divisor+2,w
  2956  054C  0421               	iorwf	___lldiv@divisor+1,w
  2957  054D  0420               	iorwf	___lldiv@divisor,w
  2958  054E  1903               	skipnz
  2959  054F  2D8B               	goto	l2359
  2960  0550  01F8               	clrf	___lldiv@counter
  2961  0551  0AF8               	incf	___lldiv@counter,f
  2962  0552                     l2345:	
  2963  0552  1BA3               	btfsc	___lldiv@divisor+3,7
  2964  0553  2D60               	goto	l2347
  2965  0554  3001               	movlw	1
  2966  0555                     u1905:	
  2967  0555  35A0               	lslf	___lldiv@divisor,f
  2968  0556  0DA1               	rlf	___lldiv@divisor+1,f
  2969  0557  0DA2               	rlf	___lldiv@divisor+2,f
  2970  0558  0DA3               	rlf	___lldiv@divisor+3,f
  2971  0559  0B89               	decfsz	9,f
  2972  055A  2D55               	goto	u1905
  2973  055B  3001               	movlw	1
  2974  055C  00F3               	movwf	??___lldiv
  2975  055D  0873               	movf	??___lldiv,w
  2976  055E  07F8               	addwf	___lldiv@counter,f
  2977  055F  2D52               	goto	l2345
  2978  0560                     l2347:	
  2979  0560  3001               	movlw	1
  2980  0561                     u1925:	
  2981  0561  35F4               	lslf	___lldiv@quotient,f
  2982  0562  0DF5               	rlf	___lldiv@quotient+1,f
  2983  0563  0DF6               	rlf	___lldiv@quotient+2,f
  2984  0564  0DF7               	rlf	___lldiv@quotient+3,f
  2985  0565  0B89               	decfsz	9,f
  2986  0566  2D61               	goto	u1925
  2987  0567  0823               	movf	___lldiv@divisor+3,w
  2988  0568  0227               	subwf	___lldiv@dividend+3,w
  2989  0569  1D03               	skipz
  2990  056A  2D75               	goto	u1935
  2991  056B  0822               	movf	___lldiv@divisor+2,w
  2992  056C  0226               	subwf	___lldiv@dividend+2,w
  2993  056D  1D03               	skipz
  2994  056E  2D75               	goto	u1935
  2995  056F  0821               	movf	___lldiv@divisor+1,w
  2996  0570  0225               	subwf	___lldiv@dividend+1,w
  2997  0571  1D03               	skipz
  2998  0572  2D75               	goto	u1935
  2999  0573  0820               	movf	___lldiv@divisor,w
  3000  0574  0224               	subwf	___lldiv@dividend,w
  3001  0575                     u1935:	
  3002  0575  1C03               	skipc
  3003  0576  2D80               	goto	l2355
  3004  0577  0820               	movf	___lldiv@divisor,w
  3005  0578  02A4               	subwf	___lldiv@dividend,f
  3006  0579  0821               	movf	___lldiv@divisor+1,w
  3007  057A  3BA5               	subwfb	___lldiv@dividend+1,f
  3008  057B  0822               	movf	___lldiv@divisor+2,w
  3009  057C  3BA6               	subwfb	___lldiv@dividend+2,f
  3010  057D  0823               	movf	___lldiv@divisor+3,w
  3011  057E  3BA7               	subwfb	___lldiv@dividend+3,f
  3012  057F  1474               	bsf	___lldiv@quotient,0
  3013  0580                     l2355:	
  3014  0580  3001               	movlw	1
  3015  0581                     u1945:	
  3016  0581  36A3               	lsrf	___lldiv@divisor+3,f
  3017  0582  0CA2               	rrf	___lldiv@divisor+2,f
  3018  0583  0CA1               	rrf	___lldiv@divisor+1,f
  3019  0584  0CA0               	rrf	___lldiv@divisor,f
  3020  0585  0B89               	decfsz	9,f
  3021  0586  2D81               	goto	u1945
  3022  0587  3001               	movlw	1
  3023  0588  02F8               	subwf	___lldiv@counter,f
  3024  0589  1D03               	btfss	3,2
  3025  058A  2D60               	goto	l2347
  3026  058B                     l2359:	
  3027  058B  0877               	movf	___lldiv@quotient+3,w
  3028  058C  00A3               	movwf	?___lldiv+3
  3029  058D  0876               	movf	___lldiv@quotient+2,w
  3030  058E  00A2               	movwf	?___lldiv+2
  3031  058F  0875               	movf	___lldiv@quotient+1,w
  3032  0590  00A1               	movwf	?___lldiv+1
  3033  0591  0874               	movf	___lldiv@quotient,w
  3034  0592  00A0               	movwf	?___lldiv
  3035  0593  0008               	return
  3036  0594                     __end_of___lldiv:	
  3037                           
  3038                           	psect	text13
  3039  0760                     __ptext13:	
  3040 ;; *************** function _itoa *****************
  3041 ;; Defined at:
  3042 ;;		line 5 in file "C:\Program Files\Microchip\xc8\v1.21\sources\common\itoa.c"
  3043 ;; Parameters:    Size  Location     Type
  3044 ;;  buf             1    wreg     PTR unsigned char 
  3045 ;;		 -> buf(10), 
  3046 ;;  val             2   12[BANK0 ] int 
  3047 ;;  base            2   14[BANK0 ] int 
  3048 ;; Auto vars:     Size  Location     Type
  3049 ;;  buf             1   18[BANK0 ] PTR unsigned char 
  3050 ;;		 -> buf(10), 
  3051 ;;  cp              1   17[BANK0 ] PTR unsigned char 
  3052 ;;		 -> buf(10), 
  3053 ;; Return value:  Size  Location     Type
  3054 ;;                  1    wreg      PTR unsigned char 
  3055 ;; Registers used:
  3056 ;;		wreg, fsr1l, fsr1h, status,2, status,0, pclath, cstack
  3057 ;; Tracked objects:
  3058 ;;		On entry : 0/0
  3059 ;;		On exit  : 0/0
  3060 ;;		Unchanged: 0/0
  3061 ;; Data sizes:     COMMON   BANK0   BANK1   BANK2   BANK3   BANK4   BANK5   BANK6
  3062 ;;      Params:         0       4       0       0       0       0       0       0
  3063 ;;      Locals:         0       2       0       0       0       0       0       0
  3064 ;;      Temps:          0       1       0       0       0       0       0       0
  3065 ;;      Totals:         0       7       0       0       0       0       0       0
  3066 ;;Total ram usage:        7 bytes
  3067 ;; Hardware stack levels used:    1
  3068 ;; Hardware stack levels required when called:    3
  3069 ;; This function calls:
  3070 ;;		_utoa
  3071 ;; This function is called by:
  3072 ;;		_read_volts
  3073 ;;		_read_current
  3074 ;; This function uses a non-reentrant model
  3075 ;;
  3076                           
  3077                           
  3078                           ;psect for function _itoa
  3079  0760                     _itoa:	
  3080                           
  3081                           ;incstack = 0
  3082                           ; Regs used in _itoa: [wreg+fsr1l+fsr1h+status,2+status,0+pclath+cstack]
  3083                           ;itoa@buf stored from wreg
  3084  0760  0020               	movlb	0	; select bank0
  3085  0761  00B2               	movwf	itoa@buf
  3086  0762  0832               	movf	itoa@buf,w
  3087  0763  00B0               	movwf	??_itoa
  3088  0764  0830               	movf	??_itoa,w
  3089  0765  00B1               	movwf	itoa@cp
  3090  0766  1FAD               	btfss	itoa@val+1,7
  3091  0767  2F78               	goto	l2091
  3092  0768  302D               	movlw	45
  3093  0769  00B0               	movwf	??_itoa
  3094  076A  0832               	movf	itoa@buf,w
  3095  076B  0086               	movwf	6
  3096  076C  0187               	clrf	7
  3097  076D  0830               	movf	??_itoa,w
  3098  076E  0081               	movwf	1
  3099  076F  3001               	movlw	1
  3100  0770  00B0               	movwf	??_itoa
  3101  0771  0830               	movf	??_itoa,w
  3102  0772  07B2               	addwf	itoa@buf,f
  3103  0773  09AC               	comf	itoa@val,f
  3104  0774  09AD               	comf	itoa@val+1,f
  3105  0775  0AAC               	incf	itoa@val,f
  3106  0776  1903               	skipnz
  3107  0777  0AAD               	incf	itoa@val+1,f
  3108  0778                     l2091:	
  3109  0778  082D               	movf	itoa@val+1,w
  3110  0779  01A4               	clrf	?_utoa+1
  3111  077A  07A4               	addwf	?_utoa+1,f
  3112  077B  082C               	movf	itoa@val,w
  3113  077C  01A3               	clrf	?_utoa
  3114  077D  07A3               	addwf	?_utoa,f
  3115  077E  082F               	movf	itoa@base+1,w
  3116  077F  01A6               	clrf	?_utoa+3
  3117  0780  07A6               	addwf	?_utoa+3,f
  3118  0781  082E               	movf	itoa@base,w
  3119  0782  01A5               	clrf	?_utoa+2
  3120  0783  07A5               	addwf	?_utoa+2,f
  3121  0784  0832               	movf	itoa@buf,w
  3122  0785  3184  245F         	fcall	_utoa
  3123  0787  0008               	return
  3124  0788                     __end_of_itoa:	
  3125                           ;	Return value of _itoa is never used
  3126                           
  3127                           
  3128                           	psect	text14
  3129  045F                     __ptext14:	
  3130 ;; *************** function _utoa *****************
  3131 ;; Defined at:
  3132 ;;		line 18 in file "C:\Program Files\Microchip\xc8\v1.21\sources\common\itoa.c"
  3133 ;; Parameters:    Size  Location     Type
  3134 ;;  buf             1    wreg     PTR unsigned char 
  3135 ;;		 -> buf(10), 
  3136 ;;  val             2    3[BANK0 ] unsigned int 
  3137 ;;  base            2    5[BANK0 ] int 
  3138 ;; Auto vars:     Size  Location     Type
  3139 ;;  buf             1   11[BANK0 ] PTR unsigned char 
  3140 ;;		 -> buf(10), 
  3141 ;;  v               2    8[BANK0 ] unsigned int 
  3142 ;;  c               1   10[BANK0 ] unsigned char 
  3143 ;; Return value:  Size  Location     Type
  3144 ;;                  1    wreg      PTR unsigned char 
  3145 ;; Registers used:
  3146 ;;		wreg, fsr1l, fsr1h, status,2, status,0, pclath, cstack
  3147 ;; Tracked objects:
  3148 ;;		On entry : 0/0
  3149 ;;		On exit  : 0/0
  3150 ;;		Unchanged: 0/0
  3151 ;; Data sizes:     COMMON   BANK0   BANK1   BANK2   BANK3   BANK4   BANK5   BANK6
  3152 ;;      Params:         0       4       0       0       0       0       0       0
  3153 ;;      Locals:         0       4       0       0       0       0       0       0
  3154 ;;      Temps:          0       1       0       0       0       0       0       0
  3155 ;;      Totals:         0       9       0       0       0       0       0       0
  3156 ;;Total ram usage:        9 bytes
  3157 ;; Hardware stack levels used:    1
  3158 ;; Hardware stack levels required when called:    2
  3159 ;; This function calls:
  3160 ;;		___lwdiv
  3161 ;;		___lwmod
  3162 ;; This function is called by:
  3163 ;;		_itoa
  3164 ;; This function uses a non-reentrant model
  3165 ;;
  3166                           
  3167                           
  3168                           ;psect for function _utoa
  3169  045F                     _utoa:	
  3170                           
  3171                           ;incstack = 0
  3172                           ; Regs used in _utoa: [wreg+fsr1l+fsr1h+status,2+status,0+pclath+cstack]
  3173                           ;utoa@buf stored from wreg
  3174  045F  0020               	movlb	0	; select bank0
  3175  0460  00AB               	movwf	utoa@buf
  3176  0461  0824               	movf	utoa@val+1,w
  3177  0462  01A9               	clrf	utoa@v+1
  3178  0463  07A9               	addwf	utoa@v+1,f
  3179  0464  0823               	movf	utoa@val,w
  3180  0465  01A8               	clrf	utoa@v
  3181  0466  07A8               	addwf	utoa@v,f
  3182  0467                     l2311:	
  3183  0467  0826               	movf	utoa@base+1,w
  3184  0468  01F4               	clrf	?___lwdiv+1
  3185  0469  07F4               	addwf	?___lwdiv+1,f
  3186  046A  0825               	movf	utoa@base,w
  3187  046B  01F3               	clrf	?___lwdiv
  3188  046C  07F3               	addwf	?___lwdiv,f
  3189  046D  0829               	movf	utoa@v+1,w
  3190  046E  01F6               	clrf	?___lwdiv+3
  3191  046F  07F6               	addwf	?___lwdiv+3,f
  3192  0470  0828               	movf	utoa@v,w
  3193  0471  01F5               	clrf	?___lwdiv+2
  3194  0472  07F5               	addwf	?___lwdiv+2,f
  3195  0473  3186  2666  3184   	fcall	___lwdiv
  3196  0476  0874               	movf	?___lwdiv+1,w
  3197  0477  0020               	movlb	0	; select bank0
  3198  0478  01A9               	clrf	utoa@v+1
  3199  0479  07A9               	addwf	utoa@v+1,f
  3200  047A  0873               	movf	?___lwdiv,w
  3201  047B  01A8               	clrf	utoa@v
  3202  047C  07A8               	addwf	utoa@v,f
  3203  047D  3001               	movlw	1
  3204  047E  00A7               	movwf	??_utoa
  3205  047F  0827               	movf	??_utoa,w
  3206  0480  07AB               	addwf	utoa@buf,f
  3207  0481  0829               	movf	utoa@v+1,w
  3208  0482  0428               	iorwf	utoa@v,w
  3209  0483  1D03               	skipz
  3210  0484  2C67               	goto	l2311
  3211  0485  082B               	movf	utoa@buf,w
  3212  0486  0086               	movwf	6
  3213  0487  0187               	clrf	7
  3214  0488  0181               	clrf	1
  3215  0489  3001               	movlw	1
  3216  048A  02AB               	subwf	utoa@buf,f
  3217  048B                     l2321:	
  3218  048B  0826               	movf	utoa@base+1,w
  3219  048C  01F4               	clrf	?___lwmod+1
  3220  048D  07F4               	addwf	?___lwmod+1,f
  3221  048E  0825               	movf	utoa@base,w
  3222  048F  01F3               	clrf	?___lwmod
  3223  0490  07F3               	addwf	?___lwmod,f
  3224  0491  0824               	movf	utoa@val+1,w
  3225  0492  01F6               	clrf	?___lwmod+3
  3226  0493  07F6               	addwf	?___lwmod+3,f
  3227  0494  0823               	movf	utoa@val,w
  3228  0495  01F5               	clrf	?___lwmod+2
  3229  0496  07F5               	addwf	?___lwmod+2,f
  3230  0497  3187  2732  3184   	fcall	___lwmod
  3231  049A  0873               	movf	?___lwmod,w
  3232  049B  0020               	movlb	0	; select bank0
  3233  049C  00A7               	movwf	??_utoa
  3234  049D  0827               	movf	??_utoa,w
  3235  049E  00AA               	movwf	utoa@c
  3236  049F  0826               	movf	utoa@base+1,w
  3237  04A0  01F4               	clrf	?___lwdiv+1
  3238  04A1  07F4               	addwf	?___lwdiv+1,f
  3239  04A2  0825               	movf	utoa@base,w
  3240  04A3  01F3               	clrf	?___lwdiv
  3241  04A4  07F3               	addwf	?___lwdiv,f
  3242  04A5  0824               	movf	utoa@val+1,w
  3243  04A6  01F6               	clrf	?___lwdiv+3
  3244  04A7  07F6               	addwf	?___lwdiv+3,f
  3245  04A8  0823               	movf	utoa@val,w
  3246  04A9  01F5               	clrf	?___lwdiv+2
  3247  04AA  07F5               	addwf	?___lwdiv+2,f
  3248  04AB  3186  2666  3184   	fcall	___lwdiv
  3249  04AE  0874               	movf	?___lwdiv+1,w
  3250  04AF  0020               	movlb	0	; select bank0
  3251  04B0  01A4               	clrf	utoa@val+1
  3252  04B1  07A4               	addwf	utoa@val+1,f
  3253  04B2  0873               	movf	?___lwdiv,w
  3254  04B3  01A3               	clrf	utoa@val
  3255  04B4  07A3               	addwf	utoa@val,f
  3256  04B5  300A               	movlw	10
  3257  04B6  022A               	subwf	utoa@c,w
  3258  04B7  1C03               	skipc
  3259  04B8  2CBD               	goto	l414
  3260  04B9  3007               	movlw	7
  3261  04BA  00A7               	movwf	??_utoa
  3262  04BB  0827               	movf	??_utoa,w
  3263  04BC  07AA               	addwf	utoa@c,f
  3264  04BD                     l414:	
  3265  04BD  3030               	movlw	48
  3266  04BE  00A7               	movwf	??_utoa
  3267  04BF  0827               	movf	??_utoa,w
  3268  04C0  07AA               	addwf	utoa@c,f
  3269  04C1  082A               	movf	utoa@c,w
  3270  04C2  00A7               	movwf	??_utoa
  3271  04C3  082B               	movf	utoa@buf,w
  3272  04C4  0086               	movwf	6
  3273  04C5  0187               	clrf	7
  3274  04C6  0827               	movf	??_utoa,w
  3275  04C7  0081               	movwf	1
  3276  04C8  3001               	movlw	1
  3277  04C9  02AB               	subwf	utoa@buf,f
  3278  04CA  0824               	movf	utoa@val+1,w
  3279  04CB  0423               	iorwf	utoa@val,w
  3280  04CC  1D03               	skipz
  3281  04CD  2C8B               	goto	l2321
  3282                           
  3283                           ;	Return value of _utoa is never used
  3284  04CE  3001               	movlw	1
  3285  04CF  00A7               	movwf	??_utoa
  3286  04D0  0827               	movf	??_utoa,w
  3287  04D1  07AB               	addwf	utoa@buf,f
  3288  04D2  0008               	return
  3289  04D3                     __end_of_utoa:	
  3290                           
  3291                           	psect	text15
  3292  0732                     __ptext15:	
  3293 ;; *************** function ___lwmod *****************
  3294 ;; Defined at:
  3295 ;;		line 5 in file "C:\Program Files\Microchip\xc8\v1.21\sources\pic\lwmod.c"
  3296 ;; Parameters:    Size  Location     Type
  3297 ;;  divisor         2    3[COMMON] unsigned int 
  3298 ;;  dividend        2    5[COMMON] unsigned int 
  3299 ;; Auto vars:     Size  Location     Type
  3300 ;;  counter         1    8[COMMON] unsigned char 
  3301 ;; Return value:  Size  Location     Type
  3302 ;;                  2    3[COMMON] unsigned int 
  3303 ;; Registers used:
  3304 ;;		wreg, status,2, status,0
  3305 ;; Tracked objects:
  3306 ;;		On entry : 0/0
  3307 ;;		On exit  : 0/0
  3308 ;;		Unchanged: 0/0
  3309 ;; Data sizes:     COMMON   BANK0   BANK1   BANK2   BANK3   BANK4   BANK5   BANK6
  3310 ;;      Params:         4       0       0       0       0       0       0       0
  3311 ;;      Locals:         1       0       0       0       0       0       0       0
  3312 ;;      Temps:          1       0       0       0       0       0       0       0
  3313 ;;      Totals:         6       0       0       0       0       0       0       0
  3314 ;;Total ram usage:        6 bytes
  3315 ;; Hardware stack levels used:    1
  3316 ;; Hardware stack levels required when called:    1
  3317 ;; This function calls:
  3318 ;;		Nothing
  3319 ;; This function is called by:
  3320 ;;		_utoa
  3321 ;; This function uses a non-reentrant model
  3322 ;;
  3323                           
  3324                           
  3325                           ;psect for function ___lwmod
  3326  0732                     ___lwmod:	
  3327                           
  3328                           ;incstack = 0
  3329                           ; Regs used in ___lwmod: [wreg+status,2+status,0]
  3330  0732  0874               	movf	___lwmod@divisor+1,w
  3331  0733  0473               	iorwf	___lwmod@divisor,w
  3332  0734  1903               	skipnz
  3333  0735  2F59               	goto	l1991
  3334  0736  01F8               	clrf	___lwmod@counter
  3335  0737  0AF8               	incf	___lwmod@counter,f
  3336  0738                     l1981:	
  3337  0738  1BF4               	btfsc	___lwmod@divisor+1,7
  3338  0739  2F44               	goto	l1983
  3339  073A  3001               	movlw	1
  3340  073B                     u1475:	
  3341  073B  35F3               	lslf	___lwmod@divisor,f
  3342  073C  0DF4               	rlf	___lwmod@divisor+1,f
  3343  073D  0B89               	decfsz	9,f
  3344  073E  2F3B               	goto	u1475
  3345  073F  3001               	movlw	1
  3346  0740  00F7               	movwf	??___lwmod
  3347  0741  0877               	movf	??___lwmod,w
  3348  0742  07F8               	addwf	___lwmod@counter,f
  3349  0743  2F38               	goto	l1981
  3350  0744                     l1983:	
  3351  0744  0874               	movf	___lwmod@divisor+1,w
  3352  0745  0276               	subwf	___lwmod@dividend+1,w
  3353  0746  1D03               	skipz
  3354  0747  2F4A               	goto	u1495
  3355  0748  0873               	movf	___lwmod@divisor,w
  3356  0749  0275               	subwf	___lwmod@dividend,w
  3357  074A                     u1495:	
  3358  074A  1C03               	skipc
  3359  074B  2F50               	goto	l1987
  3360  074C  0873               	movf	___lwmod@divisor,w
  3361  074D  02F5               	subwf	___lwmod@dividend,f
  3362  074E  0874               	movf	___lwmod@divisor+1,w
  3363  074F  3BF6               	subwfb	___lwmod@dividend+1,f
  3364  0750                     l1987:	
  3365  0750  3001               	movlw	1
  3366  0751                     u1505:	
  3367  0751  36F4               	lsrf	___lwmod@divisor+1,f
  3368  0752  0CF3               	rrf	___lwmod@divisor,f
  3369  0753  0B89               	decfsz	9,f
  3370  0754  2F51               	goto	u1505
  3371  0755  3001               	movlw	1
  3372  0756  02F8               	subwf	___lwmod@counter,f
  3373  0757  1D03               	btfss	3,2
  3374  0758  2F44               	goto	l1983
  3375  0759                     l1991:	
  3376  0759  0876               	movf	___lwmod@dividend+1,w
  3377  075A  01F4               	clrf	?___lwmod+1
  3378  075B  07F4               	addwf	?___lwmod+1,f
  3379  075C  0875               	movf	___lwmod@dividend,w
  3380  075D  01F3               	clrf	?___lwmod
  3381  075E  07F3               	addwf	?___lwmod,f
  3382  075F  0008               	return
  3383  0760                     __end_of___lwmod:	
  3384                           
  3385                           	psect	text16
  3386  0666                     __ptext16:	
  3387 ;; *************** function ___lwdiv *****************
  3388 ;; Defined at:
  3389 ;;		line 5 in file "C:\Program Files\Microchip\xc8\v1.21\sources\pic\lwdiv.c"
  3390 ;; Parameters:    Size  Location     Type
  3391 ;;  divisor         2    3[COMMON] unsigned int 
  3392 ;;  dividend        2    5[COMMON] unsigned int 
  3393 ;; Auto vars:     Size  Location     Type
  3394 ;;  quotient        2    1[BANK0 ] unsigned int 
  3395 ;;  counter         1    0[BANK0 ] unsigned char 
  3396 ;; Return value:  Size  Location     Type
  3397 ;;                  2    3[COMMON] unsigned int 
  3398 ;; Registers used:
  3399 ;;		wreg, status,2, status,0
  3400 ;; Tracked objects:
  3401 ;;		On entry : 0/0
  3402 ;;		On exit  : 0/0
  3403 ;;		Unchanged: 0/0
  3404 ;; Data sizes:     COMMON   BANK0   BANK1   BANK2   BANK3   BANK4   BANK5   BANK6
  3405 ;;      Params:         4       0       0       0       0       0       0       0
  3406 ;;      Locals:         0       3       0       0       0       0       0       0
  3407 ;;      Temps:          1       0       0       0       0       0       0       0
  3408 ;;      Totals:         5       3       0       0       0       0       0       0
  3409 ;;Total ram usage:        8 bytes
  3410 ;; Hardware stack levels used:    1
  3411 ;; Hardware stack levels required when called:    1
  3412 ;; This function calls:
  3413 ;;		Nothing
  3414 ;; This function is called by:
  3415 ;;		_utoa
  3416 ;; This function uses a non-reentrant model
  3417 ;;
  3418                           
  3419                           
  3420                           ;psect for function ___lwdiv
  3421  0666                     ___lwdiv:	
  3422                           
  3423                           ;incstack = 0
  3424                           ; Regs used in ___lwdiv: [wreg+status,2+status,0]
  3425  0666  0020               	movlb	0	; select bank0
  3426  0667  01A1               	clrf	___lwdiv@quotient
  3427  0668  01A2               	clrf	___lwdiv@quotient+1
  3428  0669  0874               	movf	___lwdiv@divisor+1,w
  3429  066A  0473               	iorwf	___lwdiv@divisor,w
  3430  066B  1903               	skipnz
  3431  066C  2E96               	goto	l2445
  3432  066D  01A0               	clrf	___lwdiv@counter
  3433  066E  0AA0               	incf	___lwdiv@counter,f
  3434  066F                     l2433:	
  3435  066F  1BF4               	btfsc	___lwdiv@divisor+1,7
  3436  0670  2E7B               	goto	l2435
  3437  0671  3001               	movlw	1
  3438  0672                     u2105:	
  3439  0672  35F3               	lslf	___lwdiv@divisor,f
  3440  0673  0DF4               	rlf	___lwdiv@divisor+1,f
  3441  0674  0B89               	decfsz	9,f
  3442  0675  2E72               	goto	u2105
  3443  0676  3001               	movlw	1
  3444  0677  00F7               	movwf	??___lwdiv
  3445  0678  0877               	movf	??___lwdiv,w
  3446  0679  07A0               	addwf	___lwdiv@counter,f
  3447  067A  2E6F               	goto	l2433
  3448  067B                     l2435:	
  3449  067B  3001               	movlw	1
  3450  067C                     u2125:	
  3451  067C  35A1               	lslf	___lwdiv@quotient,f
  3452  067D  0DA2               	rlf	___lwdiv@quotient+1,f
  3453  067E  0B89               	decfsz	9,f
  3454  067F  2E7C               	goto	u2125
  3455  0680  0874               	movf	___lwdiv@divisor+1,w
  3456  0681  0276               	subwf	___lwdiv@dividend+1,w
  3457  0682  1D03               	skipz
  3458  0683  2E86               	goto	u2135
  3459  0684  0873               	movf	___lwdiv@divisor,w
  3460  0685  0275               	subwf	___lwdiv@dividend,w
  3461  0686                     u2135:	
  3462  0686  1C03               	skipc
  3463  0687  2E8D               	goto	l2441
  3464  0688  0873               	movf	___lwdiv@divisor,w
  3465  0689  02F5               	subwf	___lwdiv@dividend,f
  3466  068A  0874               	movf	___lwdiv@divisor+1,w
  3467  068B  3BF6               	subwfb	___lwdiv@dividend+1,f
  3468  068C  1421               	bsf	___lwdiv@quotient,0
  3469  068D                     l2441:	
  3470  068D  3001               	movlw	1
  3471  068E                     u2145:	
  3472  068E  36F4               	lsrf	___lwdiv@divisor+1,f
  3473  068F  0CF3               	rrf	___lwdiv@divisor,f
  3474  0690  0B89               	decfsz	9,f
  3475  0691  2E8E               	goto	u2145
  3476  0692  3001               	movlw	1
  3477  0693  02A0               	subwf	___lwdiv@counter,f
  3478  0694  1D03               	btfss	3,2
  3479  0695  2E7B               	goto	l2435
  3480  0696                     l2445:	
  3481  0696  0822               	movf	___lwdiv@quotient+1,w
  3482  0697  01F4               	clrf	?___lwdiv+1
  3483  0698  07F4               	addwf	?___lwdiv+1,f
  3484  0699  0821               	movf	___lwdiv@quotient,w
  3485  069A  01F3               	clrf	?___lwdiv
  3486  069B  07F3               	addwf	?___lwdiv,f
  3487  069C  0008               	return
  3488  069D                     __end_of___lwdiv:	
  3489                           
  3490                           	psect	text17
  3491  07DC                     __ptext17:	
  3492 ;; *************** function _print_status *****************
  3493 ;; Defined at:
  3494 ;;		line 336 in file "main1.c"
  3495 ;; Parameters:    Size  Location     Type
  3496 ;;		None
  3497 ;; Auto vars:     Size  Location     Type
  3498 ;;		None
  3499 ;; Return value:  Size  Location     Type
  3500 ;;		None               void
  3501 ;; Registers used:
  3502 ;;		wreg, fsr0l, fsr0h, status,2, status,0, pclath, cstack
  3503 ;; Tracked objects:
  3504 ;;		On entry : 0/0
  3505 ;;		On exit  : 0/0
  3506 ;;		Unchanged: 0/0
  3507 ;; Data sizes:     COMMON   BANK0   BANK1   BANK2   BANK3   BANK4   BANK5   BANK6
  3508 ;;      Params:         0       0       0       0       0       0       0       0
  3509 ;;      Locals:         0       0       0       0       0       0       0       0
  3510 ;;      Temps:          0       0       0       0       0       0       0       0
  3511 ;;      Totals:         0       0       0       0       0       0       0       0
  3512 ;;Total ram usage:        0 bytes
  3513 ;; Hardware stack levels used:    1
  3514 ;; Hardware stack levels required when called:    5
  3515 ;; This function calls:
  3516 ;;		_lcd_puts
  3517 ;;		_lcd_clrline2
  3518 ;; This function is called by:
  3519 ;;		_main
  3520 ;; This function uses a non-reentrant model
  3521 ;;
  3522                           
  3523                           
  3524                           ;psect for function _print_status
  3525  07DC                     _print_status:	
  3526                           
  3527                           ;main1.c: 337: lcd_clrline2();
  3528                           
  3529                           ;incstack = 0
  3530                           ; Regs used in _print_status: [wreg-fsr0h+status,2+status,0+pclath+cstack]
  3531  07DC  318F  27A9  3187   	fcall	_lcd_clrline2
  3532                           
  3533                           ;main1.c: 338: if ( batt_status )
  3534  07DF  0020               	movlb	0	; select bank0
  3535  07E0  0858               	movf	_batt_status+1,w
  3536  07E1  0457               	iorwf	_batt_status,w
  3537  07E2  1903               	skipnz
  3538  07E3  2FEB               	goto	l1671
  3539                           
  3540                           ;main1.c: 339: lcd_puts("Alarm");
  3541  07E4  3052               	movlw	low (STR_9| (0+32768))
  3542  07E5  00F7               	movwf	?_lcd_puts
  3543  07E6  3086               	movlw	high (STR_9| (0+32768))
  3544  07E7  00F8               	movwf	?_lcd_puts+1
  3545  07E8  3187  27C5         	fcall	_lcd_puts
  3546  07EA  0008               	return
  3547  07EB                     l1671:	
  3548                           
  3549                           ;main1.c: 340: else
  3550                           ;main1.c: 341: lcd_puts("Normal");
  3551  07EB  304B               	movlw	low (STR_10| (0+32768))
  3552  07EC  00F7               	movwf	?_lcd_puts
  3553  07ED  3086               	movlw	high (STR_10| (0+32768))
  3554  07EE  00F8               	movwf	?_lcd_puts+1
  3555  07EF  3187  27C5         	fcall	_lcd_puts
  3556  07F1  0008               	return
  3557  07F2                     __end_of_print_status:	
  3558                           
  3559                           	psect	text18
  3560  0FA9                     __ptext18:	
  3561 ;; *************** function _lcd_clrline2 *****************
  3562 ;; Defined at:
  3563 ;;		line 138 in file "main1.c"
  3564 ;; Parameters:    Size  Location     Type
  3565 ;;		None
  3566 ;; Auto vars:     Size  Location     Type
  3567 ;;		None
  3568 ;; Return value:  Size  Location     Type
  3569 ;;		None               void
  3570 ;; Registers used:
  3571 ;;		wreg, fsr0l, fsr0h, status,2, status,0, pclath, cstack
  3572 ;; Tracked objects:
  3573 ;;		On entry : 0/0
  3574 ;;		On exit  : 0/0
  3575 ;;		Unchanged: 0/0
  3576 ;; Data sizes:     COMMON   BANK0   BANK1   BANK2   BANK3   BANK4   BANK5   BANK6
  3577 ;;      Params:         0       0       0       0       0       0       0       0
  3578 ;;      Locals:         0       0       0       0       0       0       0       0
  3579 ;;      Temps:          0       0       0       0       0       0       0       0
  3580 ;;      Totals:         0       0       0       0       0       0       0       0
  3581 ;;Total ram usage:        0 bytes
  3582 ;; Hardware stack levels used:    1
  3583 ;; Hardware stack levels required when called:    4
  3584 ;; This function calls:
  3585 ;;		_lcd_puts
  3586 ;;		_lcd_goto
  3587 ;; This function is called by:
  3588 ;;		_read_volts
  3589 ;;		_print_status
  3590 ;; This function uses a non-reentrant model
  3591 ;;
  3592                           
  3593                           
  3594                           ;psect for function _lcd_clrline2
  3595  0FA9                     _lcd_clrline2:	
  3596                           
  3597                           ;main1.c: 139: lcd_goto(40);
  3598                           
  3599                           ;incstack = 0
  3600                           ; Regs used in _lcd_clrline2: [wreg-fsr0h+status,2+status,0+pclath+cstack]
  3601  0FA9  3028               	movlw	40
  3602  0FAA  318F  2793  318F   	fcall	_lcd_goto
  3603                           
  3604                           ;main1.c: 140: lcd_puts("                ");
  3605  0FAD  302B               	movlw	low (STR_1| (0+32768))
  3606  0FAE  00F7               	movwf	?_lcd_puts
  3607  0FAF  3086               	movlw	high (STR_1| (0+32768))
  3608  0FB0  00F8               	movwf	?_lcd_puts+1
  3609  0FB1  3187  27C5  318F   	fcall	_lcd_puts
  3610                           
  3611                           ;main1.c: 141: lcd_goto(40);
  3612  0FB4  3028               	movlw	40
  3613  0FB5  318F  2793         	fcall	_lcd_goto
  3614  0FB7  0008               	return
  3615  0FB8                     __end_of_lcd_clrline2:	
  3616                           
  3617                           	psect	text19
  3618  0F93                     __ptext19:	
  3619 ;; *************** function _lcd_goto *****************
  3620 ;; Defined at:
  3621 ;;		line 127 in file "main1.c"
  3622 ;; Parameters:    Size  Location     Type
  3623 ;;  pos             1    wreg     unsigned char 
  3624 ;; Auto vars:     Size  Location     Type
  3625 ;;  pos             1    7[COMMON] unsigned char 
  3626 ;; Return value:  Size  Location     Type
  3627 ;;		None               void
  3628 ;; Registers used:
  3629 ;;		wreg, status,2, status,0, pclath, cstack
  3630 ;; Tracked objects:
  3631 ;;		On entry : 0/0
  3632 ;;		On exit  : 0/0
  3633 ;;		Unchanged: 0/0
  3634 ;; Data sizes:     COMMON   BANK0   BANK1   BANK2   BANK3   BANK4   BANK5   BANK6
  3635 ;;      Params:         0       0       0       0       0       0       0       0
  3636 ;;      Locals:         1       0       0       0       0       0       0       0
  3637 ;;      Temps:          0       0       0       0       0       0       0       0
  3638 ;;      Totals:         1       0       0       0       0       0       0       0
  3639 ;;Total ram usage:        1 bytes
  3640 ;; Hardware stack levels used:    1
  3641 ;; Hardware stack levels required when called:    3
  3642 ;; This function calls:
  3643 ;;		_lcd_write
  3644 ;; This function is called by:
  3645 ;;		_lcd_clrline2
  3646 ;; This function uses a non-reentrant model
  3647 ;;
  3648                           
  3649                           
  3650                           ;psect for function _lcd_goto
  3651  0F93                     _lcd_goto:	
  3652                           
  3653                           ;incstack = 0
  3654                           ; Regs used in _lcd_goto: [wreg+status,2+status,0+pclath+cstack]
  3655                           ;lcd_goto@pos stored from wreg
  3656  0F93  00F7               	movwf	lcd_goto@pos
  3657                           
  3658                           ;main1.c: 128: LATAbits.LATA5 = 0;
  3659  0F94  0022               	movlb	2	; select bank2
  3660  0F95  128C               	bcf	12,5	;volatile
  3661                           
  3662                           ;main1.c: 129: lcd_write(0x80+pos);
  3663  0F96  0877               	movf	lcd_goto@pos,w
  3664  0F97  3E80               	addlw	128
  3665  0F98  3187  27AD         	fcall	_lcd_write
  3666  0F9A  0008               	return
  3667  0F9B                     __end_of_lcd_goto:	
  3668                           
  3669                           	psect	text20
  3670  07C5                     __ptext20:	
  3671 ;; *************** function _lcd_puts *****************
  3672 ;; Defined at:
  3673 ;;		line 116 in file "main1.c"
  3674 ;; Parameters:    Size  Location     Type
  3675 ;;  s               2    7[COMMON] PTR const unsigned char 
  3676 ;;		 -> STR_12(2), STR_11(15), STR_10(7), STR_9(6), 
  3677 ;;		 -> STR_8(3), STR_7(2), STR_6(2), STR_5(3), 
  3678 ;;		 -> STR_4(2), STR_3(2), buf(10), STR_2(2), 
  3679 ;;		 -> STR_1(17), 
  3680 ;; Auto vars:     Size  Location     Type
  3681 ;;		None
  3682 ;; Return value:  Size  Location     Type
  3683 ;;		None               void
  3684 ;; Registers used:
  3685 ;;		wreg, fsr0l, fsr0h, status,2, status,0, pclath, cstack
  3686 ;; Tracked objects:
  3687 ;;		On entry : 0/0
  3688 ;;		On exit  : 0/0
  3689 ;;		Unchanged: 0/0
  3690 ;; Data sizes:     COMMON   BANK0   BANK1   BANK2   BANK3   BANK4   BANK5   BANK6
  3691 ;;      Params:         2       0       0       0       0       0       0       0
  3692 ;;      Locals:         0       0       0       0       0       0       0       0
  3693 ;;      Temps:          0       0       0       0       0       0       0       0
  3694 ;;      Totals:         2       0       0       0       0       0       0       0
  3695 ;;Total ram usage:        2 bytes
  3696 ;; Hardware stack levels used:    1
  3697 ;; Hardware stack levels required when called:    3
  3698 ;; This function calls:
  3699 ;;		_lcd_write
  3700 ;; This function is called by:
  3701 ;;		_lcd_clrline2
  3702 ;;		_read_volts
  3703 ;;		_read_current
  3704 ;;		_print_status
  3705 ;;		_main
  3706 ;; This function uses a non-reentrant model
  3707 ;;
  3708                           
  3709                           
  3710                           ;psect for function _lcd_puts
  3711  07C5                     _lcd_puts:	
  3712                           
  3713                           ;main1.c: 117: LATAbits.LATA5 = 1;
  3714                           
  3715                           ;incstack = 0
  3716                           ; Regs used in _lcd_puts: [wreg-fsr0h+status,2+status,0+pclath+cstack]
  3717  07C5  0022               	movlb	2	; select bank2
  3718  07C6  168C               	bsf	12,5	;volatile
  3719  07C7                     l1467:	
  3720                           ;main1.c: 118: while(*s)
  3721                           
  3722  07C7  0877               	movf	lcd_puts@s,w
  3723  07C8  0084               	movwf	4
  3724  07C9  0878               	movf	lcd_puts@s+1,w
  3725  07CA  0085               	movwf	5
  3726  07CB  0800               	movf	0,w	;code access
  3727  07CC  3800               	iorlw	0
  3728  07CD  1903               	btfsc	3,2
  3729  07CE  0008               	return
  3730                           
  3731                           ;main1.c: 119: lcd_write(*s++);
  3732  07CF  0877               	movf	lcd_puts@s,w
  3733  07D0  0084               	movwf	4
  3734  07D1  0878               	movf	lcd_puts@s+1,w
  3735  07D2  0085               	movwf	5
  3736  07D3  0800               	movf	0,w	;code access
  3737  07D4  3187  27AD  3187   	fcall	_lcd_write
  3738  07D7  3001               	movlw	1
  3739  07D8  07F7               	addwf	lcd_puts@s,f
  3740  07D9  3000               	movlw	0
  3741  07DA  3DF8               	addwfc	lcd_puts@s+1,f
  3742  07DB  2FC7               	goto	l1467
  3743  07DC                     __end_of_lcd_puts:	
  3744                           
  3745                           	psect	text21
  3746  0594                     __ptext21:	
  3747 ;; *************** function _lcd_init *****************
  3748 ;; Defined at:
  3749 ;;		line 200 in file "main1.c"
  3750 ;; Parameters:    Size  Location     Type
  3751 ;;		None
  3752 ;; Auto vars:     Size  Location     Type
  3753 ;;		None
  3754 ;; Return value:  Size  Location     Type
  3755 ;;		None               void
  3756 ;; Registers used:
  3757 ;;		wreg, status,2, status,0, pclath, cstack
  3758 ;; Tracked objects:
  3759 ;;		On entry : 0/0
  3760 ;;		On exit  : 0/0
  3761 ;;		Unchanged: 0/0
  3762 ;; Data sizes:     COMMON   BANK0   BANK1   BANK2   BANK3   BANK4   BANK5   BANK6
  3763 ;;      Params:         0       0       0       0       0       0       0       0
  3764 ;;      Locals:         0       0       0       0       0       0       0       0
  3765 ;;      Temps:          2       0       0       0       0       0       0       0
  3766 ;;      Totals:         2       0       0       0       0       0       0       0
  3767 ;;Total ram usage:        2 bytes
  3768 ;; Hardware stack levels used:    1
  3769 ;; Hardware stack levels required when called:    3
  3770 ;; This function calls:
  3771 ;;		_lcd_strobe
  3772 ;;		_lcd_write
  3773 ;; This function is called by:
  3774 ;;		_main
  3775 ;; This function uses a non-reentrant model
  3776 ;;
  3777                           
  3778                           
  3779                           ;psect for function _lcd_init
  3780  0594                     _lcd_init:	
  3781                           
  3782                           ;main1.c: 201: LATAbits.LATA5 = 0;
  3783                           
  3784                           ;incstack = 0
  3785                           ; Regs used in _lcd_init: [wreg+status,2+status,0+pclath+cstack]
  3786  0594  0022               	movlb	2	; select bank2
  3787  0595  128C               	bcf	12,5	;volatile
  3788                           
  3789                           ;main1.c: 202: LATC = 0x03;
  3790  0596  3003               	movlw	3
  3791  0597  008E               	movwf	14	;volatile
  3792                           
  3793                           ;main1.c: 203: _delay((unsigned long)((150)*(4000000/4000.0)));
  3794  0598  30C3               	movlw	195
  3795  0599  00F8               	movwf	??_lcd_init+1
  3796  059A  30CD               	movlw	205
  3797  059B  00F7               	movwf	??_lcd_init
  3798  059C                     u2217:	
  3799  059C  0BF7               	decfsz	??_lcd_init,f
  3800  059D  2D9C               	goto	u2217
  3801  059E  0BF8               	decfsz	??_lcd_init+1,f
  3802  059F  2D9C               	goto	u2217
  3803                           
  3804                           ;main1.c: 204: lcd_strobe();
  3805  05A0  318F  279B  3185   	fcall	_lcd_strobe
  3806                           
  3807                           ;main1.c: 205: _delay((unsigned long)((5)*(4000000/4000.0)));
  3808  05A3  3007               	movlw	7
  3809  05A4  00F8               	movwf	??_lcd_init+1
  3810  05A5  307D               	movlw	125
  3811  05A6  00F7               	movwf	??_lcd_init
  3812  05A7                     u2227:	
  3813  05A7  0BF7               	decfsz	??_lcd_init,f
  3814  05A8  2DA7               	goto	u2227
  3815  05A9  0BF8               	decfsz	??_lcd_init+1,f
  3816  05AA  2DA7               	goto	u2227
  3817                           
  3818                           ;main1.c: 206: lcd_strobe();
  3819  05AB  318F  279B  3185   	fcall	_lcd_strobe
  3820                           
  3821                           ;main1.c: 207: _delay((unsigned long)((5)*(4000000/4000.0)));
  3822  05AE  3007               	movlw	7
  3823  05AF  00F8               	movwf	??_lcd_init+1
  3824  05B0  307D               	movlw	125
  3825  05B1  00F7               	movwf	??_lcd_init
  3826  05B2                     u2237:	
  3827  05B2  0BF7               	decfsz	??_lcd_init,f
  3828  05B3  2DB2               	goto	u2237
  3829  05B4  0BF8               	decfsz	??_lcd_init+1,f
  3830  05B5  2DB2               	goto	u2237
  3831                           
  3832                           ;main1.c: 208: lcd_strobe();
  3833  05B6  318F  279B  3185   	fcall	_lcd_strobe
  3834                           
  3835                           ;main1.c: 209: _delay((unsigned long)((5)*(4000000/4000.0)));
  3836  05B9  3007               	movlw	7
  3837  05BA  00F8               	movwf	??_lcd_init+1
  3838  05BB  307D               	movlw	125
  3839  05BC  00F7               	movwf	??_lcd_init
  3840  05BD                     u2247:	
  3841  05BD  0BF7               	decfsz	??_lcd_init,f
  3842  05BE  2DBD               	goto	u2247
  3843  05BF  0BF8               	decfsz	??_lcd_init+1,f
  3844  05C0  2DBD               	goto	u2247
  3845                           
  3846                           ;main1.c: 210: LATC = 0x02;
  3847  05C1  3002               	movlw	2
  3848  05C2  0022               	movlb	2	; select bank2
  3849  05C3  008E               	movwf	14	;volatile
  3850                           
  3851                           ;main1.c: 211: _delay((unsigned long)((5)*(4000000/4000.0)));
  3852  05C4  3007               	movlw	7
  3853  05C5  00F8               	movwf	??_lcd_init+1
  3854  05C6  307D               	movlw	125
  3855  05C7  00F7               	movwf	??_lcd_init
  3856  05C8                     u2257:	
  3857  05C8  0BF7               	decfsz	??_lcd_init,f
  3858  05C9  2DC8               	goto	u2257
  3859  05CA  0BF8               	decfsz	??_lcd_init+1,f
  3860  05CB  2DC8               	goto	u2257
  3861                           
  3862                           ;main1.c: 212: lcd_strobe();
  3863  05CC  318F  279B  3185   	fcall	_lcd_strobe
  3864                           
  3865                           ;main1.c: 213: _delay((unsigned long)((5)*(4000000/4000.0)));
  3866  05CF  3007               	movlw	7
  3867  05D0  00F8               	movwf	??_lcd_init+1
  3868  05D1  307D               	movlw	125
  3869  05D2  00F7               	movwf	??_lcd_init
  3870  05D3                     u2267:	
  3871  05D3  0BF7               	decfsz	??_lcd_init,f
  3872  05D4  2DD3               	goto	u2267
  3873  05D5  0BF8               	decfsz	??_lcd_init+1,f
  3874  05D6  2DD3               	goto	u2267
  3875                           
  3876                           ;main1.c: 214: lcd_write(0x28);
  3877  05D7  3028               	movlw	40
  3878  05D8  3187  27AD  3185   	fcall	_lcd_write
  3879                           
  3880                           ;main1.c: 215: lcd_write(0x08);
  3881  05DB  3008               	movlw	8
  3882  05DC  3187  27AD  3185   	fcall	_lcd_write
  3883                           
  3884                           ;main1.c: 216: lcd_write(0x0C);
  3885  05DF  300C               	movlw	12
  3886  05E0  3187  27AD  3185   	fcall	_lcd_write
  3887                           
  3888                           ;main1.c: 217: lcd_write(0x06);
  3889  05E3  3006               	movlw	6
  3890  05E4  3187  27AD         	fcall	_lcd_write
  3891  05E6  0008               	return
  3892  05E7                     __end_of_lcd_init:	
  3893                           
  3894                           	psect	text22
  3895  069D                     __ptext22:	
  3896 ;; *************** function _serial_init *****************
  3897 ;; Defined at:
  3898 ;;		line 161 in file "main1.c"
  3899 ;; Parameters:    Size  Location     Type
  3900 ;;		None
  3901 ;; Auto vars:     Size  Location     Type
  3902 ;;		None
  3903 ;; Return value:  Size  Location     Type
  3904 ;;		None               void
  3905 ;; Registers used:
  3906 ;;		wreg, status,2, status,0, pclath, cstack
  3907 ;; Tracked objects:
  3908 ;;		On entry : 0/0
  3909 ;;		On exit  : 0/0
  3910 ;;		Unchanged: 0/0
  3911 ;; Data sizes:     COMMON   BANK0   BANK1   BANK2   BANK3   BANK4   BANK5   BANK6
  3912 ;;      Params:         0       0       0       0       0       0       0       0
  3913 ;;      Locals:         0       0       0       0       0       0       0       0
  3914 ;;      Temps:          2       0       0       0       0       0       0       0
  3915 ;;      Totals:         2       0       0       0       0       0       0       0
  3916 ;;Total ram usage:        2 bytes
  3917 ;; Hardware stack levels used:    1
  3918 ;; Hardware stack levels required when called:    2
  3919 ;; This function calls:
  3920 ;;		_uart_xmit
  3921 ;; This function is called by:
  3922 ;;		_main
  3923 ;; This function uses a non-reentrant model
  3924 ;;
  3925                           
  3926                           
  3927                           ;psect for function _serial_init
  3928  069D                     _serial_init:	
  3929                           
  3930                           ;main1.c: 170: TXSTAbits.BRGH=1;
  3931                           
  3932                           ;incstack = 0
  3933                           ; Regs used in _serial_init: [wreg+status,2+status,0+pclath+cstack]
  3934  069D  0023               	movlb	3	; select bank3
  3935  069E  151E               	bsf	30,2	;volatile
  3936                           
  3937                           ;main1.c: 171: TXSTAbits.TX9=0;
  3938  069F  131E               	bcf	30,6	;volatile
  3939                           
  3940                           ;main1.c: 172: TXSTAbits.TXEN = 1;
  3941  06A0  169E               	bsf	30,5	;volatile
  3942                           
  3943                           ;main1.c: 175: RCSTAbits.SPEN=1;
  3944  06A1  179D               	bsf	29,7	;volatile
  3945                           
  3946                           ;main1.c: 176: RCSTAbits.RX9=0;
  3947  06A2  131D               	bcf	29,6	;volatile
  3948                           
  3949                           ;main1.c: 177: RCSTAbits.CREN=1;
  3950  06A3  161D               	bsf	29,4	;volatile
  3951                           
  3952                           ;main1.c: 179: SPBRGL=25;
  3953  06A4  3019               	movlw	25
  3954  06A5  009B               	movwf	27	;volatile
  3955                           
  3956                           ;main1.c: 180: SPBRGH=0;
  3957  06A6  019C               	clrf	28	;volatile
  3958                           
  3959                           ;main1.c: 182: PIR1bits.RCIF=0;
  3960  06A7  0020               	movlb	0	; select bank0
  3961  06A8  1291               	bcf	17,5	;volatile
  3962                           
  3963                           ;main1.c: 183: PIE1bits.RCIE=1;
  3964  06A9  0021               	movlb	1	; select bank1
  3965  06AA  1691               	bsf	17,5	;volatile
  3966                           
  3967                           ;main1.c: 184: INTCONbits.PEIE = 1;
  3968  06AB  170B               	bsf	11,6	;volatile
  3969                           
  3970                           ;main1.c: 185: INTCONbits.GIE = 1;
  3971  06AC  178B               	bsf	11,7	;volatile
  3972                           
  3973                           ;main1.c: 187: _delay((unsigned long)((50)*(4000000/4000.0)));
  3974  06AD  3041               	movlw	65
  3975  06AE  00F6               	movwf	??_serial_init+1
  3976  06AF  30EE               	movlw	238
  3977  06B0  00F5               	movwf	??_serial_init
  3978  06B1                     u2277:	
  3979  06B1  0BF5               	decfsz	??_serial_init,f
  3980  06B2  2EB1               	goto	u2277
  3981  06B3  0BF6               	decfsz	??_serial_init+1,f
  3982  06B4  2EB1               	goto	u2277
  3983  06B5  0000               	nop
  3984                           
  3985                           ;main1.c: 189: uart_xmit('R');
  3986  06B6  3052               	movlw	82
  3987  06B7  00F3               	movwf	?_uart_xmit
  3988  06B8  3000               	movlw	0
  3989  06B9  00F4               	movwf	?_uart_xmit+1
  3990  06BA  318F  2787  3186   	fcall	_uart_xmit
  3991                           
  3992                           ;main1.c: 190: uart_xmit('S');
  3993  06BD  3053               	movlw	83
  3994  06BE  00F3               	movwf	?_uart_xmit
  3995  06BF  3000               	movlw	0
  3996  06C0  00F4               	movwf	?_uart_xmit+1
  3997  06C1  318F  2787  3186   	fcall	_uart_xmit
  3998                           
  3999                           ;main1.c: 191: uart_xmit('T');
  4000  06C4  3054               	movlw	84
  4001  06C5  00F3               	movwf	?_uart_xmit
  4002  06C6  3000               	movlw	0
  4003  06C7  00F4               	movwf	?_uart_xmit+1
  4004  06C8  318F  2787  3186   	fcall	_uart_xmit
  4005                           
  4006                           ;main1.c: 192: uart_xmit('\n');
  4007  06CB  300A               	movlw	10
  4008  06CC  00F3               	movwf	?_uart_xmit
  4009  06CD  3000               	movlw	0
  4010  06CE  00F4               	movwf	?_uart_xmit+1
  4011  06CF  318F  2787         	fcall	_uart_xmit
  4012  06D1  0008               	return
  4013  06D2                     __end_of_serial_init:	
  4014                           
  4015                           	psect	text23
  4016  0F87                     __ptext23:	
  4017 ;; *************** function _uart_xmit *****************
  4018 ;; Defined at:
  4019 ;;		line 76 in file "main1.c"
  4020 ;; Parameters:    Size  Location     Type
  4021 ;;  mydata_byte     2    3[COMMON] unsigned int 
  4022 ;; Auto vars:     Size  Location     Type
  4023 ;;		None
  4024 ;; Return value:  Size  Location     Type
  4025 ;;		None               void
  4026 ;; Registers used:
  4027 ;;		wreg
  4028 ;; Tracked objects:
  4029 ;;		On entry : 0/0
  4030 ;;		On exit  : 0/0
  4031 ;;		Unchanged: 0/0
  4032 ;; Data sizes:     COMMON   BANK0   BANK1   BANK2   BANK3   BANK4   BANK5   BANK6
  4033 ;;      Params:         2       0       0       0       0       0       0       0
  4034 ;;      Locals:         0       0       0       0       0       0       0       0
  4035 ;;      Temps:          0       0       0       0       0       0       0       0
  4036 ;;      Totals:         2       0       0       0       0       0       0       0
  4037 ;;Total ram usage:        2 bytes
  4038 ;; Hardware stack levels used:    1
  4039 ;; Hardware stack levels required when called:    1
  4040 ;; This function calls:
  4041 ;;		Nothing
  4042 ;; This function is called by:
  4043 ;;		_serial_init
  4044 ;;		_read_volts
  4045 ;;		_read_current
  4046 ;; This function uses a non-reentrant model
  4047 ;;
  4048                           
  4049                           
  4050                           ;psect for function _uart_xmit
  4051  0F87                     _uart_xmit:	
  4052  0F87                     l85:	
  4053                           ;main1.c: 78: while(!TXSTAbits.TRMT);
  4054                           
  4055                           ;incstack = 0
  4056                           ; Regs used in _uart_xmit: [wreg]
  4057                           
  4058  0F87  0023               	movlb	3	; select bank3
  4059  0F88  1C9E               	btfss	30,1	;volatile
  4060  0F89  2F87               	goto	l85
  4061                           
  4062                           ;main1.c: 79: TXREG = mydata_byte;
  4063  0F8A  0873               	movf	uart_xmit@mydata_byte,w
  4064  0F8B  009A               	movwf	26	;volatile
  4065  0F8C  0008               	return
  4066  0F8D                     __end_of_uart_xmit:	
  4067                           
  4068                           	psect	text24
  4069  0FEB                     __ptext24:	
  4070 ;; *************** function _blinkLEDslow *****************
  4071 ;; Defined at:
  4072 ;;		line 153 in file "main1.c"
  4073 ;; Parameters:    Size  Location     Type
  4074 ;;		None
  4075 ;; Auto vars:     Size  Location     Type
  4076 ;;		None
  4077 ;; Return value:  Size  Location     Type
  4078 ;;		None               void
  4079 ;; Registers used:
  4080 ;;		wreg, status,2
  4081 ;; Tracked objects:
  4082 ;;		On entry : 0/0
  4083 ;;		On exit  : 0/0
  4084 ;;		Unchanged: 0/0
  4085 ;; Data sizes:     COMMON   BANK0   BANK1   BANK2   BANK3   BANK4   BANK5   BANK6
  4086 ;;      Params:         0       0       0       0       0       0       0       0
  4087 ;;      Locals:         0       0       0       0       0       0       0       0
  4088 ;;      Temps:          3       0       0       0       0       0       0       0
  4089 ;;      Totals:         3       0       0       0       0       0       0       0
  4090 ;;Total ram usage:        3 bytes
  4091 ;; Hardware stack levels used:    1
  4092 ;; Hardware stack levels required when called:    1
  4093 ;; This function calls:
  4094 ;;		Nothing
  4095 ;; This function is called by:
  4096 ;;		_main
  4097 ;; This function uses a non-reentrant model
  4098 ;;
  4099                           
  4100                           
  4101                           ;psect for function _blinkLEDslow
  4102  0FEB                     _blinkLEDslow:	
  4103                           
  4104                           ;main1.c: 155: LATAbits.LATA0 = 1;
  4105                           
  4106                           ;incstack = 0
  4107                           ; Regs used in _blinkLEDslow: [wreg+status,2]
  4108  0FEB  0022               	movlb	2	; select bank2
  4109  0FEC  140C               	bsf	12,0	;volatile
  4110                           
  4111                           ;main1.c: 156: _delay((unsigned long)((500)*(4000000/4000.0)));
  4112  0FED  3003               	movlw	3
  4113  0FEE  00F5               	movwf	??_blinkLEDslow+2
  4114  0FEF  308A               	movlw	138
  4115  0FF0  00F4               	movwf	??_blinkLEDslow+1
  4116  0FF1  3056               	movlw	86
  4117  0FF2  00F3               	movwf	??_blinkLEDslow
  4118  0FF3                     u2287:	
  4119  0FF3  0BF3               	decfsz	??_blinkLEDslow,f
  4120  0FF4  2FF3               	goto	u2287
  4121  0FF5  0BF4               	decfsz	??_blinkLEDslow+1,f
  4122  0FF6  2FF3               	goto	u2287
  4123  0FF7  0BF5               	decfsz	??_blinkLEDslow+2,f
  4124  0FF8  2FF3               	goto	u2287
  4125  0FF9  2FFA               	nop2
  4126                           
  4127                           ;main1.c: 157: LATAbits.LATA0 = 0;
  4128  0FFA  0022               	movlb	2	; select bank2
  4129  0FFB  100C               	bcf	12,0	;volatile
  4130                           
  4131                           ;main1.c: 158: batt_status = 0;
  4132  0FFC  0020               	movlb	0	; select bank0
  4133  0FFD  01D7               	clrf	_batt_status
  4134  0FFE  01D8               	clrf	_batt_status+1
  4135  0FFF  0008               	return
  4136  1000                     __end_of_blinkLEDslow:	
  4137                           
  4138                           	psect	text25
  4139  0FD8                     __ptext25:	
  4140 ;; *************** function _blinkLEDfast *****************
  4141 ;; Defined at:
  4142 ;;		line 145 in file "main1.c"
  4143 ;; Parameters:    Size  Location     Type
  4144 ;;		None
  4145 ;; Auto vars:     Size  Location     Type
  4146 ;;		None
  4147 ;; Return value:  Size  Location     Type
  4148 ;;		None               void
  4149 ;; Registers used:
  4150 ;;		wreg
  4151 ;; Tracked objects:
  4152 ;;		On entry : 0/0
  4153 ;;		On exit  : 0/0
  4154 ;;		Unchanged: 0/0
  4155 ;; Data sizes:     COMMON   BANK0   BANK1   BANK2   BANK3   BANK4   BANK5   BANK6
  4156 ;;      Params:         0       0       0       0       0       0       0       0
  4157 ;;      Locals:         0       0       0       0       0       0       0       0
  4158 ;;      Temps:          2       0       0       0       0       0       0       0
  4159 ;;      Totals:         2       0       0       0       0       0       0       0
  4160 ;;Total ram usage:        2 bytes
  4161 ;; Hardware stack levels used:    1
  4162 ;; Hardware stack levels required when called:    1
  4163 ;; This function calls:
  4164 ;;		Nothing
  4165 ;; This function is called by:
  4166 ;;		_main
  4167 ;; This function uses a non-reentrant model
  4168 ;;
  4169                           
  4170                           
  4171                           ;psect for function _blinkLEDfast
  4172  0FD8                     _blinkLEDfast:	
  4173                           
  4174                           ;main1.c: 147: LATAbits.LATA0 = 1;
  4175                           
  4176                           ;incstack = 0
  4177                           ; Regs used in _blinkLEDfast: [wreg]
  4178  0FD8  0022               	movlb	2	; select bank2
  4179  0FD9  140C               	bsf	12,0	;volatile
  4180                           
  4181                           ;main1.c: 148: _delay((unsigned long)((50)*(4000000/4000.0)));
  4182  0FDA  3041               	movlw	65
  4183  0FDB  00F4               	movwf	??_blinkLEDfast+1
  4184  0FDC  30EE               	movlw	238
  4185  0FDD  00F3               	movwf	??_blinkLEDfast
  4186  0FDE                     u2297:	
  4187  0FDE  0BF3               	decfsz	??_blinkLEDfast,f
  4188  0FDF  2FDE               	goto	u2297
  4189  0FE0  0BF4               	decfsz	??_blinkLEDfast+1,f
  4190  0FE1  2FDE               	goto	u2297
  4191  0FE2  0000               	nop
  4192                           
  4193                           ;main1.c: 149: LATAbits.LATA0 = 0;
  4194  0FE3  0022               	movlb	2	; select bank2
  4195  0FE4  100C               	bcf	12,0	;volatile
  4196                           
  4197                           ;main1.c: 150: batt_status = 1;
  4198  0FE5  3001               	movlw	1
  4199  0FE6  0020               	movlb	0	; select bank0
  4200  0FE7  00D7               	movwf	_batt_status
  4201  0FE8  3000               	movlw	0
  4202  0FE9  00D8               	movwf	_batt_status+1
  4203  0FEA  0008               	return
  4204  0FEB                     __end_of_blinkLEDfast:	
  4205                           
  4206                           	psect	text26
  4207  0FB8                     __ptext26:	
  4208 ;; *************** function _lcd_clear *****************
  4209 ;; Defined at:
  4210 ;;		line 106 in file "main1.c"
  4211 ;; Parameters:    Size  Location     Type
  4212 ;;		None
  4213 ;; Auto vars:     Size  Location     Type
  4214 ;;		None
  4215 ;; Return value:  Size  Location     Type
  4216 ;;		None               void
  4217 ;; Registers used:
  4218 ;;		wreg, status,2, status,0, pclath, cstack
  4219 ;; Tracked objects:
  4220 ;;		On entry : 0/0
  4221 ;;		On exit  : 0/0
  4222 ;;		Unchanged: 0/0
  4223 ;; Data sizes:     COMMON   BANK0   BANK1   BANK2   BANK3   BANK4   BANK5   BANK6
  4224 ;;      Params:         0       0       0       0       0       0       0       0
  4225 ;;      Locals:         0       0       0       0       0       0       0       0
  4226 ;;      Temps:          2       0       0       0       0       0       0       0
  4227 ;;      Totals:         2       0       0       0       0       0       0       0
  4228 ;;Total ram usage:        2 bytes
  4229 ;; Hardware stack levels used:    1
  4230 ;; Hardware stack levels required when called:    3
  4231 ;; This function calls:
  4232 ;;		_lcd_write
  4233 ;; This function is called by:
  4234 ;;		_main
  4235 ;; This function uses a non-reentrant model
  4236 ;;
  4237                           
  4238                           
  4239                           ;psect for function _lcd_clear
  4240  0FB8                     _lcd_clear:	
  4241                           
  4242                           ;main1.c: 107: LATAbits.LATA5 = 0;
  4243                           
  4244                           ;incstack = 0
  4245                           ; Regs used in _lcd_clear: [wreg+status,2+status,0+pclath+cstack]
  4246  0FB8  0022               	movlb	2	; select bank2
  4247  0FB9  128C               	bcf	12,5	;volatile
  4248                           
  4249                           ;main1.c: 108: lcd_write(0x1);
  4250  0FBA  3001               	movlw	1
  4251  0FBB  3187  27AD  318F   	fcall	_lcd_write
  4252                           
  4253                           ;main1.c: 109: _delay((unsigned long)((2)*(4000000/4000.0)));
  4254  0FBE  3003               	movlw	3
  4255  0FBF  00F8               	movwf	??_lcd_clear+1
  4256  0FC0  3097               	movlw	151
  4257  0FC1  00F7               	movwf	??_lcd_clear
  4258  0FC2                     u2307:	
  4259  0FC2  0BF7               	decfsz	??_lcd_clear,f
  4260  0FC3  2FC2               	goto	u2307
  4261  0FC4  0BF8               	decfsz	??_lcd_clear+1,f
  4262  0FC5  2FC2               	goto	u2307
  4263  0FC6  2FC7               	nop2
  4264  0FC7  0008               	return
  4265  0FC8                     __end_of_lcd_clear:	
  4266                           
  4267                           	psect	text27
  4268  07AD                     __ptext27:	
  4269 ;; *************** function _lcd_write *****************
  4270 ;; Defined at:
  4271 ;;		line 93 in file "main1.c"
  4272 ;; Parameters:    Size  Location     Type
  4273 ;;  c               1    wreg     unsigned char 
  4274 ;; Auto vars:     Size  Location     Type
  4275 ;;  c               1    6[COMMON] unsigned char 
  4276 ;; Return value:  Size  Location     Type
  4277 ;;		None               void
  4278 ;; Registers used:
  4279 ;;		wreg, status,2, status,0, pclath, cstack
  4280 ;; Tracked objects:
  4281 ;;		On entry : 0/0
  4282 ;;		On exit  : 0/0
  4283 ;;		Unchanged: 0/0
  4284 ;; Data sizes:     COMMON   BANK0   BANK1   BANK2   BANK3   BANK4   BANK5   BANK6
  4285 ;;      Params:         0       0       0       0       0       0       0       0
  4286 ;;      Locals:         1       0       0       0       0       0       0       0
  4287 ;;      Temps:          1       0       0       0       0       0       0       0
  4288 ;;      Totals:         2       0       0       0       0       0       0       0
  4289 ;;Total ram usage:        2 bytes
  4290 ;; Hardware stack levels used:    1
  4291 ;; Hardware stack levels required when called:    2
  4292 ;; This function calls:
  4293 ;;		_lcd_strobe
  4294 ;; This function is called by:
  4295 ;;		_lcd_clear
  4296 ;;		_lcd_puts
  4297 ;;		_lcd_goto
  4298 ;;		_lcd_init
  4299 ;; This function uses a non-reentrant model
  4300 ;;
  4301                           
  4302                           
  4303                           ;psect for function _lcd_write
  4304  07AD                     _lcd_write:	
  4305                           
  4306                           ;incstack = 0
  4307                           ; Regs used in _lcd_write: [wreg+status,2+status,0+pclath+cstack]
  4308                           ;lcd_write@c stored from wreg
  4309  07AD  00F6               	movwf	lcd_write@c
  4310                           
  4311                           ;main1.c: 94: LATC = c >> 4;
  4312  07AE  0876               	movf	lcd_write@c,w
  4313  07AF  00F5               	movwf	??_lcd_write
  4314  07B0  3004               	movlw	4
  4315  07B1                     u785:	
  4316  07B1  36F5               	lsrf	??_lcd_write,f
  4317  07B2  0B89               	decfsz	9,f
  4318  07B3  2FB1               	goto	u785
  4319  07B4  0875               	movf	??_lcd_write,w
  4320  07B5  0022               	movlb	2	; select bank2
  4321  07B6  008E               	movwf	14	;volatile
  4322                           
  4323                           ;main1.c: 95: lcd_strobe();
  4324  07B7  318F  279B  3187   	fcall	_lcd_strobe
  4325                           
  4326                           ;main1.c: 96: LATC = c;
  4327  07BA  0876               	movf	lcd_write@c,w
  4328  07BB  0022               	movlb	2	; select bank2
  4329  07BC  008E               	movwf	14	;volatile
  4330                           
  4331                           ;main1.c: 97: lcd_strobe();
  4332  07BD  318F  279B  3187   	fcall	_lcd_strobe
  4333                           
  4334                           ;main1.c: 98: _delay((unsigned long)((100)*(4000000/4000000.0)));
  4335  07C0  3021               	movlw	33
  4336  07C1  00F5               	movwf	??_lcd_write
  4337  07C2                     u2317:	
  4338  07C2  0BF5               	decfsz	??_lcd_write,f
  4339  07C3  2FC2               	goto	u2317
  4340  07C4  0008               	return
  4341  07C5                     __end_of_lcd_write:	
  4342                           
  4343                           	psect	text28
  4344  0F9B                     __ptext28:	
  4345 ;; *************** function _lcd_strobe *****************
  4346 ;; Defined at:
  4347 ;;		line 84 in file "main1.c"
  4348 ;; Parameters:    Size  Location     Type
  4349 ;;		None
  4350 ;; Auto vars:     Size  Location     Type
  4351 ;;		None
  4352 ;; Return value:  Size  Location     Type
  4353 ;;		None               void
  4354 ;; Registers used:
  4355 ;;		wreg
  4356 ;; Tracked objects:
  4357 ;;		On entry : 0/0
  4358 ;;		On exit  : 0/0
  4359 ;;		Unchanged: 0/0
  4360 ;; Data sizes:     COMMON   BANK0   BANK1   BANK2   BANK3   BANK4   BANK5   BANK6
  4361 ;;      Params:         0       0       0       0       0       0       0       0
  4362 ;;      Locals:         0       0       0       0       0       0       0       0
  4363 ;;      Temps:          2       0       0       0       0       0       0       0
  4364 ;;      Totals:         2       0       0       0       0       0       0       0
  4365 ;;Total ram usage:        2 bytes
  4366 ;; Hardware stack levels used:    1
  4367 ;; Hardware stack levels required when called:    1
  4368 ;; This function calls:
  4369 ;;		Nothing
  4370 ;; This function is called by:
  4371 ;;		_lcd_write
  4372 ;;		_lcd_init
  4373 ;; This function uses a non-reentrant model
  4374 ;;
  4375                           
  4376                           
  4377                           ;psect for function _lcd_strobe
  4378  0F9B                     _lcd_strobe:	
  4379                           
  4380                           ;main1.c: 85: LATAbits.LATA4 = 0;
  4381                           
  4382                           ;incstack = 0
  4383                           ; Regs used in _lcd_strobe: [wreg]
  4384  0F9B  0022               	movlb	2	; select bank2
  4385  0F9C  120C               	bcf	12,4	;volatile
  4386                           
  4387                           ;main1.c: 86: _delay((unsigned long)((20)*(4000000/4000.0)));
  4388  0F9D  301A               	movlw	26
  4389  0F9E  00F4               	movwf	??_lcd_strobe+1
  4390  0F9F  30F8               	movlw	248
  4391  0FA0  00F3               	movwf	??_lcd_strobe
  4392  0FA1                     u2327:	
  4393  0FA1  0BF3               	decfsz	??_lcd_strobe,f
  4394  0FA2  2FA1               	goto	u2327
  4395  0FA3  0BF4               	decfsz	??_lcd_strobe+1,f
  4396  0FA4  2FA1               	goto	u2327
  4397  0FA5  0000               	nop
  4398                           
  4399                           ;main1.c: 87: LATAbits.LATA4 = 1;
  4400  0FA6  0022               	movlb	2	; select bank2
  4401  0FA7  160C               	bsf	12,4	;volatile
  4402  0FA8  0008               	return
  4403  0FA9                     __end_of_lcd_strobe:	
  4404                           
  4405                           	psect	intentry
  4406  0004                     __pintentry:	
  4407 ;; *************** function _ISR *****************
  4408 ;; Defined at:
  4409 ;;		line 66 in file "main1.c"
  4410 ;; Parameters:    Size  Location     Type
  4411 ;;		None
  4412 ;; Auto vars:     Size  Location     Type
  4413 ;;		None
  4414 ;; Return value:  Size  Location     Type
  4415 ;;		None               void
  4416 ;; Registers used:
  4417 ;;		wreg
  4418 ;; Tracked objects:
  4419 ;;		On entry : 0/0
  4420 ;;		On exit  : 0/0
  4421 ;;		Unchanged: 0/0
  4422 ;; Data sizes:     COMMON   BANK0   BANK1   BANK2   BANK3   BANK4   BANK5   BANK6
  4423 ;;      Params:         0       0       0       0       0       0       0       0
  4424 ;;      Locals:         0       0       0       0       0       0       0       0
  4425 ;;      Temps:          3       0       0       0       0       0       0       0
  4426 ;;      Totals:         3       0       0       0       0       0       0       0
  4427 ;;Total ram usage:        3 bytes
  4428 ;; Hardware stack levels used:    1
  4429 ;; This function calls:
  4430 ;;		Nothing
  4431 ;; This function is called by:
  4432 ;;		Interrupt level 1
  4433 ;; This function uses a non-reentrant model
  4434 ;;
  4435                           
  4436  0004                     _ISR:	
  4437                           
  4438                           ;incstack = 0
  4439                           ; Regs used in _ISR: [wreg]
  4440  0004  3180               	pagesel	$
  4441  0005  0020               	movlb	0	; select bank0
  4442  0006  087F               	movf	127,w
  4443  0007  00F2               	movwf	??_ISR+2
  4444                           
  4445                           ;main1.c: 68: if (PIR1bits.RCIF)
  4446  0008  1E91               	btfss	17,5	;volatile
  4447  0009  2814               	goto	i1l82
  4448                           
  4449                           ;main1.c: 69: {
  4450                           ;main1.c: 70: uart_data = RCREG;
  4451  000A  0023               	movlb	3	; select bank3
  4452  000B  0819               	movf	25,w	;volatile
  4453  000C  00F0               	movwf	??_ISR
  4454  000D  01F1               	clrf	??_ISR+1
  4455  000E  0870               	movf	??_ISR,w
  4456  000F  00F9               	movwf	_uart_data	;volatile
  4457  0010  0871               	movf	??_ISR+1,w
  4458  0011  00FA               	movwf	_uart_data+1	;volatile
  4459                           
  4460                           ;main1.c: 71: PIR1bits.RCIF = 0;
  4461  0012  0020               	movlb	0	; select bank0
  4462  0013  1291               	bcf	17,5	;volatile
  4463  0014                     i1l82:	
  4464  0014  0872               	movf	??_ISR+2,w
  4465  0015  00FF               	movwf	127
  4466  0016  0009               	retfie
  4467  0017                     __end_of_ISR:	
  4468  007E                     btemp	set	126	;btemp
  4469  007E                     wtemp0	set	126


Data Sizes:
    Strings     59
    Constant    0
    Data        0
    BSS         36
    Persistent  0
    Stack       0

Auto Spaces:
    Space          Size  Autos    Used
    COMMON           14      9      11
    BANK0            80     39      73
    BANK1            80      0       0
    BANK2            80      0       0
    BANK3            80      0       0
    BANK4            80      0       0
    BANK5            80      0       0
    BANK6            16      0       0

Pointer List with Targets:

    ?_ultoa	PTR unsigned char  size(1) Largest target is 10
		 -> buf(BANK0[10]), 

    ?___llmod	unsigned long  size(1) Largest target is 0

    ?___lldiv	unsigned long  size(1) Largest target is 0

    ?___lwmod	unsigned int  size(1) Largest target is 0

    ?___lwdiv	unsigned int  size(1) Largest target is 0

    ?_utoa	PTR unsigned char  size(1) Largest target is 10
		 -> buf(BANK0[10]), 

    ?_abs	int  size(1) Largest target is 0

    ?_strlen	unsigned int  size(1) Largest target is 10
		 -> buf(BANK0[10]), 

    ?_ltoa	PTR unsigned char  size(1) Largest target is 10
		 -> buf(BANK0[10]), 

    ?_itoa	PTR unsigned char  size(1) Largest target is 10
		 -> buf(BANK0[10]), 

    ?___almod	long  size(1) Largest target is 0

    ?___aldiv	long  size(1) Largest target is 0

    ?___lmul	unsigned long  size(1) Largest target is 0

    strlen@s	PTR const unsigned char  size(1) Largest target is 10
		 -> buf(BANK0[10]), 

    strlen@cp	PTR const unsigned char  size(1) Largest target is 10
		 -> buf(BANK0[10]), 

    ultoa@buf	PTR unsigned char  size(1) Largest target is 10
		 -> buf(BANK0[10]), 

    sp__ultoa	PTR unsigned char  size(1) Largest target is 10
		 -> buf(BANK0[10]), 

    ltoa@buf	PTR unsigned char  size(1) Largest target is 10
		 -> buf(BANK0[10]), 

    ltoa@cp	PTR unsigned char  size(1) Largest target is 10
		 -> buf(BANK0[10]), 

    utoa@buf	PTR unsigned char  size(1) Largest target is 10
		 -> buf(BANK0[10]), 

    sp__utoa	PTR unsigned char  size(1) Largest target is 10
		 -> buf(BANK0[10]), 

    itoa@buf	PTR unsigned char  size(1) Largest target is 10
		 -> buf(BANK0[10]), 

    itoa@cp	PTR unsigned char  size(1) Largest target is 10
		 -> buf(BANK0[10]), 

    sp__ltoa	PTR unsigned char  size(1) Largest target is 10
		 -> buf(BANK0[10]), 

    sp__itoa	PTR unsigned char  size(1) Largest target is 10
		 -> buf(BANK0[10]), 

    lcd_puts@s	PTR const unsigned char  size(2) Largest target is 17
		 -> STR_12(CODE[2]), STR_11(CODE[15]), STR_10(CODE[7]), STR_9(CODE[6]), 
		 -> STR_8(CODE[3]), STR_7(CODE[2]), STR_6(CODE[2]), STR_5(CODE[3]), 
		 -> STR_4(CODE[2]), STR_3(CODE[2]), buf(BANK0[10]), STR_2(CODE[2]), 
		 -> STR_1(CODE[17]), 


Critical Paths under _main in COMMON

    _main->_lcd_clear
    _main->_lcd_puts
    _main->_lcd_init
    _read_current->_lcd_puts
    _read_current->_strlen
    _read_volts->_lcd_puts
    _read_volts->_strlen
    _ultoa->___lldiv
    _utoa->___lwmod
    _print_status->_lcd_puts
    _lcd_clrline2->_lcd_puts
    _lcd_goto->_lcd_write
    _lcd_puts->_lcd_write
    _lcd_init->_lcd_write
    _serial_init->_uart_xmit
    _lcd_clear->_lcd_write
    _lcd_write->_lcd_strobe

Critical Paths under _ISR in COMMON

    None.

Critical Paths under _main in BANK0

    _main->_read_all
    _read_all->_read_current
    _read_current->_ltoa
    _read_volts->_ltoa
    _ltoa->_ultoa
    _ultoa->___lldiv
    _ultoa->___llmod
    _itoa->_utoa
    _utoa->___lwdiv

Critical Paths under _ISR in BANK0

    None.

Critical Paths under _main in BANK1

    None.

Critical Paths under _ISR in BANK1

    None.

Critical Paths under _main in BANK2

    None.

Critical Paths under _ISR in BANK2

    None.

Critical Paths under _main in BANK3

    None.

Critical Paths under _ISR in BANK3

    None.

Critical Paths under _main in BANK4

    None.

Critical Paths under _ISR in BANK4

    None.

Critical Paths under _main in BANK5

    None.

Critical Paths under _ISR in BANK5

    None.

Critical Paths under _main in BANK6

    None.

Critical Paths under _ISR in BANK6

    None.

Call Graph Tables:

 ---------------------------------------------------------------------------------
 (Depth) Function   	        Calls       Base Space   Used Autos Params    Refs
 ---------------------------------------------------------------------------------
 (0) _main                                                 3     3      0   11232
                                             36 BANK0      3     3      0
                          _lcd_clear
                           _lcd_puts
                       _blinkLEDfast
                       _blinkLEDslow
                        _serial_init
                           _lcd_init
                         _read_volts
                       _print_status
                           _read_all
 ---------------------------------------------------------------------------------
 (1) _read_all                                             2     2      0    7163
                                             34 BANK0      2     2      0
                         _read_volts
                       _read_current
 ---------------------------------------------------------------------------------
 (2) _read_current                                         4     4      0    3537
                                             30 BANK0      4     4      0
                          _uart_xmit
                           _lcd_puts
                               _itoa
                               _ltoa
                             _strlen
                                _abs
                            ___aldiv
                            ___almod
                             ___lmul
 ---------------------------------------------------------------------------------
 (3) _abs                                                  4     2      2      66
                                              3 COMMON     4     2      2
 ---------------------------------------------------------------------------------
 (2) _read_volts                                           2     2      0    3626
                                             30 BANK0      2     2      0
                          _uart_xmit
                           _lcd_puts
                       _lcd_clrline2
                               _itoa
                               _ltoa
                             _strlen
                            ___aldiv
                            ___almod
                             ___lmul
 ---------------------------------------------------------------------------------
 (3) ___lmul                                              12     4      8     136
                                              3 COMMON     4     4      0
                                              0 BANK0      8     0      8
 ---------------------------------------------------------------------------------
 (3) ___almod                                             11     3      8     433
                                              3 COMMON     3     3      0
                                              0 BANK0      8     0      8
 ---------------------------------------------------------------------------------
 (3) ___aldiv                                             15     7      8     445
                                              3 COMMON     1     1      0
                                              0 BANK0     14     6      8
 ---------------------------------------------------------------------------------
 (3) _strlen                                               8     6      2     130
                                              3 COMMON     6     4      2
                                              0 BANK0      2     2      0
 ---------------------------------------------------------------------------------
 (3) _ltoa                                                 9     3      6    1143
                                             21 BANK0      9     3      6
                              _ultoa
 ---------------------------------------------------------------------------------
 (4) _ultoa                                               13     7      6     910
                                              8 BANK0     13     7      6
                            ___lldiv
                            ___llmod
 ---------------------------------------------------------------------------------
 (5) ___llmod                                             10     2      8     232
                                              3 COMMON     2     2      0
                                              0 BANK0      8     0      8
 ---------------------------------------------------------------------------------
 (5) ___lldiv                                             14     6      8     241
                                              3 COMMON     6     6      0
                                              0 BANK0      8     0      8
 ---------------------------------------------------------------------------------
 (3) _itoa                                                 7     3      4    1073
                                             12 BANK0      7     3      4
                               _utoa
 ---------------------------------------------------------------------------------
 (4) _utoa                                                 9     5      4     840
                                              3 BANK0      9     5      4
                            ___lwdiv
                            ___lwmod
 ---------------------------------------------------------------------------------
 (5) ___lwmod                                              6     2      4     159
                                              3 COMMON     6     2      4
 ---------------------------------------------------------------------------------
 (5) ___lwdiv                                              8     4      4     241
                                              3 COMMON     5     1      4
                                              0 BANK0      3     3      0
 ---------------------------------------------------------------------------------
 (1) _print_status                                         0     0      0     244
                           _lcd_puts
                       _lcd_clrline2
 ---------------------------------------------------------------------------------
 (3) _lcd_clrline2                                         0     0      0     155
                           _lcd_puts
                           _lcd_goto
 ---------------------------------------------------------------------------------
 (4) _lcd_goto                                             1     1      0      66
                                              7 COMMON     1     1      0
                          _lcd_write
 ---------------------------------------------------------------------------------
 (3) _lcd_puts                                             2     0      2      89
                                              7 COMMON     2     0      2
                          _lcd_write
 ---------------------------------------------------------------------------------
 (1) _lcd_init                                             2     2      0      44
                                              7 COMMON     2     2      0
                         _lcd_strobe
                          _lcd_write
 ---------------------------------------------------------------------------------
 (1) _serial_init                                          2     2      0      22
                                              5 COMMON     2     2      0
                          _uart_xmit
 ---------------------------------------------------------------------------------
 (3) _uart_xmit                                            2     0      2      22
                                              3 COMMON     2     0      2
 ---------------------------------------------------------------------------------
 (1) _blinkLEDslow                                         3     3      0       0
                                              3 COMMON     3     3      0
 ---------------------------------------------------------------------------------
 (1) _blinkLEDfast                                         2     2      0       0
                                              3 COMMON     2     2      0
 ---------------------------------------------------------------------------------
 (1) _lcd_clear                                            2     2      0      44
                                              7 COMMON     2     2      0
                          _lcd_write
 ---------------------------------------------------------------------------------
 (4) _lcd_write                                            2     2      0      44
                                              5 COMMON     2     2      0
                         _lcd_strobe
 ---------------------------------------------------------------------------------
 (5) _lcd_strobe                                           2     2      0       0
                                              3 COMMON     2     2      0
 ---------------------------------------------------------------------------------
 Estimated maximum stack depth 5
 ---------------------------------------------------------------------------------
 (Depth) Function   	        Calls       Base Space   Used Autos Params    Refs
 ---------------------------------------------------------------------------------
 (7) _ISR                                                  3     3      0       0
                                              0 COMMON     3     3      0
 ---------------------------------------------------------------------------------
 Estimated maximum stack depth 7
 ---------------------------------------------------------------------------------

 Call Graph Graphs:

 _main (ROOT)
   _lcd_clear
     _lcd_write
       _lcd_strobe
   _lcd_puts
     _lcd_write
       _lcd_strobe
   _blinkLEDfast
   _blinkLEDslow
   _serial_init
     _uart_xmit
   _lcd_init
     _lcd_strobe
     _lcd_write
       _lcd_strobe
   _read_volts
     _uart_xmit
     _lcd_puts
       _lcd_write
         _lcd_strobe
     _lcd_clrline2
       _lcd_puts
         _lcd_write
           _lcd_strobe
       _lcd_goto
         _lcd_write
           _lcd_strobe
     _itoa
       _utoa
         ___lwdiv
         ___lwmod
     _ltoa
       _ultoa
         ___lldiv
         ___llmod
     _strlen
     ___aldiv
     ___almod
     ___lmul
   _print_status
     _lcd_puts
       _lcd_write
         _lcd_strobe
     _lcd_clrline2
       _lcd_puts
         _lcd_write
           _lcd_strobe
       _lcd_goto
         _lcd_write
           _lcd_strobe
   _read_all
     _read_volts
       _uart_xmit
       _lcd_puts
         _lcd_write
           _lcd_strobe
       _lcd_clrline2
         _lcd_puts
           _lcd_write
             _lcd_strobe
         _lcd_goto
           _lcd_write
             _lcd_strobe
       _itoa
         _utoa
           ___lwdiv
           ___lwmod
       _ltoa
         _ultoa
           ___lldiv
           ___llmod
       _strlen
       ___aldiv
       ___almod
       ___lmul
     _read_current
       _uart_xmit
       _lcd_puts
         _lcd_write
           _lcd_strobe
       _itoa
         _utoa
           ___lwdiv
           ___lwmod
       _ltoa
         _ultoa
           ___lldiv
           ___llmod
       _strlen
       _abs
       ___aldiv
       ___almod
       ___lmul

 _ISR (ROOT)

 Address spaces:
Name               Size   Autos  Total    Cost      Usage
BIGRAM             1F0      0       0       0        0.0%
NULL                 0      0       0       0        0.0%
CODE                 0      0       0       0        0.0%
BITCOMMON            E      0       0       1        0.0%
BITSFR0              0      0       0       1        0.0%
SFR0                 0      0       0       1        0.0%
COMMON               E      9       B       2       78.6%
BITSFR1              0      0       0       2        0.0%
SFR1                 0      0       0       2        0.0%
BITSFR2              0      0       0       3        0.0%
SFR2                 0      0       0       3        0.0%
STACK                0      0       6       3        0.0%
BITSFR3              0      0       0       4        0.0%
SFR3                 0      0       0       4        0.0%
ABS                  0      0      54       4        0.0%
BITBANK0            50      0       0       5        0.0%
BITSFR4              0      0       0       5        0.0%
SFR4                 0      0       0       5        0.0%
BANK0               50     27      49       6       91.3%
BITSFR5              0      0       0       6        0.0%
SFR5                 0      0       0       6        0.0%
BITBANK1            50      0       0       7        0.0%
BITSFR6              0      0       0       7        0.0%
SFR6                 0      0       0       7        0.0%
BANK1               50      0       0       8        0.0%
BITSFR7              0      0       0       8        0.0%
SFR7                 0      0       0       8        0.0%
BITBANK2            50      0       0       9        0.0%
BITSFR8              0      0       0       9        0.0%
SFR8                 0      0       0       9        0.0%
BANK2               50      0       0      10        0.0%
BITSFR9              0      0       0      10        0.0%
SFR9                 0      0       0      10        0.0%
BITBANK3            50      0       0      11        0.0%
BITSFR10             0      0       0      11        0.0%
SFR10                0      0       0      11        0.0%
BANK3               50      0       0      12        0.0%
BITSFR11             0      0       0      12        0.0%
SFR11                0      0       0      12        0.0%
BITBANK4            50      0       0      13        0.0%
BITSFR12             0      0       0      13        0.0%
SFR12                0      0       0      13        0.0%
BANK4               50      0       0      14        0.0%
BITSFR13             0      0       0      14        0.0%
SFR13                0      0       0      14        0.0%
BITBANK5            50      0       0      15        0.0%
BITSFR14             0      0       0      15        0.0%
SFR14                0      0       0      15        0.0%
BANK5               50      0       0      16        0.0%
BITSFR15             0      0       0      16        0.0%
SFR15                0      0       0      16        0.0%
BITBANK6            10      0       0      17        0.0%
BITSFR16             0      0       0      17        0.0%
SFR16                0      0       0      17        0.0%
BANK6               10      0       0      18        0.0%
BITSFR17             0      0       0      18        0.0%
SFR17                0      0       0      18        0.0%
BITSFR18             0      0       0      19        0.0%
SFR18                0      0       0      19        0.0%
DATA                 0      0      5A      19        0.0%
BITSFR19             0      0       0      20        0.0%
SFR19                0      0       0      20        0.0%
BITSFR20             0      0       0      21        0.0%
SFR20                0      0       0      21        0.0%
BITSFR21             0      0       0      22        0.0%
SFR21                0      0       0      22        0.0%
BITSFR22             0      0       0      23        0.0%
SFR22                0      0       0      23        0.0%
BITSFR23             0      0       0      24        0.0%
SFR23                0      0       0      24        0.0%
BITSFR24             0      0       0      25        0.0%
SFR24                0      0       0      25        0.0%
BITSFR25             0      0       0      26        0.0%
SFR25                0      0       0      26        0.0%
BITSFR26             0      0       0      27        0.0%
SFR26                0      0       0      27        0.0%
BITSFR27             0      0       0      28        0.0%
SFR27                0      0       0      28        0.0%
BITSFR28             0      0       0      29        0.0%
SFR28                0      0       0      29        0.0%
BITSFR29             0      0       0      30        0.0%
SFR29                0      0       0      30        0.0%
BITSFR30             0      0       0      31        0.0%
SFR30                0      0       0      31        0.0%
BITSFR31             0      0       0      32        0.0%
SFR31                0      0       0      32        0.0%


Microchip Technology PIC Macro Assembler V1.21 build 54009 
Symbol Table                                                                                   Tue Jan 21 18:01:55 2014

            __CFG_CP$OFF 0000                       l85 0F87                       _GO 04E9  
                    l212 04E4                      l125 0192                      l134 002F  
                    l414 04BD                      l503 03C9                      l199 03EE  
                    _ISR 0004                      u785 07B1                      _abs 07F2  
                    _buf 005F              lcd_goto@pos 0077                      wreg 0009  
           __CFG_LVP$OFF 0000                     ?_ISR 0070                     ?_abs 0073  
                   l2105 0720                     l2113 078E                     l2115 0799  
                   l2035 0188                     l2301 052A                     l2221 0318  
                   l2311 0467                     l2321 048B                     l2305 0538  
                   l2233 0341                     l2225 0327                     l2217 0311  
                   l2209 02FA                     l2091 0778                     l2147 0167  
                   l2229 0336                     l2255 040F                     l2247 03FF  
                   l2079 029F                     l2441 068D                     l2433 066F  
                   l2345 0552                     l2409 038B                     l2273 0456  
                   l2265 043D                     l2257 041D                     l1467 07C7  
                   l2435 067B                     l2355 0580                     l2347 0560  
                   l2371 05FE                     l2291 04F9                     l2445 0696  
                   l2269 0448                     l2293 0507                     l2285 04F1  
                   l1671 07EB                     l2359 058B                     l2375 0616  
                   l2369 05F0                     l2297 051F                     l2385 06DA  
                   l2379 0621                     l2389 06E5                     l2399 035E  
                   l1981 0738                     l1983 0744                     l1991 0759  
                   l1987 0750                     STR_1 062B                     STR_2 065E  
                   STR_3 0662                     STR_4 0664                     STR_5 065B  
                   STR_6 0662                     STR_7 0664                     STR_8 0658  
                   STR_9 0652                     u2005 0617                     u2105 0672  
                   u2035 06E6                     u2125 067C                     u2045 06ED  
                   u2135 0686                     u2207 0FD0                     _LATC 010E  
                   u2217 059C                     u2145 068E                     u1505 0751  
                   u2307 0FC2                     u2227 05A7                     u2317 07C2  
                   u2237 05B2                     u2327 0FA1                     u2247 05BD  
                   u2167 02D6                     u2257 05C8                     u1705 0412  
                   u2177 02E8                     u2267 05D3                     u1475 073B  
                   u1635 0322                     u2187 0303                     u2277 06B1  
                   u1725 041E                     u1805 04FC                     u2197 034C  
                   u1645 0331                     u2287 0FF3                     u1495 074A  
                   u1735 0432                     u2297 0FDE                     u1905 0555  
                   u1745 043E                     u1825 0515                     u1835 0520  
                   u1925 0561                     u1935 0575                     u1945 0581  
                   u1975 05F3                     u1995 060C                     i1l82 0014  
         ??_lcd_clrline2 0079             __CFG_WRT$OFF 0000                     abs@a 0073  
                   _decm 0047                     _main 02AD                     _fvar 004B  
                   _itoa 0760                     _ltoa 0702                     _tens 004F  
                   fsr0h 0005                     fsr1h 0007                     fsr0l 0004  
                   indf0 0000                     indf1 0001                     fsr1l 0006  
                   btemp 007E                     _utoa 045F            __CFG_BOREN$ON 0000  
                   start 0017            __CFG_IESO$OFF 0000            __CFG_MCLRE$ON 0000  
                  ??_ISR 0070                    ??_abs 0075          __end_of___aldiv 045F  
   __end_of_blinkLEDfast 0FEB          __end_of___almod 0541                    ?_main 0070  
                  ?_itoa 002C                    STR_10 064B                    ?_ltoa 0035  
                  STR_11 063C                    STR_12 0660            __CFG_WDTE$OFF 0000  
   __end_of_blinkLEDslow 1000          __end_of___lldiv 0594                    ?_utoa 0023  
        __end_of___llmod 062A          __end_of___lwdiv 069D          __end_of___lwmod 0760  
                  _RCREG 0199                    _TXREG 019A      ___lmul@multiplicand 0024  
         __CFG_FCMEN$OFF 0000                    _tempi 005B                    _ultoa 0354  
                  utoa@c 002A                    utoa@v 0028                    status 0003  
                  wtemp0 007E          __initialization 0019             __end_of_main 0354  
           __end_of_itoa 0788             __end_of_ltoa 0732             __end_of_utoa 04D3  
                 ??_main 0044                   ??_itoa 0030                   ??_ltoa 003B  
                 ??_utoa 0027                   _ADCON0 009D                   _ADCON1 009E  
       ___llmod@dividend 0024                   _ADRESH 009C                   _ANSELA 018C  
                 _ANSELB 018D                   ?_ultoa 0028                   _SPBRGH 019C  
                 _SPBRGL 019B           __CFG_PWRTE$OFF 0000             ?_serial_init 0070  
       __end_of_lcd_init 05E7         __end_of_lcd_goto 0F9B         __end_of_lcd_puts 07DC  
          ?_read_current 0070                   ___lmul 06D2                ??___aldiv 0073  
              ??___almod 0073                ??___lldiv 0073                ??___llmod 0073  
              ??___lwdiv 0077                ??___lwmod 0077         __end_of_read_all 0FD8  
   __end_of_lcd_clrline2 0FB8                   _strlen 0788                   itoa@cp 0031  
                 ltoa@cp 003C                   ultoa@c 0033                   ultoa@v 002F  
__end_of__initialization 0022           ??_read_current 003E           __pcstackCOMMON 0070  
  __size_of_blinkLEDfast 0013    __size_of_blinkLEDslow 0015            __end_of_ultoa 03DD  
         _OPTION_REGbits 0095       __size_of_lcd_clear 0010       __size_of_lcd_write 0018  
                ??_ultoa 002E               __pbssBANK0 0047             _blinkLEDfast 0FD8  
           _blinkLEDslow 0FEB               __pmaintext 02AD                  ?___lmul 0020  
             __pintentry 0004           ___lmul@product 0073                  ?_strlen 0073  
     __size_of_uart_xmit 0006               _lcd_strobe 0F9B                ?_lcd_init 0070  
              ?_lcd_goto 0070                ?_lcd_puts 0077               __stringtab 062A  
              ?_read_all 0070        __end_of_lcd_clear 0FC8    __size_of_lcd_clrline2 000F  
                ___aldiv 03DD                  ___almod 04D3          __size_of___lmul 0030  
      __end_of_lcd_write 07C5                  ___lldiv 0541                  ___llmod 05E7  
                ___lwdiv 0666                  ___lwmod 0732     __size_of_serial_init 0035  
        __CFG_STVREN$OFF 0000                  __ptext1 0FC8                  __ptext2 0025  
                __ptext3 07F2                  __ptext4 0175                  __ptext5 06D2  
                __ptext6 04D3                  __ptext7 03DD                  __ptext8 0788  
                __ptext9 0702               _read_volts 0175          __size_of_strlen 0025  
           __size_of_ISR 0013             __size_of_abs 000E         ___aldiv@dividend 0024  
                _itxdata 0059     __end_of_read_current 0175                  clrloop0 0F8E  
             ??_lcd_init 0077               ??_lcd_goto 0077               ??_lcd_puts 0079  
   end_of_initialization 0022                  _vtxdata 005D                  itoa@buf 0032  
                itoa@val 002C             _lcd_clrline2 0FA9               ??_read_all 0042  
                ltoa@buf 003D                  ltoa@val 0035          ___lldiv@divisor 0020  
      __end_of_uart_xmit 0F8D          ___lldiv@counter 0078                _RCSTAbits 019D  
       ___aldiv@quotient 002A                  utoa@buf 002B                  utoa@val 0023  
                strlen@s 0020         __CFG_FOSC$INTOSC 0000                _TRISAbits 008C  
              _TRISBbits 008D                _TRISCbits 008E            ?_print_status 0070  
            ?_lcd_strobe 0070     uart_xmit@mydata_byte 0073                _TXSTAbits 019E  
             lcd_write@c 0076           __end_of___lmul 0702              ?_read_volts 0070  
         __end_of_strlen 07AD      start_initialization 0019              __end_of_ISR 0017  
         ??_print_status 0079              __end_of_abs 0800          ___llmod@divisor 0020  
        ___llmod@counter 0074                 ??___lmul 0073      __size_of_lcd_strobe 000E  
              _an8_value 0053                _an9_value 0055                 ??_strlen 0075  
  __size_of_read_current 0150              __pbssCOMMON 0079            __pcstackBANK0 0020  
    __end_of__stringdata 0666        __size_of_lcd_init 0053        __size_of_lcd_goto 0008  
            _batt_status 0057        __size_of_lcd_puts 0017      __size_of_read_volts 0138  
      __size_of_read_all 0010         ___lwdiv@dividend 0075                 ?___aldiv 0020  
               ?___almod 0020             _read_current 0025                 ?___lldiv 0020  
               ?___llmod 0020                 ?___lwdiv 0073                 ?___lwmod 0073  
              _lcd_clear 0FB8         ___almod@dividend 0024                __pstrings 062A  
              _lcd_write 07AD         ___lwdiv@quotient 0021           __size_of_ultoa 0089  
        ___aldiv@divisor 0020          ___aldiv@counter 0028                 _LATAbits 010C  
              clear_ram0 0F8D                 _PIE1bits 0091                 _PIR1bits 0011  
          ??_serial_init 0075     __end_of_print_status 07F2                _uart_data 0079  
              _uart_xmit 0F87               ?_lcd_clear 0070              __stringdata 062B  
             ?_lcd_write 0070                lcd_puts@s 0077             ??_lcd_strobe 0073  
      ___lmul@multiplier 0020               ?_uart_xmit 0073         __size_of___aldiv 0082  
       __size_of___almod 006E         __size_of___lldiv 0053         __size_of___llmod 0043  
       __size_of___lwdiv 0037       __end_of_lcd_strobe 0FA9         __size_of___lwmod 002E  
    __end_of_serial_init 06D2       __end_of__stringtab 062B             ??_read_volts 003E  
             _ANSELCbits 018E          ___lwdiv@divisor 0073          ___lwdiv@counter 0020  
               __ptext10 0354                 __ptext11 05E7                 __ptext20 07C5  
               __ptext12 0541                 __ptext21 0594                 __ptext13 0760  
               __ptext22 069D                 __ptext14 045F                 __ptext23 0F87  
               __ptext15 0732                 __ptext24 0FEB                 __ptext16 0666  
               __ptext25 0FD8                 __ptext17 07DC                 __ptext26 0FB8  
               __ptext18 0FA9                 __ptext27 07AD                 __ptext19 0F93  
               __ptext28 0F9B                 _lcd_init 0594                 _lcd_goto 0F93  
               _lcd_puts 07C5          ___almod@divisor 0020          ___almod@counter 0074  
          ?_blinkLEDfast 0070            __size_of_main 00A7                 _read_all 0FC8  
          __size_of_itoa 0028            __size_of_ltoa 0030            ?_blinkLEDslow 0070  
          __size_of_utoa 0074       __end_of_read_volts 02AD              ??_lcd_clear 0077  
            ??_lcd_write 0075               _INTCONbits 000B                 itoa@base 002E  
              ultoa@base 002C                 intlevel1 0000                 ltoa@base 0039  
         ??_blinkLEDfast 0073           ??_blinkLEDslow 0073         ___lwmod@dividend 0075  
       ___lldiv@dividend 0024        __CFG_CLKOUTEN$OFF 0000    __size_of_print_status 0016  
             _OSCCONbits 0099              _serial_init 069D              ??_uart_xmit 0075  
               utoa@base 0025                 ultoa@buf 0034                 ultoa@val 0028  
       ___lldiv@quotient 0074          ___lwmod@divisor 0073                 strlen@cp 0021  
        ___lwmod@counter 0078             ___aldiv@sign 0029             _print_status 07DC  
           ___almod@sign 0075            ?_lcd_clrline2 0070  
